{"title":"Marinière de saumon et d'asperges, oeuf  poché/moulé sauce hollandaise","description":"Éplucher les asperges à l'aide d'un économe puis tailler le ruban à l'aide d'une mandoline. Faire mariner les lamelles d'asperges dans de l'huile d'olive, du sel, du poivre et placer au frigo pendant 10 min.<br /><br />Mettre un grand volume d'eau à bouillir. <br /><br />Étaler un papier alimentaire de 20 cm sur 20 cm sur la table. Enduire le centre avec de l'huile d'olive. Mettre une petite tasse ou un support creux sous le centre huilé, casser un oeuf au-dessus et fermer le papier comme un bonbon. Vous pouvez également faire un noeud ou une  torsade au bout du papier  afin que l'oeuf ne ressorte pas lors de  la cuisson (attention : il ne doit pas y avoir d'air dans le papier, sinon l'oeuf ne cuira pas bien).  Recommencer l'opération.<br /> <br />Trancher  le filet de saumon finement dans la longueur comme pour un saumon fumé. Poser ces tranches en rosace au milieu des assiettes. Les assaisonner de poivre, de sel et de piment d'Espelette. Déposer ensuite les rubans d'asperges blanches marinées dessus, comme un nid d'oiseau.<br /><br />5 minutes avant de servir votre plat, plongez vos sachets d'oeufs dans l'eau frémissante pendants 5 min. Vous pouvez accrocher les sachets au bord de la casserole, vous les repêcherez plus facilement. Vérifiez qu'il y ait suffisamment d'eau dans la casserole car les oeufs ne doivent  pas toucher le fond. Vérifiez la cuisson de l'oeuf en le tâtant, il doit être résistant sur les bords mais coulant au centre.<br /><br />Dès que l'oeuf est cuit, déposez-le sur le nid d'asperges et nappez-le d'un peu de sauce hollandaise. Décorez votre assiette avec quelques pluches de cerfeuil.<br /><br /><b>Pour la sauce </b><br />Faire fondre le beurre lentement puis le clarifier, c'est-à-dire retirer le petit lait qui se dépose dans la partie inférieure. Mettre les jaunes d'oeufs dans une casserole avec 1 cuillère à soupe de vin blanc. Monter le sabayon à feu doux jusqu'à ce que le mélange double de volume et devienne très mousseux. Hors du feu, verser le beurre clarifié petit à petit avec une louche, tout en continuant de fouetter. Assaisonner, ajouter le jus de citron. Réserver la sauce au coin du fourneau.<br />","summary":"De fines lamelles de saumon et d'asperges crues, marinées et accompagnées d'un oeuf poché et de sauce hollandaise mousseuse.","timePreparation":"30mn","timeBaking":"15mn","timeRest":"10mn","picture":"","ingredients":[{"label":"Oeuf(s)","shopGroup":"Crèmerie  hors fromage","qte":"6","unit":"pièce(s)","step":"","order":0},{"label":"Asperge(s) blanche(s)","shopGroup":"Légumes","qte":"12","unit":"pièce(s)","step":"","order":1},{"label":"Filet(s)de saumon","shopGroup":"Poissonnerie","qte":"600","unit":"g","step":"","order":2},{"label":"Sel fin","shopGroup":"","qte":"3","unit":"pincée(s)","step":"","order":3},{"label":"Moulin à poivre","shopGroup":"","qte":"3","unit":"tour(s)","step":"","order":4},{"label":"Huile d'olive","shopGroup":"Epicerie","qte":"3","unit":"cl","step":"","order":5},{"label":"Piment d'Espelette","shopGroup":"Epicerie","qte":"3","unit":"pincée(s)","step":"","order":6},{"label":"Beurre doux","shopGroup":"Crèmerie  hors fromage","qte":"200","unit":"g","step":"Pour la sauce","order":7},{"label":"Vin blanc sec","shopGroup":"Boissons alcoolisées","qte":"3","unit":"cl","step":"Pour la sauce","order":8},{"label":"Citron(s) jaune(s)","shopGroup":"Fruits","qte":"1","unit":"pièce(s)","step":"Pour la sauce","order":9},{"label":"Jaune(s) d'oeuf(s)","shopGroup":"Crèmerie  hors fromage","qte":"4","unit":"pièce(s)","step":"Pour la sauce","order":10},{"label":"Sel fin","shopGroup":"","qte":"1","unit":"pincée(s)","step":"Pour la sauce","order":11},{"label":"Cerfeuil","shopGroup":"Herbes aromatiques","qte":"4","unit":"branche(s)","step":"Pour la sauce","order":12}],"chiefTip":"Pour donner un goût subtil à l'oeuf, vous pouvez l'enduire d'un peu d'huile parfumée (de truffe par exemple).Il existe plusieurs techniques pour pocher un oeuf, celle-ci permet de conserver l'oeuf entier facilement.","id":10153}