{"id":10153,"title":"Recette de Marinière de saumon et d'asperges, oeuf  poché/moulé sauce hollandaise","description":"","summary":"De fines lamelles de saumon et d'asperges crues, marinées et accompagnées d'un oeuf poché et de sauce hollandaise mousseuse.","timePreparation":"30mn","timeBaking":"15mn","timeRest":"10mn","picture":"http://1.media.atelierdeschefs.com/recette-e10153-mariniere-de-saumon-et-d-asperges-oeuf-poche-moule-sauce-hollandaise.jpg","ingredients":[{"label":"Oeuf(s)","shopGroup":"Crèmerie  hors fromage","qte":"6","unit":"pièce(s)","step":"","order":0},{"label":"Asperge(s) blanche(s)","shopGroup":"Légumes","qte":"12","unit":"pièce(s)","step":"","order":1},{"label":"Filet(s)de saumon","shopGroup":"Poissonnerie","qte":"600","unit":"g","step":"","order":2},{"label":"Sel fin","shopGroup":"","qte":"3","unit":"pincée(s)","step":"","order":3},{"label":"Moulin à poivre","shopGroup":"","qte":"3","unit":"tour(s)","step":"","order":4},{"label":"Huile d'olive","shopGroup":"Epicerie","qte":"3","unit":"cl","step":"","order":5},{"label":"Piment d'Espelette","shopGroup":"Epicerie","qte":"3","unit":"pincée(s)","step":"","order":6},{"label":"Beurre doux","shopGroup":"Crèmerie  hors fromage","qte":"200","unit":"g","step":"Pour la sauce","order":7},{"label":"Vin blanc sec","shopGroup":"Boissons alcoolisées","qte":"3","unit":"cl","step":"Pour la sauce","order":8},{"label":"Citron(s) jaune(s)","shopGroup":"Fruits","qte":"1","unit":"pièce(s)","step":"Pour la sauce","order":9},{"label":"Jaune(s) d'oeuf(s)","shopGroup":"Crèmerie  hors fromage","qte":"4","unit":"pièce(s)","step":"Pour la sauce","order":10},{"label":"Sel fin","shopGroup":"","qte":"1","unit":"pincée(s)","step":"Pour la sauce","order":11},{"label":"Cerfeuil","shopGroup":"Herbes aromatiques","qte":"4","unit":"branche(s)","step":"Pour la sauce","order":12}]}