{"title":"Scones nature","description":"Dans un saladier, mélanger le sel, la farine et la levure en soulevant l'ensemble du bout des doigts pour aérer la pâte. Ajouter le reste des ingrédients en pétrissant le moins possible pour conserver l'air, puis terminer avec un peu de lait afin d'obtenir une belle boule de pâte (mais attention à ne pas la rendre humide).<br /><br />Préchauffer le four à 200 °C.<br />Étaler la pâte en la laissant assez épaisse (environ 4 cm). Couper les scones à l'aide d'un emporte-pièce de 5 cm de diamètre, puis les disposer sur une plaque farinée allant au four en les collant les uns contre les autres. Enfourner à 200 °C pendant 10 à 15 min.<br />","summary":"Les scones sont de petits biscuits irlandais moelleux, à servir avec du beurre pour le thé.","timePreparation":"30mn","timeBaking":"0mn","timeRest":"0mn","picture":"","ingredients":[{"label":"Farine de blé","shopGroup":"Epicerie","qte":"300","unit":"g","step":"","order":0},{"label":"Sel fin","shopGroup":"","qte":"6","unit":"pincée(s)","step":"","order":1},{"label":"Sachet(s) de levure chimique (11g)","shopGroup":"Epicerie","qte":"1","unit":"pièce(s)","step":"","order":2},{"label":"Crème liquide entière","shopGroup":"Crèmerie  hors fromage","qte":"4","unit":"cl","step":"","order":3},{"label":"Oeuf(s)","shopGroup":"Crèmerie  hors fromage","qte":"1","unit":"pièce(s)","step":"","order":4},{"label":"Lait 1/2 écrémé","shopGroup":"Crèmerie  hors fromage","qte":"10","unit":"cl","step":"","order":5}],"chiefTip":"Servez-les tièdes avec du beurre, de la crème fraîche épaisse et de la confiture, et bien sûr avec un bon thé.","id":10501}