{"id":10501,"title":"Recette de Scones nature","description":"","summary":"Les scones sont de petits biscuits irlandais moelleux, à servir avec du beurre pour le thé.","timePreparation":"30mn","timeBaking":"0mn","timeRest":"0mn","picture":"http://1.media.atelierdeschefs.com/recette-e10501-scones-nature.jpg","ingredients":[{"label":"Farine de blé","shopGroup":"Epicerie","qte":"300","unit":"g","step":"","order":0},{"label":"Sel fin","shopGroup":"","qte":"6","unit":"pincée(s)","step":"","order":1},{"label":"Sachet(s) de levure chimique (11g)","shopGroup":"Epicerie","qte":"1","unit":"pièce(s)","step":"","order":2},{"label":"Crème liquide entière","shopGroup":"Crèmerie  hors fromage","qte":"4","unit":"cl","step":"","order":3},{"label":"Oeuf(s)","shopGroup":"Crèmerie  hors fromage","qte":"1","unit":"pièce(s)","step":"","order":4},{"label":"Lait 1/2 écrémé","shopGroup":"Crèmerie  hors fromage","qte":"10","unit":"cl","step":"","order":5}]}