{"title":"Ailes de raies rôties au beurre et navets ronds glacés à l'orange","description":"<br /><b>Pour la partie 1 :</b><br />Passer les ailes de raie dans la farine, puis les tapoter pour en ôter l'excédent.<br />Dans une poêle chaude, mettre un filet d'huile d'olive et poser délicatement les ailes côté peau blanche. Les laisser cuire 2 min à feu vif, puis les retourner, mettre le feu au minimum et ajouter le beurre, le thym, le laurier et le sel fin. Cuire ensuite les ailes pendant 5 min en les arrosant constamment.<br /><br /><b>Pour la garniture :</b><br />Éplucher les navets et les couper en 2.<br />Dans une casserole, mettre de l'eau à bouillir avec du gros sel (10 g/litre) et plonger les navets dedans pendant 2 min. Les égoutter et les mettre dans de l'eau froide pour stopper la cuisson. <br /><br />Dans une poêle, mettre les navets refroidis avec le beurre et le jus d'orange, puis les recouvrir d'eau. Porter a ébullition et laisser cuire jusqu'à complète évaporation de l'eau et du jus, mélanger régulièrement.<br /> <br />Disposer harmonieusement les navets sur les assiettes et poser les ailes de raie à côté. Déposer ensuite des feuilles de coriandre sur les navets puis poivrer le tout pour finir la décoration.<br />","summary":"Tronçon de raie saisi à l'huile d'olive et enrobé d'un beurre mousseux pour finir la cuisson, accompagné de petits navets ronds cuits au beurre et au jus d'orange.","timePreparation":"30mn","timeBaking":"0mn","timeRest":"0mn","picture":"","ingredients":[{"label":"Aile(s) de raie( 250 g)","shopGroup":"Poissonnerie","qte":"6","unit":"pièce(s)","step":"Pour l'étape 1","order":0},{"label":"Farine de blé","shopGroup":"Epicerie","qte":"200","unit":"g","step":"Pour l'étape 1","order":1},{"label":"Beurre doux","shopGroup":"","qte":"20","unit":"g","step":"Pour l'étape 1","order":2},{"label":"Thym frais","shopGroup":"Herbes aromatiques","qte":"2","unit":"branche(s)","step":"Pour l'étape 1","order":3},{"label":"Feuille(s) de laurier","shopGroup":"Herbes aromatiques","qte":"1","unit":"pièce(s)","step":"Pour l'étape 1","order":4},{"label":"Sel fin","shopGroup":"","qte":"6","unit":"pincée(s)","step":"Pour l'étape 1","order":5},{"label":"Mini navet(s)","shopGroup":"Légumes","qte":"18","unit":"pièce(s)","step":"Pour la garniture","order":6},{"label":"Beurre doux","shopGroup":"Crèmerie  hors fromage","qte":"10","unit":"g","step":"Pour la garniture","order":7},{"label":"Jus d'orange","shopGroup":"Boissons sans alcool","qte":"20","unit":"cl","step":"Pour la garniture","order":8},{"label":"Gros sel","shopGroup":"","qte":"20","unit":"g","step":"Pour la garniture","order":9},{"label":"Coriandre fraîche","shopGroup":"Herbes aromatiques","qte":"6","unit":"branche(s)","step":"Pour la garniture","order":10},{"label":"Moulin à poivre","shopGroup":"","qte":"6","unit":"tour(s)","step":"Pour la garniture","order":11},{"label":"Huile d'olive","shopGroup":"Epicerie","qte":"3","unit":"cl","step":"Pour la garniture","order":12}],"chiefTip":"Selon la saison, remplacez le navet par du céleri-rave ou de l'endive.","id":10135}