{"title":"Ailes de raies rôties au beurre et navets ronds glacés à l'orange","description":"","summary":"Tronçon de raie saisi à l'huile d'olive et enrobé d'un beurre mousseux pour finir la cuisson, accompagné de petits navets ronds cuits au beurre et au jus d'orange.","timePreparation":"30mn","timeBaking":"0mn","timeRest":"0mn","picture":"","ingredients":[{"label":"Aile(s) de raie( 250 g)","shopGroup":"Poissonnerie","qte":"6","unit":"pièce(s)","step":"Pour l'étape 1","order":0},{"label":"Farine de blé","shopGroup":"Epicerie","qte":"200","unit":"g","step":"Pour l'étape 1","order":1},{"label":"Beurre doux","shopGroup":"","qte":"20","unit":"g","step":"Pour l'étape 1","order":2},{"label":"Thym frais","shopGroup":"Herbes aromatiques","qte":"2","unit":"branche(s)","step":"Pour l'étape 1","order":3},{"label":"Feuille(s) de laurier","shopGroup":"Herbes aromatiques","qte":"1","unit":"pièce(s)","step":"Pour l'étape 1","order":4},{"label":"Sel fin","shopGroup":"","qte":"6","unit":"pincée(s)","step":"Pour l'étape 1","order":5},{"label":"Mini navet(s)","shopGroup":"Légumes","qte":"18","unit":"pièce(s)","step":"Pour la garniture","order":6},{"label":"Beurre doux","shopGroup":"Crèmerie  hors fromage","qte":"10","unit":"g","step":"Pour la garniture","order":7},{"label":"Jus d'orange","shopGroup":"Boissons sans alcool","qte":"20","unit":"cl","step":"Pour la garniture","order":8},{"label":"Gros sel","shopGroup":"","qte":"20","unit":"g","step":"Pour la garniture","order":9},{"label":"Coriandre fraîche","shopGroup":"Herbes aromatiques","qte":"6","unit":"branche(s)","step":"Pour la garniture","order":10},{"label":"Moulin à poivre","shopGroup":"","qte":"6","unit":"tour(s)","step":"Pour la garniture","order":11},{"label":"Huile d'olive","shopGroup":"Epicerie","qte":"3","unit":"cl","step":"Pour la garniture","order":12}],"chiefTip":"Selon la saison, remplacez le navet par du céleri-rave ou de l'endive.","id":10135}