{"id":10255,"title":"Recette de Agneau à la pepperonata, pommes de terre grenaille rôties et sauce au vin rouge","description":"","summary":"Agneau cuit avec des herbes de Provence et servi avec une pepperonata et des pommes grenaille rôties au thym.","timePreparation":"20mn","timeBaking":"45mn","timeRest":"0mn","picture":"http://1.media.atelierdeschefs.com/recette-e10255-agneau-a-la-pepperonata-pommes-de-terre-grenaille-roties-et-sauce-au-vin-rouge.jpg","ingredients":[{"label":"Tranche(s) de gigot d'agneau","shopGroup":"Boucherie","qte":"6","unit":"pièce(s)","step":"","order":0},{"label":"Romarin","shopGroup":"","qte":"0.25","unit":"botte(s)","step":"Pour la sauce","order":1},{"label":"Thym frais","shopGroup":"","qte":"4","unit":"branche(s)","step":"Pour la sauce","order":2},{"label":"Persil plat","shopGroup":"Herbes aromatiques","qte":"0.25","unit":"botte(s)","step":"Pour la sauce","order":3},{"label":"Gousse(s) d'ail","shopGroup":"","qte":"1","unit":"pièce(s)","step":"Pour la sauce","order":4},{"label":"Blanc(s) de poireau(x)","shopGroup":"Légumes","qte":"1","unit":"pièce(s)","step":"Pour la sauce","order":5},{"label":"Echalote(s)","shopGroup":"Légumes","qte":"1","unit":"pièce(s)","step":"Pour la sauce","order":6},{"label":"Feuille(s) de laurier","shopGroup":"Herbes aromatiques","qte":"1","unit":"pièce(s)","step":"Pour la sauce","order":7},{"label":"Vin rouge","shopGroup":"Boissons alcoolisées","qte":"75","unit":"cl","step":"Pour la sauce","order":8},{"label":"Sel fin","shopGroup":"","qte":"1","unit":"pincée(s)","step":"Pour la sauce","order":9},{"label":"Bouillon de boeuf","shopGroup":"Epicerie","qte":"10","unit":"cl","step":"Pour la sauce","order":10},{"label":"Moulin à poivre","shopGroup":"","qte":"1","unit":"tour(s)","step":"Pour la sauce","order":11},{"label":"Beurre doux","shopGroup":"Crèmerie  hors fromage","qte":"30","unit":"g","step":"Pour la sauce","order":12},{"label":"Huile d'olive","shopGroup":"","qte":"5","unit":"cl","step":"Pour les légumes","order":13},{"label":"Oignon(s) rouge(s)","shopGroup":"Légumes","qte":"1","unit":"pièce(s)","step":"Pour les légumes","order":14},{"label":"Poivron(s) rouge(s)","shopGroup":"Légumes","qte":"3","unit":"pièce(s)","step":"Pour les légumes","order":15},{"label":"Gousse(s) d'ail","shopGroup":"Légumes","qte":"1","unit":"gousse(s)","step":"Pour les légumes","order":16},{"label":"Tomate(s) cerise(s) branchée(s)","shopGroup":"Légumes","qte":"300","unit":"g","step":"Pour les légumes","order":17},{"label":"Romarin","shopGroup":"Herbes aromatiques","qte":"0.25","unit":"botte(s)","step":"Pour les légumes","order":18},{"label":"Thym frais","shopGroup":"Herbes aromatiques","qte":"8","unit":"branche(s)","step":"Pour les légumes","order":19},{"label":"Pomme(s) de terre grenaille","shopGroup":"Légumes","qte":"500","unit":"g","step":"Pour la garniture","order":20},{"label":"Huile d'olive","shopGroup":"Epicerie","qte":"5","unit":"cl","step":"Pour la garniture","order":21},{"label":"Branche(s) de romarin","shopGroup":"Herbes aromatiques","qte":"2","unit":"pièce(s)","step":"Pour la garniture","order":22},{"label":"Branche(s) de thym","shopGroup":"Herbes aromatiques","qte":"4","unit":"pièce(s)","step":"Pour la garniture","order":23},{"label":"Fleur de sel","shopGroup":"Epicerie","qte":"3","unit":"pincée(s)","step":"Pour la garniture","order":24}]}