{"title":"Agneau à la pepperonata, pommes de terre grenaille rôties et sauce au vin rouge","description":"préchauffer le four à 200°C.<br />Laver les pommes de terre. Les mettre dans un plat à rôtir avec l'huile d'olive, les branches de thym et de romarin. Les enfourner pour 45 minutes, jusqu'à ce qu'elles soient dorées et tendres. <br /><br />Ciseler le poireau et l'échalote. Ecraser 1 gousse d'ail avec la lame du couteau. Effeuiller le romarin, le thym et le persil. <br /><br />Emincer l'oignon rouge et les poivrons. Finement ciseler l'ail. Couper les tomates cerise en deux. <br /><br />Dans une casserole moyenne, ajouter un filet d'huile et faire suer 1 gousse d'ail entière écrasée, la feuille de laurier, le poireau, l'échalote, la moitié du romarin, le thym et les tiges de persil. Faire revenir 3 minutes puis déglacer la casserole avec la bouteille de vin rouge. Réduire de deux tiers, ajouter le bouillon et réduire de moitié. Retirer du feu, passer le liquide au chinois. Le reverser dans la casserole, saler et poivrer. <br /><br />Pour la pepperonata : Faire chauffer un peu d'huile d'olive dans une casserole. Faire revenir le poivron et l'oignon rouge jusqu'à ce qu'ils soient légèrement caramélisés. Ajouter l'ail, les tomates cerise et le reste du romarin et du thym. Saler et poivrer. Faire cuire encore 10 minutes et terminer avec le persil haché. Garder au chaud. <br /><br />Colorer l'agneau des deux côtés dans une poêle chaude. Transférer l'agneau dans un plat et le faire rôtir au four à 200°C pour 6 à 8 minutes. <br /><br />Réchauffer la sauce et y fouetter une noix de beurre.<br /><br />Sur 6 assiettes, remplir un cercle en inox avec la pepperonata. <br /><br />Trancher l'agneau en 3 morceaux et les poser sur la pepperonata. Servir les pommes de terre à côté. <br /><br />Arroser l'agneau de sauce au vin et le servir.<br />","summary":"Agneau cuit avec des herbes de Provence et servi avec une pepperonata et des pommes grenaille rôties au thym.","timePreparation":"20mn","timeBaking":"45mn","timeRest":"0mn","picture":"","ingredients":[{"label":"Tranche(s) de gigot d'agneau","shopGroup":"Boucherie","qte":"6","unit":"pièce(s)","step":"","order":0},{"label":"Romarin","shopGroup":"","qte":"0.25","unit":"botte(s)","step":"Pour la sauce","order":1},{"label":"Thym frais","shopGroup":"","qte":"4","unit":"branche(s)","step":"Pour la sauce","order":2},{"label":"Persil plat","shopGroup":"Herbes aromatiques","qte":"0.25","unit":"botte(s)","step":"Pour la sauce","order":3},{"label":"Gousse(s) d'ail","shopGroup":"","qte":"1","unit":"pièce(s)","step":"Pour la sauce","order":4},{"label":"Blanc(s) de poireau(x)","shopGroup":"Légumes","qte":"1","unit":"pièce(s)","step":"Pour la sauce","order":5},{"label":"Echalote(s)","shopGroup":"Légumes","qte":"1","unit":"pièce(s)","step":"Pour la sauce","order":6},{"label":"Feuille(s) de laurier","shopGroup":"Herbes aromatiques","qte":"1","unit":"pièce(s)","step":"Pour la sauce","order":7},{"label":"Vin rouge","shopGroup":"Boissons alcoolisées","qte":"75","unit":"cl","step":"Pour la sauce","order":8},{"label":"Sel fin","shopGroup":"","qte":"1","unit":"pincée(s)","step":"Pour la sauce","order":9},{"label":"Bouillon de boeuf","shopGroup":"Epicerie","qte":"10","unit":"cl","step":"Pour la sauce","order":10},{"label":"Moulin à poivre","shopGroup":"","qte":"1","unit":"tour(s)","step":"Pour la sauce","order":11},{"label":"Beurre doux","shopGroup":"Crèmerie  hors fromage","qte":"30","unit":"g","step":"Pour la sauce","order":12},{"label":"Huile d'olive","shopGroup":"","qte":"5","unit":"cl","step":"Pour les légumes","order":13},{"label":"Oignon(s) rouge(s)","shopGroup":"Légumes","qte":"1","unit":"pièce(s)","step":"Pour les légumes","order":14},{"label":"Poivron(s) rouge(s)","shopGroup":"Légumes","qte":"3","unit":"pièce(s)","step":"Pour les légumes","order":15},{"label":"Gousse(s) d'ail","shopGroup":"Légumes","qte":"1","unit":"gousse(s)","step":"Pour les légumes","order":16},{"label":"Tomate(s) cerise(s) branchée(s)","shopGroup":"Légumes","qte":"300","unit":"g","step":"Pour les légumes","order":17},{"label":"Romarin","shopGroup":"Herbes aromatiques","qte":"0.25","unit":"botte(s)","step":"Pour les légumes","order":18},{"label":"Thym frais","shopGroup":"Herbes aromatiques","qte":"8","unit":"branche(s)","step":"Pour les légumes","order":19},{"label":"Pomme(s) de terre grenaille","shopGroup":"Légumes","qte":"500","unit":"g","step":"Pour la garniture","order":20},{"label":"Huile d'olive","shopGroup":"Epicerie","qte":"5","unit":"cl","step":"Pour la garniture","order":21},{"label":"Branche(s) de romarin","shopGroup":"Herbes aromatiques","qte":"2","unit":"pièce(s)","step":"Pour la garniture","order":22},{"label":"Branche(s) de thym","shopGroup":"Herbes aromatiques","qte":"4","unit":"pièce(s)","step":"Pour la garniture","order":23},{"label":"Fleur de sel","shopGroup":"Epicerie","qte":"3","unit":"pincée(s)","step":"Pour la garniture","order":24}],"chiefTip":"Vous pouvez préparer cette recette avec d'autres morceaux d'agneau. Il suffit d'adapter le temps de cuisson.","id":10255}