{"id":91,"title":"Recette de Ravioles de crabe à la mozzarella","description":"","summary":"Ravioles de chair de crabe aux fines herbes, garnies de mozzarella et servies dans un bouillon à base de poireaux et de vin blanc.","timePreparation":"30mn","timeBaking":"0mn","timeRest":"0mn","picture":"http://1.media.atelierdeschefs.com/recette-e91-ravioles-de-crabe-a-la-mozzarella.jpg","ingredients":[{"label":"Chair de crabe","shopGroup":"Poissonnerie","qte":"200","unit":"g","step":"","order":0},{"label":"Feuille(s) de pâte à raviole","shopGroup":"Traiteur","qte":"18","unit":"pièce(s)","step":"","order":1},{"label":"Mozzarella","shopGroup":"Fromage(s)","qte":"1","unit":"pièce(s)","step":"","order":2},{"label":"Echalote(s)","shopGroup":"Légumes","qte":"3","unit":"pièce(s)","step":"","order":3},{"label":"Vin blanc sec","shopGroup":"Boissons alcoolisées","qte":"10","unit":"cl","step":"","order":4},{"label":"Carotte(s)","shopGroup":"Légumes","qte":"2","unit":"pièce(s)","step":"","order":5},{"label":"Poireau(x)","shopGroup":"Légumes","qte":"1","unit":"pièce(s)","step":"","order":6},{"label":"Persil plat","shopGroup":"Herbes aromatiques","qte":"2","unit":"branche(s)","step":"","order":7},{"label":"Estragon","shopGroup":"Herbes aromatiques","qte":"2","unit":"branche(s)","step":"","order":8},{"label":"Cerfeuil","shopGroup":"Herbes aromatiques","qte":"2","unit":"branche(s)","step":"","order":9},{"label":"Huile d'olive","shopGroup":"Epicerie","qte":"3","unit":"cl","step":"","order":10},{"label":"Fleur de sel","shopGroup":"Epicerie","qte":"6","unit":"pincée(s)","step":"","order":11},{"label":"Sel fin","shopGroup":"","qte":"6","unit":"pincée(s)","step":"","order":12},{"label":"Piment d'Espelette","shopGroup":"Epicerie","qte":"6","unit":"pincée(s)","step":"","order":13}]}