{"title":"Ravioles de crabe à la mozzarella","description":"Éplucher les échalotes et les émincer finement. Effeuiller les herbes avant de les concasser grossièrement.<br />Ouvrir le poireau en 2 et l'émincer finement. Ébouter les carottes et les peler avant de les émincer en fines lamelles.<br />Tailler la mozzarella en fines tranches.<br />Dans un bol, mélanger le crabe et les herbes, puis assaisonner de piment d'Espelette et de sel.<br /><br />Badigeonner 2 des 4 bords de chaque carré de raviole avec un peu d'eau, puis déposer un morceau de mozzarella et une cuillerée de crabe au centre. Fermer ensuite la raviole en la repliant sur elle-même, puis la couper en forme de demi-lune avec un cercle en inox.<br /><br />Dans un wok chaud avec de l'huile d'olive, faire suer les échalotes et les poireaux avec une pincée de sel fin. Ajouter les carottes et saler à nouveau. Ajouter ensuite 1/2 litre d'eau et le vin blanc, puis porter à ébullition. Disposer les ravioles sur les légumes, couvrir et cuire à feu moyen pendant  2 min. <br /><br />Servir chaud : dans une assiette creuse, mettre les légumes dans le fond et disposer dessus 3 ravioles par personne, puis parsemer le tout de fleur de sel.<br />","summary":"Ravioles de chair de crabe aux fines herbes, garnies de mozzarella et servies dans un bouillon à base de poireaux et de vin blanc.","timePreparation":"30mn","timeBaking":"0mn","timeRest":"0mn","picture":"","ingredients":[{"label":"Chair de crabe","shopGroup":"Poissonnerie","qte":"200","unit":"g","step":"","order":0},{"label":"Feuille(s) de pâte à raviole","shopGroup":"Traiteur","qte":"18","unit":"pièce(s)","step":"","order":1},{"label":"Mozzarella","shopGroup":"Fromage(s)","qte":"1","unit":"pièce(s)","step":"","order":2},{"label":"Echalote(s)","shopGroup":"Légumes","qte":"3","unit":"pièce(s)","step":"","order":3},{"label":"Vin blanc sec","shopGroup":"Boissons alcoolisées","qte":"10","unit":"cl","step":"","order":4},{"label":"Carotte(s)","shopGroup":"Légumes","qte":"2","unit":"pièce(s)","step":"","order":5},{"label":"Poireau(x)","shopGroup":"Légumes","qte":"1","unit":"pièce(s)","step":"","order":6},{"label":"Persil plat","shopGroup":"Herbes aromatiques","qte":"2","unit":"branche(s)","step":"","order":7},{"label":"Estragon","shopGroup":"Herbes aromatiques","qte":"2","unit":"branche(s)","step":"","order":8},{"label":"Cerfeuil","shopGroup":"Herbes aromatiques","qte":"2","unit":"branche(s)","step":"","order":9},{"label":"Huile d'olive","shopGroup":"Epicerie","qte":"3","unit":"cl","step":"","order":10},{"label":"Fleur de sel","shopGroup":"Epicerie","qte":"6","unit":"pincée(s)","step":"","order":11},{"label":"Sel fin","shopGroup":"","qte":"6","unit":"pincée(s)","step":"","order":12},{"label":"Piment d'Espelette","shopGroup":"Epicerie","qte":"6","unit":"pincée(s)","step":"","order":13}],"chiefTip":"Remplacez la chair de crabe par du saumon cuit ou par le poisson de votre choix.","id":91}