{"title":"Nectarines pochées au vin blanc, crème fraîche et crumble d'amandes","description":"","summary":"De fraîches nectarines pochées au vin blanc, servies avec une crème et surmontées d'un crumble à la poudre d'amande.","timePreparation":"10mn","timeBaking":"22mn","timeRest":"30mn","picture":"","ingredients":[{"label":"Nectarine(s)","shopGroup":"Fruits","qte":"6","unit":"pièce(s)","step":"Pour le(s) fruit(s)","order":0},{"label":"Eau","shopGroup":"","qte":"25","unit":"cl","step":"Pour le(s) fruit(s)","order":1},{"label":"Etoile(s) de badiane","shopGroup":"Epicerie","qte":"1","unit":"pièce(s)","step":"Pour le(s) fruit(s)","order":2},{"label":"Vin blanc sec","shopGroup":"Boissons alcoolisées","qte":"25","unit":"cl","step":"Pour le(s) fruit(s)","order":3},{"label":"Gousse(s) de vanille","shopGroup":"Epicerie","qte":"1","unit":"pièce(s)","step":"Pour le(s) fruit(s)","order":4},{"label":"Sucre en poudre","shopGroup":"","qte":"100","unit":"g","step":"Pour le(s) fruit(s)","order":5},{"label":"Orange(s)","shopGroup":"Fruits","qte":"1","unit":"pièce(s)","step":"Pour le(s) fruit(s)","order":6},{"label":"Beurre doux","shopGroup":"Crèmerie  hors fromage","qte":"50","unit":"g","step":"Pour le crumble","order":7},{"label":"Farine de blé","shopGroup":"Epicerie","qte":"50","unit":"g","step":"Pour le crumble","order":8},{"label":"Poudre d'amande","shopGroup":"Epicerie","qte":"50","unit":"g","step":"Pour le crumble","order":9},{"label":"Sucre en poudre","shopGroup":"Epicerie","qte":"50","unit":"g","step":"Pour le crumble","order":10},{"label":"Crème fraîche épaisse","shopGroup":"Crèmerie  hors fromage","qte":"150","unit":"g","step":"Pour la garniture","order":11}],"chiefTip":"Cette recette est également délicieuse réalisée avec des pêches fraîches ou des abricots.","id":10309}