{"title":"Nectarines pochées au vin blanc, crème fraîche et crumble d'amandes","description":"Préchauffer le four à 180°C (th. 6).<br />Couper les nectarines en quartiers et retirer le noyau. Fendre la gousse de vanille en deux et gratter les graines. Zester et prélever le jus d'une orange.<br /><br /><b>Pour le crumble d'amande :</b><br />Mélanger avec les doigts le beurre, le sucre, la poudre d'amande et la farine dans un saladier, jusqu'à obtenir une sorte de sable grossier.<br />Étaler le crumble sur une plaque à pâtisserie puis enfourner pour 12 min à 180°C (th. 6) jusqu'à ce qu'il devienne légèrement doré.<br /><br /><b>Pour le sirop et le dressage :</b><br />Mélanger l'eau, le sucre, le jus d'orange, les zestes d'orange, le vin blanc, l'étoile de badiane et les graines de vanille dans une casserole. Porter à ébullition.<br />Une fois le mélange bouillant, réduire à feu doux et ajouter les quartiers de nectarines. Pocher les nectarines pendant 5 à 10 min, puis retirer les fruits et les laisser refroidir.<br /><br />Servir les nectarines avec leur jus dans une verrine. Ajouter une belle cuillerée de crème et terminer avec le crumble.<br />","summary":"De fraîches nectarines pochées au vin blanc, servies avec une crème et surmontées d'un crumble à la poudre d'amande.","timePreparation":"10mn","timeBaking":"22mn","timeRest":"30mn","picture":"","ingredients":[{"label":"Nectarine(s)","shopGroup":"Fruits","qte":"6","unit":"pièce(s)","step":"Pour le(s) fruit(s)","order":0},{"label":"Eau","shopGroup":"","qte":"25","unit":"cl","step":"Pour le(s) fruit(s)","order":1},{"label":"Etoile(s) de badiane","shopGroup":"Epicerie","qte":"1","unit":"pièce(s)","step":"Pour le(s) fruit(s)","order":2},{"label":"Vin blanc sec","shopGroup":"Boissons alcoolisées","qte":"25","unit":"cl","step":"Pour le(s) fruit(s)","order":3},{"label":"Gousse(s) de vanille","shopGroup":"Epicerie","qte":"1","unit":"pièce(s)","step":"Pour le(s) fruit(s)","order":4},{"label":"Sucre en poudre","shopGroup":"","qte":"100","unit":"g","step":"Pour le(s) fruit(s)","order":5},{"label":"Orange(s)","shopGroup":"Fruits","qte":"1","unit":"pièce(s)","step":"Pour le(s) fruit(s)","order":6},{"label":"Beurre doux","shopGroup":"Crèmerie  hors fromage","qte":"50","unit":"g","step":"Pour le crumble","order":7},{"label":"Farine de blé","shopGroup":"Epicerie","qte":"50","unit":"g","step":"Pour le crumble","order":8},{"label":"Poudre d'amande","shopGroup":"Epicerie","qte":"50","unit":"g","step":"Pour le crumble","order":9},{"label":"Sucre en poudre","shopGroup":"Epicerie","qte":"50","unit":"g","step":"Pour le crumble","order":10},{"label":"Crème fraîche épaisse","shopGroup":"Crèmerie  hors fromage","qte":"150","unit":"g","step":"Pour la garniture","order":11}],"chiefTip":"Cette recette est également délicieuse réalisée avec des pêches fraîches ou des abricots.","id":10309}