{"title":"Plancha de viande, pommes grenailles aux champignons de saison","description":"","summary":"Assortiment de viandes de qualité (boeuf, veau, agneau, canard, porc, poulet...) à griller soi-même à la plancha, le tout accompagné de pommes de terre confites au beurre noisette et de champignons poêlés.","timePreparation":"30mn","timeBaking":"0mn","timeRest":"0mn","picture":"","ingredients":[{"label":"Rumsteck","shopGroup":"Boucherie","qte":"120","unit":"g","step":"","order":0},{"label":"Gigot(s) d'agneau paré(s)","shopGroup":"Boucherie","qte":"100","unit":"g","step":"","order":1},{"label":"Quasi de veau","shopGroup":"Boucherie","qte":"120","unit":"g","step":"","order":2},{"label":"Blanc(s) de poulet jaune des Landes","shopGroup":"Boucherie","qte":"120","unit":"g","step":"","order":3},{"label":"Pomme(s) de terre grenaille","shopGroup":"Légumes","qte":"600","unit":"g","step":"","order":4},{"label":"Feuille(s) de laurier","shopGroup":"Herbes aromatiques","qte":"1","unit":"pièce(s)","step":"","order":5},{"label":"Branche(s) de thym","shopGroup":"Herbes aromatiques","qte":"1","unit":"pièce(s)","step":"","order":6},{"label":"Pleurote(s)","shopGroup":"Légumes","qte":"120","unit":"g","step":"","order":7},{"label":"Moulin à poivre","shopGroup":"","qte":"3","unit":"tour(s)","step":"","order":8},{"label":"Sel fin","shopGroup":"","qte":"6","unit":"pincée(s)","step":"","order":9},{"label":"Beurre doux","shopGroup":"Crèmerie  hors fromage","qte":"40","unit":"g","step":"","order":10},{"label":"Beurre de cacao Mycryo","shopGroup":"Epicerie","qte":"10","unit":"g","step":"","order":11},{"label":"Gros sel","shopGroup":"","qte":"10","unit":"g","step":"","order":12},{"label":"Huile d'olive","shopGroup":"Epicerie","qte":"3","unit":"cl","step":"","order":13}],"chiefTip":"N'hésitez pas à diversifier les viandes pour varier les plaisirs de vos convives.","id":10580}