{"id":10772,"title":"Recette de Huître en gelée de caviar","description":"","summary":"Huître dressée dans sa coquille avec une gelée d'huîtres et d'eau de mer, une petite crème de raifort et quelques grains de caviar.","timePreparation":"45mn","timeBaking":"0mn","timeRest":"0mn","picture":"http://1.media.atelierdeschefs.com/recette-e10772-huitre-en-gelee-de-caviar.jpg","ingredients":[{"label":"Huître(s) creuse(s) n°2","shopGroup":"Poissonnerie","qte":"18","unit":"pièce(s)","step":"","order":0},{"label":"Fumet de poisson","shopGroup":"Epicerie","qte":"60","unit":"cl","step":"","order":1},{"label":"Feuille(s) de gélatine de 2 g","shopGroup":"Epicerie","qte":"2","unit":"pièce(s)","step":"","order":2},{"label":"Sel fin","shopGroup":"","qte":"6","unit":"pincée(s)","step":"","order":3},{"label":"Moulin à poivre","shopGroup":"","qte":"6","unit":"tour(s)","step":"","order":4},{"label":"Caviar","shopGroup":"Poissonnerie","qte":"30","unit":"g","step":"","order":5},{"label":"Crème liquide entière","shopGroup":"Crèmerie  hors fromage","qte":"10","unit":"cl","step":"","order":6},{"label":"Raifort en pot","shopGroup":"Epicerie","qte":"10","unit":"g","step":"","order":7},{"label":"Aneth","shopGroup":"Herbes aromatiques","qte":"2","unit":"branche(s)","step":"","order":8}]}