{"id":10132,"title":"Recette de Ghoriba aux amandes (macaron marocain)","description":"","summary":"Un macaron aux amandes, traditionnel de la pâtisserie marocaine.","timePreparation":"45mn","timeBaking":"0mn","timeRest":"0mn","picture":"http://1.media.atelierdeschefs.com/recette-e10132-ghoriba-aux-amandes-macaron-marocain.jpg","ingredients":[{"label":"Poudre d'amande","shopGroup":"Epicerie","qte":"250","unit":"g","step":"","order":0},{"label":"Beurre doux","shopGroup":"Crèmerie  hors fromage","qte":"50","unit":"g","step":"","order":1},{"label":"Sucre en poudre","shopGroup":"Epicerie","qte":"75","unit":"g","step":"","order":2},{"label":"Farine de blé","shopGroup":"Epicerie","qte":"25","unit":"g","step":"","order":3},{"label":"Oeuf(s)","shopGroup":"Crèmerie  hors fromage","qte":"1","unit":"pièce(s)","step":"","order":4},{"label":"Amande(s) grillée(s)","shopGroup":"Epicerie","qte":"50","unit":"g","step":"","order":5}]}