{"title":"Ghoriba aux amandes (macaron marocain)","description":"Préchauffer le four à 180 °C (th. 6).<br />ramollir le beurre en le travaillant ( ou sortez le une heure avant du réfrigérateur)<br /><br />Mélanger la poudre d'amande, le sucre, la farine, le beurre et les oeufs. Former ensuite des petites boules de la grosseur d'un oeuf de caille, puis aplatir chaque boule pour lui donner la forme d'un macaron. Les aligner sur une plaque allant au four revêtue d'un tapis de cuisson antiadhésif, planter une amande entière dans chaque petit macaron, puis enfourner pendant 1/4 h environ. <br /><br />Laisser tiédir avant de déguster.<br />","summary":"Un macaron aux amandes, traditionnel de la pâtisserie marocaine.","timePreparation":"45mn","timeBaking":"0mn","timeRest":"0mn","picture":"","ingredients":[{"label":"Poudre d'amande","shopGroup":"Epicerie","qte":"250","unit":"g","step":"","order":0},{"label":"Beurre doux","shopGroup":"Crèmerie  hors fromage","qte":"50","unit":"g","step":"","order":1},{"label":"Sucre en poudre","shopGroup":"Epicerie","qte":"75","unit":"g","step":"","order":2},{"label":"Farine de blé","shopGroup":"Epicerie","qte":"25","unit":"g","step":"","order":3},{"label":"Oeuf(s)","shopGroup":"Crèmerie  hors fromage","qte":"1","unit":"pièce(s)","step":"","order":4},{"label":"Amande(s) grillée(s)","shopGroup":"Epicerie","qte":"50","unit":"g","step":"","order":5}],"chiefTip":"Vous pouvez \"confire\" ces macarons dans du miel chaud afin de les conserver plus longtemps.","id":10132}