{"title":"Flan pâtissier à la vanille","description":"","summary":"Un classique de la pâtisserie française : une pâte brisée garnie d'une préparation à base de lait entier parfumé à la vanille, d'oeufs, de sucre et de Maïzena, le tout cuit longuement au four.","timePreparation":"1h","timeBaking":"40mn","timeRest":"0mn","picture":"","ingredients":[{"label":"Rouleau(x) de pâte brisée","shopGroup":"Traiteur","qte":"1","unit":"pièce(s)","step":"","order":0},{"label":"Lait entier","shopGroup":"Crèmerie  hors fromage","qte":"1","unit":"l","step":"","order":1},{"label":"Oeuf(s)","shopGroup":"Crèmerie  hors fromage","qte":"6","unit":"pièce(s)","step":"","order":2},{"label":"Gousse(s) de vanille","shopGroup":"Epicerie","qte":"1","unit":"pièce(s)","step":"","order":3},{"label":"Sucre en poudre","shopGroup":"Epicerie","qte":"150","unit":"g","step":"","order":4},{"label":"Fécule de maïs","shopGroup":"Epicerie","qte":"120","unit":"g","step":"","order":5},{"label":"Beurre doux","shopGroup":"Crèmerie  hors fromage","qte":"30","unit":"g","step":"","order":6}],"chiefTip":"Vous pouvez parfumer le flan avec d'autres épices.Vous pouvez également le cuire sur une pâte feuilletée.","id":10083}