{"id":9002,"title":"Recette de Raviole de fruits rouges aux graines de vanille","description":"","summary":"Une approche de la cuisine moléculaire : réalisez de petites billes comme des grains de caviar, au coeur coulant de framboises et fraises à la vanille.","timePreparation":"1h","timeBaking":"0mn","timeRest":"0mn","picture":"http://1.media.atelierdeschefs.com/recette-e9002-raviole-de-fruits-rouges-aux-graines-de-vanille.jpg","ingredients":[{"label":"Alginate de sodium","shopGroup":"Epicerie","qte":"4","unit":"g","step":"","order":0},{"label":"Lactate de calcium","shopGroup":"Epicerie","qte":"6","unit":"g","step":"","order":1},{"label":"Fraise(s) gariguette","shopGroup":"Fruits","qte":"250","unit":"g","step":"","order":2},{"label":"Framboise(s) fraîche(s)","shopGroup":"Fruits","qte":"125","unit":"g","step":"","order":3},{"label":"Sucre en poudre","shopGroup":"Epicerie","qte":"100","unit":"g","step":"","order":4},{"label":"Gousse(s) de vanille","shopGroup":"Epicerie","qte":"1","unit":"pièce(s)","step":"","order":5},{"label":"Gomme de xanthane","shopGroup":"Epicerie","qte":"0.5","unit":"g","step":"","order":6},{"label":"Eau","shopGroup":"","qte":"40","unit":"cl","step":"","order":7}]}