{"title":"Raviole de fruits rouges aux graines de vanille","description":"Dans un blender, mélanger l'alginate de sodium et l'eau minérale afin d'obtenir une préparation lisse et sans grumeaux. Laisser reposer au réfrigérateur au moins 12 h afin d'éliminer l'excès d'air.<br />Laver les fraises, puis les mixer avec les framboises et le sucre semoule de façon à obtenir une pulpe. Ajouter 5 cl d'eau pour délayer. Passer ensuite le tout dans une fine passoire pour obtenir 20 cl de liquide. Ajouter alors les graines de la gousse de vanille.<br /><br />Diluer le lactate de calcium dans le mélange de fruits rouges, puis incorporer la gomme de xanthane à l'aide d'un mixeur afin d'obtenir une texture fine. Réserver ensuite au réfrigérateur.<br /><br />Remplir une pipette de jus de fruits rouges. Verser ensuite cette préparation dans le mélange d'alginate de sodium de façon à former de grosses billes, façon ravioles. Les laisser dans le bain de trempage pendant 3 à 5 min.<br />Retirer les ravioles du mélange à l'aide d'une cuillère à trous, puis les plonger dans de l'eau claire pour les rincer. <br /><br />Les déposer dans un cocktail, un jus de fruits ou même sur un dessert. A déguster bien frais.<br />","summary":"Une approche de la cuisine moléculaire : réalisez de petites billes comme des grains de caviar, au coeur coulant de framboises et fraises à la vanille.","timePreparation":"1h","timeBaking":"0mn","timeRest":"0mn","picture":"","ingredients":[{"label":"Alginate de sodium","shopGroup":"Epicerie","qte":"4","unit":"g","step":"","order":0},{"label":"Lactate de calcium","shopGroup":"Epicerie","qte":"6","unit":"g","step":"","order":1},{"label":"Fraise(s) gariguette","shopGroup":"Fruits","qte":"250","unit":"g","step":"","order":2},{"label":"Framboise(s) fraîche(s)","shopGroup":"Fruits","qte":"125","unit":"g","step":"","order":3},{"label":"Sucre en poudre","shopGroup":"Epicerie","qte":"100","unit":"g","step":"","order":4},{"label":"Gousse(s) de vanille","shopGroup":"Epicerie","qte":"1","unit":"pièce(s)","step":"","order":5},{"label":"Gomme de xanthane","shopGroup":"Epicerie","qte":"0.5","unit":"g","step":"","order":6},{"label":"Eau","shopGroup":"","qte":"40","unit":"cl","step":"","order":7}],"chiefTip":"Pour le dosage des différents produits nécessaires à la sphérification, utilisez pour cette recette 1 sachet de lactate de calcium et 1 sachet d'alginate de sodium. Pour la gomme de xanthane, utilisez de préférence une balance de précision.Veillez à bien utiliser une eau la moins minéralisée possible.","id":9002}