{"title":"Petit cake à la viande des Grisons","description":"Préchauffer le four à 180 °C.<br />Faire fondre le beurre à feu doux et réserver.<br />Couper la viande des Grisons en petits morceaux.<br /><br />Fouetter les oeufs avec le lait. Ajouter 3 pincées de sel et 6 tours de moulin à poivre. Incorporer la farine et la levure petit à petit, puis ajouter le beurre fondu et la viande.<br />Répartir la préparation dans des mini-moules à cakes en les remplissant aux 3/4. Enfourner pendant 25 min.<br /><br />Déguster tiède ou froid.<br />","summary":"Mini-cake moelleux et salé, parfumé à la viande des Grisons séchée.","timePreparation":"15mn","timeBaking":"25mn","timeRest":"0mn","picture":"","ingredients":[{"label":"Oeuf(s)","shopGroup":"Crèmerie  hors fromage","qte":"2","unit":"pièce(s)","step":"","order":0},{"label":"Lait 1/2 écrémé","shopGroup":"Crèmerie  hors fromage","qte":"20","unit":"cl","step":"","order":1},{"label":"Farine de blé","shopGroup":"Epicerie","qte":"325","unit":"g","step":"","order":2},{"label":"Beurre doux","shopGroup":"Crèmerie  hors fromage","qte":"125","unit":"g","step":"","order":3},{"label":"Levure chimique","shopGroup":"Epicerie","qte":"10","unit":"g","step":"","order":4},{"label":"Viande des Grisons","shopGroup":"Charcuterie","qte":"90","unit":"g","step":"","order":5},{"label":"Sel fin","shopGroup":"","qte":"3","unit":"pincée(s)","step":"","order":6},{"label":"Moulin à poivre","shopGroup":"","qte":"6","unit":"tour(s)","step":"","order":7}],"chiefTip":"Vous pourrez remplacer la viande des Grisons par du magret de canard fumé ou du saumon fumé.","id":10561}