{"id":10561,"title":"Recette de Petit cake à la viande des Grisons","description":"","summary":"Mini-cake moelleux et salé, parfumé à la viande des Grisons séchée.","timePreparation":"15mn","timeBaking":"25mn","timeRest":"0mn","picture":"http://1.media.atelierdeschefs.com/recette-e10561-petit-cake-a-la-viande-des-grisons.jpg","ingredients":[{"label":"Oeuf(s)","shopGroup":"Crèmerie  hors fromage","qte":"2","unit":"pièce(s)","step":"","order":0},{"label":"Lait 1/2 écrémé","shopGroup":"Crèmerie  hors fromage","qte":"20","unit":"cl","step":"","order":1},{"label":"Farine de blé","shopGroup":"Epicerie","qte":"325","unit":"g","step":"","order":2},{"label":"Beurre doux","shopGroup":"Crèmerie  hors fromage","qte":"125","unit":"g","step":"","order":3},{"label":"Levure chimique","shopGroup":"Epicerie","qte":"10","unit":"g","step":"","order":4},{"label":"Viande des Grisons","shopGroup":"Charcuterie","qte":"90","unit":"g","step":"","order":5},{"label":"Sel fin","shopGroup":"","qte":"3","unit":"pincée(s)","step":"","order":6},{"label":"Moulin à poivre","shopGroup":"","qte":"6","unit":"tour(s)","step":"","order":7}]}