{"title":"Smoothie banane/ananas/mangue","description":"Éplucher les fruits et les couper en petits morceaux, puis les placer dans le blender. Ajouter le lait et le jus d'ananas, puis mixer.<br /><br />Servir très frais.<br />","summary":"Mélange de bananes et de mangues fraîches mixées avec du jus d'ananas et du lait pour une boisson riche en vitamines.","timePreparation":"10mn","timeBaking":"0mn","timeRest":"0mn","picture":"","ingredients":[{"label":"Banane(s)","shopGroup":"Fruits","qte":"2","unit":"pièce(s)","step":"","order":0},{"label":"Mangue(s)","shopGroup":"Fruits","qte":"2","unit":"pièce(s)","step":"","order":1},{"label":"Jus d'ananas","shopGroup":"Boissons sans alcool","qte":"0.5","unit":"l","step":"","order":2},{"label":"Lait 1/2 écrémé","shopGroup":"Crèmerie  hors fromage","qte":"0.5","unit":"l","step":"","order":3}],"chiefTip":"Vous pourrez préparer votre smoothie à l'avance, puis le conserver au réfrigérateur et le servir bien frais.","id":10562}