{"id":10562,"title":"Recette de Smoothie banane/ananas/mangue","description":"","summary":"Mélange de bananes et de mangues fraîches mixées avec du jus d'ananas et du lait pour une boisson riche en vitamines.","timePreparation":"10mn","timeBaking":"0mn","timeRest":"0mn","picture":"http://1.media.atelierdeschefs.com/recette-e10562-smoothie-banane-ananas-mangue.jpg","ingredients":[{"label":"Banane(s)","shopGroup":"Fruits","qte":"2","unit":"pièce(s)","step":"","order":0},{"label":"Mangue(s)","shopGroup":"Fruits","qte":"2","unit":"pièce(s)","step":"","order":1},{"label":"Jus d'ananas","shopGroup":"Boissons sans alcool","qte":"0.5","unit":"l","step":"","order":2},{"label":"Lait 1/2 écrémé","shopGroup":"Crèmerie  hors fromage","qte":"0.5","unit":"l","step":"","order":3}]}