{"title":"Sablé à la crème d'amande, poire pochée au vin rouge épicé","description":"<br /><b>Pour le biscuit :</b><br />Dans un bol, mélanger le sucre, la farine, le beurre ramolli et les jaunes d'oeufs pour obtenir une pâte homogène. Placer ensuite la pâte sablée entre 2 feuilles de papier sulfurisé, puis l'étaler sur 3 mm d'épaisseur. La laisser ensuite durcir au réfrigérateur pendant quelques minutes puis, à l'aide d'un emporte-pièce, découper des ronds de la taille des cercles à tarte individuels.<br />Déposer les sablés avec les cercles à tarte sur une plaque en silicone, puis réserver au frais.<br /><br /><b>Pour la crème :</b><br />Préchauffer le four à 200 °C (th. 7)<br />Dans un bol, malaxer avec une maryse le sucre, l'oeuf, la poudre d'amande et le beurre ramolli pour obtenir une crème d'amande homogène. La verser ensuite dans une poche à pâtisserie, puis la répartir sur les sablés dans les cercles à tarte. Enfourner ensuite les sablés à l'amande à 200 °C pendant 15 à 20 min.<br /><br /><b>Pour les fruits :</b><br />Éplucher les poires et retirer les pédoncules.<br />Dans une casserole, faire bouillir le vin, l'orange coupée en quatre avec le sucre et les épices, puis flamber. Plonger les poires et les pocher jusqu'à ce qu'elles soient fondantes. Une fois cuites, les retirer et faire réduire le vin aux 3/4.<br />Dans un bol, délayer un peu d'eau froide avec la fécule, puis l'ajouter progressivement au vin pour l'épaissir et obtenir la consistance d'un coulis. <br /><br />Poser les cercles de sablé à l'amande dans des assiettes, dresser les poires pochées dessus et décorer de coulis de vin épicé.<br />","summary":"Sur un cercle de pâte sablée, une crème d'amande moelleuse et une poire pochée au vin rouge épicé. Le dessert est accompagné d'un coulis réalisé avec le vin rouge du pochage des poires.","timePreparation":"30mn","timeBaking":"30mn","timeRest":"30mn","picture":"","ingredients":[{"label":"Farine de blé","shopGroup":"Epicerie","qte":"110","unit":"g","step":"Pour le(s) biscuit(s)","order":0},{"label":"Beurre doux","shopGroup":"","qte":"80","unit":"g","step":"Pour le(s) biscuit(s)","order":1},{"label":"Sucre en poudre","shopGroup":"","qte":"70","unit":"g","step":"Pour le(s) biscuit(s)","order":2},{"label":"Jaune(s) d'oeuf(s)","shopGroup":"Crèmerie  hors fromage","qte":"2","unit":"pièce(s)","step":"Pour le(s) biscuit(s)","order":3},{"label":"Poudre d'amande","shopGroup":"Epicerie","qte":"50","unit":"g","step":"Pour la crème","order":4},{"label":"Sucre en poudre","shopGroup":"","qte":"50","unit":"g","step":"Pour la crème","order":5},{"label":"Oeuf(s)","shopGroup":"Crèmerie  hors fromage","qte":"1","unit":"pièce(s)","step":"Pour la crème","order":6},{"label":"Beurre doux","shopGroup":"Crèmerie  hors fromage","qte":"50","unit":"g","step":"Pour la crème","order":7},{"label":"Poire(s)","shopGroup":"Fruits","qte":"6","unit":"pièce(s)","step":"Pour le reste de la recette","order":8},{"label":"Vin rouge","shopGroup":"Boissons alcoolisées","qte":"1","unit":"l","step":"Pour le reste de la recette","order":9},{"label":"Bâton(s) de cannelle","shopGroup":"Epicerie","qte":"1","unit":"pièce(s)","step":"Pour le reste de la recette","order":10},{"label":"Orange(s)","shopGroup":"Fruits","qte":"1","unit":"pièce(s)","step":"Pour le reste de la recette","order":11},{"label":"Mélange 5 épices","shopGroup":"Epicerie","qte":"1","unit":"c.","step":"Pour le reste de la recette","order":12},{"label":"Sucre en poudre","shopGroup":"Epicerie","qte":"50","unit":"g","step":"Pour le reste de la recette","order":13},{"label":"Fécule de maïs","shopGroup":"Epicerie","qte":"10","unit":"g","step":"Pour le reste de la recette","order":14}],"chiefTip":"Il est important de choisir des poires de taille moyenne et pas trop mûres.","id":10160}