{"title":"Sablé à la crème d'amande, poire pochée au vin rouge épicé","description":"","summary":"Sur un cercle de pâte sablée, une crème d'amande moelleuse et une poire pochée au vin rouge épicé. Le dessert est accompagné d'un coulis réalisé avec le vin rouge du pochage des poires.","timePreparation":"30mn","timeBaking":"30mn","timeRest":"30mn","picture":"","ingredients":[{"label":"Farine de blé","shopGroup":"Epicerie","qte":"110","unit":"g","step":"Pour le(s) biscuit(s)","order":0},{"label":"Beurre doux","shopGroup":"","qte":"80","unit":"g","step":"Pour le(s) biscuit(s)","order":1},{"label":"Sucre en poudre","shopGroup":"","qte":"70","unit":"g","step":"Pour le(s) biscuit(s)","order":2},{"label":"Jaune(s) d'oeuf(s)","shopGroup":"Crèmerie  hors fromage","qte":"2","unit":"pièce(s)","step":"Pour le(s) biscuit(s)","order":3},{"label":"Poudre d'amande","shopGroup":"Epicerie","qte":"50","unit":"g","step":"Pour la crème","order":4},{"label":"Sucre en poudre","shopGroup":"","qte":"50","unit":"g","step":"Pour la crème","order":5},{"label":"Oeuf(s)","shopGroup":"Crèmerie  hors fromage","qte":"1","unit":"pièce(s)","step":"Pour la crème","order":6},{"label":"Beurre doux","shopGroup":"Crèmerie  hors fromage","qte":"50","unit":"g","step":"Pour la crème","order":7},{"label":"Poire(s)","shopGroup":"Fruits","qte":"6","unit":"pièce(s)","step":"Pour le reste de la recette","order":8},{"label":"Vin rouge","shopGroup":"Boissons alcoolisées","qte":"1","unit":"l","step":"Pour le reste de la recette","order":9},{"label":"Bâton(s) de cannelle","shopGroup":"Epicerie","qte":"1","unit":"pièce(s)","step":"Pour le reste de la recette","order":10},{"label":"Orange(s)","shopGroup":"Fruits","qte":"1","unit":"pièce(s)","step":"Pour le reste de la recette","order":11},{"label":"Mélange 5 épices","shopGroup":"Epicerie","qte":"1","unit":"c.","step":"Pour le reste de la recette","order":12},{"label":"Sucre en poudre","shopGroup":"Epicerie","qte":"50","unit":"g","step":"Pour le reste de la recette","order":13},{"label":"Fécule de maïs","shopGroup":"Epicerie","qte":"10","unit":"g","step":"Pour le reste de la recette","order":14}],"chiefTip":"Il est important de choisir des poires de taille moyenne et pas trop mûres.","id":10160}