{"title":"Coques de chocolat aux fruits de décembre","description":"","summary":"Dans une coque en chocolat, une poêlée de pommes fruits, raisins et physalis...","timePreparation":"30mn","timeBaking":"5mn","timeRest":"30mn","picture":"","ingredients":[{"label":"Chocolat noir","shopGroup":"Epicerie","qte":"200","unit":"g","step":"","order":0},{"label":"Huile de noisette","shopGroup":"Epicerie","qte":"2","unit":"cl","step":"","order":1},{"label":"Lait 1/2 écrémé","shopGroup":"Crèmerie  hors fromage","qte":"10","unit":"cl","step":"","order":2},{"label":"Pomme(s) Pink Lady","shopGroup":"Fruits","qte":"3","unit":"pièce(s)","step":"Pour le(s) fruit(s)","order":3},{"label":"Sucre en poudre","shopGroup":"Epicerie","qte":"30","unit":"g","step":"Pour le(s) fruit(s)","order":4},{"label":"Raisin noir","shopGroup":"Fruits","qte":"200","unit":"g","step":"Pour le(s) fruit(s)","order":5},{"label":"Physalis","shopGroup":"Fruits","qte":"12","unit":"pièce(s)","step":"Pour le(s) fruit(s)","order":6}],"chiefTip":"Pour pouvoir décoller facilement les coques, il est préférable d'huiler préalablement les feuilles de papier.","id":991}