{"title":"Coques de chocolat aux fruits de décembre","description":"<br /><b>Pour les coques en chocolat et la sauce</b><br />Couper une feuille de papier sulfurisé en carrés de 10 cm de côté, puis donner à ces derniers la forme d'une coque dans une empreinte en silicone ou dans des tasses.<br />Faire fondre le chocolat au bain-marie. A l'aide d'un pinceau ou d'une spatule, répartir une couche de 2 mm d'épaisseur de chocolat sur les feuilles de papier pour réaliser les coques.<br />Les disposer au réfrigérateur jusqu'à leur utilisation.<br /><br />Avec le reste de chocolat fondu, réaliser une sauce chocolat : ajouter 2 cuillères à café d'huile de noisette dans le chocolat fondu, puis détendre avec le lait (à température ambiante) jusqu'à la consistance idéale.<br /><br /><b>Pour les fruits</b><br />Éplucher les pommes, puis les épépiner et les tailler en lamelles. Laver le raisin. Préparer les physalis pour la décoration.<br />Dans une poêle à fond épais, verser le sucre et le laisser caraméliser à feu vif jusqu'à obtenir une couleur homogène. Ajouter alors les pommes et les cuire durant 2 min, puis les laisser refroidir. Mélanger ensuite avec les raisins et réserver au frais.<br /><br /><br /><br /><b>Pour le dressage</b><br />Enlever délicatement le papier des coques, puis les garnir avec les fruits. Décorer avec les physalis et la sauce chocolat.<br />Servir aussitôt.<br />","summary":"Dans une coque en chocolat, une poêlée de pommes fruits, raisins et physalis...","timePreparation":"30mn","timeBaking":"5mn","timeRest":"30mn","picture":"","ingredients":[{"label":"Chocolat noir","shopGroup":"Epicerie","qte":"200","unit":"g","step":"","order":0},{"label":"Huile de noisette","shopGroup":"Epicerie","qte":"2","unit":"cl","step":"","order":1},{"label":"Lait 1/2 écrémé","shopGroup":"Crèmerie  hors fromage","qte":"10","unit":"cl","step":"","order":2},{"label":"Pomme(s) Pink Lady","shopGroup":"Fruits","qte":"3","unit":"pièce(s)","step":"Pour le(s) fruit(s)","order":3},{"label":"Sucre en poudre","shopGroup":"Epicerie","qte":"30","unit":"g","step":"Pour le(s) fruit(s)","order":4},{"label":"Raisin noir","shopGroup":"Fruits","qte":"200","unit":"g","step":"Pour le(s) fruit(s)","order":5},{"label":"Physalis","shopGroup":"Fruits","qte":"12","unit":"pièce(s)","step":"Pour le(s) fruit(s)","order":6}],"chiefTip":"Pour pouvoir décoller facilement les coques, il est préférable d'huiler préalablement les feuilles de papier.","id":991}