{"id":10676,"title":"Recette de Fondant au chocolat et son crumble au Nutella","description":"","summary":"Gâteau au chocolat individuel avec un coeur fondant aux éclats de crumble de Nutella.","timePreparation":"20mn","timeBaking":"25mn","timeRest":"15mn","picture":"http://1.media.atelierdeschefs.com/recette-e10676-fondant-au-chocolat-et-son-crumble-au-nutella.jpg","ingredients":[{"label":"Oeuf(s)","shopGroup":"Crèmerie  hors fromage","qte":"3","unit":"pièce(s)","step":"Pour le gâteau","order":0},{"label":"Sucre en poudre","shopGroup":"","qte":"110","unit":"g","step":"Pour le gâteau","order":1},{"label":"Chocolat noir","shopGroup":"Epicerie","qte":"90","unit":"g","step":"Pour le gâteau","order":2},{"label":"Beurre doux","shopGroup":"","qte":"85","unit":"g","step":"Pour le gâteau","order":3},{"label":"Farine de blé","shopGroup":"","qte":"35","unit":"g","step":"Pour le gâteau","order":4},{"label":"Piment d'Espelette","shopGroup":"Epicerie","qte":"3","unit":"pincée(s)","step":"Pour le gâteau","order":5},{"label":"Poudre d'amande","shopGroup":"Epicerie","qte":"50","unit":"g","step":"Pour le crumble","order":6},{"label":"Farine de blé","shopGroup":"Epicerie","qte":"50","unit":"g","step":"Pour le crumble","order":7},{"label":"Sucre en poudre","shopGroup":"Epicerie","qte":"50","unit":"g","step":"Pour le crumble","order":8},{"label":"Pâte à tartiner chocolatée","shopGroup":"Epicerie","qte":"100","unit":"g","step":"Pour le crumble","order":9},{"label":"Beurre doux","shopGroup":"Crèmerie  hors fromage","qte":"30","unit":"g","step":"Pour le crumble","order":10}]}