{"title":"Fondant au chocolat et son crumble au Nutella","description":"<br /><b>Pour le fondant au chocolat :</b><br />Faire fondre le chocolat au bain-marie avec le beurre. Tamiser la farine. Blanchir les oeufs et le sucre au batteur jusqu'à obtention d'une mousse compacte.<br />A la main, ajouter le chocolat, puis délicatement la farine et le piment d'Espelette.<br /><br />Préchauffer le four à 200 °C.<br />Réaliser dans du papier de cuisson des bandelettes d'une largeur légèrement supérieure à celui des moules. Les rouler à l'intérieur des cercles en inox disposés sur une plaque à pâtisserie ou sur un tapis de cuisson. Verser ensuite l'appareil à fondant aux 3/4 des moules et les enfourner à 200 °C pendant 6 min.<br /><br />Poser un fondant sur l'assiette, ôter le cercle puis le papier.<br />A déguster chaud ou froid.<br /><br /><b>Pour le biscuit crumble :</b><br />Malaxer à la main le sucre, la farine, le beurre, la pâte à tartiner et la poudre d'amande, puis réserver au frais 15 min.<br />Étaler le biscuit sur une plaque et le cuire au four à 200 °C durant 10 à 15 min. <br /><br />Une fois le biscuit refroidi, en parsemer des morceaux sur le fondant au chocolat.<br />","summary":"Gâteau au chocolat individuel avec un coeur fondant aux éclats de crumble de Nutella.","timePreparation":"20mn","timeBaking":"25mn","timeRest":"15mn","picture":"","ingredients":[{"label":"Oeuf(s)","shopGroup":"Crèmerie  hors fromage","qte":"3","unit":"pièce(s)","step":"Pour le gâteau","order":0},{"label":"Sucre en poudre","shopGroup":"","qte":"110","unit":"g","step":"Pour le gâteau","order":1},{"label":"Chocolat noir","shopGroup":"Epicerie","qte":"90","unit":"g","step":"Pour le gâteau","order":2},{"label":"Beurre doux","shopGroup":"","qte":"85","unit":"g","step":"Pour le gâteau","order":3},{"label":"Farine de blé","shopGroup":"","qte":"35","unit":"g","step":"Pour le gâteau","order":4},{"label":"Piment d'Espelette","shopGroup":"Epicerie","qte":"3","unit":"pincée(s)","step":"Pour le gâteau","order":5},{"label":"Poudre d'amande","shopGroup":"Epicerie","qte":"50","unit":"g","step":"Pour le crumble","order":6},{"label":"Farine de blé","shopGroup":"Epicerie","qte":"50","unit":"g","step":"Pour le crumble","order":7},{"label":"Sucre en poudre","shopGroup":"Epicerie","qte":"50","unit":"g","step":"Pour le crumble","order":8},{"label":"Pâte à tartiner chocolatée","shopGroup":"Epicerie","qte":"100","unit":"g","step":"Pour le crumble","order":9},{"label":"Beurre doux","shopGroup":"Crèmerie  hors fromage","qte":"30","unit":"g","step":"Pour le crumble","order":10}],"chiefTip":"Selon vos goûts, cuisez les fondants entre 4 min 30 et 8 min : ils seront alors plus ou moins coulants.","id":10676}