{"id":10046,"title":"Recette de Soufflé de carottes aux épices et lait de coco","description":"","summary":"Un soufflé préparé avec une purée de carottes au curry et au lait de coco, une recette très aérienne...","timePreparation":"30mn","timeBaking":"0mn","timeRest":"0mn","picture":"http://1.media.atelierdeschefs.com/recette-e10046-souffle-de-carottes-aux-epices-et-lait-de-coco.jpg","ingredients":[{"label":"Carotte(s)","shopGroup":"Légumes","qte":"600","unit":"g","step":"","order":0},{"label":"Curry","shopGroup":"Epicerie","qte":"3","unit":"g","step":"","order":1},{"label":"Lait de coco non sucré","shopGroup":"Epicerie","qte":"20","unit":"cl","step":"","order":2},{"label":"Fécule de maïs","shopGroup":"Epicerie","qte":"25","unit":"g","step":"","order":3},{"label":"Oeuf(s)","shopGroup":"Crèmerie  hors fromage","qte":"4","unit":"pièce(s)","step":"","order":4},{"label":"Sel fin","shopGroup":"","qte":"6","unit":"pincée(s)","step":"","order":5},{"label":"Moulin à poivre","shopGroup":"","qte":"6","unit":"tour(s)","step":"","order":6},{"label":"Sucre en poudre","shopGroup":"Epicerie","qte":"3","unit":"g","step":"","order":7},{"label":"Huile d'olive","shopGroup":"Epicerie","qte":"5","unit":"cl","step":"","order":8},{"label":"Beurre doux","shopGroup":"Crèmerie  hors fromage","qte":"20","unit":"g","step":"Pour le(s) moule(s)","order":9},{"label":"Farine de blé","shopGroup":"Epicerie","qte":"20","unit":"g","step":"Pour le(s) moule(s)","order":10}]}