{"id":10435,"title":"Recette de Cocktail mangue et orange sanguine","description":"","summary":"Composé de mangues, d'oranges sanguines fraîches et de sirop de grenadine, ce cocktail va glacer vos soirées d'Halloween !","timePreparation":"10mn","timeBaking":"0mn","timeRest":"0mn","picture":"http://1.media.atelierdeschefs.com/recette-e10435-cocktail-mangue-et-orange-sanguine.jpg","ingredients":[{"label":"Jus de mangue","shopGroup":"Boissons sans alcool","qte":"1","unit":"l","step":"","order":0},{"label":"Orange(s)","shopGroup":"Fruits","qte":"3","unit":"pièce(s)","step":"","order":1},{"label":"Orange(s) sanguine(s)","shopGroup":"Fruits","qte":"3","unit":"pièce(s)","step":"","order":2},{"label":"Sirop de grenadine","shopGroup":"Boissons sans alcool","qte":"5","unit":"cl","step":"","order":3}]}