{"title":"Cocktail mangue et orange sanguine","description":"Presser les oranges.<br /><br />Dans un blender, mixer les jus de fruits ensemble. Verser aussitôt dans de grands verres et décorer d'un trait de sirop de grenadine.<br />","summary":"Composé de mangues, d'oranges sanguines fraîches et de sirop de grenadine, ce cocktail va glacer vos soirées d'Halloween !","timePreparation":"10mn","timeBaking":"0mn","timeRest":"0mn","picture":"","ingredients":[{"label":"Jus de mangue","shopGroup":"Boissons sans alcool","qte":"1","unit":"l","step":"","order":0},{"label":"Orange(s)","shopGroup":"Fruits","qte":"3","unit":"pièce(s)","step":"","order":1},{"label":"Orange(s) sanguine(s)","shopGroup":"Fruits","qte":"3","unit":"pièce(s)","step":"","order":2},{"label":"Sirop de grenadine","shopGroup":"Boissons sans alcool","qte":"5","unit":"cl","step":"","order":3}],"chiefTip":"Pour une couleur plus vive et spéciale \"Halloween\", vous pouvez accentuer la couleur rouge avec un peu de colorant.","id":10435}