{"id":961,"title":"Recette de Mijotée de boeuf aux légumes","description":"","summary":"Mijotée d'émincé de boeuf, avec des pommes de terre et des vermicelles japonais.","timePreparation":"15mn","timeBaking":"25mn","timeRest":"0mn","picture":"http://1.media.atelierdeschefs.com/recette-e961-mijotee-de-boeuf-aux-legumes.jpg","ingredients":[{"label":"Pavé(s) de rumsteck de 200 g","shopGroup":"Boucherie","qte":"4","unit":"pièce(s)","step":"","order":0},{"label":"Nouille(s) japonaise","shopGroup":"Epicerie","qte":"200","unit":"g","step":"","order":1},{"label":"Pomme(s) de terre à chair fondante","shopGroup":"Légumes","qte":"500","unit":"g","step":"","order":2},{"label":"Oignon(s)","shopGroup":"Légumes","qte":"1","unit":"pièce(s)","step":"","order":3},{"label":"Carotte(s)","shopGroup":"Légumes","qte":"1","unit":"pièce(s)","step":"","order":4},{"label":"Pois gourmand(s)","shopGroup":"Légumes","qte":"50","unit":"g","step":"","order":5},{"label":"Sauce Soja","shopGroup":"Epicerie","qte":"12","unit":"cl","step":"","order":6},{"label":"Saké","shopGroup":"Boissons alcoolisées","qte":"5","unit":"cl","step":"","order":7},{"label":"Sucre en poudre","shopGroup":"Epicerie","qte":"10","unit":"g","step":"","order":8},{"label":"Huile d'arachide","shopGroup":"Epicerie","qte":"5","unit":"cl","step":"","order":9}]}