{"title":"Mijotée de boeuf aux légumes","description":"Tailler la viande en très fines lamelles (comme pour faire un carpaccio). Éplucher les pommes de terre et la carotte, puis les tailler en cubes de 2 à 3 cm d'épaisseur. Peler l'oignon et le tailler en quartiers.<br /><br />Verser de l'eau dans une casserole et la porter à ébullition. Détailler des morceaux de nouilles japonaises d'une longueur de 10 cm, puis les blanchir pendant 2 à 3 min dans l'eau bouillante. Réserver.<br /><br />Dans une marmite, mettre 1 cuillère à soupe d'huile d'arachide puis faire dorer les légumes (pommes de terre, carotte, oignon). Ajouter de l'eau à hauteur, ainsi que le saké, le sucre et la sauce soja, puis porter à ébullition et écumer.<br />Ajouter la viande et les nouilles, laisser mijoter à feu doux en couvrant jusqu'à ce que le mélange réduise et que les légumes soit tendres (environ 20 à 25 min). Environ 3 à 4 min avant la fin de la cuisson, ajouter les pois gourmands taillés en 2.<br />","summary":"Mijotée d'émincé de boeuf, avec des pommes de terre et des vermicelles japonais.","timePreparation":"15mn","timeBaking":"25mn","timeRest":"0mn","picture":"","ingredients":[{"label":"Pavé(s) de rumsteck de 200 g","shopGroup":"Boucherie","qte":"4","unit":"pièce(s)","step":"","order":0},{"label":"Nouille(s) japonaise","shopGroup":"Epicerie","qte":"200","unit":"g","step":"","order":1},{"label":"Pomme(s) de terre à chair fondante","shopGroup":"Légumes","qte":"500","unit":"g","step":"","order":2},{"label":"Oignon(s)","shopGroup":"Légumes","qte":"1","unit":"pièce(s)","step":"","order":3},{"label":"Carotte(s)","shopGroup":"Légumes","qte":"1","unit":"pièce(s)","step":"","order":4},{"label":"Pois gourmand(s)","shopGroup":"Légumes","qte":"50","unit":"g","step":"","order":5},{"label":"Sauce Soja","shopGroup":"Epicerie","qte":"12","unit":"cl","step":"","order":6},{"label":"Saké","shopGroup":"Boissons alcoolisées","qte":"5","unit":"cl","step":"","order":7},{"label":"Sucre en poudre","shopGroup":"Epicerie","qte":"10","unit":"g","step":"","order":8},{"label":"Huile d'arachide","shopGroup":"Epicerie","qte":"5","unit":"cl","step":"","order":9}],"chiefTip":"Vous pouvez remplacer les Shirataki (vermicelles japonais) par des vermicelles de soja.","id":961}