{"title":"Rosette de filet mignon de porc à l'estragon et moutarde à l'ancienne, cocotte de légumes de saison","description":"Laver tous les légumes. Éplucher les champignons, les carottes et les échalotes. Couper les pommes de terre en 4. Émincer les carottes en biseaux. Couper les champignons en quartiers. Émincer les échalotes.<br />Disposer les pommes de terre dans une casserole d'eau froide salée et les blanchir. Dès ébullition, les sortir et les égoutter.<br />Dans une cocotte, faire suer les échalotes au beurre avec une pincée de sel. Ajouter les carottes et les champignons, puis cuire à feu doux et à couvert pendant 15 min. Ajouter les pomme de terre et les cuire durant 5 min, puis rectifier l'assaisonnement.<br /><br />Laver les herbes et les sécher, puis les effeuiller et les mélanger dans un bol.<br />Saler et poivrer les filets mignons de porc, puis les badigeonner de moutarde à l'ancienne. Étaler la crépine sur une planche, la parsemer de feuilles d'herbes puis poser les filets mignons de porc dessus. Couper la crépine et rouler le porc de manière individuelle, en veillant à ce que les filets soient recouverts d'herbes et enveloppés de crépine.<br /><br />Préchauffer le four à 200°C (th. 6).<br />Dans une poêle chaude avec un filet d'huile d'olive, colorer les rosettes sur toutes les faces pendant 1 min, puis finir la cuisson au four à 180 °C pendant 10 à 15 min. Dès la sortie du four, laisser les rosettes reposer sous une feuille d'aluminium, puis les parer et les trancher en 2 ou en 3.<br /><br />Décorer les assiettes de vinaigre balsamique réduit, puis déposer les légumes et terminer par la rosette tranchée.<br />","summary":"Des morceaux de filet mignon de porc enveloppés dans une crépine de porc avec des herbes fraîches et de la moutarde à l'ancienne. Le porc est accompagné d'une cocotte de légumes à base de carottes, pommes de terre, échalotes et champignons.","timePreparation":"30mn","timeBaking":"30mn","timeRest":"0mn","picture":"","ingredients":[{"label":"Filet(s) mignon de porc","shopGroup":"Boucherie","qte":"900","unit":"g","step":"","order":0},{"label":"Crépine(s) de porc","shopGroup":"Boucherie","qte":"300","unit":"g","step":"","order":1},{"label":"Persil plat","shopGroup":"Herbes aromatiques","qte":"0.25","unit":"botte(s)","step":"","order":2},{"label":"Estragon","shopGroup":"Herbes aromatiques","qte":"0.25","unit":"botte(s)","step":"","order":3},{"label":"Cerfeuil","shopGroup":"Herbes aromatiques","qte":"0.25","unit":"botte(s)","step":"","order":4},{"label":"Moutarde à l'ancienne","shopGroup":"Epicerie","qte":"30","unit":"g","step":"","order":5},{"label":"Sel fin","shopGroup":"","qte":"3","unit":"pincée(s)","step":"","order":6},{"label":"Moulin à poivre","shopGroup":"","qte":"3","unit":"tour(s)","step":"","order":7},{"label":"Huile d'olive","shopGroup":"Epicerie","qte":"5","unit":"cl","step":"","order":8},{"label":"Carotte(s)","shopGroup":"Légumes","qte":"300","unit":"g","step":"Pour la garniture","order":9},{"label":"Pomme(s) de terre grenaille","shopGroup":"Légumes","qte":"300","unit":"g","step":"Pour la garniture","order":10},{"label":"Champignon(s) de Paris","shopGroup":"Légumes","qte":"250","unit":"g","step":"Pour la garniture","order":11},{"label":"Echalote(s)","shopGroup":"Légumes","qte":"2","unit":"pièce(s)","step":"Pour la garniture","order":12},{"label":"Beurre doux","shopGroup":"Crèmerie  hors fromage","qte":"40","unit":"g","step":"Pour la garniture","order":13},{"label":"Réduction de vinaigre Balsamique","shopGroup":"Epicerie","qte":"5","unit":"cl","step":"Pour la garniture","order":14},{"label":"Gros sel","shopGroup":"","qte":"10","unit":"g","step":"Pour la garniture","order":15}],"chiefTip":"Faites tremper la crépine dans de l'eau froide pendant au moins 1 h afin qu'elle soit bien blanche.","id":10205}