{"title":"Tiramisu de marrons glacés au whisky, éclats de nougatine amande","description":"<br /><b>Pour le sirop </b><br />Dans une casserole, faire chauffer le sucre jusqu'à coloration caramel. Mélanger délicatement, puis ajouter petit à petit le whisky, et l'eau ensuite. Laisser refroidir à température ambiante.<br /><br /><b>Pour la crème </b><br />Au batteur électrique, monter petit à petit la crème liquide bien froide en chantilly, et ajouter la crème de marron à la fin. Réserver ensuite au frais.<br /><br /><b>Pour la nougatine </b><br />Verser le sucre dans une poêle et le laisser colorer à l'état de caramel, puis incorporer les amandes effilées.<br />A l'aide d'un rouleau à pâtisserie, étaler ensuite la nougatine entre 2 feuilles de papier sulfurisé et laisser refroidir.<br /><br /><b>Pour le montage </b><br />Tremper les biscuits à la cuillère dans le sirop au caramel de whisky, puis les disposer au fond d'un verre. Ajouter par-dessus un peu de crème et des éclats de marrons glacés. Renouveler l'opération avec des biscuits imbibés dans le sirop, de la crème et des éclats de marrons glacés.<br />Terminer au dernier moment avec des morceaux de nougatine.<br />","summary":"Servis dans un verre à cocktail, des biscuits imbibés d'un sirop caramélisé au whisky et surmontés d'une crème fouettée à la crème de marron, le tout garni d'éclats de marrons glacés et recouvert de nougatine aux amandes.","timePreparation":"30mn","timeBaking":"5mn","timeRest":"1h","picture":"","ingredients":[{"label":"Sucre en poudre","shopGroup":"","qte":"50","unit":"g","step":"Pour le sirop","order":0},{"label":"Whisky","shopGroup":"Boissons alcoolisées","qte":"10","unit":"cl","step":"Pour le sirop","order":1},{"label":"Eau","shopGroup":"","qte":"20","unit":"cl","step":"Pour le sirop","order":2},{"label":"Crème liquide entière","shopGroup":"Crèmerie  hors fromage","qte":"20","unit":"cl","step":"Pour la crème","order":3},{"label":"Crème de marron sucrée","shopGroup":"Epicerie","qte":"50","unit":"g","step":"Pour la crème","order":4},{"label":"Sucre en poudre","shopGroup":"Epicerie","qte":"100","unit":"g","step":"Pour le reste de la recette","order":5},{"label":"Amande(s) effilée(s)","shopGroup":"Epicerie","qte":"30","unit":"g","step":"Pour le reste de la recette","order":6},{"label":"Biscuit(s) à la cuillère","shopGroup":"Epicerie","qte":"18","unit":"pièce(s)","step":"Pour le reste de la recette","order":7},{"label":"Marron(s) glacé(s)","shopGroup":"Epicerie","qte":"50","unit":"g","step":"Pour le reste de la recette","order":8}],"chiefTip":"Attention : pour une belle crème chantilly, il faut utiliser une crème contenant au minimum 30 % de matière grasse.","id":10494}