{"id":10494,"title":"Recette de Tiramisu de marrons glacés au whisky, éclats de nougatine amande","description":"","summary":"Servis dans un verre à cocktail, des biscuits imbibés d'un sirop caramélisé au whisky et surmontés d'une crème fouettée à la crème de marron, le tout garni d'éclats de marrons glacés et recouvert de nougatine aux amandes.","timePreparation":"30mn","timeBaking":"5mn","timeRest":"1h","picture":"http://1.media.atelierdeschefs.com/recette-e10494-tiramisu-de-marrons-glaces-au-whisky-eclats-de-nougatine-amande.jpg","ingredients":[{"label":"Sucre en poudre","shopGroup":"","qte":"50","unit":"g","step":"Pour le sirop","order":0},{"label":"Whisky","shopGroup":"Boissons alcoolisées","qte":"10","unit":"cl","step":"Pour le sirop","order":1},{"label":"Eau","shopGroup":"","qte":"20","unit":"cl","step":"Pour le sirop","order":2},{"label":"Crème liquide entière","shopGroup":"Crèmerie  hors fromage","qte":"20","unit":"cl","step":"Pour la crème","order":3},{"label":"Crème de marron sucrée","shopGroup":"Epicerie","qte":"50","unit":"g","step":"Pour la crème","order":4},{"label":"Sucre en poudre","shopGroup":"Epicerie","qte":"100","unit":"g","step":"Pour le reste de la recette","order":5},{"label":"Amande(s) effilée(s)","shopGroup":"Epicerie","qte":"30","unit":"g","step":"Pour le reste de la recette","order":6},{"label":"Biscuit(s) à la cuillère","shopGroup":"Epicerie","qte":"18","unit":"pièce(s)","step":"Pour le reste de la recette","order":7},{"label":"Marron(s) glacé(s)","shopGroup":"Epicerie","qte":"50","unit":"g","step":"Pour le reste de la recette","order":8}]}