{"title":"Aiguillettes de poulet au pain d'épice, cocotte de légumes aux pignons de pin","description":"Préchauffer le four à 180 °C.<br /><br />Poser les tranches de pain d'épice sur une plaque et les enfourner pendant 10 min. Les laisser ensuite sécher puis les réduire en poudre à l'aide d'un mixeur.<br /><br />Presser le jus des citrons. Couper des tranches de poulet assez larges dans la longueur pour obtenir des aiguillettes.<br />Dans une poêle chaude avec un filet d'huile d'olive, colorer les aiguillettes de poulet, puis les retirer, les saler et les poivrer. Les badigeonner ensuite de miel, puis les rouler dans le pain d'épice. Finir la cuisson au four pendant 3 min.<br /><br />Déglacer la même poêle avec le jus des agrumes et la cannelle, puis faire réduire de moitié et ajouter le reste de miel.<br /><br /><b>Pour la garniture </b><br />Éplucher les poivrons et les couper en fines lamelles. Éplucher les carottes et les couper en sifflets. Tailler des petites sommités de brocoli. Éplucher les champignons de Paris et les couper en quartiers.<br />Dans une cocotte avec un filet d'huile d'olive, faire revenir les carottes puis ajouter un verre d'eau et cuire 2 min à couvert. Ajouter les poivrons et les brocolis, laisser cuire 5 min. Poursuivre la cuisson pendant 3 min avec les champignons. Mettre une pincée de sel à chaque ajout de légume. Finir la cuisson avec les pignons de pin et les raisins secs.<br /><br /><b>Pour le dressage </b><br />Servir les légumes dans une mini-cocotte ou dans une verrine, disposer les aiguillettes dans l'assiette avec la réduction de jus d'agrume au miel.<br />","summary":"Fines tranches de poulet roulées dans du miel et du pain d'épice, servies avec une petite sauce à base d'agrumes. Petits légumes poêlés aux raisins et pignons de pin.","timePreparation":"20mn","timeBaking":"20mn","timeRest":"0mn","picture":"","ingredients":[{"label":"Filet(s) de poulet (150 g)","shopGroup":"Volaille(s)","qte":"6","unit":"pièce(s)","step":"","order":0},{"label":"Tranche(s) de pain d'épice","shopGroup":"Epicerie","qte":"9","unit":"pièce(s)","step":"","order":1},{"label":"Miel","shopGroup":"Epicerie","qte":"50","unit":"g","step":"","order":2},{"label":"Jus d'orange","shopGroup":"Boissons sans alcool","qte":"15","unit":"cl","step":"","order":3},{"label":"Citron(s) jaune(s)","shopGroup":"Fruits","qte":"2","unit":"pièce(s)","step":"","order":4},{"label":"Cannelle en poudre","shopGroup":"Epicerie","qte":"2","unit":"g","step":"","order":5},{"label":"Carotte(s)","shopGroup":"Légumes","qte":"2","unit":"pièce(s)","step":"Pour la garniture","order":6},{"label":"Brocoli(s)","shopGroup":"Légumes","qte":"1","unit":"pièce(s)","step":"Pour la garniture","order":7},{"label":"Poivron(s) jaune(s)","shopGroup":"Légumes","qte":"1","unit":"pièce(s)","step":"Pour la garniture","order":8},{"label":"Poivron(s) rouge(s)","shopGroup":"Légumes","qte":"1","unit":"pièce(s)","step":"Pour la garniture","order":9},{"label":"Champignon(s) de Paris","shopGroup":"Légumes","qte":"125","unit":"g","step":"Pour la garniture","order":10},{"label":"Pignon(s) de pin","shopGroup":"Epicerie","qte":"20","unit":"g","step":"Pour la garniture","order":11},{"label":"Raisin(s) sec(s) blond(s)","shopGroup":"Epicerie","qte":"20","unit":"g","step":"Pour la garniture","order":12},{"label":"Huile d'olive","shopGroup":"Epicerie","qte":"3","unit":"cl","step":"Pour la garniture","order":13},{"label":"Sel fin","shopGroup":"","qte":"3","unit":"pincée(s)","step":"Pour la garniture","order":14},{"label":"Moulin à poivre","shopGroup":"","qte":"3","unit":"tour(s)","step":"Pour la garniture","order":15}],"chiefTip":"Vous pouvez cuire vos aiguillettes et les badigeonner uniquement dans la poêle, puis les rouler dans le pain d'épice. Il vous restera à déglacer la poêle avec votre jus d'agrume.","id":10195}