{"id":10195,"title":"Recette de Aiguillettes de poulet au pain d'épice, cocotte de légumes aux pignons de pin","description":"","summary":"Fines tranches de poulet roulées dans du miel et du pain d'épice, servies avec une petite sauce à base d'agrumes. Petits légumes poêlés aux raisins et pignons de pin.","timePreparation":"20mn","timeBaking":"20mn","timeRest":"0mn","picture":"http://1.media.atelierdeschefs.com/recette-e10195-aiguillettes-de-poulet-au-pain-d-epice-cocotte-de-legumes-aux-pignons-de-pin.jpg","ingredients":[{"label":"Filet(s) de poulet (150 g)","shopGroup":"Volaille(s)","qte":"6","unit":"pièce(s)","step":"","order":0},{"label":"Tranche(s) de pain d'épice","shopGroup":"Epicerie","qte":"9","unit":"pièce(s)","step":"","order":1},{"label":"Miel","shopGroup":"Epicerie","qte":"50","unit":"g","step":"","order":2},{"label":"Jus d'orange","shopGroup":"Boissons sans alcool","qte":"15","unit":"cl","step":"","order":3},{"label":"Citron(s) jaune(s)","shopGroup":"Fruits","qte":"2","unit":"pièce(s)","step":"","order":4},{"label":"Cannelle en poudre","shopGroup":"Epicerie","qte":"2","unit":"g","step":"","order":5},{"label":"Carotte(s)","shopGroup":"Légumes","qte":"2","unit":"pièce(s)","step":"Pour la garniture","order":6},{"label":"Brocoli(s)","shopGroup":"Légumes","qte":"1","unit":"pièce(s)","step":"Pour la garniture","order":7},{"label":"Poivron(s) jaune(s)","shopGroup":"Légumes","qte":"1","unit":"pièce(s)","step":"Pour la garniture","order":8},{"label":"Poivron(s) rouge(s)","shopGroup":"Légumes","qte":"1","unit":"pièce(s)","step":"Pour la garniture","order":9},{"label":"Champignon(s) de Paris","shopGroup":"Légumes","qte":"125","unit":"g","step":"Pour la garniture","order":10},{"label":"Pignon(s) de pin","shopGroup":"Epicerie","qte":"20","unit":"g","step":"Pour la garniture","order":11},{"label":"Raisin(s) sec(s) blond(s)","shopGroup":"Epicerie","qte":"20","unit":"g","step":"Pour la garniture","order":12},{"label":"Huile d'olive","shopGroup":"Epicerie","qte":"3","unit":"cl","step":"Pour la garniture","order":13},{"label":"Sel fin","shopGroup":"","qte":"3","unit":"pincée(s)","step":"Pour la garniture","order":14},{"label":"Moulin à poivre","shopGroup":"","qte":"3","unit":"tour(s)","step":"Pour la garniture","order":15}]}