{"title":"Crème renversée caramel à l'orange","description":"","summary":"La recette classique de la crème renversée mais ici avec un caramel parfumé à l'orange.","timePreparation":"20mn","timeBaking":"1h","timeRest":"2h","picture":"","ingredients":[{"label":"Lait 1/2 écrémé","shopGroup":"Crèmerie  hors fromage","qte":"1","unit":"l","step":"","order":0},{"label":"Oeuf(s)","shopGroup":"Crèmerie  hors fromage","qte":"4","unit":"pièce(s)","step":"","order":1},{"label":"Jaune(s) d'oeuf(s)","shopGroup":"Crèmerie  hors fromage","qte":"2","unit":"pièce(s)","step":"","order":2},{"label":"Sucre en poudre","shopGroup":"","qte":"150","unit":"g","step":"","order":3},{"label":"Gousse(s) de vanille","shopGroup":"Epicerie","qte":"1","unit":"pièce(s)","step":"","order":4},{"label":"Sucre en poudre","shopGroup":"Epicerie","qte":"150","unit":"g","step":"Pour l'étape 2","order":5},{"label":"Orange(s)","shopGroup":"Fruits","qte":"1","unit":"pièce(s)","step":"Pour l'étape 2","order":6}],"chiefTip":"Vous pouvez parfumer ces crèmes avec une épice ou quelques gouttes de Grand Marnier.","id":10116}