{"title":"Crème renversée caramel à l'orange","description":"<br /><b>Pour le caramel à l'orange</b><br />Zester l'orange et presser le jus.<br />Disposer le sucre dans une casserole et le faire chauffer à feu moyen sans le remuer afin d'éviter sa cristallisation. Lorsqu'il commence à caraméliser, incorporer petit à petit le sucre au caramel. Une fois le caramel obtenu, verser le jus d'orange progressivement en mélangeant de façon continue (attention aux projections).<br /><br />Mettre 1 cuillère à soupe de caramel au fond de ramequin en terre ou en verre.<br /><br /><b>Pour la crème</b><br />Préchauffer le four à 150 °C (th. 5).<br /><br />Mettre le lait dans une casserole.<br />Fendre la gousse de vanille en 2 et récupérer les graines à l'aide de la pointe d'un couteau, puis les ajouter au lait avec les zestes d'orange. Porter à ébullition, puis couper le feu et laisser infuser quelques instants.<br /><br />Dans un récipient, casser les oeufs avec les jaunes, ajouter le sucre et mélanger à l'aide d'un fouet. Verser le lait chaud tout en mélangeant et répartir ensuite dans les récipients. Mettre les crèmes dans un plat allant au four et verser de l'eau au fond (bain-marie). Enfourner pour 1 h, jusqu'à ce que les crèmes soient prises.<br /><br />Retirer les crèmes du bain-marie et les laisser refroidir, puis les réserver au frais jusqu'au moment de servir.<br />Donner alors un coup de couteau contre le bord du ramequin et renverser la crème sur une assiette.<br />","summary":"La recette classique de la crème renversée mais ici avec un caramel parfumé à l'orange.","timePreparation":"20mn","timeBaking":"1h","timeRest":"2h","picture":"","ingredients":[{"label":"Lait 1/2 écrémé","shopGroup":"Crèmerie  hors fromage","qte":"1","unit":"l","step":"","order":0},{"label":"Oeuf(s)","shopGroup":"Crèmerie  hors fromage","qte":"4","unit":"pièce(s)","step":"","order":1},{"label":"Jaune(s) d'oeuf(s)","shopGroup":"Crèmerie  hors fromage","qte":"2","unit":"pièce(s)","step":"","order":2},{"label":"Sucre en poudre","shopGroup":"","qte":"150","unit":"g","step":"","order":3},{"label":"Gousse(s) de vanille","shopGroup":"Epicerie","qte":"1","unit":"pièce(s)","step":"","order":4},{"label":"Sucre en poudre","shopGroup":"Epicerie","qte":"150","unit":"g","step":"Pour l'étape 2","order":5},{"label":"Orange(s)","shopGroup":"Fruits","qte":"1","unit":"pièce(s)","step":"Pour l'étape 2","order":6}],"chiefTip":"Vous pouvez parfumer ces crèmes avec une épice ou quelques gouttes de Grand Marnier.","id":10116}