{"id":10758,"title":"Recette de Roulé de dinde en croûte de noisettes et dattes, topinambours au parmesan","description":"","summary":"Filet de dinde roulé et rôti, laqué de miel, de noisettes et de dattes grossièrement hachées, accompagné d'une écrasée de topinambours au jambon cru et au parmesan.","timePreparation":"45mn","timeBaking":"0mn","timeRest":"0mn","picture":"http://1.media.atelierdeschefs.com/recette-e10758-roule-de-dinde-en-croute-de-noisettes-et-dattes-topinambours-au-parmesan.jpg","ingredients":[{"label":"Filet(s) de dinde","shopGroup":"Volaille(s)","qte":"720","unit":"g","step":"","order":0},{"label":"Noisette(s) entière(s)","shopGroup":"Epicerie","qte":"150","unit":"g","step":"","order":1},{"label":"Datte(s) sèche(s)","shopGroup":"Epicerie","qte":"100","unit":"g","step":"","order":2},{"label":"Miel","shopGroup":"Epicerie","qte":"100","unit":"g","step":"","order":3},{"label":"Mélange 4 épices","shopGroup":"Epicerie","qte":"3","unit":"g","step":"","order":4},{"label":"Topinambour(s)","shopGroup":"Légumes","qte":"1","unit":"kg","step":"Pour la garniture","order":5},{"label":"Tranche(s) de Jambon cru(s)","shopGroup":"Charcuterie","qte":"3","unit":"pièce(s)","step":"Pour la garniture","order":6},{"label":"Copeau(x) de Parmigiano Reggiano","shopGroup":"Fromage(s)","qte":"30","unit":"g","step":"Pour la garniture","order":7},{"label":"Echalote(s)","shopGroup":"Légumes","qte":"1","unit":"pièce(s)","step":"Pour la garniture","order":8},{"label":"Sel fin","shopGroup":"","qte":"4","unit":"pincée(s)","step":"Pour la garniture","order":9},{"label":"Moulin à poivre","shopGroup":"","qte":"4","unit":"tour(s)","step":"Pour la garniture","order":10},{"label":"Huile d'olive","shopGroup":"Epicerie","qte":"5","unit":"cl","step":"Pour la garniture","order":11},{"label":"Aromate(s) ail, thym, laurier","shopGroup":"Herbes aromatiques","qte":"1","unit":"pièce(s)","step":"Pour la garniture","order":12},{"label":"Beurre doux","shopGroup":"Crèmerie  hors fromage","qte":"20","unit":"g","step":"Pour la garniture","order":13}]}