{"id":10472,"title":"Recette de Emincé de canard aux poivres, étuvée de chou vert au lard paysan","description":"","summary":"Tranches épaisses de magret de canard poêlées, relevées de poivre long, de poivre cubebe et de poivre de Sichuan concassés dans un mortier. Le tout est accompagné d'un émincé de chou garni de lardons frais, d'échalotes et de carottes.","timePreparation":"20mn","timeBaking":"15mn","timeRest":"0mn","picture":"http://1.media.atelierdeschefs.com/recette-e10472-emince-de-canard-aux-poivres-etuvee-de-chou-vert-au-lard-paysan.jpg","ingredients":[{"label":"Magret(s) de canard","shopGroup":"Volaille(s)","qte":"3","unit":"pièce(s)","step":"","order":0},{"label":"Poivre de  Cubebe","shopGroup":"Epicerie","qte":"5","unit":"g","step":"","order":1},{"label":"Poivre long","shopGroup":"Epicerie","qte":"5","unit":"g","step":"","order":2},{"label":"Poivre de Sichuan","shopGroup":"Epicerie","qte":"5","unit":"g","step":"","order":3},{"label":"Chou(x) vert(s)","shopGroup":"Légumes","qte":"1","unit":"pièce(s)","step":"","order":4},{"label":"Lard","shopGroup":"Charcuterie","qte":"150","unit":"g","step":"","order":5},{"label":"Echalote(s)","shopGroup":"Légumes","qte":"2","unit":"pièce(s)","step":"","order":6},{"label":"Carotte(s)","shopGroup":"Légumes","qte":"2","unit":"pièce(s)","step":"","order":7},{"label":"Beurre doux","shopGroup":"Crèmerie  hors fromage","qte":"50","unit":"g","step":"","order":8},{"label":"Huile d'olive","shopGroup":"Epicerie","qte":"5","unit":"cl","step":"","order":9},{"label":"Sel fin","shopGroup":"","qte":"3","unit":"pincée(s)","step":"","order":10},{"label":"Moulin à poivre","shopGroup":"","qte":"3","unit":"tour(s)","step":"","order":11}]}