{"title":"Emincé de canard aux poivres, étuvée de chou vert au lard paysan","description":"Éplucher puis ciseler finement les échalotes. Éplucher les carottes puis les couper en mirepoix. Tailler le lard en gros lardons. Laver puis émincer finement le chou vert.<br />Tailler le magret de canard en tranches épaisses de 2 cm.<br />Dans un mortier, réunir les différentes variétés de poivres et les concasser.<br /><br />Dans un wok, griller les lardons, jeter la graisse et ajouter un filet d'huile d'olive, ajouter les carottes et les échalotes, puis le chou vert émincé. Assaisonner de sel et de poivre puis cuire à couvert pendant 5 à 10 min. Ajouter un peu d'eau si nécessaire et incorporer le beurre en fin de cuisson.<br /><br />Dans une poêle chaude, colorer sans matière grasse les tranches de magret préalablement salées. Cuire 2 min de chaque côté et servir aussitôt. <br /><br />Au centre d'une assiette, disposer l'émincé de chou vert, déposer par-dessus les tranches de magret de canard, puis assaisonner avec le mélange de poivres concassés et déguster.<br />","summary":"Tranches épaisses de magret de canard poêlées, relevées de poivre long, de poivre cubebe et de poivre de Sichuan concassés dans un mortier. Le tout est accompagné d'un émincé de chou garni de lardons frais, d'échalotes et de carottes.","timePreparation":"20mn","timeBaking":"15mn","timeRest":"0mn","picture":"","ingredients":[{"label":"Magret(s) de canard","shopGroup":"Volaille(s)","qte":"3","unit":"pièce(s)","step":"","order":0},{"label":"Poivre de  Cubebe","shopGroup":"Epicerie","qte":"5","unit":"g","step":"","order":1},{"label":"Poivre long","shopGroup":"Epicerie","qte":"5","unit":"g","step":"","order":2},{"label":"Poivre de Sichuan","shopGroup":"Epicerie","qte":"5","unit":"g","step":"","order":3},{"label":"Chou(x) vert(s)","shopGroup":"Légumes","qte":"1","unit":"pièce(s)","step":"","order":4},{"label":"Lard","shopGroup":"Charcuterie","qte":"150","unit":"g","step":"","order":5},{"label":"Echalote(s)","shopGroup":"Légumes","qte":"2","unit":"pièce(s)","step":"","order":6},{"label":"Carotte(s)","shopGroup":"Légumes","qte":"2","unit":"pièce(s)","step":"","order":7},{"label":"Beurre doux","shopGroup":"Crèmerie  hors fromage","qte":"50","unit":"g","step":"","order":8},{"label":"Huile d'olive","shopGroup":"Epicerie","qte":"5","unit":"cl","step":"","order":9},{"label":"Sel fin","shopGroup":"","qte":"3","unit":"pincée(s)","step":"","order":10},{"label":"Moulin à poivre","shopGroup":"","qte":"3","unit":"tour(s)","step":"","order":11}],"chiefTip":"Pour les plus gourmands, vous pourrez remplacer le beurre par du foie gras.","id":10472}