{"title":"Raviole de cabillaud façon bouchée vapeur, thé noir fumé","description":"Désarêter les pavés de cabillaud et retirer la peau. <br />Porter de l'eau à ébullition avec le thé fumé, laisser infuser et garder à frémissements.<br /><br />Dans un hachoir à grille moyenne, passer les pavés de cabillaud avec tous les condiments (tomates confites, olives vertes, échalotes et persil plat). <br />Ajouter les épices, l'huile d'olive et assaisonner. Disposer ensuite cette farce de poisson dans une poche à douille.<br /><br />Sur une feuille de pâte à raviole, mettre une noisette de farce au centre et badigeonner de dorure autour. Rabattre les angles opposés 2 par 2 et fermer hermétiquement en donnant une forme de bouchée vapeur asiatique.<br />Plonger les bouchées dans le bouillon frémissant pendant une bonne minute.<br /><br />Déguster sans plus attendre.<br />","summary":"De petites ravioles de poisson en forme de bouchées chinoises, pochées dans un bouillon au thé fumé.","timePreparation":"30mn","timeBaking":"10mn","timeRest":"0mn","picture":"","ingredients":[{"label":"Pavé(s) de cabillaud (100 g)","shopGroup":"Poissonnerie","qte":"6","unit":"pièce(s)","step":"","order":0},{"label":"Tomate(s) confite(s)","shopGroup":"Epicerie","qte":"50","unit":"g","step":"","order":1},{"label":"Olive(s) verte(s)","shopGroup":"Epicerie","qte":"50","unit":"g","step":"","order":2},{"label":"Echalote(s)","shopGroup":"Légumes","qte":"2","unit":"pièce(s)","step":"","order":3},{"label":"Origan déshydraté","shopGroup":"Epicerie","qte":"1","unit":"c.","step":"","order":4},{"label":"Herbes de Provence","shopGroup":"Epicerie","qte":"1","unit":"c.","step":"","order":5},{"label":"Paprika","shopGroup":"Epicerie","qte":"5","unit":"g","step":"","order":6},{"label":"Poudre de gingembre","shopGroup":"Epicerie","qte":"5","unit":"g","step":"","order":7},{"label":"Ras el hanout","shopGroup":"Epicerie","qte":"5","unit":"g","step":"","order":8},{"label":"Persil plat","shopGroup":"Herbes aromatiques","qte":"0.25","unit":"botte(s)","step":"","order":9},{"label":"Thé fumé","shopGroup":"Epicerie","qte":"20","unit":"g","step":"","order":10},{"label":"Feuille(s) de pâte à raviole","shopGroup":"","qte":"24","unit":"pièce(s)","step":"","order":11},{"label":"oeuf(s)pour dorure","shopGroup":"Crèmerie  hors fromage","qte":"1","unit":"pièce(s)","step":"","order":12},{"label":"Sel fin","shopGroup":"","qte":"3","unit":"pincée(s)","step":"","order":13},{"label":"Piment d'Espelette","shopGroup":"Epicerie","qte":"3","unit":"pincée(s)","step":"","order":14},{"label":"Huile d'olive","shopGroup":"Epicerie","qte":"5","unit":"cl","step":"","order":15}],"chiefTip":"Vous pouvez agrémenter cette recette avec des champignons, de la menthe et du citron confit.Remplacez le thé noir par un thé vert matcha.","id":10513}