{"title":"Filets de rouget rôtis à l'huile de vanille, cocotte de topinambour","description":"Dans une casserole, mettre à infuser sur feu doux l'huile d'olive et la gousse de vanille grattée.<br /><br />Éplucher les topinambours et les couper en dés de 1 cm. Éplucher et émincer l'échalote.<br />Dans une cocotte, faire suer les échalotes avec un filet d'huile d'olive et une pincée de sel. Cuire 1 min et ajouter les topinambours bien rincés. Ajouter ensuite 1 verre d'eau et cuire à couvert pendant 15 min en remuant de temps à autre. Rectifier l'assaisonnement.<br /><br />Dans une poêle chaude, mettre un peu d'huile d'olive aromatisée puis colorer les filets de rouget côté peau et les saler. Les retourner et les laisser cuire pendant 1 min.<br /><br />Dans une assiette creuse, disposer les topinambours et le filet de rouget par-dessus, puis arroser le tout d'une cuillère à soupe d'huile de vanille.<br />","summary":"Filet de rouget rôti à l'huile d'olive aromatisée à la vanille, accompagné de topinambours cuits en cocotte avec des échalotes.","timePreparation":"30mn","timeBaking":"0mn","timeRest":"0mn","picture":"","ingredients":[{"label":"Filet(s) de rouget (140 g)","shopGroup":"Poissonnerie","qte":"6","unit":"pièce(s)","step":"","order":0},{"label":"Topinambour(s)","shopGroup":"Légumes","qte":"900","unit":"g","step":"","order":1},{"label":"Echalote(s)","shopGroup":"Légumes","qte":"2","unit":"pièce(s)","step":"","order":2},{"label":"Gousse(s) de vanille","shopGroup":"Epicerie","qte":"1","unit":"pièce(s)","step":"","order":3},{"label":"Huile d'olive","shopGroup":"Epicerie","qte":"10","unit":"cl","step":"","order":4},{"label":"Sel fin","shopGroup":"","qte":"6","unit":"pincée(s)","step":"","order":5},{"label":"Moulin à poivre","shopGroup":"","qte":"6","unit":"tour(s)","step":"","order":6}],"chiefTip":"Vous pouvez réaliser une huile aromatisée avec tout autre aromate que la vanille.","id":10420}