{"id":10420,"title":"Recette de Filets de rouget rôtis à l'huile de vanille, cocotte de topinambour","description":"","summary":"Filet de rouget rôti à l'huile d'olive aromatisée à la vanille, accompagné de topinambours cuits en cocotte avec des échalotes.","timePreparation":"30mn","timeBaking":"0mn","timeRest":"0mn","picture":"http://1.media.atelierdeschefs.com/recette-e10420-filets-de-rouget-rotis-a-l-huile-de-vanille-cocotte-de-topinambour.jpg","ingredients":[{"label":"Filet(s) de rouget (140 g)","shopGroup":"Poissonnerie","qte":"6","unit":"pièce(s)","step":"","order":0},{"label":"Topinambour(s)","shopGroup":"Légumes","qte":"900","unit":"g","step":"","order":1},{"label":"Echalote(s)","shopGroup":"Légumes","qte":"2","unit":"pièce(s)","step":"","order":2},{"label":"Gousse(s) de vanille","shopGroup":"Epicerie","qte":"1","unit":"pièce(s)","step":"","order":3},{"label":"Huile d'olive","shopGroup":"Epicerie","qte":"10","unit":"cl","step":"","order":4},{"label":"Sel fin","shopGroup":"","qte":"6","unit":"pincée(s)","step":"","order":5},{"label":"Moulin à poivre","shopGroup":"","qte":"6","unit":"tour(s)","step":"","order":6}]}