{"title":"Gaufre moelleuse à la poudre de noisette, poire pochée au vin épicé","description":"<br /><b>Pour les poires pochées au vin :</b><br />Dans une casserole, faire bouillir puis flamber le vin rouge. Ajouter ensuite la cannelle, le sucre et l'écorce d'une orange. Cuire à feu doux pendant 15 min.<br />Éplucher les poires et les pocher à feu doux pendant 30 à 40 min selon leur maturité.<br /><br /><b>Pour la pâte à gaufre :</b><br />Faire fondre le beurre dans une casserole. Battre la crème liquide en crème fouettée. Monter les 2 blancs d'oeufs en neige.<br />Dans un bol, mélanger la farine, la poudre de noisette, le sucre et les 3 oeufs entiers. Ajouter le beurre fondu, les oeufs en neige et la crème fouettée.<br /><br />Préchauffer le gaufrier  th. 7.<br />Cuire les gaufres, puis les réserver sur une grille pour qu'elles gardent tout leur moelleux.<br /><br />Égoutter les poires et les fendre en 2, puis les vider et les émincer en éventail.<br />Déposer les poires sur les gaufres et accompagner le tout d'une petite tasse de vin chaud.<br />","summary":"Une pâte à gaufre moelleuse et colorée à la poudre de noisette. La gaufre est surmontée d'une poire entière pochée dans un vin épicé (façon vin chaud) puis émincée.","timePreparation":"45mn","timeBaking":"20mn","timeRest":"0mn","picture":"","ingredients":[{"label":"Farine de blé","shopGroup":"Epicerie","qte":"100","unit":"g","step":"Pour la pâte","order":0},{"label":"Poudre de noisette","shopGroup":"Epicerie","qte":"25","unit":"g","step":"Pour la pâte","order":1},{"label":"Beurre doux","shopGroup":"Crèmerie  hors fromage","qte":"125","unit":"g","step":"Pour la pâte","order":2},{"label":"Crème liquide entière","shopGroup":"Crèmerie  hors fromage","qte":"10","unit":"cl","step":"Pour la pâte","order":3},{"label":"Sucre en poudre","shopGroup":"","qte":"80","unit":"g","step":"Pour la pâte","order":4},{"label":"Oeuf(s)","shopGroup":"Crèmerie  hors fromage","qte":"3","unit":"pièce(s)","step":"Pour la pâte","order":5},{"label":"Blanc(s) d'oeuf","shopGroup":"Crèmerie  hors fromage","qte":"2","unit":"pièce(s)","step":"Pour la pâte","order":6},{"label":"Poire(s)","shopGroup":"Fruits","qte":"6","unit":"pièce(s)","step":"Pour le reste de la recette","order":7},{"label":"Vin rouge","shopGroup":"Boissons alcoolisées","qte":"75","unit":"cl","step":"Pour le reste de la recette","order":8},{"label":"Sucre en poudre","shopGroup":"Epicerie","qte":"100","unit":"g","step":"Pour le reste de la recette","order":9},{"label":"Bâton(s) de cannelle","shopGroup":"Epicerie","qte":"1","unit":"pièce(s)","step":"Pour le reste de la recette","order":10},{"label":"Orange(s)","shopGroup":"Fruits","qte":"1","unit":"pièce(s)","step":"Pour le reste de la recette","order":11}],"chiefTip":"Faites réduire le vin de cuisson des poires pour obtenir un sirop onctueux et très parfumé, qui ajoutera une touche colorée à vos assiettes.","id":10652}