{"title":"Gaufre moelleuse à la poudre de noisette, poire pochée au vin épicé","description":"","summary":"Une pâte à gaufre moelleuse et colorée à la poudre de noisette. La gaufre est surmontée d'une poire entière pochée dans un vin épicé (façon vin chaud) puis émincée.","timePreparation":"45mn","timeBaking":"20mn","timeRest":"0mn","picture":"","ingredients":[{"label":"Farine de blé","shopGroup":"Epicerie","qte":"100","unit":"g","step":"Pour la pâte","order":0},{"label":"Poudre de noisette","shopGroup":"Epicerie","qte":"25","unit":"g","step":"Pour la pâte","order":1},{"label":"Beurre doux","shopGroup":"Crèmerie  hors fromage","qte":"125","unit":"g","step":"Pour la pâte","order":2},{"label":"Crème liquide entière","shopGroup":"Crèmerie  hors fromage","qte":"10","unit":"cl","step":"Pour la pâte","order":3},{"label":"Sucre en poudre","shopGroup":"","qte":"80","unit":"g","step":"Pour la pâte","order":4},{"label":"Oeuf(s)","shopGroup":"Crèmerie  hors fromage","qte":"3","unit":"pièce(s)","step":"Pour la pâte","order":5},{"label":"Blanc(s) d'oeuf","shopGroup":"Crèmerie  hors fromage","qte":"2","unit":"pièce(s)","step":"Pour la pâte","order":6},{"label":"Poire(s)","shopGroup":"Fruits","qte":"6","unit":"pièce(s)","step":"Pour le reste de la recette","order":7},{"label":"Vin rouge","shopGroup":"Boissons alcoolisées","qte":"75","unit":"cl","step":"Pour le reste de la recette","order":8},{"label":"Sucre en poudre","shopGroup":"Epicerie","qte":"100","unit":"g","step":"Pour le reste de la recette","order":9},{"label":"Bâton(s) de cannelle","shopGroup":"Epicerie","qte":"1","unit":"pièce(s)","step":"Pour le reste de la recette","order":10},{"label":"Orange(s)","shopGroup":"Fruits","qte":"1","unit":"pièce(s)","step":"Pour le reste de la recette","order":11}],"chiefTip":"Faites réduire le vin de cuisson des poires pour obtenir un sirop onctueux et très parfumé, qui ajoutera une touche colorée à vos assiettes.","id":10652}