{"title":"Mille-feuille aérien à la vanille, sauce caramel au beurre demi-sel","description":"<br /><b>Pour la cuisson du biscuit </b><br />Préchauffer le four à 200 °C (th. 7). Cuire la pâte feuilletée au four entre 2 plaques pendant 20 min. Enlever ensuite la plaque supérieure et finir de cuire pendant 5 min.<br />Préchauffer le gril du four. Saupoudrer la pâte de sucre glace et le caraméliser sous le gril. Réserver.<br /><br /><b>Pour la crème légère </b><br />Porter le lait à ébullition, puis infuser la vanille ouverte en 2 et grattée. Blanchir les oeufs avec le sucre en fouettant vigoureusement. Ajouter la farine puis le lait chaud, remettre dans la casserole et porter le tout à ébullition, puis cuire 3 min en remuant constamment. Verser la crème dans un film alimentaire et réserver au frais pendant 1 h.<br />Fouetter ensuite la crème pâtissière refroidie (jusqu'à ce qu'elle soit lisse) et monter 30 cl de crème liquide en chantilly. Incorporer délicatement la crème liquide à la crème pâtissière, puis remplir une poche à douille avec le tout et réserver.<br /><br /><b>Pour la finition </b><br />Pour préparer le caramel : saupoudrer de sucre une poêle à fond épais et laisser caraméliser sans mélanger. Dès que le sucre a atteint une couleur rousse, ajouter le beurre salé et bien mélanger, puis ajouter la crème liquide au fur et à mesure. Mélanger et laisser refroidir.<br /><br />Couper la pâte feuilletée en 3 morceaux de taille identique. Napper les 2 premiers morceaux de crème, puis superposer les trois étages du mille-feuille. Couper franchement avec un couteau à lame épaisse. Servir le caramel à part.<br />","summary":"Une pâte feuilletée caramélisée et garnie de crème à la vanille, servie avec une sauce au caramel demi-sel. Le classique de la pâtisserie de restaurant. Léger, léger, léger...","timePreparation":"45mn","timeBaking":"20mn","timeRest":"15mn","picture":"","ingredients":[{"label":"Pâte feuilletée","shopGroup":"Traiteur","qte":"400","unit":"g","step":"","order":0},{"label":"Sucre glace","shopGroup":"Epicerie","qte":"30","unit":"g","step":"","order":1},{"label":"Lait 1/2 écrémé","shopGroup":"Crèmerie  hors fromage","qte":"50","unit":"cl","step":"","order":2},{"label":"Oeuf(s)","shopGroup":"Crèmerie  hors fromage","qte":"3","unit":"pièce(s)","step":"Pour la crème","order":3},{"label":"Sucre en poudre","shopGroup":"","qte":"100","unit":"g","step":"Pour la crème","order":4},{"label":"Farine de blé","shopGroup":"Epicerie","qte":"50","unit":"g","step":"Pour la crème","order":5},{"label":"Crème liquide entière","shopGroup":"","qte":"30","unit":"cl","step":"Pour la crème","order":6},{"label":"Gousse(s) de vanille","shopGroup":"Epicerie","qte":"1","unit":"pièce(s)","step":"Pour la crème","order":7},{"label":"Sucre en poudre","shopGroup":"Epicerie","qte":"80","unit":"g","step":"Pour la sauce","order":8},{"label":"Beurre demi-sel","shopGroup":"Crèmerie  hors fromage","qte":"25","unit":"g","step":"Pour la sauce","order":9},{"label":"Crème liquide entière","shopGroup":"Crèmerie  hors fromage","qte":"15","unit":"cl","step":"Pour la sauce","order":10}],"chiefTip":"Vous pouvez aussi découper la pâte feuilletée avant de la cuire, pour un résultat impeccable !","id":935}