{"title":"Mille-feuille aérien à la vanille, sauce caramel au beurre demi-sel","description":"","summary":"Une pâte feuilletée caramélisée et garnie de crème à la vanille, servie avec une sauce au caramel demi-sel. Le classique de la pâtisserie de restaurant. Léger, léger, léger...","timePreparation":"45mn","timeBaking":"20mn","timeRest":"15mn","picture":"","ingredients":[{"label":"Pâte feuilletée","shopGroup":"Traiteur","qte":"400","unit":"g","step":"","order":0},{"label":"Sucre glace","shopGroup":"Epicerie","qte":"30","unit":"g","step":"","order":1},{"label":"Lait 1/2 écrémé","shopGroup":"Crèmerie  hors fromage","qte":"50","unit":"cl","step":"","order":2},{"label":"Oeuf(s)","shopGroup":"Crèmerie  hors fromage","qte":"3","unit":"pièce(s)","step":"Pour la crème","order":3},{"label":"Sucre en poudre","shopGroup":"","qte":"100","unit":"g","step":"Pour la crème","order":4},{"label":"Farine de blé","shopGroup":"Epicerie","qte":"50","unit":"g","step":"Pour la crème","order":5},{"label":"Crème liquide entière","shopGroup":"","qte":"30","unit":"cl","step":"Pour la crème","order":6},{"label":"Gousse(s) de vanille","shopGroup":"Epicerie","qte":"1","unit":"pièce(s)","step":"Pour la crème","order":7},{"label":"Sucre en poudre","shopGroup":"Epicerie","qte":"80","unit":"g","step":"Pour la sauce","order":8},{"label":"Beurre demi-sel","shopGroup":"Crèmerie  hors fromage","qte":"25","unit":"g","step":"Pour la sauce","order":9},{"label":"Crème liquide entière","shopGroup":"Crèmerie  hors fromage","qte":"15","unit":"cl","step":"Pour la sauce","order":10}],"chiefTip":"Vous pouvez aussi découper la pâte feuilletée avant de la cuire, pour un résultat impeccable !","id":935}