{"title":"Maki de boeuf cru aux anchois, petits pois mentholés","description":"<br /><b>Préparation du riz :</b><br />Laver le riz jusqu'à ce que l'eau devienne claire, puis l'égoutter. Le mettre ensuite dans une cocotte, ajouter l'eau et couvrir, puis porter à ébullition. Laisser bouillir pendant 2 à 3 min, puis baisser le feu et cuire à feu doux pendant 12 min environ. Éteindre ensuite le feu et laisser le riz étuver durant 12 min. <br />Débarrasser le riz sur une grande plaque, bien à plat, et l'éventer pendant quelques minutes jusqu'à ce qu'il soit à température ambiante.<br /><br />Dans un bol, mélanger le vinaigre de riz, le sucre et le sel, puis verser ce mélange sur le riz et remuer délicatement. Réserver.<br /><br /><b>Pour la garniture :</b><br />Porter un grand volume d'eau salée (10 g de gros sel/litre) à ébullition dans une casserole et plonger les petits pois dedans pour les blanchir. Les égoutter, puis les rafraîchir dans une eau glacée afin qu'ils conservent leur couleur.<br /><br />Effeuiller et ciseler finement la menthe.<br />Dans un bol, disposer les petits pois, la menthe et l'huile de sésame, puis rectifier l'assaisonnement et réserver.<br /><br />A l'aide d'un couteau, hacher le boeuf et les anchois en petits dés. Éplucher et ciseler l'échalote.<br />Dans un bol, mélanger le boeuf, l'anchois et l'échalote, assaisonner le tout de piment d'Espelette et d'huile d'olive.<br /><br />Poser 1/2 feuille d'algue nori sur un tapis en bambou ou en silicone et étaler le riz dessus (en laissant un espace vide en haut et en bas). Disposer le tartare de boeuf au centre et la salade de petits pois, puis rouler à la main à l'aide du tapis. Presser ensuite légèrement avec le tapis pour chasser les bulles d'air.<br /><br />Couper le rouleau en 6 à l'aide d'un couteau mouillé et servir avec de la sauce soja.<br />","summary":"Rouleau de riz à sushi dans une feuille d'algue, farci d'un tartare de boeuf aux anchois et d'une salade de petits pois à la menthe.","timePreparation":"30mn","timeBaking":"30mn","timeRest":"0mn","picture":"","ingredients":[{"label":"Vinaigre de riz","shopGroup":"Epicerie","qte":"7","unit":"cl","step":"","order":0},{"label":"Sucre en poudre","shopGroup":"Epicerie","qte":"20","unit":"g","step":"","order":1},{"label":"Sel fin","shopGroup":"","qte":"6","unit":"pincée(s)","step":"","order":2},{"label":"Riz japonais à sushi","shopGroup":"Epicerie","qte":"600","unit":"g","step":"","order":3},{"label":"Eau","shopGroup":"","qte":"0","unit":"cl","step":"","order":4},{"label":"Pavé(s) de boeuf de 150g","shopGroup":"Boucherie","qte":"3","unit":"pièce(s)","step":"Pour la garniture","order":5},{"label":"Echalote(s)","shopGroup":"Légumes","qte":"1","unit":"pièce(s)","step":"Pour la garniture","order":6},{"label":"Fleur de sel","shopGroup":"Epicerie","qte":"6","unit":"pincée(s)","step":"Pour la garniture","order":7},{"label":"Piment d'Espelette","shopGroup":"Epicerie","qte":"6","unit":"pincée(s)","step":"Pour la garniture","order":8},{"label":"Feuille(s) de nori","shopGroup":"Epicerie","qte":"3","unit":"pièce(s)","step":"Pour la garniture","order":9},{"label":"Huile d'olive","shopGroup":"Epicerie","qte":"5","unit":"cl","step":"Pour la garniture","order":10},{"label":"Anchois frais marinés","shopGroup":"","qte":"100","unit":"g","step":"Pour la garniture","order":11},{"label":"Petit(s) pois surgelé(s)","shopGroup":"Surgelés","qte":"150","unit":"g","step":"Pour la garniture","order":12},{"label":"Huile de sésame","shopGroup":"Epicerie","qte":"1","unit":"cl","step":"Pour la garniture","order":13},{"label":"Menthe fraîche","shopGroup":"Herbes aromatiques","qte":"0.125","unit":"botte(s)","step":"Pour la garniture","order":14},{"label":"Gros sel","shopGroup":"","qte":"20","unit":"g","step":"Pour la garniture","order":15},{"label":"Sauce Soja","shopGroup":"Epicerie","qte":"3","unit":"cl","step":"Pour la garniture","order":16}],"chiefTip":"Vous pouvez réaliser le riz à l'avance mais ne le mettez pas au réfrigérateur.","id":10576}