{"id":10576,"title":"Recette de Maki de boeuf cru aux anchois, petits pois mentholés","description":"","summary":"Rouleau de riz à sushi dans une feuille d'algue, farci d'un tartare de boeuf aux anchois et d'une salade de petits pois à la menthe.","timePreparation":"30mn","timeBaking":"30mn","timeRest":"0mn","picture":"http://1.media.atelierdeschefs.com/recette-e10576-maki-de-boeuf-cru-aux-anchois-petits-pois-mentholes.jpg","ingredients":[{"label":"Vinaigre de riz","shopGroup":"Epicerie","qte":"7","unit":"cl","step":"","order":0},{"label":"Sucre en poudre","shopGroup":"Epicerie","qte":"20","unit":"g","step":"","order":1},{"label":"Sel fin","shopGroup":"","qte":"6","unit":"pincée(s)","step":"","order":2},{"label":"Riz japonais à sushi","shopGroup":"Epicerie","qte":"600","unit":"g","step":"","order":3},{"label":"Eau","shopGroup":"","qte":"0","unit":"cl","step":"","order":4},{"label":"Pavé(s) de boeuf de 150g","shopGroup":"Boucherie","qte":"3","unit":"pièce(s)","step":"Pour la garniture","order":5},{"label":"Echalote(s)","shopGroup":"Légumes","qte":"1","unit":"pièce(s)","step":"Pour la garniture","order":6},{"label":"Fleur de sel","shopGroup":"Epicerie","qte":"6","unit":"pincée(s)","step":"Pour la garniture","order":7},{"label":"Piment d'Espelette","shopGroup":"Epicerie","qte":"6","unit":"pincée(s)","step":"Pour la garniture","order":8},{"label":"Feuille(s) de nori","shopGroup":"Epicerie","qte":"3","unit":"pièce(s)","step":"Pour la garniture","order":9},{"label":"Huile d'olive","shopGroup":"Epicerie","qte":"5","unit":"cl","step":"Pour la garniture","order":10},{"label":"Anchois frais marinés","shopGroup":"","qte":"100","unit":"g","step":"Pour la garniture","order":11},{"label":"Petit(s) pois surgelé(s)","shopGroup":"Surgelés","qte":"150","unit":"g","step":"Pour la garniture","order":12},{"label":"Huile de sésame","shopGroup":"Epicerie","qte":"1","unit":"cl","step":"Pour la garniture","order":13},{"label":"Menthe fraîche","shopGroup":"Herbes aromatiques","qte":"0.125","unit":"botte(s)","step":"Pour la garniture","order":14},{"label":"Gros sel","shopGroup":"","qte":"20","unit":"g","step":"Pour la garniture","order":15},{"label":"Sauce Soja","shopGroup":"Epicerie","qte":"3","unit":"cl","step":"Pour la garniture","order":16}]}