{"title":"Maki rose à l'imprimé d'herbes et au saumon","description":"Préparation du riz : laver le riz jusqu'à ce que l'eau devienne claire, puis l'égoutter. Dans une cocotte, disposer le riz et l'eau, puis porter à ébullition et laisser bouillir durant 3 min. Couvrir, baisser le feu et laisser cuire 12 min environ. Éteindre alors le feu et laisser le riz étuver pendant 12 min de plus. <br /><br />Mélanger l'assaisonnement vinaigre de riz, sel et sucre. Étaler le riz dans un grand saladier, puis ajouter l'assaisonnement. <br />Râper finement la betterave au-dessus du riz afin d'en extraire \"l'eau\". Mélanger délicatement afin que le liquide soit absorbé et pour colorer le riz de façon homogène et naturelle.<br />Éventer ensuite le riz pendant quelques minutes, jusqu'à ce qu'il soit à température ambiante.<br /><br />Éplucher le concombre et enlever l'intérieur, puis le couper en bâtonnets.<br />Enlever la peau du saumon et le couper en bâtonnets (désarêter si nécessaire).<br />Humidifier les galettes de riz dans de l'eau tiède, puis tailler les extrémités afin d'obtenir un rectangle. Les sécher ensuite sur un torchon propre.<br /><br />Sur un tapis à sushi, poser la galette égouttée. La tailler comme la taille d'une demi feuille de nori puis déposer quelques pluches d'aneth. Sur toute la surface, répartir le riz sur une fine épaisseur en laissant un espace en haut et en bas de la feuille (afin de pouvoir coller les bords). Bien tasser. <br />Parsemer la feuille de graines de sésame noir, poser un morceau de saumon et de concombre. Rouler ensuite le maki à l'aide du tapis, puis le couper en 6 à l'aide d'un couteau tranchant à la lame humide.<br />","summary":"Un maki original au saumon, à base de riz coloré au jus de betterave, roulé non pas dans une feuille d'algues (nori) mais dans une galette de riz façon rouleau de printemps.","timePreparation":"40mn","timeBaking":"30mn","timeRest":"20mn","picture":"","ingredients":[{"label":"Riz japonais à sushi","shopGroup":"Epicerie","qte":"500","unit":"g","step":"","order":0},{"label":"Eau","shopGroup":"","qte":"55","unit":"cl","step":"","order":1},{"label":"Sel fin","shopGroup":"","qte":"10","unit":"g","step":"","order":2},{"label":"Vinaigre de riz","shopGroup":"Epicerie","qte":"7","unit":"cl","step":"","order":3},{"label":"Sucre en poudre","shopGroup":"Epicerie","qte":"25","unit":"g","step":"","order":4},{"label":"Galette(s) de riz moyenne","shopGroup":"Epicerie","qte":"6","unit":"pièce(s)","step":"","order":5},{"label":"Filet(s)de saumon","shopGroup":"Poissonnerie","qte":"200","unit":"g","step":"","order":6},{"label":"Betterave(s) rouge(s) crue(s)","shopGroup":"Légumes","qte":"0.25","unit":"pièce(s)","step":"","order":7},{"label":"Concombre(s)","shopGroup":"Légumes","qte":"0.5","unit":"pièce(s)","step":"","order":8},{"label":"Graines de sésame noire","shopGroup":"Epicerie","qte":"30","unit":"g","step":"","order":9},{"label":"Aneth","shopGroup":"Herbes aromatiques","qte":"2","unit":"branche(s)","step":"","order":10}],"chiefTip":"Remplacez les graines de sésame noir par du blanc légèrement torréfié.","id":10573}