{"title":"Maki rose à l'imprimé d'herbes et au saumon","description":"","summary":"Un maki original au saumon, à base de riz coloré au jus de betterave, roulé non pas dans une feuille d'algues (nori) mais dans une galette de riz façon rouleau de printemps.","timePreparation":"40mn","timeBaking":"30mn","timeRest":"20mn","picture":"","ingredients":[{"label":"Riz japonais à sushi","shopGroup":"Epicerie","qte":"500","unit":"g","step":"","order":0},{"label":"Eau","shopGroup":"","qte":"55","unit":"cl","step":"","order":1},{"label":"Sel fin","shopGroup":"","qte":"10","unit":"g","step":"","order":2},{"label":"Vinaigre de riz","shopGroup":"Epicerie","qte":"7","unit":"cl","step":"","order":3},{"label":"Sucre en poudre","shopGroup":"Epicerie","qte":"25","unit":"g","step":"","order":4},{"label":"Galette(s) de riz moyenne","shopGroup":"Epicerie","qte":"6","unit":"pièce(s)","step":"","order":5},{"label":"Filet(s)de saumon","shopGroup":"Poissonnerie","qte":"200","unit":"g","step":"","order":6},{"label":"Betterave(s) rouge(s) crue(s)","shopGroup":"Légumes","qte":"0.25","unit":"pièce(s)","step":"","order":7},{"label":"Concombre(s)","shopGroup":"Légumes","qte":"0.5","unit":"pièce(s)","step":"","order":8},{"label":"Graines de sésame noire","shopGroup":"Epicerie","qte":"30","unit":"g","step":"","order":9},{"label":"Aneth","shopGroup":"Herbes aromatiques","qte":"2","unit":"branche(s)","step":"","order":10}],"chiefTip":"Remplacez les graines de sésame noir par du blanc légèrement torréfié.","id":10573}