{"id":900,"title":"Recette de Saint-Jacques poêlées, vinaigrette de coquillages","description":"","summary":"Des noix de Saint-Jacques dorées à la poêle, servies avec une vierge tiède de coquillages aux tomates et oignons frais.","timePreparation":"30mn","timeBaking":"30mn","timeRest":"0mn","picture":"http://1.media.atelierdeschefs.com/recette-e900-saint-jacques-poelees-vinaigrette-de-coquillages.jpg","ingredients":[{"label":"Bulot(s)","shopGroup":"Poissonnerie","qte":"400","unit":"g","step":"Pour l'étape 1","order":0},{"label":"Eau","shopGroup":"","qte":"1","unit":"l","step":"Pour l'étape 1","order":1},{"label":"Vin blanc sec","shopGroup":"","qte":"30","unit":"cl","step":"Pour l'étape 1","order":2},{"label":"Carotte(s)","shopGroup":"Légumes","qte":"1","unit":"pièce(s)","step":"Pour l'étape 1","order":3},{"label":"Bouquet(s) garni(s)","shopGroup":"Herbes aromatiques","qte":"1","unit":"pièce(s)","step":"Pour l'étape 1","order":4},{"label":"Baie(s) de genièvre","shopGroup":"Epicerie","qte":"3","unit":"pièce(s)","step":"Pour l'étape 1","order":5},{"label":"Coque(s)","shopGroup":"Poissonnerie","qte":"400","unit":"g","step":"Pour l'étape 1","order":6},{"label":"Huile d'olive","shopGroup":"","qte":"3","unit":"cl","step":"Pour l'étape 1","order":7},{"label":"Oignon(s)","shopGroup":"Légumes","qte":"1","unit":"pièce(s)","step":"Pour l'étape 1","order":8},{"label":"Vin blanc sec","shopGroup":"Boissons alcoolisées","qte":"10","unit":"cl","step":"Pour l'étape 2","order":9},{"label":"Vinaigre balsamique blanc","shopGroup":"Epicerie","qte":"1","unit":"cl","step":"Pour l'étape 2","order":10},{"label":"Oignon(s) nouveau(x)","shopGroup":"Légumes","qte":"2","unit":"pièce(s)","step":"Pour l'étape 2","order":11},{"label":"Tomate(s) cerise(s)","shopGroup":"Fruits","qte":"100","unit":"g","step":"Pour l'étape 2","order":12},{"label":"Noix de Saint Jacques","shopGroup":"Poissonnerie","qte":"24","unit":"pièce(s)","step":"Pour l'étape 2","order":13},{"label":"Beurre doux","shopGroup":"Crèmerie  hors fromage","qte":"20","unit":"g","step":"Pour l'étape 2","order":14},{"label":"Sel fin","shopGroup":"","qte":"6","unit":"pincée(s)","step":"Pour l'étape 2","order":15},{"label":"Moulin à poivre","shopGroup":"","qte":"6","unit":"tour(s)","step":"Pour l'étape 3","order":16},{"label":"Huile d'olive","shopGroup":"Epicerie","qte":"2","unit":"cl","step":"Pour l'étape 3","order":17}]}