{"title":"Saint-Jacques poêlées, vinaigrette de coquillages","description":"<br /><b>Pour l'étape 1</b><br />Cuire les bulots dans le court-bouillon pendant 40 min (eau, vin blanc, aromates : ail, thym, laurier, poivre...). les laisser refroidir dans le jus.<br />Les décortiquer et les tailler en dès de 5 mm de coté.<br /><br /><br /><br /><b>Pour l'étape 2</b><br />Ciseler l'oignon, laver les coques et les égoutter. Dans une cocotte chaude, verser un trait d'huile d'olive puis les oignons, les coques et enfin le verre de vin blanc. Couvrir et laisser cuire 1 min. Réserver les coques dès qu'elles sont ouvertes et filtrer le jus. Décortiquer les coques. Réduire le jus de coque.<br /><br />Ciseler les oignons nouveaux et la cive, ajouter les tomates cerises coupées en 4.<br />Dans un bol mélanger l'équivalent de 5 cuillères à café de jus de coques réduit, ajouter 2 cuillères de vinaigre blanc pour réaliser une vinaigrette.<br /><br />Mélanger la vinaigrette avec les tomates, les oignons nouveaux, les bulots et les coques.<br /><br /><b>Pour l'étape 3</b><br />Faire chauffer une cuillère d'huile dans une poêle. mettre à cuire les Saint-Jacques salées sur feu vif et les retourner au bout de 1 min. Ajouter 20 g de beurre et terminer la cuisson (les Saint-Jacques doivent rester \"rosées\") .<br />Dresser à l'aide d'un cercle la vinaigrette aux coques et tomates tiède au centre de l'assiette, puis poser dessus 4 noix par assiette.  Poivrer et  servir sans attendre.<br />","summary":"Des noix de Saint-Jacques dorées à la poêle, servies avec une vierge tiède de coquillages aux tomates et oignons frais.","timePreparation":"30mn","timeBaking":"30mn","timeRest":"0mn","picture":"","ingredients":[{"label":"Bulot(s)","shopGroup":"Poissonnerie","qte":"400","unit":"g","step":"Pour l'étape 1","order":0},{"label":"Eau","shopGroup":"","qte":"1","unit":"l","step":"Pour l'étape 1","order":1},{"label":"Vin blanc sec","shopGroup":"","qte":"30","unit":"cl","step":"Pour l'étape 1","order":2},{"label":"Carotte(s)","shopGroup":"Légumes","qte":"1","unit":"pièce(s)","step":"Pour l'étape 1","order":3},{"label":"Bouquet(s) garni(s)","shopGroup":"Herbes aromatiques","qte":"1","unit":"pièce(s)","step":"Pour l'étape 1","order":4},{"label":"Baie(s) de genièvre","shopGroup":"Epicerie","qte":"3","unit":"pièce(s)","step":"Pour l'étape 1","order":5},{"label":"Coque(s)","shopGroup":"Poissonnerie","qte":"400","unit":"g","step":"Pour l'étape 1","order":6},{"label":"Huile d'olive","shopGroup":"","qte":"3","unit":"cl","step":"Pour l'étape 1","order":7},{"label":"Oignon(s)","shopGroup":"Légumes","qte":"1","unit":"pièce(s)","step":"Pour l'étape 1","order":8},{"label":"Vin blanc sec","shopGroup":"Boissons alcoolisées","qte":"10","unit":"cl","step":"Pour l'étape 2","order":9},{"label":"Vinaigre balsamique blanc","shopGroup":"Epicerie","qte":"1","unit":"cl","step":"Pour l'étape 2","order":10},{"label":"Oignon(s) nouveau(x)","shopGroup":"Légumes","qte":"2","unit":"pièce(s)","step":"Pour l'étape 2","order":11},{"label":"Tomate(s) cerise(s)","shopGroup":"Fruits","qte":"100","unit":"g","step":"Pour l'étape 2","order":12},{"label":"Noix de Saint Jacques","shopGroup":"Poissonnerie","qte":"24","unit":"pièce(s)","step":"Pour l'étape 2","order":13},{"label":"Beurre doux","shopGroup":"Crèmerie  hors fromage","qte":"20","unit":"g","step":"Pour l'étape 2","order":14},{"label":"Sel fin","shopGroup":"","qte":"6","unit":"pincée(s)","step":"Pour l'étape 2","order":15},{"label":"Moulin à poivre","shopGroup":"","qte":"6","unit":"tour(s)","step":"Pour l'étape 3","order":16},{"label":"Huile d'olive","shopGroup":"Epicerie","qte":"2","unit":"cl","step":"Pour l'étape 3","order":17}],"chiefTip":"Faites attention au sel : le jus réduit des coquillages est très iodé.","id":900}