{"title":"Salade de quinoa, gambas et coriandre fraîche, vinaigrette à l'orange","description":"","summary":"Une salade fraîche de quinoa, coriandre et tomates cerises, assaisonnée d'une vinaigrette à base de jus d'orange.","timePreparation":"30mn","timeBaking":"0mn","timeRest":"0mn","picture":"","ingredients":[{"label":"Quinoa blond","shopGroup":"Epicerie","qte":"200","unit":"g","step":"","order":0},{"label":"Gros sel","shopGroup":"","qte":"3","unit":"g","step":"","order":1},{"label":"Coriandre fraîche","shopGroup":"Herbes aromatiques","qte":"0.5","unit":"botte(s)","step":"","order":2},{"label":"Gambas surgelée(s)","shopGroup":"Surgelés","qte":"18","unit":"pièce(s)","step":"","order":3},{"label":"Tomate(s) cerise(s)","shopGroup":"Fruits","qte":"250","unit":"g","step":"","order":4},{"label":"Huile d'olive","shopGroup":"Epicerie","qte":"20","unit":"cl","step":"Pour la sauce","order":5},{"label":"Jus d'orange","shopGroup":"Boissons sans alcool","qte":"25","unit":"cl","step":"Pour la sauce","order":6},{"label":"Sel fin","shopGroup":"","qte":"6","unit":"pincée(s)","step":"Pour la sauce","order":7},{"label":"Piment d'Espelette","shopGroup":"Epicerie","qte":"6","unit":"pincée(s)","step":"Pour la sauce","order":8}],"chiefTip":"Vous pouvez aussi cuire les gambas pendant 3 min dans un four préchauffé à 220 °C.","id":10091}