{"title":"Salade de quinoa, gambas et coriandre fraîche, vinaigrette à l'orange","description":"Cuire le quinoa dans 2 fois son volume d'eau avec 1 pincée de gros sel. Lorsqu'il est cuit, le faire refroidir et l'arroser d'un filet d'huile d'olive.<br /><br />Laver les tomates cerises et les couper en 2. Laver la coriandre fraîche et l'effeuiller.<br />Décortiquer les gambas. A l'aide d'un couteau, inciser le dos et enlever le boyau. Les assaisonner de sel, de piment d'Espelette et d'un trait d'huile d'olive.<br />Poêler ensuite les gambas dans une poêle chaude antiadhésive pendant 1 min de chaque côté.<br /><br />Pour la sauce : dans une casserole, faire réduire le jus d'orange puis le verser dans un blender. Mixer le jus avec 15 cl d'huile d'olive pour obtenir une vinaigrette fluide.<br />Dans un bol, mélanger délicatement le quinoa, la coriandre fraîche, les tomates cerises et assaisonner le tout de vinaigrette.<br /><br />Disposer la salade dans un bol, répartir les gambas dessus et déguster.<br />","summary":"Une salade fraîche de quinoa, coriandre et tomates cerises, assaisonnée d'une vinaigrette à base de jus d'orange.","timePreparation":"30mn","timeBaking":"0mn","timeRest":"0mn","picture":"","ingredients":[{"label":"Quinoa blond","shopGroup":"Epicerie","qte":"200","unit":"g","step":"","order":0},{"label":"Gros sel","shopGroup":"","qte":"3","unit":"g","step":"","order":1},{"label":"Coriandre fraîche","shopGroup":"Herbes aromatiques","qte":"0.5","unit":"botte(s)","step":"","order":2},{"label":"Gambas surgelée(s)","shopGroup":"Surgelés","qte":"18","unit":"pièce(s)","step":"","order":3},{"label":"Tomate(s) cerise(s)","shopGroup":"Fruits","qte":"250","unit":"g","step":"","order":4},{"label":"Huile d'olive","shopGroup":"Epicerie","qte":"20","unit":"cl","step":"Pour la sauce","order":5},{"label":"Jus d'orange","shopGroup":"Boissons sans alcool","qte":"25","unit":"cl","step":"Pour la sauce","order":6},{"label":"Sel fin","shopGroup":"","qte":"6","unit":"pincée(s)","step":"Pour la sauce","order":7},{"label":"Piment d'Espelette","shopGroup":"Epicerie","qte":"6","unit":"pincée(s)","step":"Pour la sauce","order":8}],"chiefTip":"Vous pouvez aussi cuire les gambas pendant 3 min dans un four préchauffé à 220 °C.","id":10091}