{"id":10493,"title":"Recette de Gambas flambées , mousseline de chou-fleur","description":"","summary":"Queues de gambas flambées au whisky et à l'estragon, accompagnées d'une mousseline onctueuse de chou-fleur.","timePreparation":"20mn","timeBaking":"15mn","timeRest":"0mn","picture":"http://1.media.atelierdeschefs.com/recette-e10493-gambas-flambees-mousseline-de-chou-fleur.jpg","ingredients":[{"label":"Gambas surgelée(s)","shopGroup":"Surgelés","qte":"30","unit":"pièce(s)","step":"","order":0},{"label":"Cognac","shopGroup":"Boissons alcoolisées","qte":"5","unit":"cl","step":"","order":1},{"label":"Estragon","shopGroup":"Herbes aromatiques","qte":"0.25","unit":"botte(s)","step":"","order":2},{"label":"Oignon(s)","shopGroup":"Légumes","qte":"1","unit":"pièce(s)","step":"","order":3},{"label":"Chou(x) fleur","shopGroup":"Légumes","qte":"1","unit":"pièce(s)","step":"","order":4},{"label":"Vin blanc sec","shopGroup":"Boissons alcoolisées","qte":"5","unit":"cl","step":"","order":5},{"label":"Lait 1/2 écrémé","shopGroup":"Crèmerie  hors fromage","qte":"20","unit":"cl","step":"","order":6},{"label":"Crème liquide entière","shopGroup":"Crèmerie  hors fromage","qte":"20","unit":"cl","step":"","order":7},{"label":"Sel fin","shopGroup":"","qte":"3","unit":"pincée(s)","step":"","order":8},{"label":"Moulin à poivre","shopGroup":"","qte":"3","unit":"tour(s)","step":"","order":9},{"label":"Huile d'olive","shopGroup":"Epicerie","qte":"5","unit":"cl","step":"","order":10}]}