{"title":"Crème de petits pois rafraîchie au Boursin, oeuf poché","description":"Éplucher les échalotes et les émincer finement.<br />Dans une cocotte, faire suer les échalotes avec une noisette de beurre et une pincée de sel. Ajouter ensuite les petits pois et faire suer 2 min avec l'huile d'olive. Mouiller avec de l'eau à hauteur et cuire une vingtaine de minutes. Ajouter alors la crème et le Boursin. Mixer ensuite la crème de petits pois et rectifier l'assaisonnement.<br /><br />Faire bouillir de l'eau avec du vinaigre blanc (1 litre d'eau pour 10 cl de vinaigre). Casser chaque oeuf dans un ramequin puis le plonger dans l'eau frémissante. A coagulation du blanc, plonger l'oeuf dans de l'eau glacée.<br /><br />Servir la crème de petits pois dans des assiettes creuses, dresser l'oeuf au milieu et décorer de persil plat.<br />","summary":"Réalisez une onctueuse crème de petits pois avec un oeuf poché.","timePreparation":"30mn","timeBaking":"0mn","timeRest":"0mn","picture":"","ingredients":[{"label":"Petit(s) pois surgelé(s)","shopGroup":"Surgelés","qte":"400","unit":"g","step":"","order":0},{"label":"Echalote(s)","shopGroup":"Légumes","qte":"2","unit":"pièce(s)","step":"","order":1},{"label":"Beurre doux","shopGroup":"Crèmerie  hors fromage","qte":"20","unit":"g","step":"","order":2},{"label":"Eau","shopGroup":"","qte":"40","unit":"cl","step":"","order":3},{"label":"Crème liquide entière","shopGroup":"Crèmerie  hors fromage","qte":"10","unit":"cl","step":"","order":4},{"label":"Oeuf(s)","shopGroup":"Crèmerie  hors fromage","qte":"6","unit":"pièce(s)","step":"","order":5},{"label":"Vinaigre alcool blanc","shopGroup":"Epicerie","qte":"10","unit":"cl","step":"","order":6},{"label":"Boursin Ail et fines herbes","shopGroup":"Fromage(s)","qte":"150","unit":"g","step":"","order":7},{"label":"Huile d'olive","shopGroup":"Epicerie","qte":"5","unit":"cl","step":"","order":8},{"label":"Persil plat","shopGroup":"Herbes aromatiques","qte":"0.25","unit":"botte(s)","step":"","order":9},{"label":"Sel fin","shopGroup":"","qte":"6","unit":"pincée(s)","step":"","order":10},{"label":"Moulin à poivre","shopGroup":"","qte":"6","unit":"tour(s)","step":"","order":11}],"chiefTip":"Vous pouvez réaliser vos oeufs pochés à l'avance. Vous les conserverez au réfrigérateur dans un récipient rempli d'eau.","id":10407}