{"id":10512,"title":"Recette de Cupcake à l'orange","description":"","summary":"Petits cakes moelleux à l'orange et à la fleur d'oranger, à décorer sans modération !","timePreparation":"20mn","timeBaking":"15mn","timeRest":"30mn","picture":"http://1.media.atelierdeschefs.com/recette-e10512-cupcake-a-l-orange.jpg","ingredients":[{"label":"Oeuf(s)","shopGroup":"Crèmerie  hors fromage","qte":"2","unit":"pièce(s)","step":"Pour les gâteaux","order":0},{"label":"Sucre en poudre","shopGroup":"Epicerie","qte":"125","unit":"g","step":"Pour les gâteaux","order":1},{"label":"Farine avec levure","shopGroup":"Epicerie","qte":"125","unit":"g","step":"Pour les gâteaux","order":2},{"label":"Beurre doux","shopGroup":"","qte":"125","unit":"g","step":"Pour les gâteaux","order":3},{"label":"Orange(s)","shopGroup":"","qte":"1","unit":"pièce(s)","step":"Pour les gâteaux","order":4},{"label":"Eau de fleur d'oranger","shopGroup":"Epicerie","qte":"4","unit":"goutte(s)","step":"Pour les gâteaux","order":5},{"label":"Sucre glace","shopGroup":"Epicerie","qte":"170","unit":"g","step":"Pour le glaçage","order":6},{"label":"Beurre doux","shopGroup":"Crèmerie  hors fromage","qte":"110","unit":"g","step":"Pour le glaçage","order":7},{"label":"Orange(s)","shopGroup":"Fruits","qte":"1","unit":"pièce(s)","step":"Pour le glaçage","order":8}]}