{"title":"Soupe d'oeuf filé","description":"Émincer grossièrement les pleurotes. Laver et éplucher la cive (la partie verte des oignons nouveaux).<br />Casser les oeufs dans un bol puis les fouetter en ajoutant une pincée de sel.<br /><br />Dans une casserole, mettre l'eau et le fumet de poisson, puis porter le tout à ébullition. Ajouter ensuite les pleurotes émincées et laisser cuire 3 min.  Assaisonner avec du miso en poudre.<br /><br />Verser les oeufs au travers d'une écumoire dans la soupe très chaude sans stopper le feu. Saupoudrer ensuite avec la cive ciselée, et déguster très chaud.<br />","summary":"Une soupe à base de fumet de poisson et de miso dans laquelle sont cuits des œufs battus.","timePreparation":"10mn","timeBaking":"5mn","timeRest":"0mn","picture":"","ingredients":[{"label":"Eau","shopGroup":"","qte":"1","unit":"l","step":"","order":0},{"label":"Fumet de poisson déshydraté","shopGroup":"Epicerie","qte":"30","unit":"g","step":"","order":1},{"label":"Miso","shopGroup":"Epicerie","qte":"10","unit":"g","step":"","order":2},{"label":"Oeuf(s)","shopGroup":"Crèmerie  hors fromage","qte":"2","unit":"pièce(s)","step":"","order":3},{"label":"Pleurote(s)","shopGroup":"Légumes","qte":"100","unit":"g","step":"","order":4},{"label":"Cive verte d'oignon","shopGroup":"Herbes aromatiques","qte":"0.25","unit":"botte(s)","step":"","order":5},{"label":"Sel fin","shopGroup":"","qte":"6","unit":"pincée(s)","step":"","order":6}],"chiefTip":"Remplacez la cive par de la ciboulette ou par un fin oignon cébette.","id":930}