{"id":930,"title":"Recette de Soupe d'oeuf filé","description":"","summary":"Une soupe à base de fumet de poisson et de miso dans laquelle sont cuits des œufs battus.","timePreparation":"10mn","timeBaking":"5mn","timeRest":"0mn","picture":"http://1.media.atelierdeschefs.com/recette-e930-soupe-d-oeuf-file.jpg","ingredients":[{"label":"Eau","shopGroup":"","qte":"1","unit":"l","step":"","order":0},{"label":"Fumet de poisson déshydraté","shopGroup":"Epicerie","qte":"30","unit":"g","step":"","order":1},{"label":"Miso","shopGroup":"Epicerie","qte":"10","unit":"g","step":"","order":2},{"label":"Oeuf(s)","shopGroup":"Crèmerie  hors fromage","qte":"2","unit":"pièce(s)","step":"","order":3},{"label":"Pleurote(s)","shopGroup":"Légumes","qte":"100","unit":"g","step":"","order":4},{"label":"Cive verte d'oignon","shopGroup":"Herbes aromatiques","qte":"0.25","unit":"botte(s)","step":"","order":5},{"label":"Sel fin","shopGroup":"","qte":"6","unit":"pincée(s)","step":"","order":6}]}