{"title":"Tagliatelle aux coquillages et pesto d'épinards","description":"<br /><b>Pour les pâtes et les coques</b><br />Dessabler les coques dans un grand volume d'eau froide salée. Éplucher puis ciseler les gousses d'ail et l'échalote.<br /><br />Dans une casserole avec un filet d'huile d'olive, faire suer l'échalote et une gousse d'ail ciselée avec une pincée de sel fin et les herbes de Provence. Ajouter les coques et le vin blanc, puis cuire 5 min à couvert. Retirer les coques dans un bol et le filmer.<br />Ajouter la crème liquide dans la casserole et porter à ébullition, puis rectifier l'assaisonnement.<br /><br />Cuire les Tagliatelle \"al dente\" dans 5 litres d'eau  bouillante salée. Les égoutter, puis les débarrasser dans un plat et les arroser d'un filet d'huile d'olive.<br /><br /><b>Pour le pesto et le dressage</b><br />Séparer les coques des coquilles.<br />Mixer tous les ingrédients de la sauce pesto dans un blender, assaisonner de sel fin et de piment d'Espelette.<br /><br />Réchauffer les Tagliatelle dans la crème de coques avec les coques.<br />Les dresser en assiettes creuses, puis finir par une cuillère à soupe de pesto et quelques pincées de piment d'Espelette.<br />","summary":"Pâtes longues cuites \"al dente\", accompagnées d’un jus de coques crémé et d’un pesto de pousses d'épinard.","timePreparation":"20mn","timeBaking":"15mn","timeRest":"0mn","picture":"","ingredients":[{"label":"Tagliatelle(s)","shopGroup":"Epicerie","qte":"480","unit":"g","step":"","order":0},{"label":"Eau","shopGroup":"","qte":"5","unit":"l","step":"","order":1},{"label":"Gros sel","shopGroup":"","qte":"35","unit":"g","step":"","order":2},{"label":"Coque(s)","shopGroup":"Poissonnerie","qte":"500","unit":"g","step":"","order":3},{"label":"Echalote(s)","shopGroup":"Légumes","qte":"1","unit":"pièce(s)","step":"","order":4},{"label":"Gousse(s) d'ail","shopGroup":"","qte":"1","unit":"gousse(s)","step":"","order":5},{"label":"Vin blanc sec","shopGroup":"Boissons alcoolisées","qte":"10","unit":"cl","step":"","order":6},{"label":"Crème liquide entière","shopGroup":"Crèmerie  hors fromage","qte":"10","unit":"cl","step":"","order":7},{"label":"Huile d'olive","shopGroup":"","qte":"5","unit":"cl","step":"","order":8},{"label":"Herbes de Provence","shopGroup":"Epicerie","qte":"2","unit":"pincée(s)","step":"","order":9},{"label":"Pousse(s) d'épinard","shopGroup":"Légumes","qte":"200","unit":"g","step":"Pour la sauce","order":10},{"label":"Gousse(s) d'ail","shopGroup":"Légumes","qte":"1","unit":"gousse(s)","step":"Pour la sauce","order":11},{"label":"Pignon(s) de pin","shopGroup":"Epicerie","qte":"30","unit":"g","step":"Pour la sauce","order":12},{"label":"Parmigiano Reggiano râpé","shopGroup":"Fromage(s)","qte":"50","unit":"g","step":"Pour la sauce","order":13},{"label":"Huile d'olive","shopGroup":"Epicerie","qte":"10","unit":"cl","step":"Pour la sauce","order":14},{"label":"Sel fin","shopGroup":"","qte":"5","unit":"pincée(s)","step":"Pour la sauce","order":15},{"label":"Piment d'Espelette","shopGroup":"Epicerie","qte":"3","unit":"pincée(s)","step":"Pour la sauce","order":16}],"chiefTip":"Vous pouvez mettre une botte de basilic ou de la roquette à la place des pousses d'épinard.","id":10382}