{"title":"Tagliatelle aux coquillages et pesto d'épinards","description":"","summary":"Pâtes longues cuites \"al dente\", accompagnées d’un jus de coques crémé et d’un pesto de pousses d'épinard.","timePreparation":"20mn","timeBaking":"15mn","timeRest":"0mn","picture":"","ingredients":[{"label":"Tagliatelle(s)","shopGroup":"Epicerie","qte":"480","unit":"g","step":"","order":0},{"label":"Eau","shopGroup":"","qte":"5","unit":"l","step":"","order":1},{"label":"Gros sel","shopGroup":"","qte":"35","unit":"g","step":"","order":2},{"label":"Coque(s)","shopGroup":"Poissonnerie","qte":"500","unit":"g","step":"","order":3},{"label":"Echalote(s)","shopGroup":"Légumes","qte":"1","unit":"pièce(s)","step":"","order":4},{"label":"Gousse(s) d'ail","shopGroup":"","qte":"1","unit":"gousse(s)","step":"","order":5},{"label":"Vin blanc sec","shopGroup":"Boissons alcoolisées","qte":"10","unit":"cl","step":"","order":6},{"label":"Crème liquide entière","shopGroup":"Crèmerie  hors fromage","qte":"10","unit":"cl","step":"","order":7},{"label":"Huile d'olive","shopGroup":"","qte":"5","unit":"cl","step":"","order":8},{"label":"Herbes de Provence","shopGroup":"Epicerie","qte":"2","unit":"pincée(s)","step":"","order":9},{"label":"Pousse(s) d'épinard","shopGroup":"Légumes","qte":"200","unit":"g","step":"Pour la sauce","order":10},{"label":"Gousse(s) d'ail","shopGroup":"Légumes","qte":"1","unit":"gousse(s)","step":"Pour la sauce","order":11},{"label":"Pignon(s) de pin","shopGroup":"Epicerie","qte":"30","unit":"g","step":"Pour la sauce","order":12},{"label":"Parmigiano Reggiano râpé","shopGroup":"Fromage(s)","qte":"50","unit":"g","step":"Pour la sauce","order":13},{"label":"Huile d'olive","shopGroup":"Epicerie","qte":"10","unit":"cl","step":"Pour la sauce","order":14},{"label":"Sel fin","shopGroup":"","qte":"5","unit":"pincée(s)","step":"Pour la sauce","order":15},{"label":"Piment d'Espelette","shopGroup":"Epicerie","qte":"3","unit":"pincée(s)","step":"Pour la sauce","order":16}],"chiefTip":"Vous pouvez mettre une botte de basilic ou de la roquette à la place des pousses d'épinard.","id":10382}