{"title":"Charlotte de volaille et foie gras façon pastilla","description":"Éplucher les pommes de terre, puis les couper grossièrement et les cuire départ eau froide. Porter à ébullition, puis saler l'eau au gros sel.<br />Éplucher les oignons puis les émincer finement . <br /><br />Dans une cocotte, colorer les cuisses de poulet à l'huile d'olive. Les retirer, puis faire suer les oignons dans la même cocotte. Ajouter les zestes de citron et d'orange, l'ail (préalablement épluché, dégermé puis écrasé), la coriandre ciselée finement, les raisins, la cannelle, le thym, le vin rouge puis le fond de veau.<br />Remettre les cuisses de poulet dans le bouillon et les laisser cuire pendant 30 min. Retirer ensuite les cuisses et les effilocher, et laisser réduire le jus de cuisson. <br /><br />Couper chaque escalope de foie gras en 6 dés, puis les saler et les poivrer.<br /><br />Une fois les pommes de terre cuites, les écraser à l'aide d'un fouet, puis ajouter un peu de jus de cuisson réduit. Mettre ensuite le reste de jus, le mélanger avec les cuisses de poulet effilochées, les oignons cuits et les raisins secs.<br /><br />Préchauffer le four à 200 °C. Découper 12 cercles de feuilles de brick de la taille de la pastilla. <br /><br />Pour le montage : déposer une feuille entière dans un emporte-pièce en inox ou dans un ramequin. Au fond, déposer une cuillerée d'écrasée de pommes de terre, mettre un morceau de foie gras par-dessus et de la farce de poulet. Tout comme pour un mille-feuille, placer un rond de brick, de l'écrasée de pommes de terre, déposer un autre cube de foie gras par-dessus, à nouveau de la farce poulet, puis refermer le tout. <br /><br />Disposer sur une plaque de cuisson et enfourner de 5 à 10 min afin de colorer la feuille de brick et de réchauffer l'ensemble de la pastilla.<br />","summary":"Dans une feuille de brick, un mille-feuille farci de cuisses de poulet au vin rouge épicé, une écrasée de pommes de terre au jus de cuisson et des cubes de foie gras frais.","timePreparation":"1h45mn","timeBaking":"1h","timeRest":"0mn","picture":"","ingredients":[{"label":"Pomme(s) de Terre charlotte","shopGroup":"Légumes","qte":"300","unit":"g","step":"","order":0},{"label":"Tranche(s) de foie gras de canard crue(s)","shopGroup":"Surgelés","qte":"2","unit":"pièce(s)","step":"","order":1},{"label":"Cuisse(s) de poulet (240 g)","shopGroup":"Volaille(s)","qte":"3","unit":"pièce(s)","step":"","order":2},{"label":"Feuille(s) de brick","shopGroup":"Traiteur","qte":"9","unit":"pièce(s)","step":"","order":3},{"label":"Oignon(s)","shopGroup":"Légumes","qte":"2","unit":"pièce(s)","step":"","order":4},{"label":"Raisin(s) sec(s) blond(s)","shopGroup":"Epicerie","qte":"50","unit":"g","step":"","order":5},{"label":"Cannelle en poudre","shopGroup":"Epicerie","qte":"5","unit":"g","step":"","order":6},{"label":"Thym frais","shopGroup":"Herbes aromatiques","qte":"1","unit":"branche(s)","step":"","order":7},{"label":"Orange(s)","shopGroup":"Fruits","qte":"1","unit":"pièce(s)","step":"","order":8},{"label":"Citron(s) jaune(s) non traités","shopGroup":"Fruits","qte":"1","unit":"pièce(s)","step":"","order":9},{"label":"Gousse(s) d'ail","shopGroup":"Légumes","qte":"3","unit":"gousse(s)","step":"","order":10},{"label":"Coriandre fraîche","shopGroup":"Herbes aromatiques","qte":"0.25","unit":"botte(s)","step":"","order":11},{"label":"Vin rouge","shopGroup":"Boissons alcoolisées","qte":"40","unit":"cl","step":"","order":12},{"label":"Fond de veau déshydraté","shopGroup":"Epicerie","qte":"20","unit":"g","step":"","order":13},{"label":"Gros sel","shopGroup":"","qte":"10","unit":"g","step":"","order":14},{"label":"Sel fin","shopGroup":"","qte":"3","unit":"pincée(s)","step":"","order":15},{"label":"Moulin à poivre","shopGroup":"","qte":"3","unit":"tour(s)","step":"","order":16},{"label":"Huile d'olive","shopGroup":"Epicerie","qte":"3","unit":"cl","step":"","order":17}],"chiefTip":"Pour préparer votre pastilla à l'avance sans ramollir la feuille de brick, réalisez votre farce de cuisses de poulet la veille afin qu'elle refroidisse.","id":10140}