{"id":10140,"title":"Recette de Charlotte de volaille et foie gras façon pastilla","description":"","summary":"Dans une feuille de brick, un mille-feuille farci de cuisses de poulet au vin rouge épicé, une écrasée de pommes de terre au jus de cuisson et des cubes de foie gras frais.","timePreparation":"1h45mn","timeBaking":"1h","timeRest":"0mn","picture":"http://1.media.atelierdeschefs.com/recette-e10140-charlotte-de-volaille-et-foie-gras-facon-pastilla.jpg","ingredients":[{"label":"Pomme(s) de Terre charlotte","shopGroup":"Légumes","qte":"300","unit":"g","step":"","order":0},{"label":"Tranche(s) de foie gras de canard crue(s)","shopGroup":"Surgelés","qte":"2","unit":"pièce(s)","step":"","order":1},{"label":"Cuisse(s) de poulet (240 g)","shopGroup":"Volaille(s)","qte":"3","unit":"pièce(s)","step":"","order":2},{"label":"Feuille(s) de brick","shopGroup":"Traiteur","qte":"9","unit":"pièce(s)","step":"","order":3},{"label":"Oignon(s)","shopGroup":"Légumes","qte":"2","unit":"pièce(s)","step":"","order":4},{"label":"Raisin(s) sec(s) blond(s)","shopGroup":"Epicerie","qte":"50","unit":"g","step":"","order":5},{"label":"Cannelle en poudre","shopGroup":"Epicerie","qte":"5","unit":"g","step":"","order":6},{"label":"Thym frais","shopGroup":"Herbes aromatiques","qte":"1","unit":"branche(s)","step":"","order":7},{"label":"Orange(s)","shopGroup":"Fruits","qte":"1","unit":"pièce(s)","step":"","order":8},{"label":"Citron(s) jaune(s) non traités","shopGroup":"Fruits","qte":"1","unit":"pièce(s)","step":"","order":9},{"label":"Gousse(s) d'ail","shopGroup":"Légumes","qte":"3","unit":"gousse(s)","step":"","order":10},{"label":"Coriandre fraîche","shopGroup":"Herbes aromatiques","qte":"0.25","unit":"botte(s)","step":"","order":11},{"label":"Vin rouge","shopGroup":"Boissons alcoolisées","qte":"40","unit":"cl","step":"","order":12},{"label":"Fond de veau déshydraté","shopGroup":"Epicerie","qte":"20","unit":"g","step":"","order":13},{"label":"Gros sel","shopGroup":"","qte":"10","unit":"g","step":"","order":14},{"label":"Sel fin","shopGroup":"","qte":"3","unit":"pincée(s)","step":"","order":15},{"label":"Moulin à poivre","shopGroup":"","qte":"3","unit":"tour(s)","step":"","order":16},{"label":"Huile d'olive","shopGroup":"Epicerie","qte":"3","unit":"cl","step":"","order":17}]}