{"title":"Brochette de saumon au romarin","description":"Tailler des dés de saumon de 3 cm de côté. <br />Préparer une branche de romarin par brochette : effeuiller le romarin en laissant un plumeau à l'extrémité de la branche. Laver le citron vert et prélever le zeste. <br /><br />Piquer 3 cubes de saumon par branche et laisser mariner dans un plat avec 2 cuillères à soupe d'huile d'olive et le zeste du citron vert. Assaisonner ensuite de fleur de sel et de piment d'Espelette.<br /><br />Dans une poêle très chaude avec un filet d'huile d'olive, colorer rapidement les brochettes de saumon aller retour et réserver. Presser le jus du citron vert dans la poêle et arroser les brochettes avec cette sauce. Servir aussitôt.<br />","summary":"Des cubes de saumon parfumés au citron vert et à l'huile d'olive, servis sur des pics de romarin.","timePreparation":"30mn","timeBaking":"0mn","timeRest":"0mn","picture":"","ingredients":[{"label":"Filet(s)de saumon","shopGroup":"Poissonnerie","qte":"900","unit":"g","step":"","order":0},{"label":"Branche(s) de romarin","shopGroup":"Herbes aromatiques","qte":"6","unit":"pièce(s)","step":"","order":1},{"label":"Huile d'olive","shopGroup":"Epicerie","qte":"5","unit":"cl","step":"","order":2},{"label":"Citron(s) vert(s)","shopGroup":"Fruits","qte":"1","unit":"pièce(s)","step":"","order":3},{"label":"Fleur de sel","shopGroup":"Epicerie","qte":"6","unit":"pincée(s)","step":"","order":4},{"label":"Piment d'Espelette","shopGroup":"Epicerie","qte":"2","unit":"g","step":"","order":5}],"chiefTip":"Remplacez les branches de romarin par des tiges de citronnelle pour donner une note asiatique à votre plat.","id":99}