{"title":"Brochette de saumon au romarin","description":"","summary":"Des cubes de saumon parfumés au citron vert et à l'huile d'olive, servis sur des pics de romarin.","timePreparation":"30mn","timeBaking":"0mn","timeRest":"0mn","picture":"","ingredients":[{"label":"Filet(s)de saumon","shopGroup":"Poissonnerie","qte":"900","unit":"g","step":"","order":0},{"label":"Branche(s) de romarin","shopGroup":"Herbes aromatiques","qte":"6","unit":"pièce(s)","step":"","order":1},{"label":"Huile d'olive","shopGroup":"Epicerie","qte":"5","unit":"cl","step":"","order":2},{"label":"Citron(s) vert(s)","shopGroup":"Fruits","qte":"1","unit":"pièce(s)","step":"","order":3},{"label":"Fleur de sel","shopGroup":"Epicerie","qte":"6","unit":"pincée(s)","step":"","order":4},{"label":"Piment d'Espelette","shopGroup":"Epicerie","qte":"2","unit":"g","step":"","order":5}],"chiefTip":"Remplacez les branches de romarin par des tiges de citronnelle pour donner une note asiatique à votre plat.","id":99}