{"title":"Salade japonaise, tofu et champignons noirs","description":"","summary":"Une salade de pois gourmands croquants, de tofu et de champignons noirs, assaisonnée d'une vinaigrette à base d'huile de sésame, de sauce soja et de citron vert.","timePreparation":"30mn","timeBaking":"0mn","timeRest":"0mn","picture":"","ingredients":[{"label":"Tofu","shopGroup":"Epicerie","qte":"300","unit":"g","step":"","order":0},{"label":"Pois gourmand(s)","shopGroup":"Légumes","qte":"250","unit":"g","step":"","order":1},{"label":"Champignon(s) noir(s) déshydraté(s)","shopGroup":"Epicerie","qte":"50","unit":"g","step":"","order":2},{"label":"Graines de sésame blanches","shopGroup":"Epicerie","qte":"30","unit":"g","step":"","order":3},{"label":"Huile de sésame","shopGroup":"Epicerie","qte":"5","unit":"cl","step":"","order":4},{"label":"Huile d'olive","shopGroup":"Epicerie","qte":"5","unit":"cl","step":"","order":5},{"label":"Sauce Soja","shopGroup":"Epicerie","qte":"3","unit":"cl","step":"","order":6},{"label":"Jus de citron vert","shopGroup":"Boissons sans alcool","qte":"2","unit":"cl","step":"","order":7},{"label":"Gros sel","shopGroup":"","qte":"10","unit":"g","step":"","order":8}],"chiefTip":"Pour rehausser votre salade, vous pouvez ajouter du wasabi à votre vinaigrette.","id":10093}