{"title":"Filet de bar à l'orange et sauce hollandaise","description":"<br /><b>Pour la sauce</b><br />Faire fondre les 200 g de beurre.  <br />Réaliser la réduction pour la sauce hollandaise : éplucher les échalotes et l'ail, puis les ciseler finement et les mettre dans une casserole avec le vin blanc et les aromates (thym, laurier). Laisser réduire jusqu'à obtenir l'équivalent de 3 cuillères à soupe de liquide.<br /><br />Presser le citron pour récupérer tout le jus. Clarifier le beurre.<br />Passer la réduction de sauce hollandaise au chinois, puis ajouter les 4 jaunes d'oeufs et saler. Mettre le tout à feu très doux, puis fouetter rapidement pour donner un maximum de volume. Dès que le sabayon permet d'entrevoir le fond de la casserole après le passage du fouet, stopper la cuisson et ajouter petit à petit le beurre clarifié. Finir en ajoutant quelques gouttes de jus de citron. Conserver ensuite la sauce hollandaise à 60 °C.<br /><br /><b>Pour le poisson</b><br />Préchauffer le four à 200 °C.<br />Enlever les arêtes du bar et l'assaisonner de fleur de sel et de poivre. Râper les zestes d'orange et prélever les segments.<br />Poser les poissons côté chair sur une plaque allant au four, les arroser d'un filet d'huile d'olive et les parsemer de zestes d'orange. Enfourner ensuite pendant 6 min.<br /><br />Servir aussitôt les filets en assiettes plates et les accompagner de sauce hollandaise et de quelques segments d'orange.<br />","summary":"Un filet de bar parfumé aux zestes d'orange, cuit au four et accompagné de la classique sauce hollandaise.","timePreparation":"30mn","timeBaking":"0mn","timeRest":"0mn","picture":"","ingredients":[{"label":"Filet(s) de bar portion","shopGroup":"Poissonnerie","qte":"6","unit":"pièce(s)","step":"","order":0},{"label":"Orange(s)","shopGroup":"Fruits","qte":"1","unit":"pièce(s)","step":"","order":1},{"label":"Huile d'olive","shopGroup":"Epicerie","qte":"2","unit":"cl","step":"","order":2},{"label":"Beurre doux","shopGroup":"Crèmerie  hors fromage","qte":"200","unit":"g","step":"Pour la sauce","order":3},{"label":"Echalote(s)","shopGroup":"Légumes","qte":"60","unit":"g","step":"Pour la sauce","order":4},{"label":"Jaune(s) d'oeuf(s)","shopGroup":"Crèmerie  hors fromage","qte":"4","unit":"pièce(s)","step":"Pour la sauce","order":5},{"label":"Vin blanc sec","shopGroup":"Boissons alcoolisées","qte":"15","unit":"cl","step":"Pour la sauce","order":6},{"label":"Branche(s) de thym","shopGroup":"Herbes aromatiques","qte":"1","unit":"pièce(s)","step":"Pour la sauce","order":7},{"label":"Gousse(s) d'ail","shopGroup":"Légumes","qte":"1","unit":"gousse(s)","step":"Pour la sauce","order":8},{"label":"Sel fin","shopGroup":"","qte":"6","unit":"pincée(s)","step":"Pour la sauce","order":9},{"label":"Moulin à poivre","shopGroup":"","qte":"6","unit":"tour(s)","step":"Pour la sauce","order":10},{"label":"Fleur de sel","shopGroup":"Epicerie","qte":"6","unit":"pincée(s)","step":"Pour la sauce","order":11},{"label":"Citron(s) jaune(s)","shopGroup":"Fruits","qte":"0.5","unit":"pièce(s)","step":"Pour la sauce","order":12}],"chiefTip":"Parfumez votre sauce hollandaise avec les herbes fraîches et les épices de votre choix.","id":10475}