{"id":10038,"title":"Recette de Croustillant de chèvre au miel et pousses d'épinard","description":"","summary":"Un croustillant de feuille de brick, garni de fromage de chèvre frais au miel et de feuilles de pousses d'épinard, et cuit au four.","timePreparation":"15mn","timeBaking":"0mn","timeRest":"0mn","picture":"http://1.media.atelierdeschefs.com/recette-e10038-croustillant-de-chevre-au-miel-et-pousses-d-epinard.jpg","ingredients":[{"label":"Feuille(s) de brick","shopGroup":"Traiteur","qte":"6","unit":"pièce(s)","step":"","order":0},{"label":"Pousse(s) d'épinard","shopGroup":"Légumes","qte":"300","unit":"g","step":"","order":1},{"label":"Buche(s) de chèvre(s) frais","shopGroup":"Fromage(s)","qte":"1","unit":"pièce(s)","step":"","order":2},{"label":"Huile d'olive","shopGroup":"Epicerie","qte":"5","unit":"cl","step":"","order":3},{"label":"Miel","shopGroup":"Epicerie","qte":"20","unit":"g","step":"","order":4},{"label":"Sel fin","shopGroup":"","qte":"3","unit":"pincée(s)","step":"","order":5},{"label":"Moulin à poivre","shopGroup":"","qte":"3","unit":"tour(s)","step":"","order":6}]}