{"title":"Sifflets de carotte à La Vache qui rit","description":"","summary":"Carottes coupées en biseaux et oignons nouveaux, cuits dans une sauce onctueuse à La Vache qui rit parfumée aux graines de coriandre.","timePreparation":"30mn","timeBaking":"0mn","timeRest":"0mn","picture":"","ingredients":[{"label":"Vache qui rit","shopGroup":"Fromage(s)","qte":"4","unit":"pièce(s)","step":"","order":0},{"label":"Carotte(s) fane(s)","shopGroup":"Légumes","qte":"8","unit":"pièce(s)","step":"","order":1},{"label":"Oignon(s) nouveau(x)","shopGroup":"Légumes","qte":"4","unit":"pièce(s)","step":"","order":2},{"label":"Persil plat","shopGroup":"Herbes aromatiques","qte":"0.5","unit":"botte(s)","step":"","order":3},{"label":"Coriandre en grain","shopGroup":"Epicerie","qte":"5","unit":"g","step":"","order":4},{"label":"Huile d'olive","shopGroup":"Epicerie","qte":"5","unit":"cl","step":"","order":5},{"label":"Sel fin","shopGroup":"","qte":"6","unit":"pincée(s)","step":"","order":6},{"label":"Eau","shopGroup":"","qte":"20","unit":"cl","step":"","order":7}],"chiefTip":"Si vous souhaitez des légumes plus fondants, ajoutez un peu plus d'eau et poursuivez la cuisson quelques minutes.","id":10014}