{"title":"Gaufre aux graines d'anis et aux baies roses, saumon mariné au citron vert et à l'aneth","description":"<br /><b>Pour la pâte </b><br />Préchauffer le gaufrier.<br />Dans le bol du robot avec le fouet, disposer la farine, le sucre, le lait en poudre, le sel, les graines d'anis et les baies roses, puis faire tourner à mi-puissance.<br />Dissoudre la levure fraîche dans l'eau tiède puis la verser sur le mélange. Faire fondre le beurre puis l'ajouter à la pâte.<br />Laisser la pâte reposer sous un  linge humide pendant 30 min à température ambiante.<br /><br />Monter les 2 blancs d'oeufs en neige, puis les incorporer à la pâte. Couler ensuite la pâte dans les gaufriers et la cuire. <br />Déposer les gaufres sur une grille afin de préserver leur moelleux, puis couper chacune en 2 dans la longueur.<br /><br /><b>Pour le reste de la recette </b><br />Tailler le saumon en fines tranches, comme des sashimis. Hacher l'aneth.<br />Dans un récipient, râper le citron vert et le presser, puis incorporer l'huile d'olive et l'aneth haché. Saler et poivrer, puis laisser mariner les tranches de saumon pendant 3 min.<br /><br />Malaxer le fromage frais pour le rendre souple.<br />Disposer quelques tranches de saumon mariné sur les gaufres, puis déposer une quenelle de fromage frais réalisée à l'aide de 2 cuillères à café chaudes.<br />Arroser le tout de vinaigrette et servir.<br />","summary":"Apprenez à réaliser une légère gaufre faite maison, servie comme  un toast recouverte d'un saumon frais mariné au citron vert et à l'aneth.","timePreparation":"1h","timeBaking":"0mn","timeRest":"0mn","picture":"","ingredients":[{"label":"Farine de blé","shopGroup":"Epicerie","qte":"250","unit":"g","step":"Pour la pâte","order":0},{"label":"Levure de boulanger","shopGroup":"Epicerie","qte":"10","unit":"g","step":"Pour la pâte","order":1},{"label":"Cassonade","shopGroup":"Epicerie","qte":"10","unit":"g","step":"Pour la pâte","order":2},{"label":"Eau","shopGroup":"","qte":"15","unit":"cl","step":"Pour la pâte","order":3},{"label":"Lait en poudre","shopGroup":"Epicerie","qte":"60","unit":"g","step":"Pour la pâte","order":4},{"label":"Sel fin","shopGroup":"","qte":"5","unit":"pincée(s)","step":"Pour la pâte","order":5},{"label":"Beurre doux","shopGroup":"Crèmerie  hors fromage","qte":"100","unit":"g","step":"Pour la pâte","order":6},{"label":"Blanc(s) d'oeuf","shopGroup":"Crèmerie  hors fromage","qte":"2","unit":"pièce(s)","step":"Pour la pâte","order":7},{"label":"Graines d'anis","shopGroup":"Epicerie","qte":"2","unit":"g","step":"Pour la pâte","order":8},{"label":"Baie(s) rose(s)","shopGroup":"Epicerie","qte":"3","unit":"g","step":"Pour la pâte","order":9},{"label":"Saumon","shopGroup":"Poissonnerie","qte":"400","unit":"g","step":"Pour le reste de la recette","order":10},{"label":"Citron(s) vert(s)","shopGroup":"","qte":"1","unit":"pièce(s)","step":"Pour le reste de la recette","order":11},{"label":"Huile d'olive","shopGroup":"Epicerie","qte":"10","unit":"cl","step":"Pour le reste de la recette","order":12},{"label":"Aneth","shopGroup":"Herbes aromatiques","qte":"0.5","unit":"botte(s)","step":"Pour le reste de la recette","order":13},{"label":"Fromage frais","shopGroup":"Fromage(s)","qte":"150","unit":"g","step":"Pour le reste de la recette","order":14},{"label":"Sel fin","shopGroup":"","qte":"6","unit":"pincée(s)","step":"Pour le reste de la recette","order":15},{"label":"Moulin à poivre","shopGroup":"","qte":"6","unit":"tour(s)","step":"Pour le reste de la recette","order":16}],"chiefTip":"Lors de la saison hivernale, vous pouvez remplacer le saumon par des Saint-Jacques.","id":10649}