{"id":10649,"title":"Recette de Gaufre aux graines d'anis et aux baies roses, saumon mariné au citron vert et à l'aneth","description":"","summary":"Apprenez à réaliser une légère gaufre faite maison, servie comme  un toast recouverte d'un saumon frais mariné au citron vert et à l'aneth.","timePreparation":"1h","timeBaking":"0mn","timeRest":"0mn","picture":"http://1.media.atelierdeschefs.com/recette-e10649-gaufre-aux-graines-d-anis-et-aux-baies-roses-saumon-marine-au-citron-vert-et-a-l-aneth.jpg","ingredients":[{"label":"Farine de blé","shopGroup":"Epicerie","qte":"250","unit":"g","step":"Pour la pâte","order":0},{"label":"Levure de boulanger","shopGroup":"Epicerie","qte":"10","unit":"g","step":"Pour la pâte","order":1},{"label":"Cassonade","shopGroup":"Epicerie","qte":"10","unit":"g","step":"Pour la pâte","order":2},{"label":"Eau","shopGroup":"","qte":"15","unit":"cl","step":"Pour la pâte","order":3},{"label":"Lait en poudre","shopGroup":"Epicerie","qte":"60","unit":"g","step":"Pour la pâte","order":4},{"label":"Sel fin","shopGroup":"","qte":"5","unit":"pincée(s)","step":"Pour la pâte","order":5},{"label":"Beurre doux","shopGroup":"Crèmerie  hors fromage","qte":"100","unit":"g","step":"Pour la pâte","order":6},{"label":"Blanc(s) d'oeuf","shopGroup":"Crèmerie  hors fromage","qte":"2","unit":"pièce(s)","step":"Pour la pâte","order":7},{"label":"Graines d'anis","shopGroup":"Epicerie","qte":"2","unit":"g","step":"Pour la pâte","order":8},{"label":"Baie(s) rose(s)","shopGroup":"Epicerie","qte":"3","unit":"g","step":"Pour la pâte","order":9},{"label":"Saumon","shopGroup":"Poissonnerie","qte":"400","unit":"g","step":"Pour le reste de la recette","order":10},{"label":"Citron(s) vert(s)","shopGroup":"","qte":"1","unit":"pièce(s)","step":"Pour le reste de la recette","order":11},{"label":"Huile d'olive","shopGroup":"Epicerie","qte":"10","unit":"cl","step":"Pour le reste de la recette","order":12},{"label":"Aneth","shopGroup":"Herbes aromatiques","qte":"0.5","unit":"botte(s)","step":"Pour le reste de la recette","order":13},{"label":"Fromage frais","shopGroup":"Fromage(s)","qte":"150","unit":"g","step":"Pour le reste de la recette","order":14},{"label":"Sel fin","shopGroup":"","qte":"6","unit":"pincée(s)","step":"Pour le reste de la recette","order":15},{"label":"Moulin à poivre","shopGroup":"","qte":"6","unit":"tour(s)","step":"Pour le reste de la recette","order":16}]}