{"id":10525,"title":"Recette de Yaourt maison à la marmelade d'orange","description":"","summary":"Réalisez ce dessert simple à la maison, avec ou sans yaourtière.","timePreparation":"15mn","timeBaking":"12h","timeRest":"1h","picture":"http://1.media.atelierdeschefs.com/recette-e10525-yaourt-maison-a-la-marmelade-d-orange.jpg","ingredients":[{"label":"Yaourt(s) nature(s)","shopGroup":"Crèmerie  hors fromage","qte":"1","unit":"pièce(s)","step":"","order":0},{"label":"Lait entier","shopGroup":"Crèmerie  hors fromage","qte":"1","unit":"l","step":"","order":1},{"label":"Lait en poudre","shopGroup":"Epicerie","qte":"40","unit":"g","step":"","order":2},{"label":"Marmelade d'orange","shopGroup":"Epicerie","qte":"200","unit":"g","step":"","order":3}]}