{"title":"Yaourt maison à la marmelade d'orange","description":"Porter la moitié du lait à ébullition avec le lait en poudre. Diluer le yaourt dans le reste de lait, puis mélanger les 2 préparations.<br /><br />Dans des pots en verre, verser un fond de marmelade d'orange, puis verser délicatement le lait dessus. Ne pas fermer les pots.<br /><br /><b>Réaliser les yaourts avec une yaourtière :</b><br />Poser les pots dans la yaourtière, fermer le couvercle et laisser fermenter entre 8 et 12 h.<br />Éteindre la yaourtière, laisser reposer 1 h avant de fermer les pots et de les conserver au réfrigérateur au maximum 5 jours.<br /><br /><b>Réaliser les yaourts sans yaourtière :</b><br />Le principe est de développer les ferments dans une plage de  température comprise entre 40 et 45 °C (en-dessous les ferments n'agissent pas, au-dessus ils meurent).<br /><br />Préchauffer un four en mode étuve, puis poser les pots dedans pendant 8 à 12 h, four éteint.<br />Dans une Cocotte-Minute, porter l'équivalent d'un verre d'eau à ébullition, puis stopper le feu. Poser les pots dans l'eau et fermer le couvercle, puis laisser fermenter de 8 à 12 h.<br /><br />En été, il est même possible de réaliser cette technique en posant les yaourts non fermés dans un grand récipient avec un film alimentaire et en le mettant au soleil toute une journée !<br />","summary":"Réalisez ce dessert simple à la maison, avec ou sans yaourtière.","timePreparation":"15mn","timeBaking":"12h","timeRest":"1h","picture":"","ingredients":[{"label":"Yaourt(s) nature(s)","shopGroup":"Crèmerie  hors fromage","qte":"1","unit":"pièce(s)","step":"","order":0},{"label":"Lait entier","shopGroup":"Crèmerie  hors fromage","qte":"1","unit":"l","step":"","order":1},{"label":"Lait en poudre","shopGroup":"Epicerie","qte":"40","unit":"g","step":"","order":2},{"label":"Marmelade d'orange","shopGroup":"Epicerie","qte":"200","unit":"g","step":"","order":3}],"chiefTip":"Les yaourts se raffermissent après 2 jours au réfrigérateur.Le premier yaourt sert de ferment, ensuite pensez à conserver 1 yaourt de votre production maison pour établir un roulement.","id":10525}