{"title":"Wok de pommes au caramel de vanille, chantilly  de marron","description":"Éplucher et vider les pommes, puis les tailler en petits dés.<br />Dans un wok, chauffer le sucre jusqu'à l'obtention d'une jolie couleur caramel. Ajouter alors les pommes avec la gousse de vanille grattée et laisser cuire pendant quelques minutes sans remuer. Enrober ensuite les pommes de caramel vanillé.<br /><br />Pour l'émulsion : mélanger la purée de marrons et la cannelle. Ajouter la crème, puis filtrer. Verser la préparation dans un siphon et refermer, puis secouer comme un shaker. Injecter le gaz et bien secouer avant utilisation.<br /><br />Disposer les pommes dans une verrine, ajouter 1 cuillère à soupe de caramel de cuisson, puis finir avec l'émulsion.<br />Déguster aussitôt.<br />","summary":"De petits dés de pommes passés dans un caramel parfumé à la vanille, l'éternelle chantilly revisitée aux senteurs de Noël : un dessert rapide et gourmand qui fera le bonheur de vos invités.","timePreparation":"15mn","timeBaking":"10mn","timeRest":"0mn","picture":"","ingredients":[{"label":"Pomme(s) granny smith","shopGroup":"Fruits","qte":"6","unit":"pièce(s)","step":"","order":0},{"label":"Gousse(s) de vanille","shopGroup":"Epicerie","qte":"1","unit":"pièce(s)","step":"","order":1},{"label":"Sucre en poudre","shopGroup":"Epicerie","qte":"100","unit":"g","step":"","order":2},{"label":"Crème liquide entière","shopGroup":"Crèmerie  hors fromage","qte":"40","unit":"cl","step":"","order":3},{"label":"Crème de marron sucrée","shopGroup":"Epicerie","qte":"120","unit":"g","step":"","order":4},{"label":"Cannelle en poudre","shopGroup":"Epicerie","qte":"3","unit":"g","step":"","order":5}],"chiefTip":"Au moment d'injecter le gaz, il est préférable de garder la tête du siphon vers le bas pour que le gaz traverse tout le mélange.","id":10552}