{"id":10552,"title":"Recette de Wok de pommes au caramel de vanille, chantilly  de marron","description":"","summary":"De petits dés de pommes passés dans un caramel parfumé à la vanille, l'éternelle chantilly revisitée aux senteurs de Noël : un dessert rapide et gourmand qui fera le bonheur de vos invités.","timePreparation":"15mn","timeBaking":"10mn","timeRest":"0mn","picture":"http://1.media.atelierdeschefs.com/recette-e10552-wok-de-pommes-au-caramel-de-vanille-chantilly-de-marron.jpg","ingredients":[{"label":"Pomme(s) granny smith","shopGroup":"Fruits","qte":"6","unit":"pièce(s)","step":"","order":0},{"label":"Gousse(s) de vanille","shopGroup":"Epicerie","qte":"1","unit":"pièce(s)","step":"","order":1},{"label":"Sucre en poudre","shopGroup":"Epicerie","qte":"100","unit":"g","step":"","order":2},{"label":"Crème liquide entière","shopGroup":"Crèmerie  hors fromage","qte":"40","unit":"cl","step":"","order":3},{"label":"Crème de marron sucrée","shopGroup":"Epicerie","qte":"120","unit":"g","step":"","order":4},{"label":"Cannelle en poudre","shopGroup":"Epicerie","qte":"3","unit":"g","step":"","order":5}]}