{"title":"Wok de pommes au caramel de vanille, chantilly  de marron","description":"","summary":"De petits dés de pommes passés dans un caramel parfumé à la vanille, l'éternelle chantilly revisitée aux senteurs de Noël : un dessert rapide et gourmand qui fera le bonheur de vos invités.","timePreparation":"15mn","timeBaking":"10mn","timeRest":"0mn","picture":"","ingredients":[{"label":"Pomme(s) granny smith","shopGroup":"Fruits","qte":"6","unit":"pièce(s)","step":"","order":0},{"label":"Gousse(s) de vanille","shopGroup":"Epicerie","qte":"1","unit":"pièce(s)","step":"","order":1},{"label":"Sucre en poudre","shopGroup":"Epicerie","qte":"100","unit":"g","step":"","order":2},{"label":"Crème liquide entière","shopGroup":"Crèmerie  hors fromage","qte":"40","unit":"cl","step":"","order":3},{"label":"Crème de marron sucrée","shopGroup":"Epicerie","qte":"120","unit":"g","step":"","order":4},{"label":"Cannelle en poudre","shopGroup":"Epicerie","qte":"3","unit":"g","step":"","order":5}],"chiefTip":"Au moment d'injecter le gaz, il est préférable de garder la tête du siphon vers le bas pour que le gaz traverse tout le mélange.","id":10552}