{"title":"Cocotte de légumes glacés et canard au vin rouge","description":"","summary":"Cocotte de légumes glacés servie avec des filets de canette sauce au vin rouge.","timePreparation":"30mn","timeBaking":"15mn","timeRest":"0mn","picture":"http://1.media.atelierdeschefs.com/recette-c10465-cocotte-de-legumes-glaces-et-canard-au-vin-rouge.jpg","ingredients":[{"label":"Filet(s) de canette","shopGroup":"Volaille(s)","qte":"6","unit":"pièce(s)","step":"","order":0},{"label":"Carotte(s)","shopGroup":"Légumes","qte":"6","unit":"pièce(s)","step":"Pour la garniture","order":1},{"label":"Navet(s)","shopGroup":"Légumes","qte":"4","unit":"pièce(s)","step":"Pour la garniture","order":2},{"label":"Oignon(s) nouveau(x)","shopGroup":"Légumes","qte":"12","unit":"pièce(s)","step":"Pour la garniture","order":3},{"label":"Radis noir(s)","shopGroup":"Légumes","qte":"1","unit":"pièce(s)","step":"Pour la garniture","order":4},{"label":"Beurre doux","shopGroup":"Crèmerie  hors fromage","qte":"40","unit":"g","step":"Pour la garniture","order":5},{"label":"Sucre en poudre","shopGroup":"Epicerie","qte":"20","unit":"g","step":"Pour la garniture","order":6},{"label":"Sel fin","shopGroup":"","qte":"3","unit":"pincée(s)","step":"Pour la garniture","order":7},{"label":"Moulin à poivre","shopGroup":"","qte":"3","unit":"tour(s)","step":"Pour la garniture","order":8},{"label":"Fleur de sel","shopGroup":"Epicerie","qte":"3","unit":"pincée(s)","step":"Pour la garniture","order":9},{"label":"Cerfeuil","shopGroup":"Herbes aromatiques","qte":"0.25","unit":"botte(s)","step":"Pour la garniture","order":10},{"label":"Echalote(s)","shopGroup":"Légumes","qte":"1","unit":"pièce(s)","step":"Pour la garniture","order":11},{"label":"Fécule de maïs","shopGroup":"Epicerie","qte":"2","unit":"g","step":"Pour la sauce","order":12},{"label":"Vin rouge","shopGroup":"Boissons alcoolisées","qte":"25","unit":"cl","step":"Pour la sauce","order":13}],"chiefTip":"Pour renforcer la couleur de la sauce, vous pouvez ajouter à la fin 1 carré de chocolat noir.Variez les légumes en fonction des saisons.","id":10465}