{"id":10594,"title":"Recette de Carpaccio de Saint-Jacques à l'huile de cerfeuil, croustillant de corail à la pistache","description":"","summary":"De fines tranches de Saint-Jacques parfumées à l'aide d'une vinaigrette à base de cerfeuil. Le corail est entouré d'une feuille de brick pour amener du croustillant.","timePreparation":"15mn","timeBaking":"0mn","timeRest":"0mn","picture":"http://1.media.atelierdeschefs.com/recette-e10594-carpaccio-de-saint-jacques-a-l-huile-de-cerfeuil-croustillant-de-corail-a-la-pistache.jpg","ingredients":[{"label":"Coquille(s) Saint Jacques","shopGroup":"Poissonnerie","qte":"6","unit":"pièce(s)","step":"","order":0},{"label":"Feuille(s) de brick","shopGroup":"Traiteur","qte":"1","unit":"pièce(s)","step":"","order":1},{"label":"Huile de pistache","shopGroup":"Epicerie","qte":"3","unit":"cl","step":"","order":2},{"label":"Fleur de sel","shopGroup":"Epicerie","qte":"6","unit":"pincée(s)","step":"","order":3},{"label":"Piment d'Espelette","shopGroup":"","qte":"6","unit":"pincée(s)","step":"","order":4},{"label":"Cerfeuil","shopGroup":"Herbes aromatiques","qte":"0.25","unit":"botte(s)","step":"","order":5},{"label":"Huile d'olive","shopGroup":"Epicerie","qte":"5","unit":"cl","step":"Pour la vinaigrette","order":6},{"label":"Jus de citron vert","shopGroup":"Boissons sans alcool","qte":"2","unit":"cl","step":"Pour la vinaigrette","order":7},{"label":"Sel fin","shopGroup":"","qte":"3","unit":"pincée(s)","step":"Pour la vinaigrette","order":8},{"label":"Piment d'Espelette","shopGroup":"Epicerie","qte":"3","unit":"pincée(s)","step":"Pour la vinaigrette","order":9}]}