{"title":"Carpaccio de Saint-Jacques à l'huile de cerfeuil, croustillant de corail à la pistache","description":"Décoquiller les Saint-Jacques puis les rincer sous un filet d'eau froide. Retirer la barde et séparer le corail de la noix, puis les réserver séparément sur un papier absorbant.<br /><br />Laver le cerfeuil et le ciseler finement.<br />Dans un bol, verser le jus de citron vert et assaisonner, ajouter l'huile d'olive et les herbes puis laisser mariner.<br /><br />Tailler les noix en fines lamelles puis les disposer sur une assiette.<br />Tailler la feuille de brick en lamelles, puis vaporiser un peu d'huile à la pistache. Envelopper les morceaux de corail dans la feuille puis les disposer sur une crêpière chaude et les cuire 1 min sur chaque face.<br />Ajouter 1 cuillère à café de vinaigrette sur le carpaccio, quelques pincées de fleur de sel et de piment, puis terminer par le croustillant.<br />","summary":"De fines tranches de Saint-Jacques parfumées à l'aide d'une vinaigrette à base de cerfeuil. Le corail est entouré d'une feuille de brick pour amener du croustillant.","timePreparation":"15mn","timeBaking":"0mn","timeRest":"0mn","picture":"","ingredients":[{"label":"Coquille(s) Saint Jacques","shopGroup":"Poissonnerie","qte":"6","unit":"pièce(s)","step":"","order":0},{"label":"Feuille(s) de brick","shopGroup":"Traiteur","qte":"1","unit":"pièce(s)","step":"","order":1},{"label":"Huile de pistache","shopGroup":"Epicerie","qte":"3","unit":"cl","step":"","order":2},{"label":"Fleur de sel","shopGroup":"Epicerie","qte":"6","unit":"pincée(s)","step":"","order":3},{"label":"Piment d'Espelette","shopGroup":"","qte":"6","unit":"pincée(s)","step":"","order":4},{"label":"Cerfeuil","shopGroup":"Herbes aromatiques","qte":"0.25","unit":"botte(s)","step":"","order":5},{"label":"Huile d'olive","shopGroup":"Epicerie","qte":"5","unit":"cl","step":"Pour la vinaigrette","order":6},{"label":"Jus de citron vert","shopGroup":"Boissons sans alcool","qte":"2","unit":"cl","step":"Pour la vinaigrette","order":7},{"label":"Sel fin","shopGroup":"","qte":"3","unit":"pincée(s)","step":"Pour la vinaigrette","order":8},{"label":"Piment d'Espelette","shopGroup":"Epicerie","qte":"3","unit":"pincée(s)","step":"Pour la vinaigrette","order":9}],"chiefTip":"Pour conserver au maximum la fraîcheur du carpaccio de poisson, entreposez les assiettes de dégustation au frais avant d'y déposer les lamelles.","id":10594}