{"title":"Tournedos de saumon au lard, embeurrée de chou, crumble d'olives noires et parmesan","description":"Ôter les arêtes et la peau des pavés de saumon, puis inciser légèrement ceux-ci et les replier en 2. Les entourer ensuite avec une tranche de lard fumé et maintenir le tout avec un pic en bois ou de la ficelle afin de former des tournedos. Réserver au frais.<br /> <br />Laver tous les légumes. Éplucher les carottes et les tailler en brunoise. Éplucher les échalotes et les ciseler. Émincer le chou finement.<br />Dans une cocotte, faire suer les échalotes au beurre avec une pincée de sel, ajouter les carottes et laisser cuire pendant 2 min. Ajouter le chou et cuire durant 5 min en remuant. Ajouter alors un petit verre d'eau et laisser cuire à feu doux et à couvert pendant 20 min. Saler et poivrer en fin de cuisson.<br /><br />Préchauffer le four à 180 °C (th. 6).<br />Du bout des doigts, mélanger tous les éléments du crumble ensemble afin d'obtenir l'équivalent d'un gros granulé. Déposer ensuite la pâte sur un tapis de cuisson et l'enfourner à 180 °C pendant environ 13 min.<br /><br />Dans une poêle antiadhésive, faire chauffer l'huile d'olive et colorer les tournedos sur chaque face (finir la cuisson au four si nécessaire). Assaisonner au piment d'Espelette.<br /><br />Dresser le chou au milieu de l'assiette et déposer le saumon dessus, puis le crumble. Décorer de quelques brins de cerfeuil et d'un trait de réduction de vinaigre balsamique.<br />","summary":"Comme un tournedos de saumon accompagné d'un chou vert fondant aux petits légumes et d'un crumble aux olives noires.","timePreparation":"30mn","timeBaking":"30mn","timeRest":"0mn","picture":"","ingredients":[{"label":"Pavé(s) de saumon (150g)","shopGroup":"Poissonnerie","qte":"6","unit":"pièce(s)","step":"Pour l'étape 1","order":0},{"label":"Tranche(s) de lard fumé","shopGroup":"Charcuterie","qte":"12","unit":"pièce(s)","step":"Pour l'étape 1","order":1},{"label":"Huile d'olive","shopGroup":"","qte":"3","unit":"cl","step":"Pour l'étape 1","order":2},{"label":"Piment d'Espelette","shopGroup":"Epicerie","qte":"3","unit":"pincée(s)","step":"Pour l'étape 1","order":3},{"label":"Chou(x) vert(s)","shopGroup":"Légumes","qte":"1","unit":"pièce(s)","step":"Pour la garniture","order":4},{"label":"Carotte(s) fane(s)","shopGroup":"Légumes","qte":"3","unit":"pièce(s)","step":"Pour la garniture","order":5},{"label":"Echalote(s)","shopGroup":"Légumes","qte":"2","unit":"pièce(s)","step":"Pour la garniture","order":6},{"label":"Beurre doux","shopGroup":"Crèmerie  hors fromage","qte":"20","unit":"g","step":"Pour la garniture","order":7},{"label":"Sel fin","shopGroup":"","qte":"3","unit":"pincée(s)","step":"Pour la garniture","order":8},{"label":"Moulin à poivre","shopGroup":"","qte":"3","unit":"tour(s)","step":"Pour la garniture","order":9},{"label":"Tapenade d'olive noire","shopGroup":"Epicerie","qte":"60","unit":"g","step":"Pour le crumble","order":10},{"label":"Parmigiano Reggiano râpé","shopGroup":"","qte":"60","unit":"g","step":"Pour le crumble","order":11},{"label":"Farine de blé","shopGroup":"Epicerie","qte":"60","unit":"g","step":"Pour le crumble","order":12},{"label":"Poudre d'amande","shopGroup":"Epicerie","qte":"60","unit":"g","step":"Pour le crumble","order":13},{"label":"Huile d'olive","shopGroup":"Epicerie","qte":"3","unit":"cl","step":"Pour le crumble","order":14},{"label":"Cerfeuil","shopGroup":"Herbes aromatiques","qte":"0.25","unit":"botte(s)","step":"Pour le dressage","order":15},{"label":"Réduction de vinaigre Balsamique","shopGroup":"Epicerie","qte":"5","unit":"cl","step":"Pour le dressage","order":16}],"chiefTip":"Pour améliorer la tenue du lard durant la cuisson, vous pouvez envelopper les tournedos dans de la crépine.","id":10217}