{"id":10217,"title":"Recette de Tournedos de saumon au lard, embeurrée de chou, crumble d'olives noires et parmesan","description":"","summary":"Comme un tournedos de saumon accompagné d'un chou vert fondant aux petits légumes et d'un crumble aux olives noires.","timePreparation":"30mn","timeBaking":"30mn","timeRest":"0mn","picture":"http://1.media.atelierdeschefs.com/recette-e10217-tournedos-de-saumon-au-lard-embeurree-de-chou-crumble-d-olives-noires-et-parmesan.jpg","ingredients":[{"label":"Pavé(s) de saumon (150g)","shopGroup":"Poissonnerie","qte":"6","unit":"pièce(s)","step":"Pour l'étape 1","order":0},{"label":"Tranche(s) de lard fumé","shopGroup":"Charcuterie","qte":"12","unit":"pièce(s)","step":"Pour l'étape 1","order":1},{"label":"Huile d'olive","shopGroup":"","qte":"3","unit":"cl","step":"Pour l'étape 1","order":2},{"label":"Piment d'Espelette","shopGroup":"Epicerie","qte":"3","unit":"pincée(s)","step":"Pour l'étape 1","order":3},{"label":"Chou(x) vert(s)","shopGroup":"Légumes","qte":"1","unit":"pièce(s)","step":"Pour la garniture","order":4},{"label":"Carotte(s) fane(s)","shopGroup":"Légumes","qte":"3","unit":"pièce(s)","step":"Pour la garniture","order":5},{"label":"Echalote(s)","shopGroup":"Légumes","qte":"2","unit":"pièce(s)","step":"Pour la garniture","order":6},{"label":"Beurre doux","shopGroup":"Crèmerie  hors fromage","qte":"20","unit":"g","step":"Pour la garniture","order":7},{"label":"Sel fin","shopGroup":"","qte":"3","unit":"pincée(s)","step":"Pour la garniture","order":8},{"label":"Moulin à poivre","shopGroup":"","qte":"3","unit":"tour(s)","step":"Pour la garniture","order":9},{"label":"Tapenade d'olive noire","shopGroup":"Epicerie","qte":"60","unit":"g","step":"Pour le crumble","order":10},{"label":"Parmigiano Reggiano râpé","shopGroup":"","qte":"60","unit":"g","step":"Pour le crumble","order":11},{"label":"Farine de blé","shopGroup":"Epicerie","qte":"60","unit":"g","step":"Pour le crumble","order":12},{"label":"Poudre d'amande","shopGroup":"Epicerie","qte":"60","unit":"g","step":"Pour le crumble","order":13},{"label":"Huile d'olive","shopGroup":"Epicerie","qte":"3","unit":"cl","step":"Pour le crumble","order":14},{"label":"Cerfeuil","shopGroup":"Herbes aromatiques","qte":"0.25","unit":"botte(s)","step":"Pour le dressage","order":15},{"label":"Réduction de vinaigre Balsamique","shopGroup":"Epicerie","qte":"5","unit":"cl","step":"Pour le dressage","order":16}]}