{"id":10802,"title":"Recette de Chop suey végétarien de légumes, gingembre et cacahuètes","description":"","summary":"Un wok végétarien de petits légumes cuits (chop suey) parfumés au gingembre et aux cacahuètes.","timePreparation":"30mn","timeBaking":"0mn","timeRest":"0mn","picture":"http://1.media.atelierdeschefs.com/recette-e10802-chop-suey-vegetarien-de-legumes-gingembre-et-cacahuetes.jpg","ingredients":[{"label":"Poivron(s) jaune(s)","shopGroup":"Légumes","qte":"1","unit":"pièce(s)","step":"","order":0},{"label":"Poivron(s) rouge(s)","shopGroup":"Légumes","qte":"1","unit":"pièce(s)","step":"","order":1},{"label":"Poivron(s) vert(s)","shopGroup":"Légumes","qte":"1","unit":"pièce(s)","step":"","order":2},{"label":"Carotte(s)","shopGroup":"Légumes","qte":"1","unit":"pièce(s)","step":"","order":3},{"label":"Fenouil(s)","shopGroup":"Légumes","qte":"1","unit":"pièce(s)","step":"","order":4},{"label":"Pois gourmand(s)","shopGroup":"Légumes","qte":"125","unit":"g","step":"","order":5},{"label":"Courgette(s)","shopGroup":"Légumes","qte":"2","unit":"pièce(s)","step":"","order":6},{"label":"Oignon(s) rouge(s)","shopGroup":"Légumes","qte":"1","unit":"pièce(s)","step":"","order":7},{"label":"Gousse(s) d'ail","shopGroup":"Légumes","qte":"2","unit":"gousse(s)","step":"","order":8},{"label":"Gingembre frais","shopGroup":"Légumes","qte":"20","unit":"g","step":"","order":9},{"label":"Cacahuète(s)","shopGroup":"Epicerie","qte":"80","unit":"g","step":"","order":10},{"label":"Sel fin","shopGroup":"","qte":"6","unit":"pincée(s)","step":"","order":11},{"label":"Piment d'Espelette","shopGroup":"Epicerie","qte":"6","unit":"pincée(s)","step":"","order":12},{"label":"Huile d'olive","shopGroup":"Epicerie","qte":"5","unit":"cl","step":"","order":13},{"label":"Sauce Soja","shopGroup":"Epicerie","qte":"10","unit":"cl","step":"Pour la sauce","order":14},{"label":"Sucre roux","shopGroup":"Epicerie","qte":"50","unit":"g","step":"Pour la sauce","order":15},{"label":"Eau","shopGroup":"","qte":"15","unit":"cl","step":"Pour la sauce","order":16}]}