{"id":10194,"title":"Recette de Verrine de homard et concombre, espuma de chou-fleur","description":"","summary":"Marinade de homard et de concombre au citron vert, mousse légère de chou-fleur.","timePreparation":"30mn","timeBaking":"25mn","timeRest":"0mn","picture":"http://1.media.atelierdeschefs.com/recette-e10194-verrine-de-homard-et-concombre-espuma-de-chou-fleur.jpg","ingredients":[{"label":"Homard américain de 500 g","shopGroup":"Poissonnerie","qte":"2","unit":"pièce(s)","step":"","order":0},{"label":"Concombre(s)","shopGroup":"Légumes","qte":"1","unit":"pièce(s)","step":"","order":1},{"label":"Citron(s) vert(s)","shopGroup":"Fruits","qte":"1","unit":"pièce(s)","step":"","order":2},{"label":"Ciboulette","shopGroup":"Herbes aromatiques","qte":"0.5","unit":"botte(s)","step":"","order":3},{"label":"Huile d'olive","shopGroup":"Epicerie","qte":"10","unit":"cl","step":"","order":4},{"label":"Sel fin","shopGroup":"","qte":"3","unit":"pincée(s)","step":"","order":5},{"label":"Moulin à poivre","shopGroup":"","qte":"3","unit":"tour(s)","step":"","order":6},{"label":"Piment d'Espelette","shopGroup":"Epicerie","qte":"3","unit":"pincée(s)","step":"","order":7},{"label":"Chou(x) fleur","shopGroup":"Légumes","qte":"0.5","unit":"pièce(s)","step":"Pour l'émulsion","order":8},{"label":"Crème liquide entière","shopGroup":"Crèmerie  hors fromage","qte":"25","unit":"cl","step":"Pour l'émulsion","order":9},{"label":"Gros sel","shopGroup":"","qte":"10","unit":"g","step":"Pour l'émulsion","order":10}]}