{"title":"Verrine de homard et concombre, espuma de chou-fleur","description":"Laver le chou-fleur et le couper en sommités. Éplucher et vider le concombre, puis le couper en brunoise (dés de 5 mm de côté). Ciseler la ciboulette. Zester et presser le citron vert.<br />Préparer la vinaigrette avec le jus de citron et l'huile d'olive.<br /><br />Cuire le homard dans une marmite d'eau bouillante salée pendant 6 min, puis le décortiquer. Garder la petite pince entière, couper la grosse en 2 dans le sens de la longueur et réserver. Tailler 3 jolis médaillons dans le corps pour la décoration et couper le reste en petits dés.<br /> <br />Mélanger le concombre, la ciboulette et le homard coupé en petits dés. Saler et poivrer, puis ajouter les zestes de citron et un peu de vinaigrette.<br />Badigeonner les pinces et les médaillons de homard de vinaigrette.<br /><br /><b>Pour l'émulsion :</b><br />Porter de l'eau à ébullition et la saler, puis cuire les sommités de chou-fleur pendant 5 min. Stopper la cuisson en les plongeant dans de l'eau froide, puis les égoutter.<br />Mixer puis ajouter la crème. Filtrer puis verser dans le siphon et laisser au frais. Ajouter une cartouche et bien secouer.<br /><br /><b>Pour le dressage :</b><br />Dans une verrine, disposer la garniture de homard et de concombre, puis ajouter le siphon de chou-fleur. Finir en décorant de pinces et médaillons, et de brins de ciboulette.<br />","summary":"Marinade de homard et de concombre au citron vert, mousse légère de chou-fleur.","timePreparation":"30mn","timeBaking":"25mn","timeRest":"0mn","picture":"","ingredients":[{"label":"Homard américain de 500 g","shopGroup":"Poissonnerie","qte":"2","unit":"pièce(s)","step":"","order":0},{"label":"Concombre(s)","shopGroup":"Légumes","qte":"1","unit":"pièce(s)","step":"","order":1},{"label":"Citron(s) vert(s)","shopGroup":"Fruits","qte":"1","unit":"pièce(s)","step":"","order":2},{"label":"Ciboulette","shopGroup":"Herbes aromatiques","qte":"0.5","unit":"botte(s)","step":"","order":3},{"label":"Huile d'olive","shopGroup":"Epicerie","qte":"10","unit":"cl","step":"","order":4},{"label":"Sel fin","shopGroup":"","qte":"3","unit":"pincée(s)","step":"","order":5},{"label":"Moulin à poivre","shopGroup":"","qte":"3","unit":"tour(s)","step":"","order":6},{"label":"Piment d'Espelette","shopGroup":"Epicerie","qte":"3","unit":"pincée(s)","step":"","order":7},{"label":"Chou(x) fleur","shopGroup":"Légumes","qte":"0.5","unit":"pièce(s)","step":"Pour l'émulsion","order":8},{"label":"Crème liquide entière","shopGroup":"Crèmerie  hors fromage","qte":"25","unit":"cl","step":"Pour l'émulsion","order":9},{"label":"Gros sel","shopGroup":"","qte":"10","unit":"g","step":"Pour l'émulsion","order":10}],"chiefTip":"Le temps de cuisson n'est pas le même pour les pinces et le corps du homard. Vous pouvez décortiquer le homard à cru en plongeant en premier les pinces, puis le corps 2 min après.","id":10194}