{"id":10012,"title":"Recette de Terrine de foie gras au chocolat","description":"","summary":"Foie gras cru de canard, cuit en terrine puis coupé en tranches et enduit de chocolat, reconstitué ensuite pour former une terrine originale et très savoureuse.","timePreparation":"30mn","timeBaking":"25mn","timeRest":"30mn","picture":"http://1.media.atelierdeschefs.com/recette-e10012-terrine-de-foie-gras-au-chocolat.jpg","ingredients":[{"label":"Lobe(s) de foie gras de canard","shopGroup":"Volaille(s)","qte":"1","unit":"pièce(s)","step":"","order":0},{"label":"Chocolat noir","shopGroup":"Epicerie","qte":"200","unit":"g","step":"","order":1},{"label":"Sel fin","shopGroup":"","qte":"7","unit":"g","step":"","order":2},{"label":"Moulin à poivre","shopGroup":"","qte":"1","unit":"g","step":"","order":3},{"label":"Mélange 5 épices","shopGroup":"Epicerie","qte":"1","unit":"g","step":"","order":4},{"label":"Porto blanc","shopGroup":"Boissons alcoolisées","qte":"3","unit":"cl","step":"","order":5}]}