{"title":"Bagel au jambon cru, fromage au cresson","description":"","summary":"Un délicieux pain rond, ultra moelleux et grillé, garni de jambon cru et d'une préparation à base de cresson cru, d'olives et de fromage frais.","timePreparation":"15mn","timeBaking":"0mn","timeRest":"0mn","picture":"","ingredients":[{"label":"Bagel(s)","shopGroup":"Boulangerie","qte":"6","unit":"pièce(s)","step":"","order":0},{"label":"Tranche(s) de Jambon cru(s)","shopGroup":"Charcuterie","qte":"6","unit":"pièce(s)","step":"","order":1},{"label":"Fromage frais","shopGroup":"Fromage(s)","qte":"200","unit":"g","step":"","order":2},{"label":"Pétale(s) de tomate confite","shopGroup":"Epicerie","qte":"12","unit":"pièce(s)","step":"","order":3},{"label":"Cresson(s)","shopGroup":"Légumes","qte":"1","unit":"botte(s)","step":"","order":4},{"label":"Olive(s) verte(s)","shopGroup":"Epicerie","qte":"50","unit":"g","step":"","order":5},{"label":"Moulin à poivre","shopGroup":"","qte":"6","unit":"tour(s)","step":"","order":6}],"chiefTip":"Vous n'êtes pas obligé de griller le bagel avant de le garnir.Remplacez le cresson par de la roquette, même si elle n'est pas aussi piquante.Retrouvez la recette des bagels sur notre site Internet.","id":10284}