{"id":10284,"title":"Recette de Bagel au jambon cru, fromage au cresson","description":"","summary":"Un délicieux pain rond, ultra moelleux et grillé, garni de jambon cru et d'une préparation à base de cresson cru, d'olives et de fromage frais.","timePreparation":"15mn","timeBaking":"0mn","timeRest":"0mn","picture":"http://1.media.atelierdeschefs.com/recette-e10284-bagel-au-jambon-cru-fromage-au-cresson.jpg","ingredients":[{"label":"Bagel(s)","shopGroup":"Boulangerie","qte":"6","unit":"pièce(s)","step":"","order":0},{"label":"Tranche(s) de Jambon cru(s)","shopGroup":"Charcuterie","qte":"6","unit":"pièce(s)","step":"","order":1},{"label":"Fromage frais","shopGroup":"Fromage(s)","qte":"200","unit":"g","step":"","order":2},{"label":"Pétale(s) de tomate confite","shopGroup":"Epicerie","qte":"12","unit":"pièce(s)","step":"","order":3},{"label":"Cresson(s)","shopGroup":"Légumes","qte":"1","unit":"botte(s)","step":"","order":4},{"label":"Olive(s) verte(s)","shopGroup":"Epicerie","qte":"50","unit":"g","step":"","order":5},{"label":"Moulin à poivre","shopGroup":"","qte":"6","unit":"tour(s)","step":"","order":6}]}