{"title":"Pavé de sanglier au épices,  purée fine de céleri et pommes au four","description":"<br /><b>Pour les pavés de sanglier :</b><br />Préchauffer le four à 200 °C (th. 6/7).<br />Vider les pommes, les disposer dans un plat avec un peu d'eau, ajouter un petit morceau de beurre, puis enfourner pendant 15 min environ suivant la maturité des pommes. Une fois sorties du four, ajouter la gelée de groseille à l'intérieur de chaque pomme.<br /><br /><br /><b>Pour la partie 1 :</b><br />Éplucher le céleri-rave et le couper en petits cubes de 1 cm de côté. Éplucher et ciseler l'échalote.<br />Dans une cocotte avec un filet d'huile d'olive, faire suer l'échalote avec une pincée de sel. Ajouter le céleri, faire suer de nouveau puis ajouter le lait et les aromates. Cuire jusqu'à totale évaporation du lait. Mixer sans les aromates et rectifier l'assaisonnement. Réserver.<br /><br /><b>Pour la partie 2 :</b><br />Éplucher l'oignon et la pomme, vider cette dernière. Émincer le chou, l'oignon et la pomme en fines lamelles.<br />Dans une cocotte, faire suer l'oignon avec un filet d'huile d'olive et une pincée de sel. Ajouter le chou, faire suer de nouveau. Cuire ensuite à couvert pendant 20 à 30 min avec le vin rouge, la pomme et les épices, jusqu'à totale évaporation du vin.<br /><br /><b>Pour la partie 3 :</b><br />Préchauffer le four à 200 °C (th. 6/7).<br />Dans une poêle chaude avec un filet d'huile d'olive, colorer les pavés de sanglier pendant 2 min de chaque côté. Les débarrasser de la poêle et les mettre sur une plaque, saler et poivrer. Enfourner les pavés pendant 8 min.<br /><br />Dans la même poêle, ajouter le poivre de Sichuan et le vin rouge, réduire de moitié puis ajouter le jus de veau déshydraté avec un peu d'eau, tout en fouettant. Monter avec une noisette de beurre.<br /><br /><b>Pour le dressage :</b><br />Sur une assiette plate, dresser le pavé de sanglier au centre, disposer autour une quenelle de purée de céleri, la compotée de chou dans un emporte-pièce et la pomme au four.<br />","summary":"Pavé de sanglier parfumé au poivre de Sichuan, accompagné de garnitures de chasse (chou rouge, purée de céleri, pommes au four).","timePreparation":"40mn","timeBaking":"30mn","timeRest":"0mn","picture":"http://1.media.atelierdeschefs.com/recette-c10560-pave-de-sanglier-au-epices-puree-fine-de-celeri-et-pommes-au-four.jpg","ingredients":[{"label":"Pavé(s) de sanglier (140g)","shopGroup":"Boucherie","qte":"6","unit":"pièce(s)","step":"","order":0},{"label":"Jus de veau déshydraté","shopGroup":"Epicerie","qte":"10","unit":"g","step":"","order":1},{"label":"Poivre de Sichuan","shopGroup":"Epicerie","qte":"5","unit":"g","step":"","order":2},{"label":"Huile d'olive","shopGroup":"Epicerie","qte":"3","unit":"cl","step":"","order":3},{"label":"Beurre doux","shopGroup":"","qte":"15","unit":"g","step":"","order":4},{"label":"Sel fin","shopGroup":"","qte":"6","unit":"pincée(s)","step":"","order":5},{"label":"Moulin à poivre","shopGroup":"","qte":"6","unit":"tour(s)","step":"","order":6},{"label":"Céleri(s) rave","shopGroup":"Légumes","qte":"0.5","unit":"pièce(s)","step":"","order":7},{"label":"Echalote(s)","shopGroup":"Légumes","qte":"1","unit":"pièce(s)","step":"Pour l'étape 1","order":8},{"label":"Lait 1/2 écrémé","shopGroup":"Crèmerie  hors fromage","qte":"20","unit":"cl","step":"Pour l'étape 1","order":9},{"label":"Aromate(s) ail, thym, laurier","shopGroup":"Herbes aromatiques","qte":"1","unit":"pièce(s)","step":"Pour l'étape 1","order":10},{"label":"Chou(x) rouge(s)","shopGroup":"Légumes","qte":"0.25","unit":"pièce(s)","step":"Pour l'étape 1","order":11},{"label":"Pomme(s)","shopGroup":"Fruits","qte":"1","unit":"pièce(s)","step":"Pour l'étape 2","order":12},{"label":"Oignon(s)","shopGroup":"Légumes","qte":"1","unit":"pièce(s)","step":"Pour l'étape 2","order":13},{"label":"Vin rouge","shopGroup":"","qte":"25","unit":"cl","step":"Pour l'étape 2","order":14},{"label":"Clou(s) de girofle","shopGroup":"Epicerie","qte":"1","unit":"pièce(s)","step":"Pour l'étape 2","order":15},{"label":"Capsule(s) de cardamome verte","shopGroup":"Epicerie","qte":"1","unit":"pièce(s)","step":"Pour l'étape 2","order":16},{"label":"Baie(s) de genièvre","shopGroup":"Epicerie","qte":"2","unit":"pièce(s)","step":"Pour l'étape 2","order":17},{"label":"Pomme(s) braeburn ( rouge)","shopGroup":"Fruits","qte":"6","unit":"pièce(s)","step":"Pour l'étape 2","order":18},{"label":"Beurre doux","shopGroup":"Crèmerie  hors fromage","qte":"15","unit":"g","step":"Pour l'étape 3","order":19},{"label":"Gelée de groseille","shopGroup":"Epicerie","qte":"30","unit":"g","step":"Pour l'étape 3","order":20},{"label":"Vin rouge","shopGroup":"Boissons alcoolisées","qte":"20","unit":"cl","step":"Pour l'étape 3","order":21}],"chiefTip":"Vous pouvez préparer toute votre garniture à l'avance.Mettez la purée de céleri au bain-marie et réchauffez le chou et les pommes au dernier moment.","id":10560}