{"title":"Samoussas de pommes aux épices douces","description":"Préchauffer le four à 160°C.<br />Laver puis peler et découper les pommes à l'aide du pelle pomme. Les déposer dans un plat allant au four. Faire fondre le sucre dans une poêle chaude jusqu'à l'obtention d'un caramel blond, ajouter le beurre et 10 cl d'eau froide. Porter à ébullition, puis ajouter le 4 épices. Verser le caramel sur les pommes et faire cuire à four chaud durant 45 min.<br />Couper les pommes une fois cuites et y ajouter les fruits secs.<br />Préchauffer le four à 180°C.<br />Faire fondre 10 g de beurre. Détailler dans la longueur les feuilles de brick en quatre parts égales afin d'obtenir de larges bandes régulières. Les beurrer avec le beurre fondu au pinceau. Disposer à l'extrémité une petite cuillère de pommes puis replier la bande  de  brick sur le bord opposé afin d'obtenir un triangle. Répéter l'opération jusqu'en haut de bande, puis replier l'extrémité afin de fermer le samoussa comme une enveloppe. Déposer les samoussas sur une plaque allant au four et faire cuire 10 min afin de les rendre dorés et croustillants.<br />","summary":"Samoussas de pommes confites au four aux fruits secs et épices à vin chaud.","timePreparation":"45mn","timeBaking":"0mn","timeRest":"0mn","picture":"","ingredients":[{"label":"Pomme(s) Pink Lady","shopGroup":"Fruits","qte":"3","unit":"pièce(s)","step":"","order":0},{"label":"Beurre doux","shopGroup":"","qte":"10","unit":"g","step":"","order":1},{"label":"Sucre en poudre","shopGroup":"Epicerie","qte":"60","unit":"g","step":"","order":2},{"label":"Raisin(s) sec(s) blond(s)","shopGroup":"Epicerie","qte":"20","unit":"g","step":"","order":3},{"label":"Mélange de fruits secs ( amandes, noisettes, ...)","shopGroup":"Epicerie","qte":"20","unit":"g","step":"","order":4},{"label":"Mélange 4 épices","shopGroup":"Epicerie","qte":"3","unit":"g","step":"","order":5},{"label":"Feuille(s) de brick","shopGroup":"Traiteur","qte":"6","unit":"pièce(s)","step":"Pour le reste de la recette","order":6},{"label":"Beurre doux","shopGroup":"Crèmerie  hors fromage","qte":"10","unit":"g","step":"Pour le reste de la recette","order":7}],"chiefTip":"Il est possible de couper les pommes en dés et de les caraméliser sur le feu. Il est possible de cuire les samoussas dans une poêle.","id":10612}