{"id":10612,"title":"Recette de Samoussas de pommes aux épices douces","description":"","summary":"Samoussas de pommes confites au four aux fruits secs et épices à vin chaud.","timePreparation":"45mn","timeBaking":"0mn","timeRest":"0mn","picture":"http://1.media.atelierdeschefs.com/recette-e10612-samoussas-de-pommes-aux-epices-douces.jpg","ingredients":[{"label":"Pomme(s) Pink Lady","shopGroup":"Fruits","qte":"3","unit":"pièce(s)","step":"","order":0},{"label":"Beurre doux","shopGroup":"","qte":"10","unit":"g","step":"","order":1},{"label":"Sucre en poudre","shopGroup":"Epicerie","qte":"60","unit":"g","step":"","order":2},{"label":"Raisin(s) sec(s) blond(s)","shopGroup":"Epicerie","qte":"20","unit":"g","step":"","order":3},{"label":"Mélange de fruits secs ( amandes, noisettes, ...)","shopGroup":"Epicerie","qte":"20","unit":"g","step":"","order":4},{"label":"Mélange 4 épices","shopGroup":"Epicerie","qte":"3","unit":"g","step":"","order":5},{"label":"Feuille(s) de brick","shopGroup":"Traiteur","qte":"6","unit":"pièce(s)","step":"Pour le reste de la recette","order":6},{"label":"Beurre doux","shopGroup":"Crèmerie  hors fromage","qte":"10","unit":"g","step":"Pour le reste de la recette","order":7}]}