{"title":"Râbles de lapin façon royale","description":"Mettre la crépine à dégorger dans de l'eau froide.<br />Laver puis trier les champignons. Ciseler finement l'échalote et la ciboulette.<br />Couper les foies de volailles en 4.<br /><br />Dans une poêle chaude, saisir les champignons à l'huile d'olive, les saler et les poivrer. Ajouter en fin de cuisson l'échalote et la ciboulette. Réserver ensuite les champignons dans un récipient. Dans la même poêle avec de l'huile d'olive, faire sauter les foies de volaille à feu vif pendant seulement 1 min. Les saler et les poivrer, puis les mélanger aux champignons et laisser refroidir. <br /><br />Couper le foie gras en cubes, le saler et le poivrer, puis l'incorporer à la farce avec les brisures de truffe et l'huile de truffe blanche.<br /><br />Préparer les râbles de lapin : les désosser en séparant les 2 filets et en conservant la panoufle. Les ouvrir en portefeuille, puis les saler et les poivrer. Déposer la farce champignons/foies de volaille/foie gras/truffe à l'intérieur. Rouler le tout puis l'envelopper de crépine. <br /><br />Cuire dans une poêle bien chaude à l'huile d'olive, puis ajouter un verre d'eau et cuire à couvert et à l'étouffée pendant environ 8 min.<br /><br />Couper en tranches ou simplement en 2 biseaux.<br />","summary":"Râble de lapin ouvert en portefeuille puis garni d'une farce à base de foie gras, de brisures de truffe, de champignons et de foies de volaille, le tout enveloppé de crépine puis rôti et cuit à l'étouffée.","timePreparation":"45mn","timeBaking":"0mn","timeRest":"0mn","picture":"","ingredients":[{"label":"Râble(s) de lapin","shopGroup":"Volaille(s)","qte":"3","unit":"pièce(s)","step":"","order":0},{"label":"Champignon(s) de saison","shopGroup":"Légumes","qte":"200","unit":"g","step":"","order":1},{"label":"Echalote(s)","shopGroup":"Légumes","qte":"1","unit":"pièce(s)","step":"","order":2},{"label":"Foie(s) gras de canard cru(s)","shopGroup":"Volaille(s)","qte":"100","unit":"g","step":"","order":3},{"label":"Foie(s) de volaille","shopGroup":"Volaille(s)","qte":"100","unit":"g","step":"","order":4},{"label":"Ciboulette","shopGroup":"Herbes aromatiques","qte":"0.25","unit":"botte(s)","step":"","order":5},{"label":"Brisure(s) de truffe","shopGroup":"Epicerie","qte":"20","unit":"g","step":"","order":6},{"label":"Crépine(s) de porc","shopGroup":"Boucherie","qte":"600","unit":"g","step":"","order":7},{"label":"Sel fin","shopGroup":"","qte":"3","unit":"pincée(s)","step":"","order":8},{"label":"Moulin à poivre","shopGroup":"","qte":"3","unit":"tour(s)","step":"","order":9},{"label":"Huile d'olive","shopGroup":"Epicerie","qte":"5","unit":"cl","step":"","order":10},{"label":"Huile de truffe blanche","shopGroup":"Epicerie","qte":"5","unit":"cl","step":"","order":11}],"chiefTip":"A défaut de râbles de lapin, utilisez des râbles de lièvre.","id":10566}