{"id":10566,"title":"Recette de Râbles de lapin façon royale","description":"","summary":"Râble de lapin ouvert en portefeuille puis garni d'une farce à base de foie gras, de brisures de truffe, de champignons et de foies de volaille, le tout enveloppé de crépine puis rôti et cuit à l'étouffée.","timePreparation":"45mn","timeBaking":"0mn","timeRest":"0mn","picture":"http://1.media.atelierdeschefs.com/recette-e10566-rables-de-lapin-facon-royale.jpg","ingredients":[{"label":"Râble(s) de lapin","shopGroup":"Volaille(s)","qte":"3","unit":"pièce(s)","step":"","order":0},{"label":"Champignon(s) de saison","shopGroup":"Légumes","qte":"200","unit":"g","step":"","order":1},{"label":"Echalote(s)","shopGroup":"Légumes","qte":"1","unit":"pièce(s)","step":"","order":2},{"label":"Foie(s) gras de canard cru(s)","shopGroup":"Volaille(s)","qte":"100","unit":"g","step":"","order":3},{"label":"Foie(s) de volaille","shopGroup":"Volaille(s)","qte":"100","unit":"g","step":"","order":4},{"label":"Ciboulette","shopGroup":"Herbes aromatiques","qte":"0.25","unit":"botte(s)","step":"","order":5},{"label":"Brisure(s) de truffe","shopGroup":"Epicerie","qte":"20","unit":"g","step":"","order":6},{"label":"Crépine(s) de porc","shopGroup":"Boucherie","qte":"600","unit":"g","step":"","order":7},{"label":"Sel fin","shopGroup":"","qte":"3","unit":"pincée(s)","step":"","order":8},{"label":"Moulin à poivre","shopGroup":"","qte":"3","unit":"tour(s)","step":"","order":9},{"label":"Huile d'olive","shopGroup":"Epicerie","qte":"5","unit":"cl","step":"","order":10},{"label":"Huile de truffe blanche","shopGroup":"Epicerie","qte":"5","unit":"cl","step":"","order":11}]}