{"title":"Sauté de porc aux épices, riz parfumé à la cannelle","description":"Éplucher l'oignon et l'émincer en fines lamelles. Couper l'échine de porc en cubes.<br /><br />Dans une poêle avec un filet d'huile, faire sauter le porc à feu vif sur toutes ses faces, puis le retirer et l'assaisonner. Pendant ce temps, faire cuire pendant 3 min la moitié de l'oignon dans la même poêle, avec les amandes et les raisins secs. Ajouter le porc, saupoudrer de curry et mouiller d'eau à hauteur. Faire ensuite cuire à feu moyen pendant 15 min.<br /><br />Dans une casserole, faire suer l'oignon et le bâton de cannelle avec un filet d'huile. Ajouter le riz, assaisonner et verser l'eau, couvrir puis laisser cuire à feu moyen jusqu'à complète évaporation de l'eau.<br /><br />Dresser le riz dans des tasses huilées, les retourner ensuite dans les assiettes. Dresser le porc et verser la sauce.<br />","summary":"Un sauté de porc au curry réalisé avec de l'échine, des amandes et des raisins secs. Ce sauté est accompagné d'un riz parfumé à la cannelle.","timePreparation":"15mn","timeBaking":"18mn","timeRest":"0mn","picture":"","ingredients":[{"label":"Echine de porc","shopGroup":"Boucherie","qte":"900","unit":"g","step":"","order":0},{"label":"Curry","shopGroup":"Epicerie","qte":"5","unit":"g","step":"","order":1},{"label":"Raisin(s) sec(s) blond(s)","shopGroup":"Epicerie","qte":"20","unit":"g","step":"","order":2},{"label":"Amande(s) effilée(s)","shopGroup":"Epicerie","qte":"20","unit":"g","step":"","order":3},{"label":"Oignon(s)","shopGroup":"Légumes","qte":"1","unit":"pièce(s)","step":"","order":4},{"label":"Huile d'arachide","shopGroup":"Epicerie","qte":"5","unit":"cl","step":"","order":5},{"label":"Sel fin","shopGroup":"","qte":"3","unit":"pincée(s)","step":"","order":6},{"label":"Moulin à poivre","shopGroup":"","qte":"3","unit":"tour(s)","step":"","order":7},{"label":"Riz basmati","shopGroup":"Epicerie","qte":"300","unit":"g","step":"","order":8},{"label":"Eau","shopGroup":"","qte":"45","unit":"cl","step":"","order":9},{"label":"Bâton(s) de cannelle","shopGroup":"Epicerie","qte":"1","unit":"pièce(s)","step":"","order":10}],"chiefTip":"Pour donner de l'onctuosité à votre plat, vous pouvez ajouter un peu de crème liquide à la fin de la cuisson de la sauce.","id":10022}