{"id":10022,"title":"Recette de Sauté de porc aux épices, riz parfumé à la cannelle","description":"","summary":"Un sauté de porc au curry réalisé avec de l'échine, des amandes et des raisins secs. Ce sauté est accompagné d'un riz parfumé à la cannelle.","timePreparation":"15mn","timeBaking":"18mn","timeRest":"0mn","picture":"http://1.media.atelierdeschefs.com/recette-e10022-saute-de-porc-aux-epices-riz-parfume-a-la-cannelle.jpg","ingredients":[{"label":"Echine de porc","shopGroup":"Boucherie","qte":"900","unit":"g","step":"","order":0},{"label":"Curry","shopGroup":"Epicerie","qte":"5","unit":"g","step":"","order":1},{"label":"Raisin(s) sec(s) blond(s)","shopGroup":"Epicerie","qte":"20","unit":"g","step":"","order":2},{"label":"Amande(s) effilée(s)","shopGroup":"Epicerie","qte":"20","unit":"g","step":"","order":3},{"label":"Oignon(s)","shopGroup":"Légumes","qte":"1","unit":"pièce(s)","step":"","order":4},{"label":"Huile d'arachide","shopGroup":"Epicerie","qte":"5","unit":"cl","step":"","order":5},{"label":"Sel fin","shopGroup":"","qte":"3","unit":"pincée(s)","step":"","order":6},{"label":"Moulin à poivre","shopGroup":"","qte":"3","unit":"tour(s)","step":"","order":7},{"label":"Riz basmati","shopGroup":"Epicerie","qte":"300","unit":"g","step":"","order":8},{"label":"Eau","shopGroup":"","qte":"45","unit":"cl","step":"","order":9},{"label":"Bâton(s) de cannelle","shopGroup":"Epicerie","qte":"1","unit":"pièce(s)","step":"","order":10}]}