{"id":10794,"title":"Recette de Pastasotto de Coquillettes aux petits pois et poulet grillé","description":"","summary":"Coquillettes Integrale cuites comme un risotto, garnies de fèves et de petits pois surgelés, de fines lanières de poulet poêlées à l'huile d'olive, de petits dés de tomates confites, de pignons de pin et de copeaux de parmesan.","timePreparation":"15mn","timeBaking":"20mn","timeRest":"0mn","picture":"http://1.media.atelierdeschefs.com/recette-e10794-pastasotto-de-coquillettes-aux-petits-pois-et-poulet-grille.jpg","ingredients":[{"label":"Coquillette","shopGroup":"Epicerie","qte":"500","unit":"g","step":"","order":0},{"label":"Oignon(s)","shopGroup":"Légumes","qte":"1","unit":"pièce(s)","step":"","order":1},{"label":"Vin blanc sec","shopGroup":"Boissons alcoolisées","qte":"12","unit":"cl","step":"","order":2},{"label":"Bouillon de volaille","shopGroup":"Epicerie","qte":"150","unit":"cl","step":"","order":3},{"label":"Filet(s) de poulet (150 g)","shopGroup":"Volaille(s)","qte":"3","unit":"pièce(s)","step":"","order":4},{"label":"Tomate(s) confite(s)","shopGroup":"Epicerie","qte":"50","unit":"g","step":"","order":5},{"label":"Petit(s) pois surgelé(s)","shopGroup":"Surgelés","qte":"150","unit":"g","step":"","order":6},{"label":"Fève(s) écossée(s) surgelée(s)","shopGroup":"Surgelés","qte":"150","unit":"g","step":"","order":7},{"label":"Basilic","shopGroup":"Herbes aromatiques","qte":"0.5","unit":"botte(s)","step":"","order":8},{"label":"Copeau(x) de Parmigiano Reggiano","shopGroup":"Fromage(s)","qte":"50","unit":"g","step":"","order":9},{"label":"Sel fin","shopGroup":"","qte":"6","unit":"pincée(s)","step":"","order":10},{"label":"Moulin à poivre","shopGroup":"","qte":"6","unit":"tour(s)","step":"","order":11},{"label":"Huile d'olive","shopGroup":"Epicerie","qte":"3","unit":"cl","step":"","order":12},{"label":"Pignon(s) de pin","shopGroup":"Epicerie","qte":"30","unit":"g","step":"","order":13}]}