{"title":"Passion créative : Papillote créative aux gambas, émulsion au wasabi","description":"Décortiquer les gambas en prenant soin de retirer le boyau, puis les couper en 2 dans le sens de la longueur.<br /><br />Laver tous les légumes. Couper les tomates cerises en 2. Éplucher puis râper le navet long et les radis.<br />Mélanger tous les légumes dans un bol et les assaisonner de sel et de piment d'Espelette.<br /><br />Pour la sauce : peler la gousse d'ail et la dégermer. Effeuiller la coriandre.<br />Dans un blender, disposer tous les ingrédients et mixer, puis réserver.<br /><br />Couper les feuilles de Carta Fata en grand carrés de 20 cm de côté. Poser au centre de chaque feuille le mélange de légumes, puis assaisonner. Ajouter les gambas et un filet de sauce chinoise et d'huile d'olive, puis fermer les papillotes hermétiquement avec une ficelle ou une épingle à linge. Les cuire ensuite à feu doux dans une poêle sans matière grasse.<br /><br />Dans un bol, mélanger la crème, le wasabi et le colorant, puis verser le tout dans un siphon. Placer la cartouche de gaz et réserver.<br /><br />Ouvrir les papillotes puis siphonner l'émulsion de wasabi devant les convives.<br />","summary":"Une papillote rapide et originale, à base de gambas et de petits légumes croquants aux parfums d'Asie et de wasabi.","timePreparation":"30mn","timeBaking":"0mn","timeRest":"0mn","picture":"","ingredients":[{"label":"Gambas surgelée(s)","shopGroup":"Surgelés","qte":"24","unit":"pièce(s)","step":"","order":0},{"label":"Navet(s) long","shopGroup":"Légumes","qte":"1","unit":"pièce(s)","step":"","order":1},{"label":"Pousse(s) de soja","shopGroup":"Légumes","qte":"200","unit":"g","step":"","order":2},{"label":"Radis rouge(s)","shopGroup":"Légumes","qte":"1","unit":"botte(s)","step":"","order":3},{"label":"Tomate(s) cerise(s)","shopGroup":"Fruits","qte":"250","unit":"g","step":"","order":4},{"label":"Piment d'Espelette","shopGroup":"Epicerie","qte":"6","unit":"pincée(s)","step":"","order":5},{"label":"Sel fin","shopGroup":"","qte":"6","unit":"pincée(s)","step":"","order":6},{"label":"Huile d'olive","shopGroup":"Epicerie","qte":"5","unit":"cl","step":"","order":7},{"label":"Wasabi","shopGroup":"Epicerie","qte":"10","unit":"g","step":"Pour l'émulsion","order":8},{"label":"Crème liquide entière","shopGroup":"Crèmerie  hors fromage","qte":"25","unit":"cl","step":"Pour l'émulsion","order":9},{"label":"Colorant poudre vert","shopGroup":"Epicerie","qte":"1","unit":"g","step":"Pour l'émulsion","order":10},{"label":"Sauce Chili aigre-douce","shopGroup":"Epicerie","qte":"5","unit":"cl","step":"Pour la sauce","order":11},{"label":"Sauce Soja","shopGroup":"Epicerie","qte":"10","unit":"cl","step":"Pour la sauce","order":12},{"label":"Gousse(s) d'ail","shopGroup":"Légumes","qte":"1","unit":"gousse(s)","step":"Pour la sauce","order":13},{"label":"Coriandre fraîche","shopGroup":"Herbes aromatiques","qte":"0.25","unit":"botte(s)","step":"Pour la sauce","order":14},{"label":"Miel","shopGroup":"Epicerie","qte":"50","unit":"g","step":"Pour la sauce","order":15},{"label":"Huile de sésame","shopGroup":"Epicerie","qte":"1","unit":"cl","step":"Pour la sauce","order":16}],"chiefTip":"Vous pouvez utiliser des papillotes en silicone pour la cuisson (augmentez simplement la température du four et le temps de cuisson).A défaut de râpe, vous pouvez utiliser une mandoline à julienne.Vous pouvez faire légèrement chauffer la crème de wasabi avant de la mettre dans le siphon afin d'obtenir une émulsion chaude.","id":10549}