{"id":10549,"title":"Recette de Passion créative : Papillote créative aux gambas, émulsion au wasabi","description":"","summary":"Une papillote rapide et originale, à base de gambas et de petits légumes croquants aux parfums d'Asie et de wasabi.","timePreparation":"30mn","timeBaking":"0mn","timeRest":"0mn","picture":"http://1.media.atelierdeschefs.com/recette-e10549-passion-creative-papillote-creative-aux-gambas-emulsion-au-wasabi.jpg","ingredients":[{"label":"Gambas surgelée(s)","shopGroup":"Surgelés","qte":"24","unit":"pièce(s)","step":"","order":0},{"label":"Navet(s) long","shopGroup":"Légumes","qte":"1","unit":"pièce(s)","step":"","order":1},{"label":"Pousse(s) de soja","shopGroup":"Légumes","qte":"200","unit":"g","step":"","order":2},{"label":"Radis rouge(s)","shopGroup":"Légumes","qte":"1","unit":"botte(s)","step":"","order":3},{"label":"Tomate(s) cerise(s)","shopGroup":"Fruits","qte":"250","unit":"g","step":"","order":4},{"label":"Piment d'Espelette","shopGroup":"Epicerie","qte":"6","unit":"pincée(s)","step":"","order":5},{"label":"Sel fin","shopGroup":"","qte":"6","unit":"pincée(s)","step":"","order":6},{"label":"Huile d'olive","shopGroup":"Epicerie","qte":"5","unit":"cl","step":"","order":7},{"label":"Wasabi","shopGroup":"Epicerie","qte":"10","unit":"g","step":"Pour l'émulsion","order":8},{"label":"Crème liquide entière","shopGroup":"Crèmerie  hors fromage","qte":"25","unit":"cl","step":"Pour l'émulsion","order":9},{"label":"Colorant poudre vert","shopGroup":"Epicerie","qte":"1","unit":"g","step":"Pour l'émulsion","order":10},{"label":"Sauce Chili aigre-douce","shopGroup":"Epicerie","qte":"5","unit":"cl","step":"Pour la sauce","order":11},{"label":"Sauce Soja","shopGroup":"Epicerie","qte":"10","unit":"cl","step":"Pour la sauce","order":12},{"label":"Gousse(s) d'ail","shopGroup":"Légumes","qte":"1","unit":"gousse(s)","step":"Pour la sauce","order":13},{"label":"Coriandre fraîche","shopGroup":"Herbes aromatiques","qte":"0.25","unit":"botte(s)","step":"Pour la sauce","order":14},{"label":"Miel","shopGroup":"Epicerie","qte":"50","unit":"g","step":"Pour la sauce","order":15},{"label":"Huile de sésame","shopGroup":"Epicerie","qte":"1","unit":"cl","step":"Pour la sauce","order":16}]}