{"id":10593,"title":"Recette de Raviole de foie gras à l'huile de truffe blanche, émulsion de morilles","description":"","summary":"Fine raviole de foie gras parfumée à l'huile de truffe blanche, servie sous une émulsion goûteuse de morilles.","timePreparation":"15mn","timeBaking":"20mn","timeRest":"0mn","picture":"http://1.media.atelierdeschefs.com/recette-e10593-raviole-de-foie-gras-a-l-huile-de-truffe-blanche-emulsion-de-morilles.jpg","ingredients":[{"label":"Tranche(s) de foie gras de canard crue(s)","shopGroup":"Surgelés","qte":"3","unit":"pièce(s)","step":"","order":0},{"label":"Huile de truffe blanche","shopGroup":"Epicerie","qte":"3","unit":"cl","step":"","order":1},{"label":"Feuille(s) de pâte à raviole","shopGroup":"Traiteur","qte":"18","unit":"pièce(s)","step":"","order":2},{"label":"Echalote(s)","shopGroup":"Légumes","qte":"2","unit":"pièce(s)","step":"","order":3},{"label":"Morille(s) surgelée(s)","shopGroup":"Surgelés","qte":"200","unit":"g","step":"","order":4},{"label":"Crème liquide entière","shopGroup":"Crèmerie  hors fromage","qte":"50","unit":"cl","step":"","order":5},{"label":"Sel fin","shopGroup":"","qte":"3","unit":"pincée(s)","step":"","order":6},{"label":"Piment d'Espelette","shopGroup":"","qte":"3","unit":"pincée(s)","step":"","order":7},{"label":"oeuf(s)pour dorure","shopGroup":"Crèmerie  hors fromage","qte":"1","unit":"pièce(s)","step":"","order":8},{"label":"Piment d'Espelette","shopGroup":"Epicerie","qte":"3","unit":"pincée(s)","step":"","order":9},{"label":"Gros sel","shopGroup":"","qte":"10","unit":"g","step":"","order":10},{"label":"Huile d'olive","shopGroup":"Epicerie","qte":"3","unit":"cl","step":"","order":11}]}