{"title":"Raviole de foie gras à l'huile de truffe blanche, émulsion de morilles","description":"Éplucher et émincer les échalotes, puis les faire suer à l'huile d'olive et ajouter les morilles. Assaisonner de sel fin et de piment d'Espelette, puis laisser réduire. Ajouter ensuite la crème liquide et cuire pendant 20 min.<br />Mixer au blender, puis passer au chinois et rectifier l'assaisonnement. Verser ensuite dans un siphon et visser une cartouche.<br /><br />Couper le foie gras en gros morceaux, les assaisonner de sel, de piment d'Espelette et d'huile de truffe blanche.<br />Étaler la pâte à raviole, poser le foie gras dessus et badigeonner le pourtour de dorure. Refermer ensuite la pâte en forme de triangle, puis replier de nouveau pour lui donner la forme d'un tortellini.<br />Mettre une grande quantité d'eau salée à bouillir, puis pocher les ravioles durant 2 à 3 min. <br /><br />Servir les ravioles dans une assiette creuse en les recouvrant de mousse de morilles au siphon.<br />","summary":"Fine raviole de foie gras parfumée à l'huile de truffe blanche, servie sous une émulsion goûteuse de morilles.","timePreparation":"15mn","timeBaking":"20mn","timeRest":"0mn","picture":"","ingredients":[{"label":"Tranche(s) de foie gras de canard crue(s)","shopGroup":"Surgelés","qte":"3","unit":"pièce(s)","step":"","order":0},{"label":"Huile de truffe blanche","shopGroup":"Epicerie","qte":"3","unit":"cl","step":"","order":1},{"label":"Feuille(s) de pâte à raviole","shopGroup":"Traiteur","qte":"18","unit":"pièce(s)","step":"","order":2},{"label":"Echalote(s)","shopGroup":"Légumes","qte":"2","unit":"pièce(s)","step":"","order":3},{"label":"Morille(s) surgelée(s)","shopGroup":"Surgelés","qte":"200","unit":"g","step":"","order":4},{"label":"Crème liquide entière","shopGroup":"Crèmerie  hors fromage","qte":"50","unit":"cl","step":"","order":5},{"label":"Sel fin","shopGroup":"","qte":"3","unit":"pincée(s)","step":"","order":6},{"label":"Piment d'Espelette","shopGroup":"","qte":"3","unit":"pincée(s)","step":"","order":7},{"label":"oeuf(s)pour dorure","shopGroup":"Crèmerie  hors fromage","qte":"1","unit":"pièce(s)","step":"","order":8},{"label":"Piment d'Espelette","shopGroup":"Epicerie","qte":"3","unit":"pincée(s)","step":"","order":9},{"label":"Gros sel","shopGroup":"","qte":"10","unit":"g","step":"","order":10},{"label":"Huile d'olive","shopGroup":"Epicerie","qte":"3","unit":"cl","step":"","order":11}],"chiefTip":"Vous pouvez préparer les ravioles la veille et les conserver dans un linge sec recouvert d'un film alimentaire, mais veillez à les cuire juste avant de les servir.","id":10593}