{"title":"Pêche rôtie à la crème d'amande, marbré à la menthe fraîche","description":"Réaliser la crème pâtissière : porter le lait à ébullition. Blanchir les oeufs et le sucre, ajouter la farine et la poudre d'amande. Verser ensuite une partie du lait chaud sur ce mélange, puis tout remettre dans la casserole, porter à ébullition et laisser cuire minimum 3 min en remuant constamment. Mettre la crème pâtissière sur une plaque et la réserver au réfrigérateur. <br />Fouetter la crème liquide (très froide) jusqu'à obtenir une texture chantilly (pour un meilleur résultat, mettre le bol, le fouet et la crème au froid 1 h à l'avance).<br />Fouetter de nouveau la pâtissière pour la rendre plus fluide, puis la mélanger avec la crème montée et ajouter quelques râpés de fève tonka.<br /><br />Couper les pêches en 2 et retirer les noyaux, puis les recouper en 6 à 8 morceaux.<br />Dans une poêle, faire fondre le sucre semoule jusqu'à la coloration caramel. Tout en remuant avec une spatule, décuire le caramel avec une noisette de beurre et ajouter la crème de pêche. <br />Disposer ensuite les pêches dans le caramel, puis réserver. <br /><br />Faire bouillir la crème liquide, ajouter les feuilles de menthe et mixer le tout. Passer ensuite le mélange au tamis pour enlever les feuilles de menthe, puis faire refroidir.<br />A l'aide d'une pipette, réaliser un quadrillage de crème mentholée dans le fond d'une assiette plate, poser un dôme de crème d'amande au centre, puis disposer harmonieusement les morceaux de pêches. Finir avec une feuille de menthe et le caramel de pêche.<br />","summary":"Pêches rôties dans du caramel et servies avec une crème légère à l'amande amère et une émulsion mentholée.","timePreparation":"45mn","timeBaking":"0mn","timeRest":"0mn","picture":"","ingredients":[{"label":"Pêche(s)","shopGroup":"Fruits","qte":"6","unit":"g","step":"","order":0},{"label":"Sucre en poudre","shopGroup":"","qte":"150","unit":"g","step":"","order":1},{"label":"Beurre doux","shopGroup":"Crèmerie  hors fromage","qte":"30","unit":"g","step":"","order":2},{"label":"Crême de pêche","shopGroup":"Boissons alcoolisées","qte":"5","unit":"cl","step":"","order":3},{"label":"Farine de blé","shopGroup":"Epicerie","qte":"15","unit":"g","step":"Pour la crème","order":4},{"label":"Lait entier","shopGroup":"Crèmerie  hors fromage","qte":"25","unit":"cl","step":"Pour la crème","order":5},{"label":"Oeuf(s)","shopGroup":"Crèmerie  hors fromage","qte":"2","unit":"pièce(s)","step":"Pour la crème","order":6},{"label":"Sucre en poudre","shopGroup":"Epicerie","qte":"50","unit":"g","step":"Pour la crème","order":7},{"label":"Poudre d'amande","shopGroup":"Epicerie","qte":"35","unit":"g","step":"Pour la crème","order":8},{"label":"Crème liquide entière","shopGroup":"","qte":"25","unit":"cl","step":"Pour la crème","order":9},{"label":"Fève(s) tonka","shopGroup":"Epicerie","qte":"1","unit":"pièce(s)","step":"Pour la crème","order":10},{"label":"Crème liquide entière","shopGroup":"Crèmerie  hors fromage","qte":"15","unit":"cl","step":"Pour la sauce","order":11},{"label":"Menthe fraîche","shopGroup":"Herbes aromatiques","qte":"1/3","unit":"botte(s)","step":"Pour la sauce","order":12}],"chiefTip":"Vous pouvez aussi remplacer une partie du lait par du lait d'amande.","id":10166}