{"id":10166,"title":"Recette de Pêche rôtie à la crème d'amande, marbré à la menthe fraîche","description":"","summary":"Pêches rôties dans du caramel et servies avec une crème légère à l'amande amère et une émulsion mentholée.","timePreparation":"45mn","timeBaking":"0mn","timeRest":"0mn","picture":"http://1.media.atelierdeschefs.com/recette-e10166-peche-rotie-a-la-creme-d-amande-marbre-a-la-menthe-fraiche.jpg","ingredients":[{"label":"Pêche(s)","shopGroup":"Fruits","qte":"6","unit":"g","step":"","order":0},{"label":"Sucre en poudre","shopGroup":"","qte":"150","unit":"g","step":"","order":1},{"label":"Beurre doux","shopGroup":"Crèmerie  hors fromage","qte":"30","unit":"g","step":"","order":2},{"label":"Crême de pêche","shopGroup":"Boissons alcoolisées","qte":"5","unit":"cl","step":"","order":3},{"label":"Farine de blé","shopGroup":"Epicerie","qte":"15","unit":"g","step":"Pour la crème","order":4},{"label":"Lait entier","shopGroup":"Crèmerie  hors fromage","qte":"25","unit":"cl","step":"Pour la crème","order":5},{"label":"Oeuf(s)","shopGroup":"Crèmerie  hors fromage","qte":"2","unit":"pièce(s)","step":"Pour la crème","order":6},{"label":"Sucre en poudre","shopGroup":"Epicerie","qte":"50","unit":"g","step":"Pour la crème","order":7},{"label":"Poudre d'amande","shopGroup":"Epicerie","qte":"35","unit":"g","step":"Pour la crème","order":8},{"label":"Crème liquide entière","shopGroup":"","qte":"25","unit":"cl","step":"Pour la crème","order":9},{"label":"Fève(s) tonka","shopGroup":"Epicerie","qte":"1","unit":"pièce(s)","step":"Pour la crème","order":10},{"label":"Crème liquide entière","shopGroup":"Crèmerie  hors fromage","qte":"15","unit":"cl","step":"Pour la sauce","order":11},{"label":"Menthe fraîche","shopGroup":"Herbes aromatiques","qte":"1/3","unit":"botte(s)","step":"Pour la sauce","order":12}]}