{"title":"Compote d'abricots, basilic frit et nougatine","description":"Presser les citrons.<br />Laver les abricots et les dénoyauter, puis les mettre dans une casserole avec le jus de citron. Saupoudrer de sucre, mélanger et cuire à feu moyen pendant 10 min en remuant de temps en temps.<br />Débarrasser la compote et la laisser refroidir.<br /><br />Pour la partie 2, réaliser la nougatine : faire fondre le sucre semoule jusqu'à obtention d'un caramel, puis ajouter les amandes effilées. Étaler ensuite la préparation entre 2 feuilles de cuisson à l'aide d'un rouleau à pâtisserie. Une fois que la nougatine a refroidi, la briser de façon à obtenir des éclats.<br /><br />Pour la partie 3 : dans une poêle, faire chauffer un bain d'huile et frire les feuilles de basilic 2 secondes. Les égoutter ensuite sur du papier absorbant et les saupoudrer de sucre.<br /><br />Dresser la compote en petits bols et décorer de nougatine et de basilic frit.<br />","summary":"Un dessert à base de compote d'abricots frais, servie avec de la nougatine et des feuilles de basilic frit.","timePreparation":"15mn","timeBaking":"15mn","timeRest":"0mn","picture":"","ingredients":[{"label":"Abricot(s)","shopGroup":"Fruits","qte":"1200","unit":"g","step":"Pour l'étape 3","order":0},{"label":"Sucre en poudre","shopGroup":"","qte":"100","unit":"g","step":"Pour l'étape 3","order":1},{"label":"Citron(s) jaune(s)","shopGroup":"Fruits","qte":"2","unit":"pièce(s)","step":"Pour l'étape 3","order":2},{"label":"Sucre en poudre","shopGroup":"Epicerie","qte":"100","unit":"g","step":"Pour l'étape 2","order":3},{"label":"Amande(s) effilée(s)","shopGroup":"Epicerie","qte":"30","unit":"g","step":"Pour l'étape 2","order":4},{"label":"Basilic","shopGroup":"Herbes aromatiques","qte":"12","unit":"f","step":"Pour l'étape 2","order":5},{"label":"Huile de friture","shopGroup":"Epicerie","qte":"50","unit":"cl","step":"Pour l'étape 2","order":6}],"chiefTip":"Vous pouvez ajouter des fraises dans cette recette, c'est aussi délicieux !","id":10437}