{"id":10437,"title":"Recette de Compote d'abricots, basilic frit et nougatine","description":"","summary":"Un dessert à base de compote d'abricots frais, servie avec de la nougatine et des feuilles de basilic frit.","timePreparation":"15mn","timeBaking":"15mn","timeRest":"0mn","picture":"http://1.media.atelierdeschefs.com/recette-e10437-compote-d-abricots-basilic-frit-et-nougatine.jpg","ingredients":[{"label":"Abricot(s)","shopGroup":"Fruits","qte":"1200","unit":"g","step":"Pour l'étape 3","order":0},{"label":"Sucre en poudre","shopGroup":"","qte":"100","unit":"g","step":"Pour l'étape 3","order":1},{"label":"Citron(s) jaune(s)","shopGroup":"Fruits","qte":"2","unit":"pièce(s)","step":"Pour l'étape 3","order":2},{"label":"Sucre en poudre","shopGroup":"Epicerie","qte":"100","unit":"g","step":"Pour l'étape 2","order":3},{"label":"Amande(s) effilée(s)","shopGroup":"Epicerie","qte":"30","unit":"g","step":"Pour l'étape 2","order":4},{"label":"Basilic","shopGroup":"Herbes aromatiques","qte":"12","unit":"f","step":"Pour l'étape 2","order":5},{"label":"Huile de friture","shopGroup":"Epicerie","qte":"50","unit":"cl","step":"Pour l'étape 2","order":6}]}