{"id":10730,"title":"Recette de Wok de poulet sauté au saké et noix de cajou","description":"","summary":"Dans un wok, des lamelles de blanc de poulet cuites avec du saké, garnies de poivrons, d'oignon, d'ail et de pois gourmands, le tout relevé de sauce nuoc-mâm et de noix de cajou.","timePreparation":"30mn","timeBaking":"0mn","timeRest":"0mn","picture":"http://1.media.atelierdeschefs.com/recette-e10730-wok-de-poulet-saute-au-sake-et-noix-de-cajou.jpg","ingredients":[{"label":"Filet(s) de poulet (150 g)","shopGroup":"Volaille(s)","qte":"6","unit":"pièce(s)","step":"","order":0},{"label":"Fécule de maïs","shopGroup":"Epicerie","qte":"30","unit":"g","step":"","order":1},{"label":"Saké","shopGroup":"Boissons alcoolisées","qte":"10","unit":"cl","step":"","order":2},{"label":"Sauce Nuoc mam","shopGroup":"Epicerie","qte":"5","unit":"cl","step":"","order":3},{"label":"Oignon(s)","shopGroup":"Légumes","qte":"1","unit":"pièce(s)","step":"","order":4},{"label":"Gousse(s) d'ail","shopGroup":"Légumes","qte":"1","unit":"gousse(s)","step":"","order":5},{"label":"Poivron(s) rouge(s)","shopGroup":"Légumes","qte":"3","unit":"pièce(s)","step":"","order":6},{"label":"Pois gourmand(s)","shopGroup":"Légumes","qte":"150","unit":"g","step":"","order":7},{"label":"Noix de cajou","shopGroup":"Epicerie","qte":"50","unit":"g","step":"","order":8},{"label":"Sel fin","shopGroup":"","qte":"6","unit":"pincée(s)","step":"","order":9},{"label":"Huile d'olive","shopGroup":"Epicerie","qte":"5","unit":"cl","step":"","order":10}]}