{"title":"Bruschetta de thon cru, tomate à l'huile d'olive, roquette et copeaux de parmesan","description":"","summary":"Sur une tranche de pain que l'on frotte à l'ail, on dispose une brunoise de tomate assaisonné de fleur de sel, poivre et huile d'olive. Par dessus une fine tranche de thon rouge cru, un copeau de parmesan et quelques feuilles de roquette.","timePreparation":"15mn","timeBaking":"0mn","timeRest":"0mn","picture":"","ingredients":[{"label":"Thon rouge","shopGroup":"Poissonnerie","qte":"300","unit":"g","step":"","order":0},{"label":"Baguette","shopGroup":"Boulangerie","qte":"2","unit":"pièce(s)","step":"","order":1},{"label":"Tomate(s)","shopGroup":"Fruits","qte":"6","unit":"pièce(s)","step":"","order":2},{"label":"Roquette","shopGroup":"Légumes","qte":"100","unit":"g","step":"","order":3},{"label":"Copeau(x) de Parmigiano Reggiano","shopGroup":"Fromage(s)","qte":"50","unit":"g","step":"","order":4},{"label":"Huile d'olive","shopGroup":"Epicerie","qte":"5","unit":"cl","step":"","order":5},{"label":"Gousse(s) d'ail","shopGroup":"Légumes","qte":"2","unit":"gousse(s)","step":"","order":6},{"label":"Fleur de sel","shopGroup":"Epicerie","qte":"6","unit":"pincée(s)","step":"","order":7},{"label":"Piment d'Espelette","shopGroup":"Epicerie","qte":"6","unit":"pincée(s)","step":"","order":8}],"chiefTip":"Réalisez cette bruschetta en entrée sur une grande tranche de pain de campagne.","id":9025}