{"title":"Oeuf en cocotte de pommes de terre au foie gras, vinaigrette aux herbes","description":"Préchauffer le four à 200 °C.<br /><br />Laver les pommes de terre et les cuire dans une casserole avec de l'eau froide et du gros sel, puis les débarrasser.<br /><br />Creuser un chapeau sur une des faces de la pomme de terre et enlever 1/3 de la chair. Tailler le foie gras en petits cubes et les disposer dans le creux. Saler et poivrer. Casser ensuite un oeuf et le déposer au-dessus du foie.<br />Enfourner les pommes de terre pendant 10 min environ (jusqu'à ce que le blanc ait coagulé).<br /><br />Pour la vinaigrette : ciseler l'échalote en petits cubes. Effeuiller le cerfeuil et le persil plat. Ciseler finement les herbes. Concasser légèrement les pignons.<br />Dans un cul-de-poule, mélanger les herbes, les pignons,  l'échalote, le vinaigre balsamique et l'huile.<br />Napper les pommes de terre de cette sauce.<br />","summary":"Le traditionnel oeuf cocotte mais cuit dans une pomme de terre.","timePreparation":"30mn","timeBaking":"0mn","timeRest":"0mn","picture":"","ingredients":[{"label":"Pomme(s) de terre Bintje","shopGroup":"Légumes","qte":"1","unit":"kg","step":"","order":0},{"label":"Tranche(s) de foie gras de canard crue(s)","shopGroup":"Surgelés","qte":"3","unit":"pièce(s)","step":"","order":1},{"label":"Oeuf(s)","shopGroup":"Crèmerie  hors fromage","qte":"6","unit":"pièce(s)","step":"","order":2},{"label":"Sel fin","shopGroup":"","qte":"6","unit":"pincée(s)","step":"","order":3},{"label":"Moulin à poivre","shopGroup":"","qte":"6","unit":"tour(s)","step":"","order":4},{"label":"Echalote(s)","shopGroup":"Légumes","qte":"1","unit":"pièce(s)","step":"Pour la vinaigrette","order":5},{"label":"Ciboulette","shopGroup":"Herbes aromatiques","qte":"0.5","unit":"botte(s)","step":"Pour la vinaigrette","order":6},{"label":"Cerfeuil","shopGroup":"Herbes aromatiques","qte":"0.5","unit":"botte(s)","step":"Pour la vinaigrette","order":7},{"label":"Persil plat","shopGroup":"Herbes aromatiques","qte":"0.5","unit":"botte(s)","step":"Pour la vinaigrette","order":8},{"label":"Pignon(s) de pin","shopGroup":"Epicerie","qte":"50","unit":"g","step":"Pour la vinaigrette","order":9},{"label":"Vinaigre balsamique","shopGroup":"Epicerie","qte":"4","unit":"cl","step":"Pour la vinaigrette","order":10},{"label":"Huile d'olive","shopGroup":"Epicerie","qte":"10","unit":"cl","step":"Pour la vinaigrette","order":11}],"chiefTip":"Vous pouvez remplacer l'huile d'olive par de l'huile de truffe.","id":10620}