{"id":10620,"title":"Recette de Oeuf en cocotte de pommes de terre au foie gras, vinaigrette aux herbes","description":"","summary":"Le traditionnel oeuf cocotte mais cuit dans une pomme de terre.","timePreparation":"30mn","timeBaking":"0mn","timeRest":"0mn","picture":"http://1.media.atelierdeschefs.com/recette-e10620-oeuf-en-cocotte-de-pommes-de-terre-au-foie-gras-vinaigrette-aux-herbes.jpg","ingredients":[{"label":"Pomme(s) de terre Bintje","shopGroup":"Légumes","qte":"1","unit":"kg","step":"","order":0},{"label":"Tranche(s) de foie gras de canard crue(s)","shopGroup":"Surgelés","qte":"3","unit":"pièce(s)","step":"","order":1},{"label":"Oeuf(s)","shopGroup":"Crèmerie  hors fromage","qte":"6","unit":"pièce(s)","step":"","order":2},{"label":"Sel fin","shopGroup":"","qte":"6","unit":"pincée(s)","step":"","order":3},{"label":"Moulin à poivre","shopGroup":"","qte":"6","unit":"tour(s)","step":"","order":4},{"label":"Echalote(s)","shopGroup":"Légumes","qte":"1","unit":"pièce(s)","step":"Pour la vinaigrette","order":5},{"label":"Ciboulette","shopGroup":"Herbes aromatiques","qte":"0.5","unit":"botte(s)","step":"Pour la vinaigrette","order":6},{"label":"Cerfeuil","shopGroup":"Herbes aromatiques","qte":"0.5","unit":"botte(s)","step":"Pour la vinaigrette","order":7},{"label":"Persil plat","shopGroup":"Herbes aromatiques","qte":"0.5","unit":"botte(s)","step":"Pour la vinaigrette","order":8},{"label":"Pignon(s) de pin","shopGroup":"Epicerie","qte":"50","unit":"g","step":"Pour la vinaigrette","order":9},{"label":"Vinaigre balsamique","shopGroup":"Epicerie","qte":"4","unit":"cl","step":"Pour la vinaigrette","order":10},{"label":"Huile d'olive","shopGroup":"Epicerie","qte":"10","unit":"cl","step":"Pour la vinaigrette","order":11}]}