{"title":"Wok de boeuf au curry façon Rendang","description":"","summary":"Cuits dans un wok, des cubes de rumsteck marinés dans un curry réalisé à base d'échalotes, d'ail, de curcuma, de coriandre, de clous de girofle, de gingembre et de piment. Le tout est garni d'un émincé de carottes et de pousses de soja cuites au lait de coco.","timePreparation":"30mn","timeBaking":"0mn","timeRest":"0mn","picture":"","ingredients":[{"label":"Pavé(s) de boeuf de 150g","shopGroup":"Boucherie","qte":"6","unit":"pièce(s)","step":"","order":0},{"label":"Echalote(s) grise(s)","shopGroup":"Légumes","qte":"5","unit":"pièce(s)","step":"","order":1},{"label":"Gingembre frais","shopGroup":"Légumes","qte":"20","unit":"g","step":"","order":2},{"label":"Coriandre fraîche","shopGroup":"Herbes aromatiques","qte":"0.5","unit":"botte(s)","step":"","order":3},{"label":"Cumin en poudre","shopGroup":"Epicerie","qte":"5","unit":"g","step":"","order":4},{"label":"Clou(s) de girofle","shopGroup":"Epicerie","qte":"3","unit":"pièce(s)","step":"","order":5},{"label":"Curcuma en poudre","shopGroup":"Epicerie","qte":"5","unit":"g","step":"","order":6},{"label":"Gousse(s) d'ail","shopGroup":"Légumes","qte":"3","unit":"gousse(s)","step":"","order":7},{"label":"Piment(s) oiseau","shopGroup":"Epicerie","qte":"1","unit":"pièce(s)","step":"","order":8},{"label":"Lait de coco non sucré","shopGroup":"Epicerie","qte":"20","unit":"cl","step":"Pour le reste de la recette","order":9},{"label":"Citronnelle","shopGroup":"Légumes","qte":"1","unit":"branche(s)","step":"Pour le reste de la recette","order":10},{"label":"Sucre en poudre","shopGroup":"Epicerie","qte":"10","unit":"g","step":"Pour le reste de la recette","order":11},{"label":"Noix de coco rapée","shopGroup":"Epicerie","qte":"30","unit":"g","step":"Pour le reste de la recette","order":12},{"label":"Carotte(s)","shopGroup":"Légumes","qte":"2","unit":"pièce(s)","step":"Pour le reste de la recette","order":13},{"label":"Pousse(s) de soja","shopGroup":"Légumes","qte":"200","unit":"g","step":"Pour le reste de la recette","order":14},{"label":"Huile d'olive","shopGroup":"Epicerie","qte":"5","unit":"cl","step":"Pour le reste de la recette","order":15},{"label":"Sel fin","shopGroup":"","qte":"6","unit":"pincée(s)","step":"Pour le reste de la recette","order":16}],"chiefTip":"Pour donner encore plus de saveur au boeuf, laissez-le mariner pendant 30 min et rajoutez un piment oiseau.","id":10729}