{"id":10423,"title":"Recette de Petit feuilleté roulé aux fruits secs","description":"","summary":"Petits biscuits plats en pâte feuilletée garnis de fruits secs (amandes, noisettes...).","timePreparation":"10mn","timeBaking":"15mn","timeRest":"0mn","picture":"http://1.media.atelierdeschefs.com/recette-e10423-petit-feuillete-roule-aux-fruits-secs.jpg","ingredients":[{"label":"Pâte feuilletée","shopGroup":"Traiteur","qte":"200","unit":"g","step":"","order":0},{"label":"Beurre doux","shopGroup":"Crèmerie  hors fromage","qte":"25","unit":"g","step":"","order":1},{"label":"Mélange de fruits secs ( amandes, noisettes, ...)","shopGroup":"Epicerie","qte":"80","unit":"g","step":"","order":2},{"label":"Oeuf(s)","shopGroup":"Crèmerie  hors fromage","qte":"1","unit":"pièce(s)","step":"","order":3}]}