{"title":"Petit feuilleté roulé aux fruits secs","description":"","summary":"Petits biscuits plats en pâte feuilletée garnis de fruits secs (amandes, noisettes...).","timePreparation":"10mn","timeBaking":"15mn","timeRest":"0mn","picture":"","ingredients":[{"label":"Pâte feuilletée","shopGroup":"Traiteur","qte":"200","unit":"g","step":"","order":0},{"label":"Beurre doux","shopGroup":"Crèmerie  hors fromage","qte":"25","unit":"g","step":"","order":1},{"label":"Mélange de fruits secs ( amandes, noisettes, ...)","shopGroup":"Epicerie","qte":"80","unit":"g","step":"","order":2},{"label":"Oeuf(s)","shopGroup":"Crèmerie  hors fromage","qte":"1","unit":"pièce(s)","step":"","order":3}],"chiefTip":"Refroidissez bien la pâte avant de la trancher pour obtenir de beaux roulés.Saupoudrez la pâte de sucre semoule avant la cuisson pour une meilleure caramélisation.","id":10423}