{"id":10414,"title":"Recette de Suprême de volaille au pesto de noix, soufflé de potimarron au roquefort","description":"","summary":"Un suprême de volaille parfumé avec un pesto aux noix, accompagné d'un soufflé de potimarron au roquefort. Surprenant...","timePreparation":"30mn","timeBaking":"15mn","timeRest":"0mn","picture":"http://1.media.atelierdeschefs.com/recette-e10414-supreme-de-volaille-au-pesto-de-noix-souffle-de-potimarron-au-roquefort.jpg","ingredients":[{"label":"Basilic","shopGroup":"Herbes aromatiques","qte":"0.5","unit":"botte(s)","step":"","order":0},{"label":"Huile d'olive","shopGroup":"Epicerie","qte":"10","unit":"cl","step":"","order":1},{"label":"Gousse(s) d'ail","shopGroup":"Légumes","qte":"1","unit":"gousse(s)","step":"","order":2},{"label":"Parmesan Parmigiano Reggiano","shopGroup":"Fromage(s)","qte":"50","unit":"g","step":"","order":3},{"label":"Cerneau(x) de noix concassée(s)","shopGroup":"Epicerie","qte":"20","unit":"g","step":"","order":4},{"label":"Sel fin","shopGroup":"","qte":"3","unit":"pincée(s)","step":"","order":5},{"label":"Moulin à poivre","shopGroup":"","qte":"3","unit":"tour(s)","step":"","order":6},{"label":"Suprême(s) de poulet fermier","shopGroup":"Volaille(s)","qte":"3","unit":"pièce(s)","step":"","order":7},{"label":"Potimarron(s)","shopGroup":"Légumes","qte":"600","unit":"g","step":"","order":8},{"label":"Oeuf(s)","shopGroup":"Crèmerie  hors fromage","qte":"4","unit":"pièce(s)","step":"","order":9},{"label":"Lait 1/2 écrémé","shopGroup":"Crèmerie  hors fromage","qte":"20","unit":"cl","step":"","order":10},{"label":"Fécule de maïs","shopGroup":"Epicerie","qte":"25","unit":"g","step":"","order":11},{"label":"Eau","shopGroup":"","qte":"10","unit":"cl","step":"","order":12},{"label":"Beurre doux","shopGroup":"Crèmerie  hors fromage","qte":"20","unit":"g","step":"","order":13},{"label":"Roquefort","shopGroup":"Fromage(s)","qte":"50","unit":"g","step":"","order":14}]}