{"title":"Suprême de volaille au pesto de noix, soufflé de potimarron au roquefort","description":"Préchauffer le four à 230 °C.<br /><br />Pour le pesto de noix : dans un blender, mixer le parmesan, les noix, le basilic, l'ail, le sel, le poivre et l'huile d'olive.<br />Soulever délicatement la peau des suprêmes de volaille puis étaler le pesto sur la chair et remettre la peau en place.<br />Dans une poêle chaude, colorer les volailles côté peau puis les disposer sur une plaque allant au four et les enfourner à 230 °C pendant 7 min.<br /><br />Pour les soufflés : beurrer des moules individuels allant au four avec un pinceau, en partant du bas vers le haut, puis réserver au frais.<br />Tailler le roquefort en gros cubes de 1 à 2 cm. Éplucher le potimarron et le tailler en cubes.<br />Dans une cocotte, mettre le potimarron avec l'eau, le beurre et du sel, puis laisser cuire jusqu'à ce que le potimarron s'écrase facilement. Mixer ensuite.<br /><br />Mettre le lait et la Maïzena dans une casserole, faire bouillir puis cuire tout en mélangeant jusqu'à épaississement de la préparation.<br />Séparer les blancs d'oeufs des jaunes. Monter en neige les blancs, ajouter 3 jaunes à la purée de potimarron et mélanger. Ajouter ensuite le lait et bien mélanger. Pour finir, mettre les blancs avec délicatesse.<br />Disposer au fond des moules un cube de Roquefort, les remplir ensuite aux 3/4 et enfourner pendant 8 à 9 min.<br /><br />Servir dès la sortie du four.<br />","summary":"Un suprême de volaille parfumé avec un pesto aux noix, accompagné d'un soufflé de potimarron au roquefort. Surprenant...","timePreparation":"30mn","timeBaking":"15mn","timeRest":"0mn","picture":"","ingredients":[{"label":"Basilic","shopGroup":"Herbes aromatiques","qte":"0.5","unit":"botte(s)","step":"","order":0},{"label":"Huile d'olive","shopGroup":"Epicerie","qte":"10","unit":"cl","step":"","order":1},{"label":"Gousse(s) d'ail","shopGroup":"Légumes","qte":"1","unit":"gousse(s)","step":"","order":2},{"label":"Parmesan Parmigiano Reggiano","shopGroup":"Fromage(s)","qte":"50","unit":"g","step":"","order":3},{"label":"Cerneau(x) de noix concassée(s)","shopGroup":"Epicerie","qte":"20","unit":"g","step":"","order":4},{"label":"Sel fin","shopGroup":"","qte":"3","unit":"pincée(s)","step":"","order":5},{"label":"Moulin à poivre","shopGroup":"","qte":"3","unit":"tour(s)","step":"","order":6},{"label":"Suprême(s) de poulet fermier","shopGroup":"Volaille(s)","qte":"3","unit":"pièce(s)","step":"","order":7},{"label":"Potimarron(s)","shopGroup":"Légumes","qte":"600","unit":"g","step":"","order":8},{"label":"Oeuf(s)","shopGroup":"Crèmerie  hors fromage","qte":"4","unit":"pièce(s)","step":"","order":9},{"label":"Lait 1/2 écrémé","shopGroup":"Crèmerie  hors fromage","qte":"20","unit":"cl","step":"","order":10},{"label":"Fécule de maïs","shopGroup":"Epicerie","qte":"25","unit":"g","step":"","order":11},{"label":"Eau","shopGroup":"","qte":"10","unit":"cl","step":"","order":12},{"label":"Beurre doux","shopGroup":"Crèmerie  hors fromage","qte":"20","unit":"g","step":"","order":13},{"label":"Roquefort","shopGroup":"Fromage(s)","qte":"50","unit":"g","step":"","order":14}],"chiefTip":"Le soufflé retombe très vite dès qu'il sort du four : dégustez ce plat tout de suite !Vous pouvez remplacer le roquefort par de la fourme d'ambert.","id":10414}