{"title":"Escalopes de foie gras pochées au bouillon de citronnelle et gingembre, minestrone de légumes","description":"Laver tous les légumes. <br />Éplucher les carottes et les couper en fines lamelles légèrement biseautées. Éplucher les oignons nouveaux et couper en fines lamelles la partie blanche. Équeuter les haricots verts et les couper en bâtonnets de 1 cm de long. Éplucher le gingembre. Couper les bâtons de citronnelle en 3. Ciseler la ciboulette en bâtonnets de 3 cm.<br /><br />Dans une casserole, mettre le beurre et faire revenir doucement pendant 2 min, à feu doux, les carottes, le gingembre et les bâtons de citronnelle avec une pincée de sel, sans apporter de coloration. Ajouter les haricots verts et les oignons avec une pincée de sel et cuire encore 2 min à feu doux. Finir par les fèves encore congelées.<br />Verser l'eau sur les légumes, ajouter 4 pincées de sel et porter à ébullition. Laisser frémir pendant 5 min, puis stopper le feu.<br /><br />Plonger les tranches de foie gras pendant 5 min dans le bouillon encore chaud, puis les disposer dans des assiettes creuses.<br />Porter de nouveau le bouillon à ébullition en ajoutant le cube de bouillon de légumes. Une fois le cube dissous, enlever le gingembre et les bâtons de citronnelle.<br /><br />Répartir les légumes sur le foie gras et verser le bouillon très chaud dessus. Rectifier l'assaisonnement avec la fleur de sel et le poivre du moulin, puis décorer les assiettes avec la ciboulette ciselée.<br />","summary":"Apprenez à pocher des tranches de foie gras dans un bouillon acidulé au gingembre et à la citronnelle. Elles seront servies avec un petit mélange de légumes croquants.","timePreparation":"30mn","timeBaking":"15mn","timeRest":"0mn","picture":"","ingredients":[{"label":"Tranche(s) de foie gras de canard crue(s)","shopGroup":"Surgelés","qte":"6","unit":"pièce(s)","step":"","order":0},{"label":"Gingembre frais","shopGroup":"Légumes","qte":"20","unit":"g","step":"","order":1},{"label":"Bâton(s) de citronnelle","shopGroup":"Herbes aromatiques","qte":"2","unit":"pièce(s)","step":"","order":2},{"label":"Carotte(s)","shopGroup":"Légumes","qte":"3","unit":"pièce(s)","step":"","order":3},{"label":"Fève(s) écossée(s) surgelée(s)","shopGroup":"Surgelés","qte":"50","unit":"g","step":"","order":4},{"label":"Oignon(s) nouveau(x)","shopGroup":"Légumes","qte":"3","unit":"pièce(s)","step":"","order":5},{"label":"Haricot(s) vert(s)","shopGroup":"Légumes","qte":"50","unit":"g","step":"","order":6},{"label":"Cube(s) de bouillon de légumes","shopGroup":"Epicerie","qte":"1","unit":"pièce(s)","step":"","order":7},{"label":"Sel fin","shopGroup":"","qte":"6","unit":"pincée(s)","step":"","order":8},{"label":"Moulin à poivre","shopGroup":"","qte":"3","unit":"tour(s)","step":"","order":9},{"label":"Fleur de sel","shopGroup":"Epicerie","qte":"3","unit":"pincée(s)","step":"","order":10},{"label":"Ciboulette","shopGroup":"Herbes aromatiques","qte":"0.5","unit":"botte(s)","step":"","order":11},{"label":"Beurre doux","shopGroup":"Crèmerie  hors fromage","qte":"10","unit":"g","step":"","order":12},{"label":"Eau","shopGroup":"","qte":"1","unit":"l","step":"","order":13}],"chiefTip":"Lors de la cuisson des légumes, mettez votre foie gras au congélateur pour lui éviter de fondre exagérément.","id":10563}