{"title":"Escalopes de foie gras pochées au bouillon de citronnelle et gingembre, minestrone de légumes","description":"","summary":"Apprenez à pocher des tranches de foie gras dans un bouillon acidulé au gingembre et à la citronnelle. Elles seront servies avec un petit mélange de légumes croquants.","timePreparation":"30mn","timeBaking":"15mn","timeRest":"0mn","picture":"","ingredients":[{"label":"Tranche(s) de foie gras de canard crue(s)","shopGroup":"Surgelés","qte":"6","unit":"pièce(s)","step":"","order":0},{"label":"Gingembre frais","shopGroup":"Légumes","qte":"20","unit":"g","step":"","order":1},{"label":"Bâton(s) de citronnelle","shopGroup":"Herbes aromatiques","qte":"2","unit":"pièce(s)","step":"","order":2},{"label":"Carotte(s)","shopGroup":"Légumes","qte":"3","unit":"pièce(s)","step":"","order":3},{"label":"Fève(s) écossée(s) surgelée(s)","shopGroup":"Surgelés","qte":"50","unit":"g","step":"","order":4},{"label":"Oignon(s) nouveau(x)","shopGroup":"Légumes","qte":"3","unit":"pièce(s)","step":"","order":5},{"label":"Haricot(s) vert(s)","shopGroup":"Légumes","qte":"50","unit":"g","step":"","order":6},{"label":"Cube(s) de bouillon de légumes","shopGroup":"Epicerie","qte":"1","unit":"pièce(s)","step":"","order":7},{"label":"Sel fin","shopGroup":"","qte":"6","unit":"pincée(s)","step":"","order":8},{"label":"Moulin à poivre","shopGroup":"","qte":"3","unit":"tour(s)","step":"","order":9},{"label":"Fleur de sel","shopGroup":"Epicerie","qte":"3","unit":"pincée(s)","step":"","order":10},{"label":"Ciboulette","shopGroup":"Herbes aromatiques","qte":"0.5","unit":"botte(s)","step":"","order":11},{"label":"Beurre doux","shopGroup":"Crèmerie  hors fromage","qte":"10","unit":"g","step":"","order":12},{"label":"Eau","shopGroup":"","qte":"1","unit":"l","step":"","order":13}],"chiefTip":"Lors de la cuisson des légumes, mettez votre foie gras au congélateur pour lui éviter de fondre exagérément.","id":10563}