{"id":10752,"title":"Recette de Roulade de volaille au shiso et nori, lotus et sagittaria mijotés","description":"","summary":"Escalope de poulet roulée en spirale avec une feuille d'algue et une herbe japonaise (le shiso), laquée à la sauce soja et au miel, accompagnée de légumes et racines mijotés au sucré-salé.","timePreparation":"45mn","timeBaking":"0mn","timeRest":"0mn","picture":"http://1.media.atelierdeschefs.com/recette-e10752-roulade-de-volaille-au-shiso-et-nori-lotus-et-sagittaria-mijotes.jpg","ingredients":[{"label":"Suprême(s) de poulet","shopGroup":"Volaille(s)","qte":"6","unit":"pièce(s)","step":"Pour l'étape 1","order":0},{"label":"Feuille(s) de nori","shopGroup":"Epicerie","qte":"6","unit":"pièce(s)","step":"Pour l'étape 1","order":1},{"label":"Shiso vert","shopGroup":"Légumes","qte":"1","unit":"botte(s)","step":"Pour l'étape 1","order":2},{"label":"Miel","shopGroup":"Epicerie","qte":"20","unit":"g","step":"Pour l'étape 1","order":3},{"label":"Sauce Soja","shopGroup":"","qte":"3","unit":"cl","step":"Pour l'étape 1","order":4},{"label":"Racine(s) de lotus","shopGroup":"Légumes","qte":"300","unit":"g","step":"Pour la garniture","order":5},{"label":"Sagittaria trifolia","shopGroup":"Poissonnerie","qte":"300","unit":"g","step":"Pour la garniture","order":6},{"label":"Carotte(s)","shopGroup":"Légumes","qte":"3","unit":"pièce(s)","step":"Pour la garniture","order":7},{"label":"Cive","shopGroup":"Légumes","qte":"0.5","unit":"botte(s)","step":"Pour la garniture","order":8},{"label":"Mirin","shopGroup":"Boissons alcoolisées","qte":"5","unit":"cl","step":"Pour la garniture","order":9},{"label":"Sauce Soja","shopGroup":"Epicerie","qte":"5","unit":"cl","step":"Pour la garniture","order":10},{"label":"Huile d'arachide","shopGroup":"Epicerie","qte":"3","unit":"cl","step":"Pour la garniture","order":11},{"label":"Sel fin","shopGroup":"","qte":"6","unit":"pincée(s)","step":"Pour la garniture","order":12},{"label":"Moulin à poivre","shopGroup":"","qte":"6","unit":"tour(s)","step":"Pour la garniture","order":13}]}