{"title":"Macaron sucre cuit à la crème de framboise, eau de rose et litchis","description":"<br /><b>Pour les macarons :</b><br />Préchauffer le four à 160 °C (th. 5).<br /><br />Pour les coques de macaron : verser la poudre d'amande et le sucre glace dans un mixeur et le faire tourner pendant 30 secondes pour affiner le mélange (tant pour tant). <br /><br />Dans une casserole, mélanger l'eau et le sucre semoule avec une spatule, puis cuire à 118-119 °C. Avant d'atteindre cette température, verser 75 g de blancs dans la cuve d'un batteur et les monter. Lorsque le sucre a atteint la bonne température, le verser sur les blancs montés et fouetter jusqu'à refroidissement de la meringue. Ajouter alors le colorant rouge en poudre.<br /><br />Verser le reste de blancs d'oeufs sur le tant pour tant. Incorporer une petite partie de la meringue froide à ce mélange, puis ajouter le reste. Mélanger pour obtenir une pâte lisse et homogène, légèrement coulante. Remplir ensuite une poche à douille de cette préparation et dresser les macarons sur un tapis de cuisson ou sur une feuille de papier sulfurisé.<br />Tapoter légèrement la plaque puis enfourner pendant 12 min en tournant la plaque à mi-cuisson.<br /><br /><b>Pour la garniture :</b><br />Mettre le lait à bouillir avec les framboises et l'eau de rose, puis mixer.<br />Blanchir les oeufs avec le sucre, puis ajouter la farine. Verser le lait bouillant sur le mélange, remuer et remettre à cuire dans la casserole pendant 3 min, dès reprise de l'ébullition. Verser ensuite la crème sur une plaque avec un film alimentaire au contact, puis la refroidir rapidement.  <br /><br />Sur une coque de macaron, mettre un peu de crème et un morceau de litchi au sirop, et finir en fermant avec une autre coque de macaron.<br /><br />Conserver les macarons au frais pendant 24 h, puis les sortir 2 h avant la dégustation.<br />","summary":"Technique des coques de macaron réalisées avec un sucre cuit à 118 °C. Macaron garni d'une gelée de framboises surgelées.","timePreparation":"30mn","timeBaking":"15mn","timeRest":"0mn","picture":"","ingredients":[{"label":"Poudre d'amande","shopGroup":"Epicerie","qte":"200","unit":"g","step":"Pour les macarons","order":0},{"label":"Sucre glace","shopGroup":"Epicerie","qte":"200","unit":"g","step":"Pour les macarons","order":1},{"label":"Sucre en poudre","shopGroup":"","qte":"200","unit":"g","step":"Pour les macarons","order":2},{"label":"Eau","shopGroup":"","qte":"5","unit":"cl","step":"Pour les macarons","order":3},{"label":"Blanc(s) d'oeuf","shopGroup":"Crèmerie  hors fromage","qte":"150","unit":"g","step":"Pour les macarons","order":4},{"label":"Colorant poudre rouge","shopGroup":"Epicerie","qte":"2","unit":"g","step":"Pour les macarons","order":5},{"label":"Lait 1/2 écrémé","shopGroup":"Crèmerie  hors fromage","qte":"25","unit":"cl","step":"Pour la garniture","order":6},{"label":"Sucre en poudre","shopGroup":"Epicerie","qte":"50","unit":"g","step":"Pour la garniture","order":7},{"label":"Oeuf(s)","shopGroup":"Crèmerie  hors fromage","qte":"2","unit":"pièce(s)","step":"Pour la garniture","order":8},{"label":"Farine de blé","shopGroup":"Epicerie","qte":"25","unit":"g","step":"Pour la garniture","order":9},{"label":"Framboise(s) surgelée(s)","shopGroup":"Surgelés","qte":"50","unit":"g","step":"Pour la garniture","order":10},{"label":"Eau de rose","shopGroup":"Epicerie","qte":"2","unit":"cl","step":"Pour la garniture","order":11},{"label":"Litchi(s)","shopGroup":"Fruits","qte":"8","unit":"pièce(s)","step":"Pour la garniture","order":12}],"chiefTip":"Le poids des blancs d'oeufs est important : il correspond à 5 blancs.Diamètre de 4 cm pour les coques.","id":10578}