{"id":10578,"title":"Recette de Macaron sucre cuit à la crème de framboise, eau de rose et litchis","description":"","summary":"Technique des coques de macaron réalisées avec un sucre cuit à 118 °C. Macaron garni d'une gelée de framboises surgelées.","timePreparation":"30mn","timeBaking":"15mn","timeRest":"0mn","picture":"http://1.media.atelierdeschefs.com/recette-e10578-macaron-sucre-cuit-a-la-creme-de-framboise-eau-de-rose-et-litchis.jpg","ingredients":[{"label":"Poudre d'amande","shopGroup":"Epicerie","qte":"200","unit":"g","step":"Pour les macarons","order":0},{"label":"Sucre glace","shopGroup":"Epicerie","qte":"200","unit":"g","step":"Pour les macarons","order":1},{"label":"Sucre en poudre","shopGroup":"","qte":"200","unit":"g","step":"Pour les macarons","order":2},{"label":"Eau","shopGroup":"","qte":"5","unit":"cl","step":"Pour les macarons","order":3},{"label":"Blanc(s) d'oeuf","shopGroup":"Crèmerie  hors fromage","qte":"150","unit":"g","step":"Pour les macarons","order":4},{"label":"Colorant poudre rouge","shopGroup":"Epicerie","qte":"2","unit":"g","step":"Pour les macarons","order":5},{"label":"Lait 1/2 écrémé","shopGroup":"Crèmerie  hors fromage","qte":"25","unit":"cl","step":"Pour la garniture","order":6},{"label":"Sucre en poudre","shopGroup":"Epicerie","qte":"50","unit":"g","step":"Pour la garniture","order":7},{"label":"Oeuf(s)","shopGroup":"Crèmerie  hors fromage","qte":"2","unit":"pièce(s)","step":"Pour la garniture","order":8},{"label":"Farine de blé","shopGroup":"Epicerie","qte":"25","unit":"g","step":"Pour la garniture","order":9},{"label":"Framboise(s) surgelée(s)","shopGroup":"Surgelés","qte":"50","unit":"g","step":"Pour la garniture","order":10},{"label":"Eau de rose","shopGroup":"Epicerie","qte":"2","unit":"cl","step":"Pour la garniture","order":11},{"label":"Litchi(s)","shopGroup":"Fruits","qte":"8","unit":"pièce(s)","step":"Pour la garniture","order":12}]}