{"title":"Nouilles craquantes de pommes de terre, ciboulette et cabillaud à la crème de vodka orange","description":"","summary":"De fines \"nouilles\" de pommes de terre accompagnées d'un pavé de cabillaud à l'unilatérale et d'une crème à la vodka.","timePreparation":"25mn","timeBaking":"15mn","timeRest":"0mn","picture":"","ingredients":[{"label":"Pavé(s) de cabillaud de 150 g","shopGroup":"Poissonnerie","qte":"6","unit":"pièce(s)","step":"","order":0},{"label":"Pomme(s) de Terre charlotte","shopGroup":"Légumes","qte":"600","unit":"g","step":"","order":1},{"label":"Echalote(s)","shopGroup":"Légumes","qte":"2","unit":"pièce(s)","step":"","order":2},{"label":"Crème liquide entière","shopGroup":"Crèmerie  hors fromage","qte":"30","unit":"cl","step":"","order":3},{"label":"Vodka Orange","shopGroup":"Boissons alcoolisées","qte":"10","unit":"cl","step":"","order":4},{"label":"Orange(s)","shopGroup":"Fruits","qte":"1","unit":"pièce(s)","step":"","order":5},{"label":"Ciboulette","shopGroup":"Herbes aromatiques","qte":"0.25","unit":"botte(s)","step":"","order":6},{"label":"Sel fin","shopGroup":"","qte":"3","unit":"pincée(s)","step":"","order":7},{"label":"Gros sel","shopGroup":"","qte":"20","unit":"g","step":"","order":8},{"label":"Piment d'Espelette","shopGroup":"Epicerie","qte":"3","unit":"pincée(s)","step":"","order":9},{"label":"Huile d'olive","shopGroup":"Epicerie","qte":"5","unit":"cl","step":"","order":10}],"chiefTip":"Vous pouvez ajouter de la lécithine de soja dans la crème et l'émulsionner avec un mixeur afin de réaliser un \"air\".","id":10447}