{"title":"Nouilles craquantes de pommes de terre, ciboulette et cabillaud à la crème de vodka orange","description":"Dans une casserole, porter un grand volume d'eau à ébullition et saler (8 g de gros sel/litre).<br />Peler les pommes de terre, puis à l'aide d'une mandoline à julienne, tailler des \"nouilles\" légèrement épaisses. Les laver sous l'eau froide et les blanchir très rapidement dans l'eau bouillante salée. Les rafraîchir ensuite dans de l'eau glacée et les réserver.<br /><br />Peler les échalotes et les tailler en petits cubes (en brunoise). Ciseler la ciboulette. Zester l'orange, la peler à vif et prélever les suprêmes, réserver.<br /><br />Dans une casserole, disposer un filet d'huile d'olive et faire suer l'échalote avec une pincée de sel fin. Déglacer avec la vodka et le zeste. Ajouter la crème, faire réduire et rectifier l'assaisonnement.<br /><br />Désarêter les pavés de cabillaud.<br />Dans une poêle, disposer un filet d'huile d'olive, mettre les pavés de cabillaud côté peau et les cuire à l'unilatérale (les laisser côté peau à feux doux sans les retourner) afin de les garder bien \"nacrés\", puis les assaisonner.<br /><br />Dans une poêle antiadhésive, réchauffer rapidement et sans coloration les nouilles avec un filet d'huile d'olive, du sel et du piment (elles doivent rester craquantes).<br /><br />Disposer les nouilles au fond d'une assiette creuse. Mettre dessus le pavé de cabillaud, les suprêmes d'orange, puis saupoudrer le tout de ciboulette et finir avec une larme de sauce.<br />","summary":"De fines \"nouilles\" de pommes de terre accompagnées d'un pavé de cabillaud à l'unilatérale et d'une crème à la vodka.","timePreparation":"25mn","timeBaking":"15mn","timeRest":"0mn","picture":"","ingredients":[{"label":"Pavé(s) de cabillaud de 150 g","shopGroup":"Poissonnerie","qte":"6","unit":"pièce(s)","step":"","order":0},{"label":"Pomme(s) de Terre charlotte","shopGroup":"Légumes","qte":"600","unit":"g","step":"","order":1},{"label":"Echalote(s)","shopGroup":"Légumes","qte":"2","unit":"pièce(s)","step":"","order":2},{"label":"Crème liquide entière","shopGroup":"Crèmerie  hors fromage","qte":"30","unit":"cl","step":"","order":3},{"label":"Vodka Orange","shopGroup":"Boissons alcoolisées","qte":"10","unit":"cl","step":"","order":4},{"label":"Orange(s)","shopGroup":"Fruits","qte":"1","unit":"pièce(s)","step":"","order":5},{"label":"Ciboulette","shopGroup":"Herbes aromatiques","qte":"0.25","unit":"botte(s)","step":"","order":6},{"label":"Sel fin","shopGroup":"","qte":"3","unit":"pincée(s)","step":"","order":7},{"label":"Gros sel","shopGroup":"","qte":"20","unit":"g","step":"","order":8},{"label":"Piment d'Espelette","shopGroup":"Epicerie","qte":"3","unit":"pincée(s)","step":"","order":9},{"label":"Huile d'olive","shopGroup":"Epicerie","qte":"5","unit":"cl","step":"","order":10}],"chiefTip":"Vous pouvez ajouter de la lécithine de soja dans la crème et l'émulsionner avec un mixeur afin de réaliser un \"air\".","id":10447}