{"title":"Croquettes de pommes de terre","description":"Éplucher les pommes de terre et les couper en morceaux réguliers, puis les cuire dans un grand volume d'eau froide salée (10 g de gros sel/litre) pendant 20 min à partir de l'ébullition.<br /><br />Faire chauffer l'huile de friture jusqu'à 180 °C.<br /><br />Égoutter les pommes de terre puis les réduire en purée. Dessécher la pulpe sur le feu, puis à l'aide d'une spatule, incorporer le beurre, la muscade et les jaunes d'oeufs. Rectifier l'assaisonnement en sel et en poivre.<br /><br />Façonner les croquettes à la main sur une table farinée.<br />Préparer les éléments pour paner les croquettes : un récipient avec les 2 oeufs battus et 1 autre avec la chapelure.<br />Rouler chacune des croquettes dans les oeufs puis dans la chapelure. Les réserver ensuite au réfrigérateur pendant au moins 15 min.<br /><br />Plonger les croquettes dans l'huile de friture et les retirer quand elles sont dorées. Les égoutter ensuite sur du papier absorbant et les servir aussitôt.<br />","summary":"Croquettes de pommes de terre panées à l'anglaise puis frites.","timePreparation":"30mn","timeBaking":"0mn","timeRest":"0mn","picture":"","ingredients":[{"label":"Pomme(s) de terre  à chair farineuse","shopGroup":"Légumes","qte":"1","unit":"kg","step":"","order":0},{"label":"Jaune(s) d'oeuf(s)","shopGroup":"Crèmerie  hors fromage","qte":"3","unit":"pièce(s)","step":"","order":1},{"label":"Oeuf(s)","shopGroup":"Crèmerie  hors fromage","qte":"2","unit":"pièce(s)","step":"","order":2},{"label":"Beurre doux","shopGroup":"Crèmerie  hors fromage","qte":"50","unit":"g","step":"","order":3},{"label":"Farine de blé","shopGroup":"Epicerie","qte":"100","unit":"g","step":"","order":4},{"label":"Chapelure de pain","shopGroup":"Epicerie","qte":"200","unit":"g","step":"","order":5},{"label":"Sel fin","shopGroup":"","qte":"6","unit":"pincée(s)","step":"","order":6},{"label":"Moulin à poivre","shopGroup":"","qte":"6","unit":"tour(s)","step":"","order":7},{"label":"Noix de muscade râpée","shopGroup":"Epicerie","qte":"1","unit":"g","step":"","order":8},{"label":"Huile de friture","shopGroup":"Epicerie","qte":"1","unit":"l","step":"","order":9},{"label":"Gros sel","shopGroup":"","qte":"10","unit":"g","step":"","order":10}],"chiefTip":"Pour cette recette, utilisez des pommes de terre à chair farineuse de type Bintje.","id":10473}