{"id":10473,"title":"Recette de Croquettes de pommes de terre","description":"","summary":"Croquettes de pommes de terre panées à l'anglaise puis frites.","timePreparation":"30mn","timeBaking":"0mn","timeRest":"0mn","picture":"http://1.media.atelierdeschefs.com/recette-e10473-croquettes-de-pommes-de-terre.jpg","ingredients":[{"label":"Pomme(s) de terre  à chair farineuse","shopGroup":"Légumes","qte":"1","unit":"kg","step":"","order":0},{"label":"Jaune(s) d'oeuf(s)","shopGroup":"Crèmerie  hors fromage","qte":"3","unit":"pièce(s)","step":"","order":1},{"label":"Oeuf(s)","shopGroup":"Crèmerie  hors fromage","qte":"2","unit":"pièce(s)","step":"","order":2},{"label":"Beurre doux","shopGroup":"Crèmerie  hors fromage","qte":"50","unit":"g","step":"","order":3},{"label":"Farine de blé","shopGroup":"Epicerie","qte":"100","unit":"g","step":"","order":4},{"label":"Chapelure de pain","shopGroup":"Epicerie","qte":"200","unit":"g","step":"","order":5},{"label":"Sel fin","shopGroup":"","qte":"6","unit":"pincée(s)","step":"","order":6},{"label":"Moulin à poivre","shopGroup":"","qte":"6","unit":"tour(s)","step":"","order":7},{"label":"Noix de muscade râpée","shopGroup":"Epicerie","qte":"1","unit":"g","step":"","order":8},{"label":"Huile de friture","shopGroup":"Epicerie","qte":"1","unit":"l","step":"","order":9},{"label":"Gros sel","shopGroup":"","qte":"10","unit":"g","step":"","order":10}]}