{"title":"Riz au lait Grand-Mère","description":"","summary":"La véritable recette de ce riz onctueux cuit dans du lait vanillé.","timePreparation":"5mn","timeBaking":"40mn","timeRest":"1h","picture":"","ingredients":[{"label":"Lait entier","shopGroup":"Crèmerie  hors fromage","qte":"1","unit":"l","step":"","order":0},{"label":"Riz rond","shopGroup":"Epicerie","qte":"250","unit":"g","step":"","order":1},{"label":"Gousse(s) de vanille","shopGroup":"Epicerie","qte":"1","unit":"pièce(s)","step":"","order":2},{"label":"Sucre en poudre","shopGroup":"Epicerie","qte":"200","unit":"g","step":"","order":3}],"chiefTip":"Pour \"alléger\" ce riz au lait, vous pouvez ajouter 10 cl de crème montée dans le riz froid.","id":10115}