{"title":"Temaki crabe avocat et sésame","description":"","summary":"Une invention américaine, ce \"sushi roulé\" associe les saveurs de l'avocat et du crabe au croquant du sésame doré.","timePreparation":"20mn","timeBaking":"13mn","timeRest":"40mn","picture":"","ingredients":[{"label":"Riz japonais à sushi","shopGroup":"Epicerie","qte":"300","unit":"g","step":"","order":0},{"label":"Eau","shopGroup":"","qte":"33","unit":"cl","step":"","order":1},{"label":"Sucre en poudre","shopGroup":"Epicerie","qte":"10","unit":"g","step":"","order":2},{"label":"Sel fin","shopGroup":"","qte":"4","unit":"g","step":"","order":3},{"label":"Vinaigre de riz","shopGroup":"Epicerie","qte":"4","unit":"cl","step":"","order":4},{"label":"Feuille(s) de nori","shopGroup":"Epicerie","qte":"6","unit":"pièce(s)","step":"Pour le reste de la recette","order":5},{"label":"Avocat(s)","shopGroup":"Fruits","qte":"2","unit":"pièce(s)","step":"Pour le reste de la recette","order":6},{"label":"Chair de crabe","shopGroup":"Poissonnerie","qte":"100","unit":"g","step":"Pour le reste de la recette","order":7},{"label":"Wasabi","shopGroup":"Epicerie","qte":"5","unit":"g","step":"Pour le reste de la recette","order":8},{"label":"Graines de sésame dorées","shopGroup":"Epicerie","qte":"10","unit":"g","step":"Pour le reste de la recette","order":9}],"chiefTip":"Variez cette recette en remplaçant le crabe par des crevettes ou des coquilles Saint-Jacques.","id":10485}