{"title":"Carpaccio de Saint-Jacques, vinaigrette aux fruits de la passion","description":"","summary":"Des noix de Saint-Jacques coupées très finement et marinées dans une vinaigrette à base de pulpe de fruits de la passion. Une entrée très originale et qui fera son effet.","timePreparation":"20mn","timeBaking":"0mn","timeRest":"0mn","picture":"","ingredients":[{"label":"Noix de Saint Jacques","shopGroup":"Poissonnerie","qte":"24","unit":"pièce(s)","step":"","order":0},{"label":"Fruit(s) de la passion","shopGroup":"Fruits","qte":"3","unit":"pièce(s)","step":"","order":1},{"label":"Huile d'olive","shopGroup":"Epicerie","qte":"10","unit":"cl","step":"","order":2},{"label":"Piment d'Espelette","shopGroup":"Epicerie","qte":"3","unit":"pincée(s)","step":"","order":3},{"label":"Fleur de sel","shopGroup":"Epicerie","qte":"3","unit":"pincée(s)","step":"","order":4},{"label":"Roquette","shopGroup":"Légumes","qte":"200","unit":"g","step":"","order":5},{"label":"Vinaigre balsamique blanc","shopGroup":"Epicerie","qte":"3","unit":"cl","step":"","order":6}],"chiefTip":"Pour cette entrée, les noix de Saint-Jacques doivent être ultra-fraîches (luisantes et de couleur beige).","id":10441}