{"title":"Suprême de faisan Grand-Mère, salsifis persillés","description":"<br /><b>Pour le faisan :</b><br />Éplucher les oignons grelots, puis les plonger dans une casserole d'eau bouillante salée et les laisser cuire pendant 5 min. Les égoutter et réserver.<br />Éplucher les champignons de Paris et les couper en quartiers.<br /><br />Préchauffer le four à 200 °C.<br />Dans une cocotte chaude avec un filet d'huile d'olive, colorer les suprêmes de faisan, puis les retirer et les mettre sur une plaque. Les saler et les poivrer, puis les enfourner pendant 6 à 8 min.<br /><br />Dans la cocotte, ajouter les oignons et les lardons, laisser colorer 3 min puis ajouter les champignons avec une pincée de sel. Cuire 1 min, puis déglacer au vin blanc, laisser réduire et ajouter un verre d'eau. Cuire encore pendant 2 min.<br /><br /><b>Pour les salsifis :</b><br />Bien frotter les salsifis sous l'eau froide (pour qu'ils soient plus faciles à éplucher). Éplucher les salsifis, les couper en bâtonnets de 4 cm de long, puis les mettre dans de l'eau citronnée pour éviter qu'ils ne noircissent. Hacher l'ail et le persil plat.<br /><br />Dans une poêle avec une noisette de beurre, faire suer les salsifis avec une pincée de sel fin pendant 5 min, puis ajouter le bouillon de volaille et laisser cuire à couvert pendant 10 min, jusqu'à totale évaporation de l'eau. Ajouter en fin de cuisson l'ail haché et le persil plat.<br /><br /><b>Pour le dressage :</b><br />Dresser le suprême de faisan sur assiette avec le jus et la garniture Grand-Mère, et servir les salsifis dans des cocottes individuelles.<br />","summary":"Suprême de gibier et son jus garni de lardons, champignons et oignons, le tout servi avec une cocotte de salsifis en persillade.","timePreparation":"30mn","timeBaking":"10mn","timeRest":"0mn","picture":"http://1.media.atelierdeschefs.com/recette-c10540-supreme-de-faisan-grand-mere-salsifis-persilles.jpg","ingredients":[{"label":"Suprême(s) de poule faisane","shopGroup":"Volaille(s)","qte":"6","unit":"pièce(s)","step":"","order":0},{"label":"Lardon(s)","shopGroup":"Charcuterie","qte":"60","unit":"g","step":"","order":1},{"label":"Oignon(s) grelot","shopGroup":"Légumes","qte":"100","unit":"g","step":"","order":2},{"label":"Champignon(s) de Paris","shopGroup":"Légumes","qte":"100","unit":"g","step":"","order":3},{"label":"Sel fin","shopGroup":"","qte":"3","unit":"pincée(s)","step":"","order":4},{"label":"Moulin à poivre","shopGroup":"","qte":"3","unit":"tour(s)","step":"","order":5},{"label":"Vin blanc sec","shopGroup":"Boissons alcoolisées","qte":"10","unit":"cl","step":"","order":6},{"label":"Salsifis frais","shopGroup":"Légumes","qte":"900","unit":"g","step":"Pour la garniture","order":7},{"label":"Gousse(s) d'ail","shopGroup":"Légumes","qte":"2","unit":"gousse(s)","step":"Pour la garniture","order":8},{"label":"Persil plat","shopGroup":"Herbes aromatiques","qte":"0.5","unit":"botte(s)","step":"Pour la garniture","order":9},{"label":"Bouillon de volaille","shopGroup":"Epicerie","qte":"20","unit":"cl","step":"Pour la garniture","order":10},{"label":"Sel fin","shopGroup":"","qte":"6","unit":"pincée(s)","step":"Pour la garniture","order":11},{"label":"Moulin à poivre","shopGroup":"","qte":"6","unit":"tour(s)","step":"Pour la garniture","order":12},{"label":"Citron(s) jaune(s)","shopGroup":"Fruits","qte":"1","unit":"pièce(s)","step":"Pour la garniture","order":13},{"label":"Beurre doux","shopGroup":"Crèmerie  hors fromage","qte":"20","unit":"g","step":"Pour la garniture","order":14},{"label":"Huile d'olive","shopGroup":"Epicerie","qte":"3","unit":"cl","step":"Pour la garniture","order":15}],"chiefTip":"Vous pouvez cuire vos suprêmes à couvert dans le jus.","id":10540}