{"id":10540,"title":"Recette de Suprême de faisan Grand-Mère, salsifis persillés","description":"","summary":"Suprême de gibier et son jus garni de lardons, champignons et oignons, le tout servi avec une cocotte de salsifis en persillade.","timePreparation":"30mn","timeBaking":"10mn","timeRest":"0mn","picture":"http://1.media.atelierdeschefs.com/recette-e10540-supreme-de-faisan-grand-mere-salsifis-persilles.jpg","ingredients":[{"label":"Suprême(s) de poule faisane","shopGroup":"Volaille(s)","qte":"6","unit":"pièce(s)","step":"","order":0},{"label":"Lardon(s)","shopGroup":"Charcuterie","qte":"60","unit":"g","step":"","order":1},{"label":"Oignon(s) grelot","shopGroup":"Légumes","qte":"100","unit":"g","step":"","order":2},{"label":"Champignon(s) de Paris","shopGroup":"Légumes","qte":"100","unit":"g","step":"","order":3},{"label":"Sel fin","shopGroup":"","qte":"3","unit":"pincée(s)","step":"","order":4},{"label":"Moulin à poivre","shopGroup":"","qte":"3","unit":"tour(s)","step":"","order":5},{"label":"Vin blanc sec","shopGroup":"Boissons alcoolisées","qte":"10","unit":"cl","step":"","order":6},{"label":"Salsifis frais","shopGroup":"Légumes","qte":"900","unit":"g","step":"Pour la garniture","order":7},{"label":"Gousse(s) d'ail","shopGroup":"Légumes","qte":"2","unit":"gousse(s)","step":"Pour la garniture","order":8},{"label":"Persil plat","shopGroup":"Herbes aromatiques","qte":"0.5","unit":"botte(s)","step":"Pour la garniture","order":9},{"label":"Bouillon de volaille","shopGroup":"Epicerie","qte":"20","unit":"cl","step":"Pour la garniture","order":10},{"label":"Sel fin","shopGroup":"","qte":"6","unit":"pincée(s)","step":"Pour la garniture","order":11},{"label":"Moulin à poivre","shopGroup":"","qte":"6","unit":"tour(s)","step":"Pour la garniture","order":12},{"label":"Citron(s) jaune(s)","shopGroup":"Fruits","qte":"1","unit":"pièce(s)","step":"Pour la garniture","order":13},{"label":"Beurre doux","shopGroup":"Crèmerie  hors fromage","qte":"20","unit":"g","step":"Pour la garniture","order":14},{"label":"Huile d'olive","shopGroup":"Epicerie","qte":"3","unit":"cl","step":"Pour la garniture","order":15}]}