{"title":"Aiguillette de canard croustillante marinée tandoori","description":"","summary":"Aiguillette de canard enrobée d'une feuille de brick, le tout nappé de marinade tandoori.","timePreparation":"30mn","timeBaking":"0mn","timeRest":"0mn","picture":"","ingredients":[{"label":"Yaourt(s) nature(s)","shopGroup":"Crèmerie  hors fromage","qte":"3","unit":"pièce(s)","step":"Pour la marinade","order":0},{"label":"Oignon(s)","shopGroup":"Légumes","qte":"1","unit":"pièce(s)","step":"Pour la marinade","order":1},{"label":"Gousse(s) d'ail","shopGroup":"Légumes","qte":"2","unit":"gousse(s)","step":"Pour la marinade","order":2},{"label":"Poudre de gingembre","shopGroup":"Epicerie","qte":"3","unit":"g","step":"Pour la marinade","order":3},{"label":"Tandoori massala","shopGroup":"Epicerie","qte":"6","unit":"g","step":"Pour la marinade","order":4},{"label":"Huile d'olive","shopGroup":"","qte":"5","unit":"cl","step":"Pour la marinade","order":5},{"label":"Fleur de sel","shopGroup":"","qte":"3","unit":"pincée(s)","step":"Pour la marinade","order":6},{"label":"Aiguillette(s) de canard","shopGroup":"Volaille(s)","qte":"18","unit":"pièce(s)","step":"Pour le reste de la recette","order":7},{"label":"Feuille(s) de brick","shopGroup":"Traiteur","qte":"10","unit":"pièce(s)","step":"Pour le reste de la recette","order":8},{"label":"Fleur de sel","shopGroup":"Epicerie","qte":"3","unit":"pincée(s)","step":"Pour le reste de la recette","order":9},{"label":"Piment d'Espelette","shopGroup":"Epicerie","qte":"2","unit":"pincée(s)","step":"Pour le reste de la recette","order":10},{"label":"Huile d'olive","shopGroup":"Epicerie","qte":"5","unit":"cl","step":"Pour le reste de la recette","order":11}],"chiefTip":"Connaissez-vous le kadaïf ou les cheveux d'ange ? Essayez, vous surprendrez vos amis.","id":10611}