{"title":"Briouate de boeuf minute","description":"Hacher le boeuf dans un hachoir ou au couteau. Éplucher et ciseler les échalotes. Couper les citrons confits en 4, puis les épépiner et tailler la peau en brunoise. Effeuiller et ciseler le persil et la coriandre.<br /> <br />Mélanger tous les ingrédients avec les épices, puis assaisonner. Couper des bandes de feuille de brick et disposer un peu de farce dessus, puis les plier en triangle.<br /><br />Passer les briouates à la poêle avec le beurre de cacao Mycryo pendant 2 min de chaque côté, ou au four à 200 °C (th. 6-7) pendant 5 min.<br />","summary":"Une spécialité marocaine épicée et très rapide à réaliser à base de boeuf haché et épicé.","timePreparation":"15mn","timeBaking":"0mn","timeRest":"0mn","picture":"","ingredients":[{"label":"Pavé(s) de boeuf de 150g","shopGroup":"Boucherie","qte":"0","unit":"pièce(s)","step":"","order":0},{"label":"Citron(s) confit au sel","shopGroup":"Epicerie","qte":"1","unit":"pièce(s)","step":"","order":1},{"label":"Echalote(s)","shopGroup":"Légumes","qte":"3","unit":"pièce(s)","step":"","order":2},{"label":"Coriandre fraîche","shopGroup":"Herbes aromatiques","qte":"0.5","unit":"botte(s)","step":"","order":3},{"label":"Paprika","shopGroup":"Epicerie","qte":"5","unit":"g","step":"","order":4},{"label":"Feuille(s) de brick","shopGroup":"Traiteur","qte":"10","unit":"pièce(s)","step":"","order":5},{"label":"Beurre de cacao Mycryo","shopGroup":"Epicerie","qte":"10","unit":"g","step":"","order":6},{"label":"Persil plat","shopGroup":"Herbes aromatiques","qte":"0.25","unit":"botte(s)","step":"","order":7},{"label":"Cumin en poudre","shopGroup":"Epicerie","qte":"5","unit":"g","step":"","order":8},{"label":"Piment d'Espelette","shopGroup":"Epicerie","qte":"2","unit":"g","step":"","order":9}],"chiefTip":"Vous pouvez ajouter dans la farce des petits légumes taillés très finement.","id":10587}