{"id":10297,"title":"Recette de Mi-cuit de thon en marinade rouge, croquant de fenouil au pesto de roquette","description":"","summary":"Un pavé de thon mariné aux épices et saisi très rapidement à la poêle. Le moelleux du thon relevé par les Indes et le croquant du fenouil.","timePreparation":"45mn","timeBaking":"0mn","timeRest":"0mn","picture":"http://1.media.atelierdeschefs.com/recette-e10297-mi-cuit-de-thon-en-marinade-rouge-croquant-de-fenouil-au-pesto-de-roquette.jpg","ingredients":[{"label":"Pavé(s) de thon rouge","shopGroup":"Poissonnerie","qte":"3","unit":"pièce(s)","step":"","order":0},{"label":"Fenouil(s)","shopGroup":"Légumes","qte":"3","unit":"pièce(s)","step":"","order":1},{"label":"Roquette","shopGroup":"Légumes","qte":"400","unit":"g","step":"","order":2},{"label":"Parmigiano Reggiano râpé","shopGroup":"Fromage(s)","qte":"50","unit":"g","step":"","order":3},{"label":"Pignon(s) de pin","shopGroup":"Epicerie","qte":"30","unit":"g","step":"","order":4},{"label":"Huile d'olive","shopGroup":"","qte":"10","unit":"cl","step":"","order":5},{"label":"Fleur de sel","shopGroup":"Epicerie","qte":"6","unit":"pincée(s)","step":"","order":6},{"label":"Piment d'Espelette","shopGroup":"Epicerie","qte":"6","unit":"pincée(s)","step":"","order":7},{"label":"Gousse(s) d'ail","shopGroup":"Légumes","qte":"3","unit":"gousse(s)","step":"Pour la marinade","order":8},{"label":"Tandoori massala","shopGroup":"Epicerie","qte":"30","unit":"g","step":"Pour la marinade","order":9},{"label":"Curcuma en poudre","shopGroup":"Epicerie","qte":"10","unit":"g","step":"Pour la marinade","order":10},{"label":"Huile d'olive","shopGroup":"Epicerie","qte":"20","unit":"cl","step":"Pour la marinade","order":11},{"label":"Citronnelle","shopGroup":"Légumes","qte":"1","unit":"branche(s)","step":"Pour la marinade","order":12}]}