{"title":"Salade de pommes de terre primeurs au saumon fumé et sauce aigrelette","description":"Laver les pommes de terre nouvelles, puis les cuire dans un grand volume d'eau salée (10 g de gros sel/litre), départ eau froide, pendant 10 min à partir de l'ébullition. Les égoutter et les laisser tiédir, puis les couper en fines rondelles.<br /><br />Laver, sécher et hacher l'aneth. Zester et presser le citron jaune. <br />Dans un bol, bien mélanger la crème, le zeste et le jus de citron, l'aneth, puis saler et poivrer.<br /><br />Dans des assiettes plates, répartir les pommes de terre en rosace, arroser de sauce aigrelette, puis déposer au centre une tranche de saumon fumé et décorer de roquette.<br />","summary":"Une rosace de pommes de terre nouvelles garnie de saumon fumé et accompagnée d'une sauce à base de crème, de jus de citron et d'aneth.","timePreparation":"20mn","timeBaking":"20mn","timeRest":"0mn","picture":"","ingredients":[{"label":"Pomme(s) de terre primeur(s)","shopGroup":"Légumes","qte":"700","unit":"g","step":"","order":0},{"label":"Tranche(s) de saumon fumé","shopGroup":"Poissonnerie","qte":"6","unit":"pièce(s)","step":"","order":1},{"label":"Roquette","shopGroup":"Légumes","qte":"150","unit":"g","step":"","order":2},{"label":"Crème liquide entière","shopGroup":"Crèmerie  hors fromage","qte":"15","unit":"cl","step":"Pour la sauce","order":3},{"label":"Citron(s) jaune(s)","shopGroup":"Fruits","qte":"1","unit":"pièce(s)","step":"Pour la sauce","order":4},{"label":"Aneth","shopGroup":"Herbes aromatiques","qte":"0.25","unit":"botte(s)","step":"Pour la sauce","order":5},{"label":"Sel fin","shopGroup":"","qte":"3","unit":"pincée(s)","step":"Pour la sauce","order":6},{"label":"Moulin à poivre","shopGroup":"","qte":"3","unit":"tour(s)","step":"Pour la sauce","order":7},{"label":"Gros sel","shopGroup":"","qte":"10","unit":"g","step":"Pour la sauce","order":8}],"chiefTip":"Vous pouvez aussi utiliser des pommes de terre ratte pour cette recette.","id":10499}