{"id":10499,"title":"Recette de Salade de pommes de terre primeurs au saumon fumé et sauce aigrelette","description":"","summary":"Une rosace de pommes de terre nouvelles garnie de saumon fumé et accompagnée d'une sauce à base de crème, de jus de citron et d'aneth.","timePreparation":"20mn","timeBaking":"20mn","timeRest":"0mn","picture":"http://1.media.atelierdeschefs.com/recette-e10499-salade-de-pommes-de-terre-primeurs-au-saumon-fume-et-sauce-aigrelette.jpg","ingredients":[{"label":"Pomme(s) de terre primeur(s)","shopGroup":"Légumes","qte":"700","unit":"g","step":"","order":0},{"label":"Tranche(s) de saumon fumé","shopGroup":"Poissonnerie","qte":"6","unit":"pièce(s)","step":"","order":1},{"label":"Roquette","shopGroup":"Légumes","qte":"150","unit":"g","step":"","order":2},{"label":"Crème liquide entière","shopGroup":"Crèmerie  hors fromage","qte":"15","unit":"cl","step":"Pour la sauce","order":3},{"label":"Citron(s) jaune(s)","shopGroup":"Fruits","qte":"1","unit":"pièce(s)","step":"Pour la sauce","order":4},{"label":"Aneth","shopGroup":"Herbes aromatiques","qte":"0.25","unit":"botte(s)","step":"Pour la sauce","order":5},{"label":"Sel fin","shopGroup":"","qte":"3","unit":"pincée(s)","step":"Pour la sauce","order":6},{"label":"Moulin à poivre","shopGroup":"","qte":"3","unit":"tour(s)","step":"Pour la sauce","order":7},{"label":"Gros sel","shopGroup":"","qte":"10","unit":"g","step":"Pour la sauce","order":8}]}