{"id":9041,"title":"Recette de Saltimbocca de veau au basilic et Castellane à la tomate","description":"","summary":"De fines escalopes de veau roulées au basilic frais, accompagnées de pâtes Castellane à la sauce tomate.","timePreparation":"20mn","timeBaking":"30mn","timeRest":"0mn","picture":"http://1.media.atelierdeschefs.com/recette-e9041-saltimbocca-de-veau-au-basilic-et-castellane-a-la-tomate.jpg","ingredients":[{"label":"Escalope(s) de veau","shopGroup":"Boucherie","qte":"6","unit":"pièce(s)","step":"","order":0},{"label":"Purée d'olive noire","shopGroup":"Epicerie","qte":"60","unit":"g","step":"","order":1},{"label":"Basilic","shopGroup":"Herbes aromatiques","qte":"0.25","unit":"botte(s)","step":"","order":2},{"label":"Castellane","shopGroup":"Epicerie","qte":"400","unit":"g","step":"","order":3},{"label":"Tomate(s)","shopGroup":"Fruits","qte":"6","unit":"pièce(s)","step":"Pour la sauce","order":4},{"label":"Oignon(s)","shopGroup":"Légumes","qte":"1","unit":"pièce(s)","step":"Pour la sauce","order":5},{"label":"Aromate(s) ail, thym, laurier","shopGroup":"Herbes aromatiques","qte":"1","unit":"pièce(s)","step":"Pour la sauce","order":6},{"label":"Vin blanc sec","shopGroup":"Boissons alcoolisées","qte":"10","unit":"cl","step":"Pour la sauce","order":7},{"label":"Eau","shopGroup":"","qte":"10","unit":"cl","step":"Pour la sauce","order":8},{"label":"Sel fin","shopGroup":"","qte":"4","unit":"pincée(s)","step":"Pour la sauce","order":9},{"label":"Moulin à poivre","shopGroup":"","qte":"2","unit":"tour(s)","step":"Pour la sauce","order":10},{"label":"Gros sel","shopGroup":"","qte":"20","unit":"g","step":"Pour la sauce","order":11},{"label":"Huile d'olive","shopGroup":"Epicerie","qte":"3","unit":"cl","step":"Pour la sauce","order":12}]}