{"title":"Saltimbocca de veau au basilic et Castellane à la tomate","description":"Pour la sauce tomate : éplucher les tomates et les couper en 6. Éplucher et ciseler les oignons.<br />Dans une casserole, faire suer les oignons à l'huile d'olive, puis ajouter les tomates et les aromates. Laisser cuire à feu vif pendant 10 min. Ajouter ensuite le vin blanc et l'eau, et cuire à feu doux durant 20 min.<br />Passer au moulin à légumes l'ensemble de la sauce puis la réduire à la consistance souhaitée. Rectifier ensuite l'assaisonnement et réserver au chaud.<br /><br />Cuire les pâtes dans de l'eau bouillante salée (10 g de gros sel/litre) pendant 9 min.<br /><br />Pour le saltimbocca : aplatir les escalopes, puis les badigeonner de purée d'olives noires et déposer 1 feuille de basilic. Rouler ensuite l'escalope sur elle-même et maintenir l'ensemble avec des pics en bois.<br />Dans une poêle chaude, disposer les roulés de veau enrobés d'huile d'olive et les cuire pendant 5 min sur chaque face.<br /><br />Pour le dressage : mélanger les pâtes dans la sauce bien chaude, puis les dresser en assiettes creuses et finir par les saltimbocca.<br />","summary":"De fines escalopes de veau roulées au basilic frais, accompagnées de pâtes Castellane à la sauce tomate.","timePreparation":"20mn","timeBaking":"30mn","timeRest":"0mn","picture":"","ingredients":[{"label":"Escalope(s) de veau","shopGroup":"Boucherie","qte":"6","unit":"pièce(s)","step":"","order":0},{"label":"Purée d'olive noire","shopGroup":"Epicerie","qte":"60","unit":"g","step":"","order":1},{"label":"Basilic","shopGroup":"Herbes aromatiques","qte":"0.25","unit":"botte(s)","step":"","order":2},{"label":"Castellane","shopGroup":"Epicerie","qte":"400","unit":"g","step":"","order":3},{"label":"Tomate(s)","shopGroup":"Fruits","qte":"6","unit":"pièce(s)","step":"Pour la sauce","order":4},{"label":"Oignon(s)","shopGroup":"Légumes","qte":"1","unit":"pièce(s)","step":"Pour la sauce","order":5},{"label":"Aromate(s) ail, thym, laurier","shopGroup":"Herbes aromatiques","qte":"1","unit":"pièce(s)","step":"Pour la sauce","order":6},{"label":"Vin blanc sec","shopGroup":"Boissons alcoolisées","qte":"10","unit":"cl","step":"Pour la sauce","order":7},{"label":"Eau","shopGroup":"","qte":"10","unit":"cl","step":"Pour la sauce","order":8},{"label":"Sel fin","shopGroup":"","qte":"4","unit":"pincée(s)","step":"Pour la sauce","order":9},{"label":"Moulin à poivre","shopGroup":"","qte":"2","unit":"tour(s)","step":"Pour la sauce","order":10},{"label":"Gros sel","shopGroup":"","qte":"20","unit":"g","step":"Pour la sauce","order":11},{"label":"Huile d'olive","shopGroup":"Epicerie","qte":"3","unit":"cl","step":"Pour la sauce","order":12}],"chiefTip":"Amusez-vous à changer les garnitures des saltimbocca : purée de tomates séchées, estragon...","id":9041}