{"id":10509,"title":"Recette de Panna cotta sur sablé fin et prunes rôties au caramel","description":"","summary":"Une superposition de textures : le croquant pour le sablé breton, le moelleux pour la panna cotta, et le fondant pour les prunes.","timePreparation":"15mn","timeBaking":"25mn","timeRest":"1h","picture":"http://1.media.atelierdeschefs.com/recette-e10509-panna-cotta-sur-sable-fin-et-prunes-roties-au-caramel.jpg","ingredients":[{"label":"Sucre en poudre","shopGroup":"","qte":"70","unit":"g","step":"Pour la pâte","order":0},{"label":"Sel fin","shopGroup":"","qte":"6","unit":"pincée(s)","step":"Pour la pâte","order":1},{"label":"Jaune(s) d'oeuf(s)","shopGroup":"Crèmerie  hors fromage","qte":"2","unit":"pièce(s)","step":"Pour la pâte","order":2},{"label":"Farine de blé","shopGroup":"Epicerie","qte":"110","unit":"g","step":"Pour la pâte","order":3},{"label":"Beurre doux","shopGroup":"Crèmerie  hors fromage","qte":"80","unit":"g","step":"Pour la pâte","order":4},{"label":"Crème liquide entière","shopGroup":"Crèmerie  hors fromage","qte":"50","unit":"cl","step":"Pour la crème","order":5},{"label":"Sucre en poudre","shopGroup":"","qte":"50","unit":"g","step":"Pour la crème","order":6},{"label":"Feuille(s) de gélatine de 2 g","shopGroup":"Epicerie","qte":"3","unit":"pièce(s)","step":"Pour la crème","order":7},{"label":"Prune(s)","shopGroup":"Fruits","qte":"12","unit":"pièce(s)","step":"Pour le(s) fruit(s)","order":8},{"label":"Sucre en poudre","shopGroup":"Epicerie","qte":"125","unit":"g","step":"Pour le(s) fruit(s)","order":9}]}