{"title":"Panna cotta sur sablé fin et prunes rôties au caramel","description":"<br /><b>Pour les panna cotta </b><br />Mettre les feuilles de gélatine à ramollir dans de l'eau froide.<br /><br />Porter 1/3 de la crème liquide à ébullition avec le sucre.<br />Ajouter la gélatine après l'avoir bien essorée, puis la dissoudre tout en mélangeant à l'aide d'une spatule. Ajouter le reste de crème. Sur une plaque, verser la panna cotta sur une épaisseur de 2 cm, puis laisser refroidir 1 h au réfrigérateur.<br />A l'aide d'un emporte-pièce de 6 cm de diamètre, détailler ensuite des cercles dans pâte.<br /><br /><b>Pour les sablés </b><br />Préchauffer le four à 200 °C (th. 6-7).<br /><br />Dans un bol, malaxer de manière homogène la farine, le beurre, le sel, le sucre et les jaunes d'oeufs. Sur une feuille de papier sulfurisé, étaler ensuite la pâte à sablés sur 5 mm d'épaisseur, puis la recouvrir d'une autre feuille de papier sulfurisé et l'enfourner pendant 15 à 20 min.<br />A la sortie, découper la pâte à sablés avec le même emporte-pièce que précédemment pour former des sablés individuels.<br /><br /><b>Pour le reste de la recette </b><br />Laver les prunes et les couper en 2.<br />Dans une poêle, disposer du sucre et le laisser caraméliser. Ajouter alors les prunes, cuire quelques minutes et réserver dans des bols.<br />Une fois les prunes tièdes ou froides, les dénoyauter et les émincer en fines lamelles.<br /><br />Pour le dressage : dresser les sablés sur des assiettes plates, poser la panna cotta dessus et les prunes pour finir. Arroser le tout avec le jus de cuisson des prunes.<br />","summary":"Une superposition de textures : le croquant pour le sablé breton, le moelleux pour la panna cotta, et le fondant pour les prunes.","timePreparation":"15mn","timeBaking":"25mn","timeRest":"1h","picture":"","ingredients":[{"label":"Sucre en poudre","shopGroup":"","qte":"70","unit":"g","step":"Pour la pâte","order":0},{"label":"Sel fin","shopGroup":"","qte":"6","unit":"pincée(s)","step":"Pour la pâte","order":1},{"label":"Jaune(s) d'oeuf(s)","shopGroup":"Crèmerie  hors fromage","qte":"2","unit":"pièce(s)","step":"Pour la pâte","order":2},{"label":"Farine de blé","shopGroup":"Epicerie","qte":"110","unit":"g","step":"Pour la pâte","order":3},{"label":"Beurre doux","shopGroup":"Crèmerie  hors fromage","qte":"80","unit":"g","step":"Pour la pâte","order":4},{"label":"Crème liquide entière","shopGroup":"Crèmerie  hors fromage","qte":"50","unit":"cl","step":"Pour la crème","order":5},{"label":"Sucre en poudre","shopGroup":"","qte":"50","unit":"g","step":"Pour la crème","order":6},{"label":"Feuille(s) de gélatine de 2 g","shopGroup":"Epicerie","qte":"3","unit":"pièce(s)","step":"Pour la crème","order":7},{"label":"Prune(s)","shopGroup":"Fruits","qte":"12","unit":"pièce(s)","step":"Pour le(s) fruit(s)","order":8},{"label":"Sucre en poudre","shopGroup":"Epicerie","qte":"125","unit":"g","step":"Pour le(s) fruit(s)","order":9}],"chiefTip":"Pour parfumer le caramel des prunes, vous pouvez le déglacer avec du vin de myrte par exemple.","id":10509}