{"title":"Noix de Saint-Jacques poêlées, rouelles d'endives caramélisées à l'orange","description":"Enlever légèrement le coeur de 5 endives, puis les cuire entières pendant 20 min dans une grande quantité d'eau bouillante salée et citronnée. Les retirer et les rafraîchir, puis les couper en rondelles de 1,5 cm d'épaisseur. Les ficeler ensuite pour éviter que les feuilles se détachent du coeur de l'endive.<br /><br />Faire chauffer le sucre dans la poêle jusqu'à ce qu'il caramélise, puis colorer les tranches des endives pendant 1 min de chaque côté. <br /><br />Zester l'orange et récupérer le jus. <br />Dans une autre poêle chaude avec de l'huile d'olive, colorer les noix de Saint-Jacques assaisonnées de sel et de piment d'Espelette, pendant 1 min de chaque côté. Retirer les noix et ajouter les zestes, puis déglacer la poêle avec le jus d'orange et monter au beurre.<br /><br /><b>Pour le dressage :</b><br />Couper la dernière endive en julienne dans le sens de la longueur. Ajouter l'huile d'olive au citron, saler et poivrer.<br /><br />Servir les 3 rouelles d'endives et les noix de Saint-Jacques autour de l'assiette ronde, arroser de sauce à l'orange et disposer la julienne d'endives au centre.<br />","summary":"Endives cuites entières puis caramélisées en tranches et aromatisées à l'orange. Garniture de noix de Saint-Jacques colorées à la poêle.","timePreparation":"45mn","timeBaking":"0mn","timeRest":"0mn","picture":"","ingredients":[{"label":"Noix de Saint Jacques","shopGroup":"Poissonnerie","qte":"18","unit":"pièce(s)","step":"","order":0},{"label":"Endive(s)","shopGroup":"Légumes","qte":"6","unit":"pièce(s)","step":"","order":1},{"label":"Orange(s)","shopGroup":"Fruits","qte":"1","unit":"pièce(s)","step":"","order":2},{"label":"Beurre doux","shopGroup":"Crèmerie  hors fromage","qte":"20","unit":"g","step":"","order":3},{"label":"Piment d'Espelette","shopGroup":"Epicerie","qte":"6","unit":"pincée(s)","step":"","order":4},{"label":"Citron(s) jaune(s)","shopGroup":"Fruits","qte":"0.5","unit":"pièce(s)","step":"","order":5},{"label":"Sucre en poudre","shopGroup":"Epicerie","qte":"30","unit":"g","step":"","order":6},{"label":"Huile d'olive","shopGroup":"Epicerie","qte":"3","unit":"cl","step":"","order":7},{"label":"Huile d'olive au citron","shopGroup":"Epicerie","qte":"5","unit":"cl","step":"Pour le dressage","order":8},{"label":"Sel fin","shopGroup":"","qte":"6","unit":"pincée(s)","step":"Pour le dressage","order":9},{"label":"Moulin à poivre","shopGroup":"","qte":"6","unit":"tour(s)","step":"Pour le dressage","order":10}],"chiefTip":"Veillez à ne pas trop cuire les noix de Saint-Jacques, sinon elles deviennent caoutchouteuses.","id":10198}