{"id":10198,"title":"Recette de Noix de Saint-Jacques poêlées, rouelles d'endives caramélisées à l'orange","description":"","summary":"Endives cuites entières puis caramélisées en tranches et aromatisées à l'orange. Garniture de noix de Saint-Jacques colorées à la poêle.","timePreparation":"45mn","timeBaking":"0mn","timeRest":"0mn","picture":"http://1.media.atelierdeschefs.com/recette-e10198-noix-de-saint-jacques-poelees-rouelles-d-endives-caramelisees-a-l-orange.jpg","ingredients":[{"label":"Noix de Saint Jacques","shopGroup":"Poissonnerie","qte":"18","unit":"pièce(s)","step":"","order":0},{"label":"Endive(s)","shopGroup":"Légumes","qte":"6","unit":"pièce(s)","step":"","order":1},{"label":"Orange(s)","shopGroup":"Fruits","qte":"1","unit":"pièce(s)","step":"","order":2},{"label":"Beurre doux","shopGroup":"Crèmerie  hors fromage","qte":"20","unit":"g","step":"","order":3},{"label":"Piment d'Espelette","shopGroup":"Epicerie","qte":"6","unit":"pincée(s)","step":"","order":4},{"label":"Citron(s) jaune(s)","shopGroup":"Fruits","qte":"0.5","unit":"pièce(s)","step":"","order":5},{"label":"Sucre en poudre","shopGroup":"Epicerie","qte":"30","unit":"g","step":"","order":6},{"label":"Huile d'olive","shopGroup":"Epicerie","qte":"3","unit":"cl","step":"","order":7},{"label":"Huile d'olive au citron","shopGroup":"Epicerie","qte":"5","unit":"cl","step":"Pour le dressage","order":8},{"label":"Sel fin","shopGroup":"","qte":"6","unit":"pincée(s)","step":"Pour le dressage","order":9},{"label":"Moulin à poivre","shopGroup":"","qte":"6","unit":"tour(s)","step":"Pour le dressage","order":10}]}