{"title":"Soupe de crevette au curry rouge","description":"","summary":"Soupe épicée aux grosses crevettes, garnie de cive et de carotte.","timePreparation":"30mn","timeBaking":"0mn","timeRest":"0mn","picture":"","ingredients":[{"label":"Gambas surgelée(s)","shopGroup":"Surgelés","qte":"18","unit":"pièce(s)","step":"","order":0},{"label":"Carotte(s)","shopGroup":"Légumes","qte":"150","unit":"g","step":"","order":1},{"label":"Cive verte d'oignon","shopGroup":"Herbes aromatiques","qte":"3","unit":"pièce(s)","step":"","order":2},{"label":"Pâte de curry rouge","shopGroup":"Epicerie","qte":"12","unit":"g","step":"","order":3},{"label":"Bouillon de volaille","shopGroup":"Epicerie","qte":"60","unit":"cl","step":"","order":4},{"label":"Gousse(s) d'ail","shopGroup":"Légumes","qte":"1","unit":"gousse(s)","step":"","order":5}],"chiefTip":"Concassez et mettez à infuser 15 min les tête des gambas dans le bouillon avant de le passer pour y cuire les élément de la soupe : elle contiennent des sucs très aromatiques qui vont parfumer le bouillon.","id":953}