{"title":"Merlan de boeuf aux échalotes, courgettes et tomates croquantes","description":"Laver tous les légumes. Eplucher et émincer les échalotes. Réserver. Tailler les courgettes et les tomates en petits dés. Concasser le persil plat. Dans une cocotte faire suer avec un filet d'huile les courgettes avec une pincée de sel fin. Laisser cuire 2 à 3 minutes. Ajouter les tomates, le persil plat et saler. Cuire 3 minutes et couvrir, réserver.<br />Faire chauffer une poêle avec un filet d'huile, colorer les merlans de boeuf 2 minutes de chaque côté à feu fort, puis saler et poivrer. Retirer et débarrasser dans un plat.<br />Ajouter dans la poêle de cuisson de la viande les échalotes, faire suer quelques secondes et ajouter le vin rouge. Faire bouillir et réduire le vin d'1/3. Arroser la viande.<br />Servir un lit de légumes avec le merlan de boeuf et la sauce aux échalotes.<br />","summary":"Pièce de boeuf très gouteuse à l'échalote, minestrone de courgettes et tomates","timePreparation":"30mn","timeBaking":"0mn","timeRest":"0mn","picture":"","ingredients":[{"label":"Merlan(s) de boeuf","shopGroup":"Boucherie","qte":"800","unit":"g","step":"","order":0},{"label":"Vin rouge","shopGroup":"Boissons alcoolisées","qte":"20","unit":"cl","step":"","order":1},{"label":"Echalote(s)","shopGroup":"Légumes","qte":"4","unit":"pièce(s)","step":"","order":2},{"label":"Huile d'arachide","shopGroup":"Epicerie","qte":"5","unit":"cl","step":"","order":3},{"label":"Courgette(s)","shopGroup":"Légumes","qte":"4","unit":"pièce(s)","step":"","order":4},{"label":"Tomate(s)","shopGroup":"Fruits","qte":"2","unit":"pièce(s)","step":"","order":5},{"label":"Persil plat","shopGroup":"Herbes aromatiques","qte":"0.5","unit":"botte(s)","step":"","order":6},{"label":"Sel fin","shopGroup":"","qte":"6","unit":"pincée(s)","step":"","order":7},{"label":"Moulin à poivre","shopGroup":"","qte":"6","unit":"tour(s)","step":"","order":8}],"chiefTip":"Faites reposer la viande autant de temps qu'elle a cuite pour lui permettre de ce détendre.","id":10033}