{"id":10033,"title":"Recette de Merlan de boeuf aux échalotes, courgettes et tomates croquantes","description":"","summary":"Pièce de boeuf très gouteuse à l'échalote, minestrone de courgettes et tomates","timePreparation":"30mn","timeBaking":"0mn","timeRest":"0mn","picture":"http://1.media.atelierdeschefs.com/recette-e10033-merlan-de-boeuf-aux-echalotes-courgettes-et-tomates-croquantes.jpg","ingredients":[{"label":"Merlan(s) de boeuf","shopGroup":"Boucherie","qte":"800","unit":"g","step":"","order":0},{"label":"Vin rouge","shopGroup":"Boissons alcoolisées","qte":"20","unit":"cl","step":"","order":1},{"label":"Echalote(s)","shopGroup":"Légumes","qte":"4","unit":"pièce(s)","step":"","order":2},{"label":"Huile d'arachide","shopGroup":"Epicerie","qte":"5","unit":"cl","step":"","order":3},{"label":"Courgette(s)","shopGroup":"Légumes","qte":"4","unit":"pièce(s)","step":"","order":4},{"label":"Tomate(s)","shopGroup":"Fruits","qte":"2","unit":"pièce(s)","step":"","order":5},{"label":"Persil plat","shopGroup":"Herbes aromatiques","qte":"0.5","unit":"botte(s)","step":"","order":6},{"label":"Sel fin","shopGroup":"","qte":"6","unit":"pincée(s)","step":"","order":7},{"label":"Moulin à poivre","shopGroup":"","qte":"6","unit":"tour(s)","step":"","order":8}]}