{"id":10446,"title":"Recette de Tatin de Désiré au boudin landais, jus à la liqueur de pomme verte","description":"","summary":"Une tarte renversée au boudin et à la pomme de terre, accompagnée d'une sauce liquoreuse à la pomme verte.","timePreparation":"30mn","timeBaking":"20mn","timeRest":"0mn","picture":"http://1.media.atelierdeschefs.com/recette-e10446-tatin-de-desire-au-boudin-landais-jus-a-la-liqueur-de-pomme-verte.jpg","ingredients":[{"label":"Pomme(s) de terre Désiré","shopGroup":"Légumes","qte":"1.5","unit":"kg","step":"","order":0},{"label":"Boudin(s) noir(s)","shopGroup":"Charcuterie","qte":"800","unit":"g","step":"","order":1},{"label":"Beurre doux","shopGroup":"","qte":"250","unit":"g","step":"","order":2},{"label":"Sel fin","shopGroup":"","qte":"3","unit":"pincée(s)","step":"","order":3},{"label":"Moulin à poivre","shopGroup":"","qte":"3","unit":"tour(s)","step":"","order":4},{"label":"Pomme(s) Pink Lady","shopGroup":"Fruits","qte":"1","unit":"pièce(s)","step":"","order":5},{"label":"Pomme(s) granny smith","shopGroup":"Fruits","qte":"1","unit":"pièce(s)","step":"","order":6},{"label":"Gros sel","shopGroup":"","qte":"20","unit":"g","step":"Pour la sauce","order":7},{"label":"Sucre en poudre","shopGroup":"Epicerie","qte":"100","unit":"g","step":"Pour la sauce","order":8},{"label":"Beurre doux","shopGroup":"Crèmerie  hors fromage","qte":"20","unit":"g","step":"Pour la sauce","order":9},{"label":"Manzana","shopGroup":"Boissons alcoolisées","qte":"8","unit":"cl","step":"Pour la sauce","order":10}]}