{"title":"Filet de canette contisé à la pomme granny Smith  et carottes caramélisées","description":"Préchauffer le four à 210 °C (th. 7).<br />Parer la graisse des filets et enlever le nerf dans le petit filet.<br /><br />Éplucher les pommes, les couper en 2 et les épépiner, puis les couper en fines tranches. A l'aide d'un couteau, ouvrir légèrement les filets de canette dans la longueur sans les percer. Insérer ensuite des lamelles de pomme dedans.<br />Dans une poêle froide, poser les filets de canettes côté peau et allumer le feu pour colorer la peau. Après coloration, mettre une pincée de sel sur la chair et retourner les filets. Les saisir pendant 1 min, puis les poser sur une plaque et les enfourner pendant 6 min.<br /><br />Éplucher les carottes et les couper en fines lamelles légèrement biseautées.<br />Dans la poêle de cuisson des canettes, enlever le surplus de matière grasse et faire revenir les carottes à feu doux. Une fois qu'elles sont colorées, ajouter l'eau et le vinaigre balsamique, puis les laisser cuire jusqu'à complète évaporation des liquides. Poivrer.<br /><br />Servir les légumes et poser les filets de canettes autour.<br />","summary":"Filets de canette garnis de fines lamelles de pomme et rôtis au four, servis avec des carottes confites au vinaigre balsamique.","timePreparation":"15mn","timeBaking":"20mn","timeRest":"0mn","picture":"","ingredients":[{"label":"Filet(s) de canette","shopGroup":"Volaille(s)","qte":"6","unit":"pièce(s)","step":"","order":0},{"label":"Pomme(s) granny smith","shopGroup":"Fruits","qte":"1","unit":"pièce(s)","step":"","order":1},{"label":"Carotte(s) fane(s)","shopGroup":"Légumes","qte":"1","unit":"botte(s)","step":"","order":2},{"label":"Vinaigre balsamique","shopGroup":"Epicerie","qte":"10","unit":"cl","step":"","order":3},{"label":"Eau","shopGroup":"","qte":"15","unit":"cl","step":"","order":4},{"label":"Sel fin","shopGroup":"","qte":"3","unit":"pincée(s)","step":"","order":5},{"label":"Moulin à poivre","shopGroup":"","qte":"3","unit":"tour(s)","step":"","order":6}],"chiefTip":"Selon la saison, remplacez les pommes par des pêches ou des pêches de vigne.","id":10209}