{"id":10209,"title":"Recette de Filet de canette contisé à la pomme granny Smith  et carottes caramélisées","description":"","summary":"Filets de canette garnis de fines lamelles de pomme et rôtis au four, servis avec des carottes confites au vinaigre balsamique.","timePreparation":"15mn","timeBaking":"20mn","timeRest":"0mn","picture":"http://1.media.atelierdeschefs.com/recette-e10209-filet-de-canette-contise-a-la-pomme-granny-smith-et-carottes-caramelisees.jpg","ingredients":[{"label":"Filet(s) de canette","shopGroup":"Volaille(s)","qte":"6","unit":"pièce(s)","step":"","order":0},{"label":"Pomme(s) granny smith","shopGroup":"Fruits","qte":"1","unit":"pièce(s)","step":"","order":1},{"label":"Carotte(s) fane(s)","shopGroup":"Légumes","qte":"1","unit":"botte(s)","step":"","order":2},{"label":"Vinaigre balsamique","shopGroup":"Epicerie","qte":"10","unit":"cl","step":"","order":3},{"label":"Eau","shopGroup":"","qte":"15","unit":"cl","step":"","order":4},{"label":"Sel fin","shopGroup":"","qte":"3","unit":"pincée(s)","step":"","order":5},{"label":"Moulin à poivre","shopGroup":"","qte":"3","unit":"tour(s)","step":"","order":6}]}