{"title":"Salade de légumes croquants et aiguillettes de poulet","description":"Tailler les aiguillettes de poulet en morceaux et les saler. Éplucher les carottes puis les émincer. Émincer les oignons nouveaux en fines lamelles. Couper les pois gourmands en 3. Laver la courgette, la couper en 2 dans la longueur, puis l'émincer en fines lamelles. Laver les pousses d'épinard et les trier.<br /> <br />Dans une poêle chaude, mettre un trait d'huile d'olive et colorer les volailles pendant 2 min, puis les débarrasser sur une plaque.<br />Dans la même poêle, faire suer les oignons, ajouter les carottes, saler et ajouter 1 tasse à café d'eau. Cuire 4 à 5 min en remuant. Ajouter ensuite les pois gourmands et cuire 2 min, puis terminer par la courgette. Débarrasser et laisser refroidir, rectifier l'assaisonnement en sel et en poivre.<br /><br />Assaisonner les pousses d'épinard d'huile de noisette et de vinaigre balsamique, ajouter les autres légumes et mélanger délicatement.<br /><br />Servir les légumes dans une assiette creuse, poser les aiguillettes de poulet dessus et déguster.<br />","summary":"Une salade de légumes cuits croquants, d'aiguillettes de poulet saisies à la poêle et de pousses d'épinard assaisonnées d'huile de noisette et de vinaigre balsamique. Une assiette très colorée et pleine de vitamines !","timePreparation":"30mn","timeBaking":"0mn","timeRest":"0mn","picture":"","ingredients":[{"label":"Aiguillette(s) de poulet","shopGroup":"Volaille(s)","qte":"800","unit":"g","step":"","order":0},{"label":"Carotte(s)","shopGroup":"Légumes","qte":"6","unit":"pièce(s)","step":"","order":1},{"label":"Oignon(s) nouveau(x)","shopGroup":"Légumes","qte":"3","unit":"pièce(s)","step":"","order":2},{"label":"Pois gourmand(s)","shopGroup":"Légumes","qte":"250","unit":"g","step":"","order":3},{"label":"Courgette(s)","shopGroup":"Légumes","qte":"1","unit":"pièce(s)","step":"","order":4},{"label":"Pousse(s) d'épinard","shopGroup":"Légumes","qte":"200","unit":"g","step":"","order":5},{"label":"Sel fin","shopGroup":"","qte":"6","unit":"pincée(s)","step":"","order":6},{"label":"Moulin à poivre","shopGroup":"","qte":"6","unit":"tour(s)","step":"","order":7},{"label":"Huile d'olive","shopGroup":"Epicerie","qte":"5","unit":"cl","step":"","order":8},{"label":"Huile de noisette","shopGroup":"Epicerie","qte":"5","unit":"cl","step":"","order":9},{"label":"Vinaigre balsamique","shopGroup":"Epicerie","qte":"3","unit":"cl","step":"","order":10}],"chiefTip":"Pour que vos légumes restent appétissants et colorés, ne les couvrez pas pendant la cuisson, vous risqueriez de les oxyder.","id":10090}