{"title":"Salade de légumes croquants et aiguillettes de poulet","description":"","summary":"Une salade de légumes cuits croquants, d'aiguillettes de poulet saisies à la poêle et de pousses d'épinard assaisonnées d'huile de noisette et de vinaigre balsamique. Une assiette très colorée et pleine de vitamines !","timePreparation":"30mn","timeBaking":"0mn","timeRest":"0mn","picture":"","ingredients":[{"label":"Aiguillette(s) de poulet","shopGroup":"Volaille(s)","qte":"800","unit":"g","step":"","order":0},{"label":"Carotte(s)","shopGroup":"Légumes","qte":"6","unit":"pièce(s)","step":"","order":1},{"label":"Oignon(s) nouveau(x)","shopGroup":"Légumes","qte":"3","unit":"pièce(s)","step":"","order":2},{"label":"Pois gourmand(s)","shopGroup":"Légumes","qte":"250","unit":"g","step":"","order":3},{"label":"Courgette(s)","shopGroup":"Légumes","qte":"1","unit":"pièce(s)","step":"","order":4},{"label":"Pousse(s) d'épinard","shopGroup":"Légumes","qte":"200","unit":"g","step":"","order":5},{"label":"Sel fin","shopGroup":"","qte":"6","unit":"pincée(s)","step":"","order":6},{"label":"Moulin à poivre","shopGroup":"","qte":"6","unit":"tour(s)","step":"","order":7},{"label":"Huile d'olive","shopGroup":"Epicerie","qte":"5","unit":"cl","step":"","order":8},{"label":"Huile de noisette","shopGroup":"Epicerie","qte":"5","unit":"cl","step":"","order":9},{"label":"Vinaigre balsamique","shopGroup":"Epicerie","qte":"3","unit":"cl","step":"","order":10}],"chiefTip":"Pour que vos légumes restent appétissants et colorés, ne les couvrez pas pendant la cuisson, vous risqueriez de les oxyder.","id":10090}