{"title":"Mille-feuille de flétan fumé et sésame, fruité-salé et coulis de betterave","description":"","summary":"L'alliance du flétan fumé et d'une garniture fruitée-salée. De fins voiles parfumés au sésame donnent tout le volume à cette assiette festive.","timePreparation":"45mn","timeBaking":"10mn","timeRest":"10mn","picture":"","ingredients":[{"label":"Pomme(s) granny smith","shopGroup":"Fruits","qte":"1","unit":"pièce(s)","step":"Pour la sauce","order":0},{"label":"Concombre(s)","shopGroup":"Légumes","qte":"0.5","unit":"pièce(s)","step":"Pour la sauce","order":1},{"label":"Branche(s) de céleri","shopGroup":"Légumes","qte":"3","unit":"pièce(s)","step":"Pour la sauce","order":2},{"label":"Betterave(s) rouge(s) cuite(s)","shopGroup":"","qte":"0.25","unit":"pièce(s)","step":"Pour la sauce","order":3},{"label":"Citron(s) vert(s)","shopGroup":"Fruits","qte":"1","unit":"pièce(s)","step":"Pour la sauce","order":4},{"label":"Aneth","shopGroup":"Herbes aromatiques","qte":"0.25","unit":"botte(s)","step":"Pour la sauce","order":5},{"label":"Crème liquide entière","shopGroup":"Crèmerie  hors fromage","qte":"10","unit":"cl","step":"Pour la sauce","order":6},{"label":"Vinaigre balsamique blanc","shopGroup":"","qte":"5","unit":"cl","step":"Pour la sauce","order":7},{"label":"Sel fin","shopGroup":"","qte":"6","unit":"pincée(s)","step":"Pour la sauce","order":8},{"label":"Piment d'Espelette","shopGroup":"Epicerie","qte":"2","unit":"g","step":"Pour la sauce","order":9},{"label":"Tranche(s) de flétan fumé","shopGroup":"Poissonnerie","qte":"6","unit":"pièce(s)","step":"Pour le montage","order":10},{"label":"Feuille(s) de brick","shopGroup":"","qte":"10","unit":"pièce(s)","step":"Pour le montage","order":11},{"label":"Beurre doux","shopGroup":"Crèmerie  hors fromage","qte":"30","unit":"g","step":"Pour le montage","order":12},{"label":"Graines de sésame blanches","shopGroup":"Epicerie","qte":"20","unit":"g","step":"Pour le montage","order":13},{"label":"Betterave(s) rouge(s) cuite(s)","shopGroup":"Légumes","qte":"0.25","unit":"pièce(s)","step":"Pour le dressage","order":14},{"label":"Vinaigre balsamique blanc","shopGroup":"Epicerie","qte":"2","unit":"cl","step":"Pour le dressage","order":15},{"label":"Eau","shopGroup":"","qte":"6","unit":"cl","step":"Pour le dressage","order":16}],"chiefTip":"Coupez les feuilles de brick avec les emporte-pièce de votre choix : carré, rectangle, rond...","id":10179}