{"title":"Mille-feuille de flétan fumé et sésame, fruité-salé et coulis de betterave","description":"<br /><b>Pour la sauce</b><br />Laver tous les légumes et les éplucher. Tailler la pomme granny-smith, le concombre, la demi-betterave et le céleri branche en brunoise (petits dés). Hacher l'aneth et râper le zeste du citron vert.<br />Dans un bol, mélanger la crème liquide avec le balsamique blanc, l'aneth, le zeste du citron vert et toutes les brunoises. Assaisonner de sel et de piment d'Espelette, puis réserver au frais.<br />Préchauffer le four à 200 °C (th. 6/7).<br />Couper des carrés de feuilles de brick à l'aide d'un emporte-pièce, puis les badigeonner de beurre fondu à l'aide d'un pinceau. Les empiler ensuite par 3 et les saupoudrer de graines de sésame. Préparer 3 paquets de 3 carrés de brick par personne. Les cuire ensuite entre 2 plaques de cuisson dans un four à 200 °C pendant 4 à 6 min.<br /><br />Couper le flétan fumé en lanières. Monter le mille-feuille en alternant un carré de brick, la crème et les légumes croquants, un carré de brick, le flétan fumé, et terminer par un dernier carré de pâte.<br /><br /><b>Pour la sauce</b><br />Dans un blender, mixer le reste de betterave avec de l'eau et le balsamique blanc.<br /><br />Décorer l'assiette du mille-feuille avec la vinaigrette et quelques pluches d'aneth.<br />","summary":"L'alliance du flétan fumé et d'une garniture fruitée-salée. De fins voiles parfumés au sésame donnent tout le volume à cette assiette festive.","timePreparation":"45mn","timeBaking":"10mn","timeRest":"10mn","picture":"","ingredients":[{"label":"Pomme(s) granny smith","shopGroup":"Fruits","qte":"1","unit":"pièce(s)","step":"Pour la sauce","order":0},{"label":"Concombre(s)","shopGroup":"Légumes","qte":"0.5","unit":"pièce(s)","step":"Pour la sauce","order":1},{"label":"Branche(s) de céleri","shopGroup":"Légumes","qte":"3","unit":"pièce(s)","step":"Pour la sauce","order":2},{"label":"Betterave(s) rouge(s) cuite(s)","shopGroup":"","qte":"0.25","unit":"pièce(s)","step":"Pour la sauce","order":3},{"label":"Citron(s) vert(s)","shopGroup":"Fruits","qte":"1","unit":"pièce(s)","step":"Pour la sauce","order":4},{"label":"Aneth","shopGroup":"Herbes aromatiques","qte":"0.25","unit":"botte(s)","step":"Pour la sauce","order":5},{"label":"Crème liquide entière","shopGroup":"Crèmerie  hors fromage","qte":"10","unit":"cl","step":"Pour la sauce","order":6},{"label":"Vinaigre balsamique blanc","shopGroup":"","qte":"5","unit":"cl","step":"Pour la sauce","order":7},{"label":"Sel fin","shopGroup":"","qte":"6","unit":"pincée(s)","step":"Pour la sauce","order":8},{"label":"Piment d'Espelette","shopGroup":"Epicerie","qte":"2","unit":"g","step":"Pour la sauce","order":9},{"label":"Tranche(s) de flétan fumé","shopGroup":"Poissonnerie","qte":"6","unit":"pièce(s)","step":"Pour le montage","order":10},{"label":"Feuille(s) de brick","shopGroup":"","qte":"10","unit":"pièce(s)","step":"Pour le montage","order":11},{"label":"Beurre doux","shopGroup":"Crèmerie  hors fromage","qte":"30","unit":"g","step":"Pour le montage","order":12},{"label":"Graines de sésame blanches","shopGroup":"Epicerie","qte":"20","unit":"g","step":"Pour le montage","order":13},{"label":"Betterave(s) rouge(s) cuite(s)","shopGroup":"Légumes","qte":"0.25","unit":"pièce(s)","step":"Pour le dressage","order":14},{"label":"Vinaigre balsamique blanc","shopGroup":"Epicerie","qte":"2","unit":"cl","step":"Pour le dressage","order":15},{"label":"Eau","shopGroup":"","qte":"6","unit":"cl","step":"Pour le dressage","order":16}],"chiefTip":"Coupez les feuilles de brick avec les emporte-pièce de votre choix : carré, rectangle, rond...","id":10179}