{"title":"Muskatnockerln - Macarons à la noix de muscade","description":"Préchauffer le four à 220 °C.<br /><br />A l'aide d'un fouet électrique, fouetter les oeufs et le sucre pour obtenir un mélange épais et mousseux. Ajouter progressivement la farine, la poudre de noisette et d'amande, et les épices puis bien mélanger.<br /><br />A l'aide d'une poche à douille, dresser les macarons sur un tapis de cuisson et les laisser croûter à température ambiante pendant 1 h. Les enfourner ensuite à 220 °C pendant environ 5 min.<br /><br />Faire fondre le chocolat au bain-marie.<br />Glacer la moitié de chaque macaron refroidi en le trempant dans le chocolat fondu, puis décorer avec des amandes effilées.<br />","summary":"Un biscuit autrichien (qui ressemble de loin aux macarons de Nancy) fait à base de poudre d'amande et de noisette, d'épices, puis recouvert de chocolat.","timePreparation":"30mn","timeBaking":"15mn","timeRest":"1h15mn","picture":"http://1.media.atelierdeschefs.com/recette-c10521-muskatnockerln-macarons-a-la-noix-de-muscade.jpg","ingredients":[{"label":"Oeuf(s)","shopGroup":"Crèmerie  hors fromage","qte":"3","unit":"pièce(s)","step":"","order":0},{"label":"Sucre roux","shopGroup":"Epicerie","qte":"130","unit":"g","step":"","order":1},{"label":"Cannelle en poudre","shopGroup":"Epicerie","qte":"1","unit":"g","step":"","order":2},{"label":"Noix de muscade râpée","shopGroup":"Epicerie","qte":"1","unit":"g","step":"","order":3},{"label":"Farine de blé","shopGroup":"Epicerie","qte":"60","unit":"g","step":"","order":4},{"label":"Poudre d'amande","shopGroup":"Epicerie","qte":"150","unit":"g","step":"","order":5},{"label":"Poudre de noisette","shopGroup":"Epicerie","qte":"150","unit":"g","step":"","order":6},{"label":"Chocolat noir","shopGroup":"Epicerie","qte":"150","unit":"g","step":"Pour le reste de la recette","order":7},{"label":"Amande(s) effilée(s)","shopGroup":"Epicerie","qte":"30","unit":"g","step":"Pour le reste de la recette","order":8}],"chiefTip":"Ces biscuits se conservent très bien dans une boîte hermétique.","id":10521}