{"id":10798,"title":"Recette de Porc à l'aigre-doux, ananas et petits légumes","description":"","summary":"Un classique de la cuisine chinoise : des lamelles de porc cuites dans une sauce aigre-douce à l'ananas.","timePreparation":"20mn","timeBaking":"10mn","timeRest":"0mn","picture":"http://1.media.atelierdeschefs.com/recette-e10798-porc-a-l-aigre-doux-ananas-et-petits-legumes.jpg","ingredients":[{"label":"Filet(s) mignon de porc","shopGroup":"Boucherie","qte":"2","unit":"pièce(s)","step":"","order":0},{"label":"Courgette(s)","shopGroup":"Légumes","qte":"1","unit":"pièce(s)","step":"","order":1},{"label":"Oignon(s) rouge(s)","shopGroup":"Légumes","qte":"1","unit":"pièce(s)","step":"","order":2},{"label":"Gousse(s) d'ail","shopGroup":"Légumes","qte":"1","unit":"gousse(s)","step":"","order":3},{"label":"Poivron(s) rouge(s)","shopGroup":"Légumes","qte":"1","unit":"pièce(s)","step":"","order":4},{"label":"Carotte(s)","shopGroup":"Légumes","qte":"1","unit":"pièce(s)","step":"","order":5},{"label":"Poivron(s) vert(s)","shopGroup":"Légumes","qte":"1","unit":"pièce(s)","step":"","order":6},{"label":"Champignon(s) de Paris","shopGroup":"Légumes","qte":"125","unit":"g","step":"","order":7},{"label":"Ananas","shopGroup":"Fruits","qte":"0.25","unit":"pièce(s)","step":"","order":8},{"label":"Pousse(s) de soja","shopGroup":"Légumes","qte":"150","unit":"g","step":"","order":9},{"label":"Sel fin","shopGroup":"","qte":"6","unit":"pincée(s)","step":"","order":10},{"label":"Piment d'Espelette","shopGroup":"Epicerie","qte":"6","unit":"pincée(s)","step":"","order":11},{"label":"Huile d'olive","shopGroup":"Epicerie","qte":"5","unit":"cl","step":"","order":12},{"label":"Jus d'ananas","shopGroup":"Boissons sans alcool","qte":"20","unit":"cl","step":"Pour la sauce","order":13},{"label":"Fécule de maïs","shopGroup":"Epicerie","qte":"10","unit":"g","step":"Pour la sauce","order":14},{"label":"Sauce Soja","shopGroup":"Epicerie","qte":"4","unit":"cl","step":"Pour la sauce","order":15},{"label":"Ketchup","shopGroup":"Epicerie","qte":"50","unit":"g","step":"Pour la sauce","order":16},{"label":"Vinaigre de vin blanc","shopGroup":"Epicerie","qte":"2","unit":"cl","step":"Pour la sauce","order":17},{"label":"Miel","shopGroup":"Epicerie","qte":"30","unit":"g","step":"Pour la sauce","order":18}]}