{"title":"Crème brûlée à la fève tonka","description":"","summary":"Traditionnelle crème brûlée à base de lait entier au parfum délicat de la fève tonka, et caramélisée au chalumeau.","timePreparation":"10mn","timeBaking":"45mn","timeRest":"0mn","picture":"","ingredients":[{"label":"Lait entier","shopGroup":"Crèmerie  hors fromage","qte":"60","unit":"cl","step":"","order":0},{"label":"Jaune(s) d'oeuf(s)","shopGroup":"Crèmerie  hors fromage","qte":"8","unit":"pièce(s)","step":"","order":1},{"label":"Sucre en poudre","shopGroup":"Epicerie","qte":"100","unit":"g","step":"","order":2},{"label":"Fève(s) tonka","shopGroup":"Epicerie","qte":"1","unit":"pièce(s)","step":"","order":3},{"label":"Cassonade","shopGroup":"Epicerie","qte":"30","unit":"g","step":"","order":4}],"chiefTip":"Pour varier les parfums, laissez infuser dans le lait entier : de la vanille, du café, des feuilles de verveine...Faites trembler les crèmes pour vous assurer de leur cuisson : si elles ne bougent pas, elles sont cuites.","id":10189}