{"id":10189,"title":"Recette de Crème brûlée à la fève tonka","description":"","summary":"Traditionnelle crème brûlée à base de lait entier au parfum délicat de la fève tonka, et caramélisée au chalumeau.","timePreparation":"10mn","timeBaking":"45mn","timeRest":"0mn","picture":"http://1.media.atelierdeschefs.com/recette-e10189-creme-brulee-a-la-feve-tonka.jpg","ingredients":[{"label":"Lait entier","shopGroup":"Crèmerie  hors fromage","qte":"60","unit":"cl","step":"","order":0},{"label":"Jaune(s) d'oeuf(s)","shopGroup":"Crèmerie  hors fromage","qte":"8","unit":"pièce(s)","step":"","order":1},{"label":"Sucre en poudre","shopGroup":"Epicerie","qte":"100","unit":"g","step":"","order":2},{"label":"Fève(s) tonka","shopGroup":"Epicerie","qte":"1","unit":"pièce(s)","step":"","order":3},{"label":"Cassonade","shopGroup":"Epicerie","qte":"30","unit":"g","step":"","order":4}]}