{"id":10411,"title":"Recette de Salade de boeuf à la Thaï","description":"","summary":"Une salade de pousses d'épinard et de légumes crus assaisonnés de vinaigrette au citron vert, accompagnée de fines lamelles de pavé de boeuf parfumées à la citronnelle et au gingembre.","timePreparation":"25mn","timeBaking":"5mn","timeRest":"0mn","picture":"http://1.media.atelierdeschefs.com/recette-e10411-salade-de-boeuf-a-la-thai.jpg","ingredients":[{"label":"Pavé(s) de rumsteck de 200 g","shopGroup":"Boucherie","qte":"6","unit":"pièce(s)","step":"","order":0},{"label":"Pousse(s) d'épinard","shopGroup":"Légumes","qte":"300","unit":"g","step":"","order":1},{"label":"Sauce Soja","shopGroup":"Epicerie","qte":"5","unit":"cl","step":"","order":2},{"label":"Sauce piment chili","shopGroup":"Epicerie","qte":"5","unit":"cl","step":"","order":3},{"label":"Bâton(s) de citronnelle","shopGroup":"Herbes aromatiques","qte":"1","unit":"pièce(s)","step":"","order":4},{"label":"Gingembre frais","shopGroup":"Légumes","qte":"10","unit":"g","step":"","order":5},{"label":"Carotte(s)","shopGroup":"Légumes","qte":"3","unit":"pièce(s)","step":"","order":6},{"label":"Tomate(s) cerise(s)","shopGroup":"Fruits","qte":"150","unit":"g","step":"","order":7},{"label":"Pousse(s) de soja","shopGroup":"Légumes","qte":"100","unit":"g","step":"","order":8},{"label":"Moulin à poivre","shopGroup":"","qte":"3","unit":"tour(s)","step":"","order":9},{"label":"Sel fin","shopGroup":"","qte":"3","unit":"pincée(s)","step":"","order":10},{"label":"Huile d'arachide","shopGroup":"Epicerie","qte":"3","unit":"cl","step":"","order":11},{"label":"Citron(s) vert(s)","shopGroup":"Fruits","qte":"2","unit":"pièce(s)","step":"Pour la sauce","order":12},{"label":"Huile d'olive","shopGroup":"Epicerie","qte":"10","unit":"cl","step":"Pour la sauce","order":13}]}