{"id":10394,"title":"Recette de Macaron pastis au sucre cuit, graines de fenouil et framboises","description":"","summary":"Un macaron garni d'une crème pâtissière au pastis et d'une marmelade minute à la framboise.","timePreparation":"30mn","timeBaking":"15mn","timeRest":"0mn","picture":"http://1.media.atelierdeschefs.com/recette-e10394-macaron-pastis-au-sucre-cuit-graines-de-fenouil-et-framboises.jpg","ingredients":[{"label":"Poudre d'amande","shopGroup":"Epicerie","qte":"200","unit":"g","step":"Pour les macarons","order":0},{"label":"Sucre glace","shopGroup":"Epicerie","qte":"200","unit":"g","step":"Pour les macarons","order":1},{"label":"Blanc(s) d'oeuf","shopGroup":"Crèmerie  hors fromage","qte":"150","unit":"g","step":"Pour les macarons","order":2},{"label":"Sucre en poudre","shopGroup":"","qte":"200","unit":"g","step":"Pour les macarons","order":3},{"label":"Eau","shopGroup":"","qte":"5","unit":"cl","step":"Pour les macarons","order":4},{"label":"Colorant poudre vert","shopGroup":"Epicerie","qte":"3","unit":"g","step":"Pour les macarons","order":5},{"label":"Pistils de safran","shopGroup":"Epicerie","qte":"1","unit":"pincée(s)","step":"Pour les macarons","order":6},{"label":"Lait 1/2 écrémé","shopGroup":"Crèmerie  hors fromage","qte":"25","unit":"cl","step":"Pour l'étape 1","order":7},{"label":"Jaune(s) d'oeuf(s)","shopGroup":"Crèmerie  hors fromage","qte":"3","unit":"pièce(s)","step":"Pour l'étape 1","order":8},{"label":"Sucre en poudre","shopGroup":"","qte":"60","unit":"g","step":"Pour l'étape 1","order":9},{"label":"Farine de blé","shopGroup":"Epicerie","qte":"15","unit":"g","step":"Pour l'étape 1","order":10},{"label":"Beurre doux","shopGroup":"Crèmerie  hors fromage","qte":"40","unit":"g","step":"Pour l'étape 1","order":11},{"label":"Graine(s) de fenouil","shopGroup":"Epicerie","qte":"10","unit":"g","step":"Pour l'étape 1","order":12},{"label":"Pastis","shopGroup":"Boissons alcoolisées","qte":"1","unit":"cl","step":"Pour l'étape 1","order":13},{"label":"Framboise(s) surgelée(s)","shopGroup":"Surgelés","qte":"400","unit":"g","step":"Pour l'étape 2","order":14},{"label":"Sucre en poudre","shopGroup":"Epicerie","qte":"100","unit":"g","step":"Pour l'étape 2","order":15},{"label":"Agar Agar","shopGroup":"Epicerie","qte":"1","unit":"g","step":"Pour l'étape 2","order":16}]}