{"title":"Macaron pastis au sucre cuit, graines de fenouil et framboises","description":"<br /><b>Pour les coques de macaron :</b><br />Préchauffer le four à 160 °C (th. 5). <br /><br />Dans un mixeur, verser la poudre d'amande et le sucre glace. Faire tourner pendant 30 secondes pour affiner le mélange (tant pour tant), puis tamiser. <br /><br />Dans une casserole, mélanger l'eau, le sucre semoule et le safran avec une spatule. Cuire à 118-119 °C. <br />Avant d'atteindre cette température, verser 75 g de blancs dans la cuve d'un batteur et les monter en neige. Lorsque le sucre a atteint la bonne température, le verser sur les blancs montés. <br />Fouetter ensuite jusqu'à refroidissement de la meringue, puis ajouter le colorant.<br /><br />Verser le reste des blancs d'oeufs sur le tant pour tant. Incorporer une petite partie de la meringue froide à ce mélange, puis ajouter le reste. Mélanger afin d'obtenir une pâte lisse et homogène, légèrement coulante.<br /><br />Remplir une poche à douille avec cette préparation, puis dresser les macarons sur un tapis de cuisson ou sur une feuille de papier sulfurisé. Tapoter légèrement la plaque, puis enfourner de 12 à 14 min en tournant la plaque à mi-cuisson.<br /><br /><b>Pour la partie 1 :</b><br />Dans une casserole, porter le lait à ébullition avec les graines de fenouil. <br />Dans un récipient, blanchir les jaunes d'oeufs avec le sucre semoule, puis ajouter la farine. A l'aide d'une petite passoire, filtrer le lait sur le mélange d'oeufs puis remettre l'ensemble dans la casserole. Cuire à feux doux en remuant sans cesse jusqu'à épaississement, puis incorporer le beurre en petits morceaux. <br />Ajouter le pastis, refroidir et réserver.<br /><br /><b>Pour la partie 2 :</b><br />Disposer le sucre dans une poêle et le laisser colorer jusqu'à obtention d'un caramel, puis ajouter les fruits rouges surgelés. Laisser l'eau s'évaporer jusqu'à obtenir une marmelade. Lorsque vous obtenez un mélange homogène, mixer dans un blender. <br />Remettre le tout dans une casserole puis porter à ébullition avec l'agar-agar (1 g d'agar-agar pour 400 g de marmelade de framboises) pendant 1 min. <br />Laisser prendre au réfrigérateur.<br /><br /><b>Pour la finition:</b><br />Disposer les garnitures en poches à douille.<br />Coller ensuite les macarons 2 par 2 en mettant d'abord la marmelade de framboises au centre, puis la crème anisée autour.<br /><br />Conserver les macarons au frais pendant 24 h, puis les sortir 2 h avant la dégustation.<br />","summary":"Un macaron garni d'une crème pâtissière au pastis et d'une marmelade minute à la framboise.","timePreparation":"30mn","timeBaking":"15mn","timeRest":"0mn","picture":"","ingredients":[{"label":"Poudre d'amande","shopGroup":"Epicerie","qte":"200","unit":"g","step":"Pour les macarons","order":0},{"label":"Sucre glace","shopGroup":"Epicerie","qte":"200","unit":"g","step":"Pour les macarons","order":1},{"label":"Blanc(s) d'oeuf","shopGroup":"Crèmerie  hors fromage","qte":"150","unit":"g","step":"Pour les macarons","order":2},{"label":"Sucre en poudre","shopGroup":"","qte":"200","unit":"g","step":"Pour les macarons","order":3},{"label":"Eau","shopGroup":"","qte":"5","unit":"cl","step":"Pour les macarons","order":4},{"label":"Colorant poudre vert","shopGroup":"Epicerie","qte":"3","unit":"g","step":"Pour les macarons","order":5},{"label":"Pistils de safran","shopGroup":"Epicerie","qte":"1","unit":"pincée(s)","step":"Pour les macarons","order":6},{"label":"Lait 1/2 écrémé","shopGroup":"Crèmerie  hors fromage","qte":"25","unit":"cl","step":"Pour l'étape 1","order":7},{"label":"Jaune(s) d'oeuf(s)","shopGroup":"Crèmerie  hors fromage","qte":"3","unit":"pièce(s)","step":"Pour l'étape 1","order":8},{"label":"Sucre en poudre","shopGroup":"","qte":"60","unit":"g","step":"Pour l'étape 1","order":9},{"label":"Farine de blé","shopGroup":"Epicerie","qte":"15","unit":"g","step":"Pour l'étape 1","order":10},{"label":"Beurre doux","shopGroup":"Crèmerie  hors fromage","qte":"40","unit":"g","step":"Pour l'étape 1","order":11},{"label":"Graine(s) de fenouil","shopGroup":"Epicerie","qte":"10","unit":"g","step":"Pour l'étape 1","order":12},{"label":"Pastis","shopGroup":"Boissons alcoolisées","qte":"1","unit":"cl","step":"Pour l'étape 1","order":13},{"label":"Framboise(s) surgelée(s)","shopGroup":"Surgelés","qte":"400","unit":"g","step":"Pour l'étape 2","order":14},{"label":"Sucre en poudre","shopGroup":"Epicerie","qte":"100","unit":"g","step":"Pour l'étape 2","order":15},{"label":"Agar Agar","shopGroup":"Epicerie","qte":"1","unit":"g","step":"Pour l'étape 2","order":16}],"chiefTip":"Utilisez de préférence des colorants en poudre pour la réalisation des coques.","id":10394}