{"title":"Pavé de boeuf en croûte d'avoine et légumes verts aux noisettes","description":"Couper les pois gourmands en 3. Décongeler les fèves dans de l'eau froide et bien les égoutter. Laver et émincer en fines lamelles les oignons nouveaux. Éplucher l'échalote et la ciseler en petits dés. A l'aide d'un couteau, concasser légèrement les noisettes.<br /><br />Dans une poêle anti-adhésive chaude contenant une cuillère d'huile d'olive, mettre les oignons nouveaux et les faire suer avec une pincée de sel. Puis ajouter les pois gourmands, et 5 cl d'eau. Lorsque toute l'eau est évaporée, ajouter les fèves et les noisettes concassées et laisser cuire encore 1 minute. <br /><br />Préchauffer le four à 220 °C.<br /><br />Répartir les flocons sur une plaque allant au four et les torréfier au four à 200°C pendant 10 min environ.<br /><br />Dans une poêle fumante anti-adhésive contenant un filet d'huile d'olive, faire colorer sur toutes les faces les pavés de boeuf. Les réserver sur une plaque de cuisson. Ajouter dans la poêle le beurre puis les échalotes. Laisser cuire 1 minute, puis déglacer avec le vin blanc. Laisser réduire de moitié et ajouter la chapelure et les flocons d'avoine. Assaisonner les pavés de boeuf et les recouvrir de chapelure. <br /><br />Au moment de servir, finir de cuire le boeuf 4 minutes dans un four à 220°C et les dresser sur un lit de légumes.<br />","summary":"Des pavés de boeuf rôtis à la poêle et recouverts d'une chapelure de flocons d'avoine torréfiés, parfumée à l'estragon et au persil. Le boeuf est accompagné de pois gourmands, oignons nouveaux, fèves et noisettes concassées.","timePreparation":"40mn","timeBaking":"15mn","timeRest":"0mn","picture":"","ingredients":[{"label":"Pavé(s) de boeuf de 150g","shopGroup":"Boucherie","qte":"6","unit":"pièce(s)","step":"","order":0},{"label":"Flocons d'avoine Quaker Oats","shopGroup":"Epicerie","qte":"50","unit":"g","step":"","order":1},{"label":"Chapelure de pain","shopGroup":"Epicerie","qte":"50","unit":"g","step":"","order":2},{"label":"Echalote(s)","shopGroup":"Légumes","qte":"1","unit":"pièce(s)","step":"","order":3},{"label":"Vin blanc sec","shopGroup":"Boissons alcoolisées","qte":"15","unit":"cl","step":"","order":4},{"label":"Beurre doux","shopGroup":"Crèmerie  hors fromage","qte":"25","unit":"g","step":"","order":5},{"label":"Pois gourmand(s)","shopGroup":"Légumes","qte":"250","unit":"g","step":"","order":6},{"label":"Fève(s) écossée(s) surgelée(s)","shopGroup":"Surgelés","qte":"200","unit":"g","step":"","order":7},{"label":"Oignon(s) nouveau(x)","shopGroup":"Légumes","qte":"3","unit":"pièce(s)","step":"","order":8},{"label":"Noisette(s) entière(s)","shopGroup":"Epicerie","qte":"30","unit":"g","step":"","order":9},{"label":"Eau","shopGroup":"","qte":"5","unit":"cl","step":"","order":10},{"label":"Huile d'olive","shopGroup":"Epicerie","qte":"10","unit":"cl","step":"","order":11},{"label":"Sel fin","shopGroup":"","qte":"6","unit":"pincée(s)","step":"","order":12},{"label":"Moulin à poivre","shopGroup":"","qte":"6","unit":"tour(s)","step":"","order":13}],"chiefTip":"Il est préférable de torréfier les flocons d'avoine avant de garnir les pavés de boeuf : leur parfum se développe et ils sont plus secs.","id":10484}