{"title":"Pavé de boeuf en croûte d'avoine et légumes verts aux noisettes","description":"","summary":"Des pavés de boeuf rôtis à la poêle et recouverts d'une chapelure de flocons d'avoine torréfiés, parfumée à l'estragon et au persil. Le boeuf est accompagné de pois gourmands, oignons nouveaux, fèves et noisettes concassées.","timePreparation":"40mn","timeBaking":"15mn","timeRest":"0mn","picture":"","ingredients":[{"label":"Pavé(s) de boeuf de 150g","shopGroup":"Boucherie","qte":"6","unit":"pièce(s)","step":"","order":0},{"label":"Flocons d'avoine Quaker Oats","shopGroup":"Epicerie","qte":"50","unit":"g","step":"","order":1},{"label":"Chapelure de pain","shopGroup":"Epicerie","qte":"50","unit":"g","step":"","order":2},{"label":"Echalote(s)","shopGroup":"Légumes","qte":"1","unit":"pièce(s)","step":"","order":3},{"label":"Vin blanc sec","shopGroup":"Boissons alcoolisées","qte":"15","unit":"cl","step":"","order":4},{"label":"Beurre doux","shopGroup":"Crèmerie  hors fromage","qte":"25","unit":"g","step":"","order":5},{"label":"Pois gourmand(s)","shopGroup":"Légumes","qte":"250","unit":"g","step":"","order":6},{"label":"Fève(s) écossée(s) surgelée(s)","shopGroup":"Surgelés","qte":"200","unit":"g","step":"","order":7},{"label":"Oignon(s) nouveau(x)","shopGroup":"Légumes","qte":"3","unit":"pièce(s)","step":"","order":8},{"label":"Noisette(s) entière(s)","shopGroup":"Epicerie","qte":"30","unit":"g","step":"","order":9},{"label":"Eau","shopGroup":"","qte":"5","unit":"cl","step":"","order":10},{"label":"Huile d'olive","shopGroup":"Epicerie","qte":"10","unit":"cl","step":"","order":11},{"label":"Sel fin","shopGroup":"","qte":"6","unit":"pincée(s)","step":"","order":12},{"label":"Moulin à poivre","shopGroup":"","qte":"6","unit":"tour(s)","step":"","order":13}],"chiefTip":"Il est préférable de torréfier les flocons d'avoine avant de garnir les pavés de boeuf : leur parfum se développe et ils sont plus secs.","id":10484}