{"title":"Roulé à la mousse de framboise","description":"","summary":"Apprenez à faire un biscuit roulé, un biscuit léger qui servira de base à vos entremets et bûches de Noël.","timePreparation":"30mn","timeBaking":"0mn","timeRest":"0mn","picture":"","ingredients":[{"label":"Sucre en poudre","shopGroup":"Epicerie","qte":"125","unit":"g","step":"Pour le(s) biscuit(s)","order":0},{"label":"Farine de blé","shopGroup":"Epicerie","qte":"100","unit":"g","step":"Pour le(s) biscuit(s)","order":1},{"label":"Jaune(s) d'oeuf(s)","shopGroup":"Crèmerie  hors fromage","qte":"5","unit":"pièce(s)","step":"Pour le(s) biscuit(s)","order":2},{"label":"Blanc(s) d'oeuf","shopGroup":"Crèmerie  hors fromage","qte":"5","unit":"pièce(s)","step":"Pour le(s) biscuit(s)","order":3},{"label":"Mascarpone","shopGroup":"Fromage(s)","qte":"250","unit":"g","step":"Pour la mousse","order":4},{"label":"Confiture de framboise","shopGroup":"Epicerie","qte":"100","unit":"g","step":"Pour la mousse","order":5},{"label":"Framboise(s) fraîche(s)","shopGroup":"Fruits","qte":"125","unit":"g","step":"Pour la mousse","order":6}],"chiefTip":"Laissez le biscuit tiédir après l'avoir sorti du four afin de pouvoir le démouler plus facilement.","id":10670}