{"title":"Roulé à la mousse de framboise","description":"<br /><b>Pour le biscuit :</b><br />Préchauffer le four à 180 °C (th. 6).<br /><br />Blanchir énergiquement les jaunes d'oeufs avec 100 g de sucre, puis ajouter la farine.<br />Monter les blancs en neige et lorsqu'ils sont montés aux 3/4, ajouter 25 g de sucre pour obtenir une meringue. Les ajouter délicatement au premier mélange, puis verser la pâte obtenue sur une feuille de cuisson et enfourner à 180 °C pendant 10 à 12 min.<br /><br /><b>Pour la mousse :</b><br />Dans un bol, mélanger le mascarpone avec la confiture de framboises.<br />Étaler la mousse de framboise sur le biscuit, puis rouler délicatement.<br /><br />Une fois la bûche formée, répartir de nouveau la mousse de framboise à l'extérieur et décorer avec des framboises fraîches.<br />","summary":"Apprenez à faire un biscuit roulé, un biscuit léger qui servira de base à vos entremets et bûches de Noël.","timePreparation":"30mn","timeBaking":"0mn","timeRest":"0mn","picture":"","ingredients":[{"label":"Sucre en poudre","shopGroup":"Epicerie","qte":"125","unit":"g","step":"Pour le(s) biscuit(s)","order":0},{"label":"Farine de blé","shopGroup":"Epicerie","qte":"100","unit":"g","step":"Pour le(s) biscuit(s)","order":1},{"label":"Jaune(s) d'oeuf(s)","shopGroup":"Crèmerie  hors fromage","qte":"5","unit":"pièce(s)","step":"Pour le(s) biscuit(s)","order":2},{"label":"Blanc(s) d'oeuf","shopGroup":"Crèmerie  hors fromage","qte":"5","unit":"pièce(s)","step":"Pour le(s) biscuit(s)","order":3},{"label":"Mascarpone","shopGroup":"Fromage(s)","qte":"250","unit":"g","step":"Pour la mousse","order":4},{"label":"Confiture de framboise","shopGroup":"Epicerie","qte":"100","unit":"g","step":"Pour la mousse","order":5},{"label":"Framboise(s) fraîche(s)","shopGroup":"Fruits","qte":"125","unit":"g","step":"Pour la mousse","order":6}],"chiefTip":"Laissez le biscuit tiédir après l'avoir sorti du four afin de pouvoir le démouler plus facilement.","id":10670}