{"title":"Pâte à étirer","description":"Faire tiédir l'eau.<br />Mélanger la farine avec le sel, réaliser un puits et verser tous les éléments liquides au centre. Mélanger au batteur pendant 3 min, puis rouler le tout en boule et huiler légèrement. Tenir ensuite la préparation au frais dans un film étirable pendant une nuit.<br /><br />Le lendemain, étaler la pâte le plus finement possible, puis la tirer à la main pour obtenir une épaisseur inférieure à 1 mm.<br />Utiliser aussitôt.<br />","summary":"Une pâte à étirer très finement pour obtenir une pâte croustillante et quasi translucide.","timePreparation":"30mn","timeBaking":"0mn","timeRest":"0mn","picture":"","ingredients":[{"label":"Farine de gruau","shopGroup":"Epicerie","qte":"350","unit":"g","step":"","order":0},{"label":"Oeuf(s)","shopGroup":"Crèmerie  hors fromage","qte":"1","unit":"pièce(s)","step":"","order":1},{"label":"Eau","shopGroup":"","qte":"15","unit":"cl","step":"","order":2},{"label":"Sel fin","shopGroup":"","qte":"1","unit":"pincée(s)","step":"","order":3},{"label":"Huile d'arachide","shopGroup":"Epicerie","qte":"4","unit":"cl","step":"","order":4},{"label":"Vanille liquide","shopGroup":"Epicerie","qte":"1","unit":"cl","step":"","order":5}],"chiefTip":"Vous pouvez utiliser cette pâte pour recouvrir un fruit avant de le mettre à cuire.Cette pâte devient croustillante à la cuisson, et quasi translucide.","id":10291}