{"id":10291,"title":"Recette de Pâte à étirer","description":"","summary":"Une pâte à étirer très finement pour obtenir une pâte croustillante et quasi translucide.","timePreparation":"30mn","timeBaking":"0mn","timeRest":"0mn","picture":"http://1.media.atelierdeschefs.com/recette-e10291-pate-a-etirer.jpg","ingredients":[{"label":"Farine de gruau","shopGroup":"Epicerie","qte":"350","unit":"g","step":"","order":0},{"label":"Oeuf(s)","shopGroup":"Crèmerie  hors fromage","qte":"1","unit":"pièce(s)","step":"","order":1},{"label":"Eau","shopGroup":"","qte":"15","unit":"cl","step":"","order":2},{"label":"Sel fin","shopGroup":"","qte":"1","unit":"pincée(s)","step":"","order":3},{"label":"Huile d'arachide","shopGroup":"Epicerie","qte":"4","unit":"cl","step":"","order":4},{"label":"Vanille liquide","shopGroup":"Epicerie","qte":"1","unit":"cl","step":"","order":5}]}