{"title":"Escalope de foie gras en croûte de pain d'épice, coulis de vin chaud","description":"","summary":"Escalope de foie gras poêlée et panée dans une chapelure de pain d'épice, servie avec une sauce vin rouge aux senteurs de vin chaud.","timePreparation":"15mn","timeBaking":"10mn","timeRest":"0mn","picture":"","ingredients":[{"label":"Foie(s) gras de canard cru(s)","shopGroup":"Volaille(s)","qte":"300","unit":"g","step":"","order":0},{"label":"Vin rouge","shopGroup":"Boissons alcoolisées","qte":"30","unit":"cl","step":"","order":1},{"label":"Echalote(s)","shopGroup":"Légumes","qte":"1","unit":"pièce(s)","step":"","order":2},{"label":"Epices à vin chaud","shopGroup":"Epicerie","qte":"3","unit":"g","step":"","order":3},{"label":"Tranche(s) de pain d'épice","shopGroup":"Epicerie","qte":"6","unit":"pièce(s)","step":"","order":4},{"label":"Miel","shopGroup":"Epicerie","qte":"30","unit":"g","step":"","order":5},{"label":"Orange(s)","shopGroup":"Fruits","qte":"1","unit":"pièce(s)","step":"","order":6},{"label":"Fleur de sel","shopGroup":"Epicerie","qte":"3","unit":"pincée(s)","step":"","order":7},{"label":"Moulin à poivre","shopGroup":"","qte":"3","unit":"tour(s)","step":"","order":8},{"label":"Sel fin","shopGroup":"","qte":"3","unit":"pincée(s)","step":"","order":9}],"chiefTip":"Si vous utilisez des escalopes de foie gras surgelées, sortez-les 15 min avant de les poêler.","id":10564}