{"title":"Escalope de foie gras en croûte de pain d'épice, coulis de vin chaud","description":"Couper le foie gras en tranches épaisses de 50 g et les disposer au congélateur pendant 1 h.<br /><br />Préchauffer le four à 180 °C.<br />Cuire les tranches de pain d'épice pendant 10 min à 180 °C (th. 6.). Les passer ensuite au mixeur pour obtenir de la poudre.<br /> <br />Râper les zestes d'une orange. Éplucher et ciseler l'échalote.<br />Dans une poêle très chaude, colorer les escalopes de foie gras à feu fort pendant 1 min de chaque côté, puis les disposer sur un torchon. <br />Dans la même poêle, retirer la graisse et ajouter les dés d'échalote avec une pincée de sel fin afin de les faire suer. Une fois les échalotes \"compotées\", ajouter les zestes d'orange, les épices, le miel et le vin rouge. Laisser réduire de moitié.<br /><br />Assaisonner le foie gras de fleur de sel et de poivre, puis passer les 2 faces dans la poudre de pain d'épice. <br />Enfourner les escalopes pendant 4 min et les servir avec la sauce au vin rouge.<br />","summary":"Escalope de foie gras poêlée et panée dans une chapelure de pain d'épice, servie avec une sauce vin rouge aux senteurs de vin chaud.","timePreparation":"15mn","timeBaking":"10mn","timeRest":"0mn","picture":"","ingredients":[{"label":"Foie(s) gras de canard cru(s)","shopGroup":"Volaille(s)","qte":"300","unit":"g","step":"","order":0},{"label":"Vin rouge","shopGroup":"Boissons alcoolisées","qte":"30","unit":"cl","step":"","order":1},{"label":"Echalote(s)","shopGroup":"Légumes","qte":"1","unit":"pièce(s)","step":"","order":2},{"label":"Epices à vin chaud","shopGroup":"Epicerie","qte":"3","unit":"g","step":"","order":3},{"label":"Tranche(s) de pain d'épice","shopGroup":"Epicerie","qte":"6","unit":"pièce(s)","step":"","order":4},{"label":"Miel","shopGroup":"Epicerie","qte":"30","unit":"g","step":"","order":5},{"label":"Orange(s)","shopGroup":"Fruits","qte":"1","unit":"pièce(s)","step":"","order":6},{"label":"Fleur de sel","shopGroup":"Epicerie","qte":"3","unit":"pincée(s)","step":"","order":7},{"label":"Moulin à poivre","shopGroup":"","qte":"3","unit":"tour(s)","step":"","order":8},{"label":"Sel fin","shopGroup":"","qte":"3","unit":"pincée(s)","step":"","order":9}],"chiefTip":"Si vous utilisez des escalopes de foie gras surgelées, sortez-les 15 min avant de les poêler.","id":10564}