{"title":"Wok de porc au caramel, riz basmati à l'ananas","description":"Couper l'échine de porc en petits cubes de 2 cm de coté. Éplucher l'oignon puis l'émincer finement. Écraser l'ail. Éplucher l'ananas puis le couper en petits cubes.<br /><br />Dans un wok, colorer à l'huile d'olive les morceaux d'échine de porc. Ajouter ensuite l'oignon et l'ail, puis laisser cuire à feu moyen pendant 3 min.<br /><br />Rincer le riz basmati puis le disposer dans une casserole. Verser l'eau sur le riz, saler, porter à ébullition et cuire à couvert 10 min. Finir la cuisson à l'étuvée (à couvert et feu éteint).<br /><br />Dans une petite casserole, verser le sucre et le laisser caraméliser. Ajouter alors petit à petit la sauce soja tout en mélangeant puis la sauce nuoc-mâm et le gingembre en poudre. Verser ensuite le tout sur les morceaux de porc et les enrober de caramel. Laisser cuire à feu doux durant 5 min et ajouter un peu d'eau si nécessaire.<br /><br />Égrainer le riz à la fourchette et ajouter les cubes d'ananas au dernier moment.<br /><br />Dans une assiette, servir le porc au caramel accompagné du riz à l'ananas.<br />","summary":"Dans un wok, des cubes d'échine de porc colorés avec des oignons et de l'ail, le tout enrobé d'un caramel à base de sauce soja, de sauce nuoc-mâm et de gingembre. Le porc au caramel est accompagné d'un riz basmati à l'ananas.","timePreparation":"30mn","timeBaking":"0mn","timeRest":"0mn","picture":"","ingredients":[{"label":"Echine de porc","shopGroup":"Boucherie","qte":"800","unit":"g","step":"","order":0},{"label":"Gousse(s) d'ail","shopGroup":"Légumes","qte":"1","unit":"gousse(s)","step":"","order":1},{"label":"Oignon(s)","shopGroup":"Légumes","qte":"1","unit":"pièce(s)","step":"","order":2},{"label":"Sucre en poudre","shopGroup":"Epicerie","qte":"60","unit":"g","step":"","order":3},{"label":"Sauce Nuoc mam","shopGroup":"Epicerie","qte":"4","unit":"cl","step":"","order":4},{"label":"Poudre de gingembre","shopGroup":"Epicerie","qte":"5","unit":"g","step":"","order":5},{"label":"Sauce Soja","shopGroup":"Epicerie","qte":"4","unit":"cl","step":"","order":6},{"label":"Riz basmati","shopGroup":"Epicerie","qte":"350","unit":"g","step":"","order":7},{"label":"Ananas","shopGroup":"Fruits","qte":"0.25","unit":"pièce(s)","step":"","order":8},{"label":"Eau","shopGroup":"","qte":"65","unit":"cl","step":"","order":9},{"label":"Huile d'olive","shopGroup":"Epicerie","qte":"5","unit":"cl","step":"","order":10},{"label":"Sel fin","shopGroup":"","qte":"6","unit":"pincée(s)","step":"","order":11}],"chiefTip":"Préparez le porc au caramel la veille, mais attention à la cuisson pour ne pas dessécher la viande.","id":10731}