{"title":"Vin chaud et ses Anisbredles","description":"<br /><b>Pour le vin chaud :</b><br />Faire bouillir le vin rouge dans une casserole, puis le flamber. Ajouter le sucre, les épices et les zestes d'une orange, laisser frémir.<br />Servir chaud.<br /><br /><b>Pour le biscuit Anisbredle :</b><br />Battre les oeufs et le sucre jusqu'à les blanchir et obtenir une mousse épaisse. Ajouter alors les graines d'anis, puis incorporer délicatement la farine tamisée jusqu'à obtention d'une pâte ferme. <br />A l'aide d'une poche à pâtisserie, coucher les biscuits sur un papier sulfurisé et les laisser reposer pendant une heure.<br /><br />Préchauffer le four à 140 °C.<br />Enfourner les biscuits de 12 à 14 min environ (le dessus des petits fours doit rester blanc et le dessous doit être doré).<br />","summary":"Classiques gastronomiques incontournables dans les marchés de Noël alsaciens : le vin rouge aux douces épices et les biscuits ressemblant à des macarons aux parfums d'anis.","timePreparation":"1h","timeBaking":"0mn","timeRest":"0mn","picture":"","ingredients":[{"label":"Vin rouge","shopGroup":"Boissons alcoolisées","qte":"1","unit":"l","step":"Pour l'étape 1","order":0},{"label":"Sucre en poudre","shopGroup":"","qte":"200","unit":"g","step":"Pour l'étape 1","order":1},{"label":"Epices à vin chaud","shopGroup":"Epicerie","qte":"5","unit":"g","step":"Pour l'étape 1","order":2},{"label":"Etoile(s) de badiane","shopGroup":"Epicerie","qte":"2","unit":"pièce(s)","step":"Pour l'étape 1","order":3},{"label":"Orange(s)","shopGroup":"Fruits","qte":"1","unit":"pièce(s)","step":"Pour l'étape 1","order":4},{"label":"Farine de blé","shopGroup":"Epicerie","qte":"250","unit":"g","step":"Pour le(s) biscuit(s)","order":5},{"label":"Sucre en poudre","shopGroup":"Epicerie","qte":"250","unit":"g","step":"Pour le(s) biscuit(s)","order":6},{"label":"Oeuf(s)","shopGroup":"Crèmerie  hors fromage","qte":"3","unit":"pièce(s)","step":"Pour le(s) biscuit(s)","order":7},{"label":"Graines d'anis","shopGroup":"Epicerie","qte":"5","unit":"g","step":"Pour le(s) biscuit(s)","order":8}],"chiefTip":"Si vous ne voulez pas prendre le risque de flamber l'alcool, laissez-le simplement s'évaporer jusqu'à obtention de senteurs agréables.","id":10550}