{"id":10550,"title":"Recette de Vin chaud et ses Anisbredles","description":"","summary":"Classiques gastronomiques incontournables dans les marchés de Noël alsaciens : le vin rouge aux douces épices et les biscuits ressemblant à des macarons aux parfums d'anis.","timePreparation":"1h","timeBaking":"0mn","timeRest":"0mn","picture":"http://1.media.atelierdeschefs.com/recette-e10550-vin-chaud-et-ses-anisbredles.jpg","ingredients":[{"label":"Vin rouge","shopGroup":"Boissons alcoolisées","qte":"1","unit":"l","step":"Pour l'étape 1","order":0},{"label":"Sucre en poudre","shopGroup":"","qte":"200","unit":"g","step":"Pour l'étape 1","order":1},{"label":"Epices à vin chaud","shopGroup":"Epicerie","qte":"5","unit":"g","step":"Pour l'étape 1","order":2},{"label":"Etoile(s) de badiane","shopGroup":"Epicerie","qte":"2","unit":"pièce(s)","step":"Pour l'étape 1","order":3},{"label":"Orange(s)","shopGroup":"Fruits","qte":"1","unit":"pièce(s)","step":"Pour l'étape 1","order":4},{"label":"Farine de blé","shopGroup":"Epicerie","qte":"250","unit":"g","step":"Pour le(s) biscuit(s)","order":5},{"label":"Sucre en poudre","shopGroup":"Epicerie","qte":"250","unit":"g","step":"Pour le(s) biscuit(s)","order":6},{"label":"Oeuf(s)","shopGroup":"Crèmerie  hors fromage","qte":"3","unit":"pièce(s)","step":"Pour le(s) biscuit(s)","order":7},{"label":"Graines d'anis","shopGroup":"Epicerie","qte":"5","unit":"g","step":"Pour le(s) biscuit(s)","order":8}]}