{"id":10246,"title":"Recette de Tartelette frangipane aux abricots et crème fraîche à la lavande","description":"","summary":"Des tartelettes garnies de frangipane maison et d'abricots servies avec une crème fraîche à la lavande.","timePreparation":"30mn","timeBaking":"40mn","timeRest":"30mn","picture":"http://1.media.atelierdeschefs.com/recette-e10246-tartelette-frangipane-aux-abricots-et-creme-fraiche-a-la-lavande.jpg","ingredients":[{"label":"Abricot(s)","shopGroup":"Fruits","qte":"10","unit":"pièce(s)","step":"","order":0},{"label":"Farine de blé","shopGroup":"","qte":"250","unit":"g","step":"Pour la pâte","order":1},{"label":"Beurre doux","shopGroup":"","qte":"180","unit":"g","step":"Pour la pâte","order":2},{"label":"Oeuf(s)","shopGroup":"","qte":"1","unit":"pièce(s)","step":"Pour la pâte","order":3},{"label":"Sucre glace","shopGroup":"Epicerie","qte":"60","unit":"g","step":"Pour la pâte","order":4},{"label":"Gousse(s) de vanille","shopGroup":"Epicerie","qte":"1","unit":"pièce(s)","step":"Pour la pâte","order":5},{"label":"Sel fin","shopGroup":"","qte":"1","unit":"pincée(s)","step":"Pour la pâte","order":6},{"label":"Beurre doux","shopGroup":"Crèmerie  hors fromage","qte":"125","unit":"g","step":"Pour la farce","order":7},{"label":"Sucre en poudre","shopGroup":"Epicerie","qte":"125","unit":"g","step":"Pour la farce","order":8},{"label":"Poudre d'amande","shopGroup":"Epicerie","qte":"125","unit":"g","step":"Pour la farce","order":9},{"label":"Farine de blé","shopGroup":"Epicerie","qte":"20","unit":"g","step":"Pour la farce","order":10},{"label":"Oeuf(s)","shopGroup":"Crèmerie  hors fromage","qte":"2","unit":"pièce(s)","step":"Pour la farce","order":11},{"label":"Crème fraîche épaisse","shopGroup":"Crèmerie  hors fromage","qte":"100","unit":"g","step":"Pour la crème","order":12},{"label":"Miel","shopGroup":"Epicerie","qte":"30","unit":"g","step":"Pour la crème","order":13},{"label":"Lavande séchée","shopGroup":"Epicerie","qte":"15","unit":"g","step":"Pour la crème","order":14}]}