{"id":10233,"title":"Recette de Effiloché de cuisse de canard et patate douce à la cannelle pour bébé","description":"","summary":"Plat gourmand pour bébé, alternant le sucré-salé : un vrai régal pour les papilles de l'enfant !","timePreparation":"15mn","timeBaking":"20mn","timeRest":"0mn","picture":"http://1.media.atelierdeschefs.com/recette-e10233-effiloche-de-cuisse-de-canard-et-patate-douce-a-la-cannelle-pour-bebe.jpg","ingredients":[{"label":"Cuisse(s) de canard confite(s)","shopGroup":"Volaille(s)","qte":"2","unit":"pièce(s)","step":"","order":0},{"label":"Patate(s) douce(s) rouge(s)","shopGroup":"Légumes","qte":"500","unit":"g","step":"","order":1},{"label":"Echalote(s)","shopGroup":"Légumes","qte":"0.5","unit":"pièce(s)","step":"","order":2},{"label":"Ciboulette","shopGroup":"Herbes aromatiques","qte":"0.25","unit":"botte(s)","step":"","order":3},{"label":"Lait 1/2 écrémé","shopGroup":"Crèmerie  hors fromage","qte":"10","unit":"cl","step":"","order":4},{"label":"Beurre doux","shopGroup":"Crèmerie  hors fromage","qte":"5","unit":"g","step":"","order":5},{"label":"Cannelle en poudre","shopGroup":"Epicerie","qte":"1","unit":"g","step":"","order":6},{"label":"Huile d'olive","shopGroup":"Epicerie","qte":"3","unit":"cl","step":"","order":7}]}