{"id":10500,"title":"Recette de Cake aux framboises","description":"","summary":"Un cake moelleux et savoureux aux framboises, très simple à réaliser même avec les enfants !","timePreparation":"1h","timeBaking":"0mn","timeRest":"0mn","picture":"http://1.media.atelierdeschefs.com/recette-e10500-cake-aux-framboises.jpg","ingredients":[{"label":"Framboise(s) surgelée(s)","shopGroup":"Surgelés","qte":"100","unit":"g","step":"","order":0},{"label":"Farine de blé","shopGroup":"Epicerie","qte":"175","unit":"g","step":"","order":1},{"label":"Sucre en poudre","shopGroup":"Epicerie","qte":"100","unit":"g","step":"","order":2},{"label":"Beurre doux","shopGroup":"Crèmerie  hors fromage","qte":"30","unit":"g","step":"","order":3},{"label":"Lait entier","shopGroup":"Crèmerie  hors fromage","qte":"15","unit":"cl","step":"","order":4},{"label":"Levure chimique","shopGroup":"Epicerie","qte":"5","unit":"g","step":"","order":5},{"label":"Poudre d'amande","shopGroup":"Epicerie","qte":"100","unit":"g","step":"","order":6},{"label":"Oeuf(s)","shopGroup":"Crèmerie  hors fromage","qte":"3","unit":"pièce(s)","step":"","order":7}]}