{"title":"Cake aux framboises","description":"Préchauffer le four à 180 °C. <br />                                                         <br />Dans un bol, casser les oeufs et ajouter le sucre, puis faire blanchir le mélanger en le fouettant vivement. Ajouter ensuite la poudre d'amande, la farine, la levure et le lait entier.<br />Faire fondre le beurre et l'incorporer à l'appareil. Finir avec les framboises.<br /><br />Beurrer et sucrer un moule à cake, puis verser la préparation dedans et l'enfourner pendant environ 45 min.<br />","summary":"Un cake moelleux et savoureux aux framboises, très simple à réaliser même avec les enfants !","timePreparation":"1h","timeBaking":"0mn","timeRest":"0mn","picture":"","ingredients":[{"label":"Framboise(s) surgelée(s)","shopGroup":"Surgelés","qte":"100","unit":"g","step":"","order":0},{"label":"Farine de blé","shopGroup":"Epicerie","qte":"175","unit":"g","step":"","order":1},{"label":"Sucre en poudre","shopGroup":"Epicerie","qte":"100","unit":"g","step":"","order":2},{"label":"Beurre doux","shopGroup":"Crèmerie  hors fromage","qte":"30","unit":"g","step":"","order":3},{"label":"Lait entier","shopGroup":"Crèmerie  hors fromage","qte":"15","unit":"cl","step":"","order":4},{"label":"Levure chimique","shopGroup":"Epicerie","qte":"5","unit":"g","step":"","order":5},{"label":"Poudre d'amande","shopGroup":"Epicerie","qte":"100","unit":"g","step":"","order":6},{"label":"Oeuf(s)","shopGroup":"Crèmerie  hors fromage","qte":"3","unit":"pièce(s)","step":"","order":7}],"chiefTip":"Vous pouvez aussi mouler la pâte à cake dans des mini-moules à financiers : vous réaliserez ainsi des mignardises pour accompagner le café.","id":10500}