{"id":918,"title":"Recette de Baba","description":"","summary":"Des petits gâteaux à pâte levée, mis à tremper dans un sirop aromatisé.","timePreparation":"45mn","timeBaking":"0mn","timeRest":"0mn","picture":"http://1.media.atelierdeschefs.com/recette-e918-baba.jpg","ingredients":[{"label":"Beurre doux","shopGroup":"Crèmerie  hors fromage","qte":"100","unit":"g","step":"Pour la pâte","order":0},{"label":"Sucre en poudre","shopGroup":"","qte":"25","unit":"g","step":"Pour la pâte","order":1},{"label":"Fleur de sel","shopGroup":"Epicerie","qte":"8","unit":"g","step":"Pour la pâte","order":2},{"label":"Levure de boulanger","shopGroup":"Epicerie","qte":"25","unit":"g","step":"Pour la pâte","order":3},{"label":"Farine de blé","shopGroup":"Epicerie","qte":"250","unit":"g","step":"Pour la pâte","order":4},{"label":"Oeuf(s)","shopGroup":"Crèmerie  hors fromage","qte":"6","unit":"pièce(s)","step":"Pour la pâte","order":5},{"label":"Lait 1/2 écrémé","shopGroup":"Crèmerie  hors fromage","qte":"5","unit":"cl","step":"Pour la pâte","order":6},{"label":"Eau","shopGroup":"","qte":"1","unit":"l","step":"Pour le sirop","order":7},{"label":"Sucre en poudre","shopGroup":"Epicerie","qte":"500","unit":"g","step":"Pour le sirop","order":8},{"label":"Gousse(s) de vanille","shopGroup":"Epicerie","qte":"1","unit":"pièce(s)","step":"Pour le sirop","order":9}]}