{"title":"Caille en crapaudine rôtie au miel, mousseline de vitelotte aux marrons et poire pochée","description":"","summary":"Une caille rôtie au miel et à la fleur de thym, accompagnée d'une purée de pommes de terre vitelottes aux marrons et d'une poire pochée au vin rouge et aux épices.","timePreparation":"15mn","timeBaking":"30mn","timeRest":"0mn","picture":"http://1.media.atelierdeschefs.com/recette-c10227-caille-en-crapaudine-rotie-au-miel-mousseline-de-vitelotte-aux-marrons-et-poire-pochee.jpg","ingredients":[{"label":"Caille(s)","shopGroup":"Volaille(s)","qte":"6","unit":"pièce(s)","step":"Pour l'étape 1","order":0},{"label":"Citron(s) jaune(s)","shopGroup":"Fruits","qte":"1","unit":"pièce(s)","step":"Pour l'étape 1","order":1},{"label":"Branche(s) de thym","shopGroup":"Herbes aromatiques","qte":"1","unit":"pièce(s)","step":"Pour l'étape 1","order":2},{"label":"Miel","shopGroup":"Epicerie","qte":"20","unit":"g","step":"Pour l'étape 1","order":3},{"label":"Huile d'olive","shopGroup":"Epicerie","qte":"3","unit":"cl","step":"Pour l'étape 1","order":4},{"label":"Pomme(s) de terre Vitelotte","shopGroup":"Légumes","qte":"600","unit":"g","step":"Pour la garniture","order":5},{"label":"Châtaigne(s) cuite(s)","shopGroup":"Epicerie","qte":"60","unit":"g","step":"Pour la garniture","order":6},{"label":"Beurre doux","shopGroup":"Crèmerie  hors fromage","qte":"100","unit":"g","step":"Pour la garniture","order":7},{"label":"Crème liquide entière","shopGroup":"Crèmerie  hors fromage","qte":"10","unit":"cl","step":"Pour la garniture","order":8},{"label":"Poire(s)","shopGroup":"Fruits","qte":"3","unit":"pièce(s)","step":"Pour l'étape 3","order":9},{"label":"Orange(s)","shopGroup":"Fruits","qte":"1","unit":"pièce(s)","step":"Pour l'étape 3","order":10},{"label":"Vin rouge","shopGroup":"","qte":"1","unit":"l","step":"Pour l'étape 3","order":11},{"label":"Sucre en poudre","shopGroup":"Epicerie","qte":"100","unit":"g","step":"Pour l'étape 3","order":12},{"label":"Bâton(s) de cannelle","shopGroup":"Epicerie","qte":"1","unit":"pièce(s)","step":"Pour l'étape 3","order":13},{"label":"Etoile(s) de badiane","shopGroup":"Epicerie","qte":"1","unit":"pièce(s)","step":"Pour l'étape 3","order":14},{"label":"Gousse(s) de vanille","shopGroup":"Epicerie","qte":"1","unit":"pièce(s)","step":"Pour l'étape 3","order":15},{"label":"Sel fin","shopGroup":"","qte":"3","unit":"pincée(s)","step":"Pour l'étape 3","order":16},{"label":"Moulin à poivre","shopGroup":"","qte":"3","unit":"tour(s)","step":"Pour l'étape 3","order":17},{"label":"Gros sel","shopGroup":"","qte":"10","unit":"g","step":"Pour l'étape 3","order":18}],"chiefTip":"Vous pouvez cuire la caille dans un four chaud à 180 °C durant 15 min.","id":10227}