{"id":10390,"title":"Recette de Volaille farcie aux fruits secs, purée de patates douces et vinaigrette au curry","description":"","summary":"Un filet de volaille farci de châtaignes, de foie gras et de fruits secs, accompagné d'une purée de patates douces et d'une vinaigrette au curry, miel et huile d'olive.","timePreparation":"30mn","timeBaking":"30mn","timeRest":"0mn","picture":"http://1.media.atelierdeschefs.com/recette-e10390-volaille-farcie-aux-fruits-secs-puree-de-patates-douces-et-vinaigrette-au-curry.jpg","ingredients":[{"label":"Suprême(s) de poulet","shopGroup":"Volaille(s)","qte":"6","unit":"pièce(s)","step":"","order":0},{"label":"Châtaigne(s) cuite(s)","shopGroup":"Epicerie","qte":"30","unit":"g","step":"","order":1},{"label":"Pignon(s) de pin","shopGroup":"Epicerie","qte":"30","unit":"g","step":"","order":2},{"label":"Abricot(s) sec(s)","shopGroup":"Epicerie","qte":"30","unit":"pièce(s)","step":"","order":3},{"label":"Foie(s) gras de canard cru(s)","shopGroup":"Volaille(s)","qte":"80","unit":"g","step":"","order":4},{"label":"Patate(s) douce(s) rouge(s)","shopGroup":"Légumes","qte":"5","unit":"pièce(s)","step":"Pour la garniture","order":5},{"label":"Beurre doux","shopGroup":"Crèmerie  hors fromage","qte":"80","unit":"g","step":"Pour la garniture","order":6},{"label":"Gros sel","shopGroup":"","qte":"10","unit":"g","step":"Pour la garniture","order":7},{"label":"Curry","shopGroup":"Epicerie","qte":"3","unit":"g","step":"Pour la sauce","order":8},{"label":"Curcuma en poudre","shopGroup":"Epicerie","qte":"3","unit":"g","step":"Pour la sauce","order":9},{"label":"Huile d'olive","shopGroup":"Epicerie","qte":"5","unit":"cl","step":"Pour la sauce","order":10},{"label":"Vinaigre balsamique blanc","shopGroup":"Epicerie","qte":"3","unit":"cl","step":"Pour la sauce","order":11},{"label":"Miel","shopGroup":"Epicerie","qte":"20","unit":"g","step":"Pour la sauce","order":12},{"label":"Sel fin","shopGroup":"","qte":"3","unit":"pincée(s)","step":"Pour la sauce","order":13},{"label":"Moulin à poivre","shopGroup":"","qte":"3","unit":"tour(s)","step":"Pour la sauce","order":14},{"label":"Cerfeuil","shopGroup":"Herbes aromatiques","qte":"3","unit":"branche(s)","step":"Pour la sauce","order":15}]}