{"title":"Volaille farcie aux fruits secs, purée de patates douces et vinaigrette au curry","description":"Tailler le foie gras en petits dés. Couper les abricots secs et les châtaignes en petits dés.<br />Réunir le tout dans un bol avec les pignons de pin, saler et poivrer.<br /><br />Retirer la peau des suprêmes, les tailler en 2 dans la longueur et les aplatir légèrement, puis les saler et les poivrer. Disposer ensuite les dés de foie gras sur les filets de poulet, puis rouler ces derniers dans du film alimentaire pour obtenir des boudins.<br /><br />Dans une casserole d'eau bouillante, plonger les boudins et poser une assiette par-dessus pour bien les immerger. Faire bouillir à nouveau, puis couvrir la casserole. Éteindre le feu et pocher les boudins pendant 15 min. Les sortir de l'eau et les réserver.<br /><br /><b>Pour le reste de la recette :</b><br />Éplucher les patates douces et les couper  en morceaux. Les cuire dans un grand volume d'eau froide salée (10 g de gros sel/litre) pendant 15 min à partir de l'ébullition. Les égoutter ensuite et écraser la pulpe à l'aide d'un presse-purée ou d'un fouet, puis incorporer le beurre à la spatule et réserver.<br /><br />Réunir les ingrédients de la vinaigrette dans un bol : le miel, le vinaigre balsamique blanc, les épices, le sel et le poivre. Bien mélanger, puis ajouter l'huile d'olive.<br /><br />Débarrasser les rouleaux de volaille de leur film plastique et les couper en grosses tranches.<br />Laver le cerfeuil.<br /><br />Dresser la purée de patates douces dans des cercles en inox et disposer les tranches de volaille autour, puis décorer de cerfeuil et d'un cordon de vinaigrette.<br />","summary":"Un filet de volaille farci de châtaignes, de foie gras et de fruits secs, accompagné d'une purée de patates douces et d'une vinaigrette au curry, miel et huile d'olive.","timePreparation":"30mn","timeBaking":"30mn","timeRest":"0mn","picture":"http://1.media.atelierdeschefs.com/recette-c10390-volaille-farcie-aux-fruits-secs-puree-de-patates-douces-et-vinaigrette-au-curry.jpg","ingredients":[{"label":"Suprême(s) de poulet","shopGroup":"Volaille(s)","qte":"6","unit":"pièce(s)","step":"","order":0},{"label":"Châtaigne(s) cuite(s)","shopGroup":"Epicerie","qte":"30","unit":"g","step":"","order":1},{"label":"Pignon(s) de pin","shopGroup":"Epicerie","qte":"30","unit":"g","step":"","order":2},{"label":"Abricot(s) sec(s)","shopGroup":"Epicerie","qte":"30","unit":"pièce(s)","step":"","order":3},{"label":"Foie(s) gras de canard cru(s)","shopGroup":"Volaille(s)","qte":"80","unit":"g","step":"","order":4},{"label":"Patate(s) douce(s) rouge(s)","shopGroup":"Légumes","qte":"5","unit":"pièce(s)","step":"Pour la garniture","order":5},{"label":"Beurre doux","shopGroup":"Crèmerie  hors fromage","qte":"80","unit":"g","step":"Pour la garniture","order":6},{"label":"Gros sel","shopGroup":"","qte":"10","unit":"g","step":"Pour la garniture","order":7},{"label":"Curry","shopGroup":"Epicerie","qte":"3","unit":"g","step":"Pour la sauce","order":8},{"label":"Curcuma en poudre","shopGroup":"Epicerie","qte":"3","unit":"g","step":"Pour la sauce","order":9},{"label":"Huile d'olive","shopGroup":"Epicerie","qte":"5","unit":"cl","step":"Pour la sauce","order":10},{"label":"Vinaigre balsamique blanc","shopGroup":"Epicerie","qte":"3","unit":"cl","step":"Pour la sauce","order":11},{"label":"Miel","shopGroup":"Epicerie","qte":"20","unit":"g","step":"Pour la sauce","order":12},{"label":"Sel fin","shopGroup":"","qte":"3","unit":"pincée(s)","step":"Pour la sauce","order":13},{"label":"Moulin à poivre","shopGroup":"","qte":"3","unit":"tour(s)","step":"Pour la sauce","order":14},{"label":"Cerfeuil","shopGroup":"Herbes aromatiques","qte":"3","unit":"branche(s)","step":"Pour la sauce","order":15}],"chiefTip":"Pour gagner du temps, vous pouvez utiliser 3 gros filets de poulet pour 6 personnes.","id":10390}