{"id":10298,"title":"Recette de Nougat glacé, éclats d'amandes caramélisées","description":"","summary":"Un dessert glacé au parfum d'amandes caramélisées, facile à réaliser.","timePreparation":"1h","timeBaking":"0mn","timeRest":"0mn","picture":"http://1.media.atelierdeschefs.com/recette-e10298-nougat-glace-eclats-d-amandes-caramelisees.jpg","ingredients":[{"label":"Crème liquide entière","shopGroup":"","qte":"25","unit":"cl","step":"Pour l'étape 1","order":0},{"label":"Jaune(s) d'oeuf(s)","shopGroup":"Crèmerie  hors fromage","qte":"4","unit":"pièce(s)","step":"Pour l'étape 1","order":1},{"label":"Sucre en poudre","shopGroup":"","qte":"50","unit":"g","step":"Pour l'étape 1","order":2},{"label":"Gousse(s) de vanille","shopGroup":"Epicerie","qte":"1","unit":"pièce(s)","step":"Pour l'étape 1","order":3},{"label":"Blanc(s) d'oeuf","shopGroup":"Crèmerie  hors fromage","qte":"4","unit":"pièce(s)","step":"Pour l'étape 2","order":4},{"label":"Sucre en poudre","shopGroup":"","qte":"150","unit":"g","step":"Pour l'étape 2","order":5},{"label":"Eau","shopGroup":"","qte":"5","unit":"cl","step":"Pour l'étape 2","order":6},{"label":"Crème liquide entière","shopGroup":"Crèmerie  hors fromage","qte":"30","unit":"cl","step":"Pour l'étape 2","order":7},{"label":"Amande(s) effilée(s)","shopGroup":"Epicerie","qte":"100","unit":"g","step":"Pour l'étape 3","order":8},{"label":"Sucre en poudre","shopGroup":"Epicerie","qte":"100","unit":"g","step":"Pour l'étape 3","order":9}]}