{"title":"Nougat glacé, éclats d'amandes caramélisées","description":"Pour la partie 1 : dans une casserole, faire bouillir la crème avec la gousse de vanille fendue en 2. Blanchir les jaunes avec le sucre. Verser la crème bouillante sur les jaunes sans cesser de remuer. Laisser ensuite refroidir. <br /><br />Pour la partie 2 : dans une casserole, réunir le sucre et l'eau. Cuire à 118 °C en s'aidant d'une sonde de cuisson. Disposer les blancs dans la cuve du batteur avant que la température ne soit atteinte et les monter en neige. Verser le sucre cuit et continuer à fouetter jusqu'à refroidissement complet. Monter la crème en chantilly et réserver.<br /><br />Pour la partie 3 : dans une poêle chaude, ajouter le sucre et le laisser fondre. Lorsqu'il prend une couleur caramel, ajouter les amandes effilées et stopper la cuisson. Étaler sur une feuille de papier cuisson et laisser refroidir. Casser en petits morceaux et réserver.<br /><br />Dans un bol, réunir la crème anglaise froide et ajouter une petite partie de la meringue. Mélanger au fouet et finir avec le reste de meringue et la chantilly en s'aidant d'une spatule souple. Ajouter les éclats de nougatine, puis mouler le tout dans une terrine en silicone. Réserver au congélateur pendant 3 h.<br /><br />Tailler en tranches épaisses et déguster.<br />","summary":"Un dessert glacé au parfum d'amandes caramélisées, facile à réaliser.","timePreparation":"1h","timeBaking":"0mn","timeRest":"0mn","picture":"","ingredients":[{"label":"Crème liquide entière","shopGroup":"","qte":"25","unit":"cl","step":"Pour l'étape 1","order":0},{"label":"Jaune(s) d'oeuf(s)","shopGroup":"Crèmerie  hors fromage","qte":"4","unit":"pièce(s)","step":"Pour l'étape 1","order":1},{"label":"Sucre en poudre","shopGroup":"","qte":"50","unit":"g","step":"Pour l'étape 1","order":2},{"label":"Gousse(s) de vanille","shopGroup":"Epicerie","qte":"1","unit":"pièce(s)","step":"Pour l'étape 1","order":3},{"label":"Blanc(s) d'oeuf","shopGroup":"Crèmerie  hors fromage","qte":"4","unit":"pièce(s)","step":"Pour l'étape 2","order":4},{"label":"Sucre en poudre","shopGroup":"","qte":"150","unit":"g","step":"Pour l'étape 2","order":5},{"label":"Eau","shopGroup":"","qte":"5","unit":"cl","step":"Pour l'étape 2","order":6},{"label":"Crème liquide entière","shopGroup":"Crèmerie  hors fromage","qte":"30","unit":"cl","step":"Pour l'étape 2","order":7},{"label":"Amande(s) effilée(s)","shopGroup":"Epicerie","qte":"100","unit":"g","step":"Pour l'étape 3","order":8},{"label":"Sucre en poudre","shopGroup":"Epicerie","qte":"100","unit":"g","step":"Pour l'étape 3","order":9}],"chiefTip":"Sortez votre dessert 10 min avant pour une meilleure dégustation.","id":10298}