{"title":"Terrine de volaille aux girolles rafraîchie à la coriandre","description":"","summary":"Poulet poché dans un bouillon de volaille épicé à la coriandre, coupé en fines tranches puis dressé en terrine avec une poêlée de girolles, et fixé avec le bouillon de cuisson collé à l'agar-agar.","timePreparation":"1h","timeBaking":"1h","timeRest":"1h30mn","picture":"","ingredients":[],"chiefTip":"Vous pouvez accompagner cette terrine d'un mesclun de salade assaisonné avec une huile de coriandre et vinaigre balsamique.Vous pouvez utiliser des girolles congelées, à condition de bien les égoutter.Laissez la terrine reposer pendant 12 h minimum.","id":10144}