{"title":"Terrine de volaille aux girolles rafraîchie à la coriandre","description":"Éplucher et ciseler l'échalote.<br />Nettoyer les girolles puis les émincer en lamelles. Détacher le pilon du filet de poulet et enlever la peau. Éplucher la carotte et l'oignon, puis les couper grossièrement.<br /><br />Remplir une cocotte d'eau jusqu'à 2 cm au-dessus des pilons et des ailerons. Faire bouillir puis écumer. Ajouter la garniture aromatique (la carotte et l'oignon), le bouquet garni, les graines de coriandre, le poivre en grains et le gros sel. Cuire à feu doux pendant 1 h.<br />Ajouter les filets de poulet puis cuire 10 min à feu doux. Débarrasser ensuite les filets de volaille sur une planche. Filtrer le bouillon de volaille à l'aide d'une passoire fine et rectifier <br />l'assaisonnement. Verser ensuite le bouillon dans une casserole et le faire bouillir pendant 2 min avec l'agar-agar (1g d'agar-agar pour 20 cl de bouillon de volaille).<br /><br />Dans une poêle, faire suer les girolles et les échalotes à l'huile d'olive, les assaisonner de sel fin et de piment d'Espelette.<br /><br />Dans une grande terrine ou dans des terrines individuelles, déposer les tranches de volaille émincées et les surmonter de girolles. Renouveler l'opération et verser le bouillon encore tiède. Laisser ensuite prendre au réfrigérateur.<br />","summary":"Poulet poché dans un bouillon de volaille épicé à la coriandre, coupé en fines tranches puis dressé en terrine avec une poêlée de girolles, et fixé avec le bouillon de cuisson collé à l'agar-agar.","timePreparation":"1h","timeBaking":"1h","timeRest":"1h30mn","picture":"","ingredients":[],"chiefTip":"Vous pouvez accompagner cette terrine d'un mesclun de salade assaisonné avec une huile de coriandre et vinaigre balsamique.Vous pouvez utiliser des girolles congelées, à condition de bien les égoutter.Laissez la terrine reposer pendant 12 h minimum.","id":10144}