{"id":10144,"title":"Recette de Terrine de volaille aux girolles rafraîchie à la coriandre","description":"","summary":"Poulet poché dans un bouillon de volaille épicé à la coriandre, coupé en fines tranches puis dressé en terrine avec une poêlée de girolles, et fixé avec le bouillon de cuisson collé à l'agar-agar.","timePreparation":"1h","timeBaking":"1h","timeRest":"1h30mn","picture":"http://1.media.atelierdeschefs.com/recette-e10144-terrine-de-volaille-aux-girolles-rafraichie-a-la-coriandre.jpg","ingredients":[]}