{"id":10518,"title":"Recette de Saumon d'Alaska en croûte d'amandes","description":"","summary":"Une recette venant d'Alaska : une façon originale de manger le saumon : moelleux à l'intérieur et croquant à l'extérieur.","timePreparation":"45mn","timeBaking":"0mn","timeRest":"0mn","picture":"http://1.media.atelierdeschefs.com/recette-e10518-saumon-d-alaska-en-croute-d-amandes.jpg","ingredients":[{"label":"Pavé(s) de saumon (150g)","shopGroup":"Poissonnerie","qte":"6","unit":"pièce(s)","step":"","order":0},{"label":"Sel fin","shopGroup":"","qte":"6","unit":"pincée(s)","step":"","order":1},{"label":"Moulin à poivre","shopGroup":"","qte":"6","unit":"tour(s)","step":"","order":2},{"label":"Citron(s) jaune(s)","shopGroup":"Fruits","qte":"1","unit":"pièce(s)","step":"","order":3},{"label":"Amande(s) hachée(s)","shopGroup":"Epicerie","qte":"50","unit":"g","step":"Pour la farce","order":4},{"label":"Beurre doux","shopGroup":"","qte":"30","unit":"g","step":"Pour la farce","order":5},{"label":"Miel","shopGroup":"Epicerie","qte":"50","unit":"g","step":"Pour la farce","order":6},{"label":"Chapelure de pain","shopGroup":"Epicerie","qte":"50","unit":"g","step":"Pour la farce","order":7},{"label":"Moutarde forte","shopGroup":"Epicerie","qte":"20","unit":"g","step":"Pour la farce","order":8},{"label":"Persil plat","shopGroup":"Herbes aromatiques","qte":"0.25","unit":"botte(s)","step":"Pour la farce","order":9},{"label":"Pomme(s) de terre grenaille","shopGroup":"Légumes","qte":"300","unit":"g","step":"Pour la garniture","order":10},{"label":"Carotte(s)","shopGroup":"Légumes","qte":"300","unit":"g","step":"Pour la garniture","order":11},{"label":"Pleurote(s)","shopGroup":"Légumes","qte":"200","unit":"g","step":"Pour la garniture","order":12},{"label":"Echalote(s)","shopGroup":"Légumes","qte":"2","unit":"pièce(s)","step":"Pour la garniture","order":13},{"label":"Beurre doux","shopGroup":"Crèmerie  hors fromage","qte":"40","unit":"g","step":"Pour la garniture","order":14},{"label":"Gros sel","shopGroup":"","qte":"10","unit":"g","step":"Pour la garniture","order":15}]}