{"title":"Saumon d'Alaska en croûte d'amandes","description":"Préchauffer le four à 200 °C.<br /><br />Laver tous les légumes. Éplucher les carottes et les échalotes. Couper les pommes de terre en 4. Émincer les carottes en biseaux. Effeuiller les champignons. Émincer les échalotes.<br /><br />Disposer les pommes de terre dans une casserole d'eau froide salée et les blanchir. Dès ébullition, les sortir et les égoutter.<br /><br />Dans une cocotte, faire suer les échalotes au beurre avec une pincée de sel. Ajouter les carottes et les pommes de terre, puis cuire à feu doux et à couvert pendant 15 min. Ajouter les champignons et les cuire durant 5 min, puis rectifier l'assaisonnement (si le beurre commence à brunir, ne pas hésiter à ajouter un peu d'eau).<br /><br />Laver et hacher le persil.<br />Dans un petit bol, mélanger la moutarde, le beurre fondu et le miel, puis réserver.<br />Dans un autre bol, mélanger la chapelure, les amandes hachées et le persil. Réserver.<br /><br />Saler et poivrer les filets de saumon, puis les déposer sur une plaque légèrement beurrée ou huilée. Badigeonner chaque filet de mélange à la moutarde, puis le recouvrir avec le second mélange à la poudre d'amande. Enfourner pendant environ 10 min (vérifier la cuisson selon l'épaisseur, le poisson doit être rosé à l'intérieur). <br /><br />Servir avec des tranches de citron.<br />","summary":"Une recette venant d'Alaska : une façon originale de manger le saumon : moelleux à l'intérieur et croquant à l'extérieur.","timePreparation":"45mn","timeBaking":"0mn","timeRest":"0mn","picture":"http://1.media.atelierdeschefs.com/recette-c10518-saumon-d-alaska-en-croute-d-amandes.jpg","ingredients":[{"label":"Pavé(s) de saumon (150g)","shopGroup":"Poissonnerie","qte":"6","unit":"pièce(s)","step":"","order":0},{"label":"Sel fin","shopGroup":"","qte":"6","unit":"pincée(s)","step":"","order":1},{"label":"Moulin à poivre","shopGroup":"","qte":"6","unit":"tour(s)","step":"","order":2},{"label":"Citron(s) jaune(s)","shopGroup":"Fruits","qte":"1","unit":"pièce(s)","step":"","order":3},{"label":"Amande(s) hachée(s)","shopGroup":"Epicerie","qte":"50","unit":"g","step":"Pour la farce","order":4},{"label":"Beurre doux","shopGroup":"","qte":"30","unit":"g","step":"Pour la farce","order":5},{"label":"Miel","shopGroup":"Epicerie","qte":"50","unit":"g","step":"Pour la farce","order":6},{"label":"Chapelure de pain","shopGroup":"Epicerie","qte":"50","unit":"g","step":"Pour la farce","order":7},{"label":"Moutarde forte","shopGroup":"Epicerie","qte":"20","unit":"g","step":"Pour la farce","order":8},{"label":"Persil plat","shopGroup":"Herbes aromatiques","qte":"0.25","unit":"botte(s)","step":"Pour la farce","order":9},{"label":"Pomme(s) de terre grenaille","shopGroup":"Légumes","qte":"300","unit":"g","step":"Pour la garniture","order":10},{"label":"Carotte(s)","shopGroup":"Légumes","qte":"300","unit":"g","step":"Pour la garniture","order":11},{"label":"Pleurote(s)","shopGroup":"Légumes","qte":"200","unit":"g","step":"Pour la garniture","order":12},{"label":"Echalote(s)","shopGroup":"Légumes","qte":"2","unit":"pièce(s)","step":"Pour la garniture","order":13},{"label":"Beurre doux","shopGroup":"Crèmerie  hors fromage","qte":"40","unit":"g","step":"Pour la garniture","order":14},{"label":"Gros sel","shopGroup":"","qte":"10","unit":"g","step":"Pour la garniture","order":15}],"chiefTip":"Pour cette recette, vous pouvez bien entendu utiliser du saumon de Norvège ou d'Écosse.Attention à la cuisson : un saumon trop cuit n'est plus goûteux !","id":10518}