{"title":"Macaron sucre cuit aux fruits rouges","description":"Préchauffer le four à 160 °C (th. 5).<br /><br />Pour les coques : verser la poudre d'amande et le sucre glace dans un mixeur et le faire tourner pendant 30 secondes pour affiner le mélange (tant pour tant). <br /><br />Dans une casserole, mélanger l'eau et le sucre semoule avec une spatule. Cuire à 118-119 °C. Avant d'atteindre cette température, verser 75 g de blancs dans la cuve d'un batteur et les monter. Lorsque le sucre a atteint la bonne température, le verser sur les blancs montés. Fouetter jusqu'au refroidissement de la meringue. Ajouter ensuite le colorant rouge en poudre.<br /><br />Verser le reste de blancs d'oeufs sur le tant pour tant. Incorporer une petite partie de la meringue froide à ce mélange, puis ajouter le reste. Mélanger pour avoir une pâte lisse et homogène, légèrement coulante.<br /><br />Remplir une poche à douille de cette préparation et dresser les macarons sur un tapis de cuisson ou une feuille de papier sulfurisé. Tapoter légèrement la plaque, puis cuire 12 à 14 min en tournant la plaque à mi-cuisson.<br /><br />Pour la garniture : faire ramollir la feuille de gélatine dans un bol d'eau froide. Disposer le sucre dans une poêle et le laisser se colorer, puis ajouter les fruits rouges. Laisser l'eau s'évaporer jusqu'à obtenir une marmelade, puis incorporer la gélatine bien égouttée.<br /><br />Couper les fraises en morceaux.<br />Coller les macarons 2 par 2 avec un peu de marmelade de framboises au centre et disposer un morceau de fraise.<br /><br />Conserver les macarons au frais pendant 24 h, puis les sortir 2 h avant la dégustation.<br />","summary":"Technique des coques de macaron réalisées avec un sucre cuit à 118 °C et garnies d'une marmelade de fruits rouges.","timePreparation":"1h","timeBaking":"20mn","timeRest":"1j","picture":"","ingredients":[{"label":"Sucre glace","shopGroup":"Epicerie","qte":"200","unit":"g","step":"Pour les macarons","order":0},{"label":"Poudre d'amande","shopGroup":"Epicerie","qte":"200","unit":"g","step":"Pour les macarons","order":1},{"label":"Sucre en poudre","shopGroup":"","qte":"200","unit":"g","step":"Pour les macarons","order":2},{"label":"Eau","shopGroup":"","qte":"5","unit":"cl","step":"Pour les macarons","order":3},{"label":"Blanc(s) d'oeuf","shopGroup":"Crèmerie  hors fromage","qte":"150","unit":"g","step":"Pour les macarons","order":4},{"label":"Colorant poudre rouge","shopGroup":"Epicerie","qte":"2","unit":"g","step":"Pour les macarons","order":5},{"label":"Sucre en poudre","shopGroup":"Epicerie","qte":"100","unit":"g","step":"Pour la garniture","order":6},{"label":"Feuille(s) de gélatine de 2 g","shopGroup":"Epicerie","qte":"2","unit":"pièce(s)","step":"Pour la garniture","order":7},{"label":"Framboise(s) surgelée(s)","shopGroup":"Surgelés","qte":"300","unit":"g","step":"Pour la garniture","order":8},{"label":"Fraise(s)","shopGroup":"Fruits","qte":"50","unit":"g","step":"Pour la garniture","order":9}],"chiefTip":"Le poids des blancs d'oeufs est important, mais il correspond à 5 blancs.","id":9001}