{"id":9001,"title":"Recette de Macaron sucre cuit aux fruits rouges","description":"","summary":"Technique des coques de macaron réalisées avec un sucre cuit à 118 °C et garnies d'une marmelade de fruits rouges.","timePreparation":"1h","timeBaking":"20mn","timeRest":"1j","picture":"http://1.media.atelierdeschefs.com/recette-e9001-macaron-sucre-cuit-aux-fruits-rouges.jpg","ingredients":[{"label":"Sucre glace","shopGroup":"Epicerie","qte":"200","unit":"g","step":"Pour les macarons","order":0},{"label":"Poudre d'amande","shopGroup":"Epicerie","qte":"200","unit":"g","step":"Pour les macarons","order":1},{"label":"Sucre en poudre","shopGroup":"","qte":"200","unit":"g","step":"Pour les macarons","order":2},{"label":"Eau","shopGroup":"","qte":"5","unit":"cl","step":"Pour les macarons","order":3},{"label":"Blanc(s) d'oeuf","shopGroup":"Crèmerie  hors fromage","qte":"150","unit":"g","step":"Pour les macarons","order":4},{"label":"Colorant poudre rouge","shopGroup":"Epicerie","qte":"2","unit":"g","step":"Pour les macarons","order":5},{"label":"Sucre en poudre","shopGroup":"Epicerie","qte":"100","unit":"g","step":"Pour la garniture","order":6},{"label":"Feuille(s) de gélatine de 2 g","shopGroup":"Epicerie","qte":"2","unit":"pièce(s)","step":"Pour la garniture","order":7},{"label":"Framboise(s) surgelée(s)","shopGroup":"Surgelés","qte":"300","unit":"g","step":"Pour la garniture","order":8},{"label":"Fraise(s)","shopGroup":"Fruits","qte":"50","unit":"g","step":"Pour la garniture","order":9}]}