{"id":10524,"title":"Recette de Kouglof","description":"","summary":"Une brioche moelleuse aux raisins et aux amandes, adorée des Alsaciens et des Autrichiens.","timePreparation":"30mn","timeBaking":"35mn","timeRest":"4h","picture":"http://1.media.atelierdeschefs.com/recette-e10524-kouglof.jpg","ingredients":[{"label":"Farine de blé","shopGroup":"","qte":"50","unit":"g","step":"Pour l'étape 1","order":0},{"label":"Levure de boulanger","shopGroup":"Epicerie","qte":"10","unit":"g","step":"Pour l'étape 1","order":1},{"label":"Eau","shopGroup":"","qte":"3.5","unit":"cl","step":"Pour l'étape 1","order":2},{"label":"Farine de blé","shopGroup":"Epicerie","qte":"225","unit":"g","step":"Pour l'étape 2","order":3},{"label":"Oeuf(s)","shopGroup":"Crèmerie  hors fromage","qte":"1","unit":"pièce(s)","step":"Pour l'étape 2","order":4},{"label":"Lait 1/2 écrémé","shopGroup":"Crèmerie  hors fromage","qte":"12.5","unit":"cl","step":"Pour l'étape 2","order":5},{"label":"Beurre doux","shopGroup":"","qte":"65","unit":"g","step":"Pour l'étape 2","order":6},{"label":"Sucre en poudre","shopGroup":"Epicerie","qte":"40","unit":"g","step":"Pour l'étape 2","order":7},{"label":"Raisin(s) sec(s) blond(s)","shopGroup":"Epicerie","qte":"50","unit":"g","step":"Pour l'étape 2","order":8},{"label":"Rhum brun","shopGroup":"Boissons alcoolisées","qte":"5","unit":"cl","step":"Pour l'étape 2","order":9},{"label":"Sel fin","shopGroup":"","qte":"1","unit":"g","step":"Pour l'étape 2","order":10},{"label":"Beurre doux","shopGroup":"Crèmerie  hors fromage","qte":"30","unit":"g","step":"Pour le(s) moule(s)","order":11},{"label":"Amande(s) effilée(s)","shopGroup":"Epicerie","qte":"30","unit":"g","step":"Pour le(s) moule(s)","order":12},{"label":"Sucre glace","shopGroup":"Epicerie","qte":"30","unit":"g","step":"Pour le reste de la recette","order":13}]}