{"title":"Kouglof","description":"<br /><b>Pour le levain :</b><br />Verser la levure et l'eau tiède dans le fond de la cuve du robot, ajouter les 50 g de farine. Mélanger à la \"feuille\" de manière à obtenir une petite boule de pâte bien ferme. Recouvrir ce levain de 225 g de farine et laisser pousser pendant 30 min dans une pièce assez chaude.<br /><br />Préparer le moule : beurrer généreusement le moule à l'aide d'un pinceau et répartir les amandes effilées au fond (ou une amande entière par cannelure). Réserver.<br /><br /><b>Pour la pâte à kouglof :</b><br />Lorsque le levain a bien poussé (la farine doit avoir craquelé en surface), déposer dessus l'oeuf entier, le lait, le sucre, le sel et le beurre mou. Pétrir la pâte avec le crochet du robot durant 15 min, en commençant à vitesse lente, et en finissant durant 5 min à vitesse plus rapide. La pâte doit se décoller des bords et ne plus coller aux doigts. Lorsqu'elle est bien lisse et élastique, lui ajouter les raisins macérés dans le rhum et légèrement égouttés, mélanger encore quelques instants pour bien incorporer les fruits.<br />Laisser pousser la pâte durant 1 h 30 (près d'un radiateur ou dans un four tout juste tiède et éteint), elle va doubler de volume.<br /><br />Verser la pâte poussée sur un plan de travail légèrement fariné et la travailler du bout des doigts pour lui donner la forme d'une boule (la travailler cependant le moins possible).<br />Placer la boule de pâte dans le moule à kouglof, tasser un peu et laisser pousser encore pendant environ 2 h 30. La pâte doit idéalement dépasser la hauteur du moule pour former par la suite une belle base.<br /><br />Préchauffer le four à 170 °C en chaleur tournante, puis enfourner pendant 30 à 35 min.<br />Démouler à la sortie du four et laisser complètement refroidir avant de saupoudrer de sucre glace.<br />","summary":"Une brioche moelleuse aux raisins et aux amandes, adorée des Alsaciens et des Autrichiens.","timePreparation":"30mn","timeBaking":"35mn","timeRest":"4h","picture":"http://1.media.atelierdeschefs.com/recette-c10524-kouglof.jpg","ingredients":[{"label":"Farine de blé","shopGroup":"","qte":"50","unit":"g","step":"Pour l'étape 1","order":0},{"label":"Levure de boulanger","shopGroup":"Epicerie","qte":"10","unit":"g","step":"Pour l'étape 1","order":1},{"label":"Eau","shopGroup":"","qte":"3.5","unit":"cl","step":"Pour l'étape 1","order":2},{"label":"Farine de blé","shopGroup":"Epicerie","qte":"225","unit":"g","step":"Pour l'étape 2","order":3},{"label":"Oeuf(s)","shopGroup":"Crèmerie  hors fromage","qte":"1","unit":"pièce(s)","step":"Pour l'étape 2","order":4},{"label":"Lait 1/2 écrémé","shopGroup":"Crèmerie  hors fromage","qte":"12.5","unit":"cl","step":"Pour l'étape 2","order":5},{"label":"Beurre doux","shopGroup":"","qte":"65","unit":"g","step":"Pour l'étape 2","order":6},{"label":"Sucre en poudre","shopGroup":"Epicerie","qte":"40","unit":"g","step":"Pour l'étape 2","order":7},{"label":"Raisin(s) sec(s) blond(s)","shopGroup":"Epicerie","qte":"50","unit":"g","step":"Pour l'étape 2","order":8},{"label":"Rhum brun","shopGroup":"Boissons alcoolisées","qte":"5","unit":"cl","step":"Pour l'étape 2","order":9},{"label":"Sel fin","shopGroup":"","qte":"1","unit":"g","step":"Pour l'étape 2","order":10},{"label":"Beurre doux","shopGroup":"Crèmerie  hors fromage","qte":"30","unit":"g","step":"Pour le(s) moule(s)","order":11},{"label":"Amande(s) effilée(s)","shopGroup":"Epicerie","qte":"30","unit":"g","step":"Pour le(s) moule(s)","order":12},{"label":"Sucre glace","shopGroup":"Epicerie","qte":"30","unit":"g","step":"Pour le reste de la recette","order":13}],"chiefTip":"Pour une conservation optimale, enveloppez le kouglof dans du papier film dès qu'il est froid.","id":10524}