{"title":"Linguine \"cremosa\" saumon fumé et ciboulette, Saint-Jacques et mascarpone tapenade/truffe","description":"<br /><b>Pour les pâtes</b><br />Cuire les Linguine \"al dente\" dans 5 litres d'eau salée. Les égoutter après la cuisson, puis les débarrasser dans un plat et les arroser d'un filet d'huile d'olive.<br /><br /><br /><b>Pour la garniture</b><br />Peler les échalotes et les ciseler très finement. Peler l'ail, le dégermer et le hacher. Ciseler la ciboulette et réserver.<br />Tailler la poitrine fumée en petits lardons de type \"allumettes\". Couper le saumon fumé en lanières.<br /><br />Dans un wok, disposer un filet d'huile d'olive et faire suer les échalotes, l'ail, le thym et le laurier avec une pincée de sel fin. Ajouter les lardons de poitrine puis déglacer avec le vin blanc. Ajouter la crème, le parmesan et le saumon fumé. Réduire le feu et ajouter les Linguine afin de les réchauffer, puis la ciboulette.<br /><br />Dans une poêle antiadhésive, mettre un filet d'huile d'olive et saisir vivement les Saint-Jacques sur chaque face (elles doivent rester nacrées). Les assaisonner de sel et de piment.<br /><br /><br /><br /><b>Pour la crème et le dressage</b><br />Pour la crème : dans un bol, mélanger tous les ingrédients et réserver.<br /><br />En assiette creuse, disposer les Linguine et répartir harmonieusement les Saint-Jacques, puis terminer avec une belle quenelle froide de crème tapenade/truffe.<br />","summary":"Des Linguine parfumées avec une sauce au saumon fumé et à la ciboulette, accompagnées de noix de Saint-Jacques juste cuites et d'une crème mascarpone tapenade/truffe.","timePreparation":"20mn","timeBaking":"20mn","timeRest":"0mn","picture":"","ingredients":[{"label":"Linguine","shopGroup":"Epicerie","qte":"480","unit":"g","step":"","order":0},{"label":"Eau","shopGroup":"","qte":"5","unit":"l","step":"","order":1},{"label":"Gros sel","shopGroup":"","qte":"35","unit":"g","step":"","order":2},{"label":"Echalote(s)","shopGroup":"Légumes","qte":"2","unit":"pièce(s)","step":"Pour la garniture","order":3},{"label":"Aromate(s) ail, thym, laurier","shopGroup":"Herbes aromatiques","qte":"1","unit":"pièce(s)","step":"Pour la garniture","order":4},{"label":"Poitrine(s) de porc fumée(s)","shopGroup":"Boucherie","qte":"80","unit":"g","step":"Pour la garniture","order":5},{"label":"Tranche(s) de saumon fumé","shopGroup":"Poissonnerie","qte":"6","unit":"pièce(s)","step":"Pour la garniture","order":6},{"label":"Ciboulette","shopGroup":"Herbes aromatiques","qte":"0.5","unit":"botte(s)","step":"Pour la garniture","order":7},{"label":"Vin blanc sec","shopGroup":"Boissons alcoolisées","qte":"10","unit":"cl","step":"Pour la garniture","order":8},{"label":"Crème liquide entière","shopGroup":"Crèmerie  hors fromage","qte":"20","unit":"cl","step":"Pour la garniture","order":9},{"label":"Parmigiano Reggiano râpé","shopGroup":"Fromage(s)","qte":"50","unit":"g","step":"Pour la garniture","order":10},{"label":"Huile d'olive","shopGroup":"Epicerie","qte":"5","unit":"cl","step":"Pour la garniture","order":11},{"label":"Noix de Saint Jacques","shopGroup":"Poissonnerie","qte":"18","unit":"pièce(s)","step":"Pour la garniture","order":12},{"label":"Sel fin","shopGroup":"","qte":"6","unit":"pincée(s)","step":"Pour la garniture","order":13},{"label":"Piment d'Espelette","shopGroup":"Epicerie","qte":"6","unit":"pincée(s)","step":"Pour la garniture","order":14},{"label":"Tapenade d'olive noire","shopGroup":"Epicerie","qte":"50","unit":"g","step":"Pour la crème","order":15},{"label":"Mascarpone","shopGroup":"Fromage(s)","qte":"200","unit":"g","step":"Pour la crème","order":16},{"label":"Huile de truffe blanche","shopGroup":"Epicerie","qte":"2","unit":"cl","step":"Pour la crème","order":17}],"chiefTip":"Vous pouvez terminer cette recette avec quelques copeaux de parmesan et des lamelles de truffe.","id":10396}