{"id":10374,"title":"Recette de Bonbon de jambon d'Aoste, courgettes marinées au citron vert et chèvre frais piqué au romarin","description":"","summary":"Roulé de courgette marinée au citron et relevée de chèvre frais au piment d'Espelette, le tout agrémenté d'une fine tranche de jambon d'Aoste et maintenu avec une branche de romarin.","timePreparation":"15mn","timeBaking":"0mn","timeRest":"15mn","picture":"http://1.media.atelierdeschefs.com/recette-e10374-bonbon-de-jambon-d-aoste-courgettes-marinees-au-citron-vert-et-chevre-frais-pique-au-romarin.jpg","ingredients":[{"label":"Tranche(s) de Jambon cru(s)","shopGroup":"Charcuterie","qte":"2","unit":"pièce(s)","step":"","order":0},{"label":"Courgette(s)","shopGroup":"Légumes","qte":"1","unit":"pièce(s)","step":"","order":1},{"label":"Citron(s) vert(s)","shopGroup":"Fruits","qte":"1","unit":"pièce(s)","step":"","order":2},{"label":"Buche(s) de chèvre(s) frais","shopGroup":"Fromage(s)","qte":"100","unit":"pièce(s)","step":"","order":3},{"label":"Romarin","shopGroup":"Herbes aromatiques","qte":"0.5","unit":"botte(s)","step":"","order":4},{"label":"Huile d'olive","shopGroup":"Epicerie","qte":"10","unit":"cl","step":"","order":5},{"label":"Piment d'Espelette","shopGroup":"Epicerie","qte":"3","unit":"pincée(s)","step":"","order":6},{"label":"Sel fin","shopGroup":"","qte":"3","unit":"pincée(s)","step":"","order":7}]}