{"title":"Bonbon de jambon d'Aoste, courgettes marinées au citron vert et chèvre frais piqué au romarin","description":"Tailler à la mandoline de fines lamelles de courgettes d'environ 6 cm de longueur. Les disposer dans un plat, puis les assaisonner d'huile d'olive, de sel et de jus de citron vert. Laisser mariner de 10 à 15 min.<br /><br />Écraser le fromage de chèvre à la fourchette, puis l'assaisonner de piment d'Espelette. Découper chaque tranche de jambon d'Aoste en 4. <br />Tartiner chaque lanière de courgette marinée avec un peu de fromage de chèvre, déposer par-dessus une lamelle de jambon d'Aoste, puis rouler le tout et le piquer à l'aide d'une branche de romarin pour le maintenir.<br /><br />Déguster aussitôt.<br />","summary":"Roulé de courgette marinée au citron et relevée de chèvre frais au piment d'Espelette, le tout agrémenté d'une fine tranche de jambon d'Aoste et maintenu avec une branche de romarin.","timePreparation":"15mn","timeBaking":"0mn","timeRest":"15mn","picture":"","ingredients":[{"label":"Tranche(s) de Jambon cru(s)","shopGroup":"Charcuterie","qte":"2","unit":"pièce(s)","step":"","order":0},{"label":"Courgette(s)","shopGroup":"Légumes","qte":"1","unit":"pièce(s)","step":"","order":1},{"label":"Citron(s) vert(s)","shopGroup":"Fruits","qte":"1","unit":"pièce(s)","step":"","order":2},{"label":"Buche(s) de chèvre(s) frais","shopGroup":"Fromage(s)","qte":"100","unit":"pièce(s)","step":"","order":3},{"label":"Romarin","shopGroup":"Herbes aromatiques","qte":"0.5","unit":"botte(s)","step":"","order":4},{"label":"Huile d'olive","shopGroup":"Epicerie","qte":"10","unit":"cl","step":"","order":5},{"label":"Piment d'Espelette","shopGroup":"Epicerie","qte":"3","unit":"pincée(s)","step":"","order":6},{"label":"Sel fin","shopGroup":"","qte":"3","unit":"pincée(s)","step":"","order":7}],"chiefTip":"Vous pourrez ajouter un peu de crème liquide au chèvre afin de le détendre et de pouvoir mieux le tartiner.","id":10374}