{"title":"Suprême de volaille au pain d'épice, pommes confites à l'ail fumé","description":"Couper les pommes de terre en 4, puis les recouvrir d'eau froide et laisser cuire pendant environ 15 minutes. <br />Éplucher les échalotes et les couper en 4. Récupérer les gousses d'ail en chemise (avec la peau).<br /><br />Parer les filets de volaille. Couper les tranches de pain d'épice en 2 dans l'épaisseur, puis placer 1/2 tranche entre la peau et la chair du poulet. Saler et poivrer les volailles, puis les poser dans la poêle, côté peau avec très peu d'huile. Mettre à feu doux et cuire 15 min.<br /><br />Retourner les volailles, ajouter le vin blanc et couper le feu, puis couvrir et attendre 10 min.<br /><br />Dans un grand récipient avec un couvercle, mettre le beurre avec les gousses d'ail fumé en chemise et les échalotes, ajouter les pommes de terre et couvrir. Laisser cuire pendant 20 min, puis rectifier l'assaisonnement et servir avec la volaille.<br />","summary":"Un filet de volaille parfumé au pain d'épice et cuit lentement pour qu'il garde tout son moelleux. Servi avec des pommes de terre et des échalotes confites.","timePreparation":"15mn","timeBaking":"45mn","timeRest":"0mn","picture":"","ingredients":[{"label":"Suprême(s) de poulet","shopGroup":"Volaille(s)","qte":"6","unit":"pièce(s)","step":"","order":0},{"label":"Tranche(s) de pain d'épice","shopGroup":"Epicerie","qte":"3","unit":"pièce(s)","step":"","order":1},{"label":"Pomme(s) de terre ratte","shopGroup":"Légumes","qte":"900","unit":"g","step":"","order":2},{"label":"Echalote(s)","shopGroup":"Légumes","qte":"6","unit":"pièce(s)","step":"","order":3},{"label":"Vin blanc sec","shopGroup":"Boissons alcoolisées","qte":"10","unit":"cl","step":"","order":4},{"label":"Tête(s) d'ail fumée(s)","shopGroup":"Légumes","qte":"1","unit":"pièce(s)","step":"","order":5},{"label":"Beurre doux","shopGroup":"Crèmerie  hors fromage","qte":"50","unit":"g","step":"","order":6},{"label":"Sel fin","shopGroup":"","qte":"6","unit":"pincée(s)","step":"","order":7},{"label":"Moulin à poivre","shopGroup":"","qte":"6","unit":"tour(s)","step":"","order":8},{"label":"Huile d'olive","shopGroup":"Epicerie","qte":"3","unit":"cl","step":"","order":9}],"chiefTip":"Pour un parfum différent, remplacez le vin mis lors de la cuisson de la volaille par une bière d'abbaye de type Chimay.","id":1050}