{"id":10112,"title":"Recette de Lait fraise émulsionné","description":"","summary":"Une mousse de lait entier au parfum de confiture : une version améliorée de la traditionnelle grenadine.","timePreparation":"45mn","timeBaking":"0mn","timeRest":"0mn","picture":"http://1.media.atelierdeschefs.com/recette-e10112-lait-fraise-emulsionne.jpg","ingredients":[{"label":"Fraise(s)","shopGroup":"Fruits","qte":"500","unit":"g","step":"","order":0},{"label":"Lait entier","shopGroup":"Crèmerie  hors fromage","qte":"40","unit":"cl","step":"","order":1},{"label":"Blanc(s) d'oeuf","shopGroup":"Crèmerie  hors fromage","qte":"2","unit":"pièce(s)","step":"","order":2},{"label":"Sucre en poudre","shopGroup":"Epicerie","qte":"20","unit":"g","step":"","order":3}]}