{"title":"Lait fraise émulsionné","description":"Laver les fraises et les équeuter, puis les couper en 4 et en placer 200 g dans un bol avec le sucre. Filmer le bol et cuire au bain-marie durant 30 min. Filtrer ensuite le jus obtenu au travers d'une fine passette, puis laisser tiédir 10 min. <br />Verser le sirop dans le corps d'un siphon avec le lait et les blancs d'oeufs. Injecter une cartouche de gaz et réserver.<br /><br />Disposer le reste de fraises au fond des verres et verser l'émulsion par-dessus. Déguster aussitôt.<br />","summary":"Une mousse de lait entier au parfum de confiture : une version améliorée de la traditionnelle grenadine.","timePreparation":"45mn","timeBaking":"0mn","timeRest":"0mn","picture":"","ingredients":[{"label":"Fraise(s)","shopGroup":"Fruits","qte":"500","unit":"g","step":"","order":0},{"label":"Lait entier","shopGroup":"Crèmerie  hors fromage","qte":"40","unit":"cl","step":"","order":1},{"label":"Blanc(s) d'oeuf","shopGroup":"Crèmerie  hors fromage","qte":"2","unit":"pièce(s)","step":"","order":2},{"label":"Sucre en poudre","shopGroup":"Epicerie","qte":"20","unit":"g","step":"","order":3}],"chiefTip":"Vous pouvez remplacer les fraises par des framboises surgelées ou utiliser le sirop de votre choix pour en profiter toute l'année.","id":10112}