{"id":10204,"title":"Recette de Tatin de poires confites au gingembre et épices, crème anglaise à la pistache","description":"","summary":"Tarte aux poires caramélisées cuite façon \"Tatin\", parfumée à la fève tonka et au gingembre frais. La Tatin est servie avec une crème anglaise à la pistache.","timePreparation":"20mn","timeBaking":"30mn","timeRest":"0mn","picture":"http://1.media.atelierdeschefs.com/recette-e10204-tatin-de-poires-confites-au-gingembre-et-epices-creme-anglaise-a-la-pistache.jpg","ingredients":[{"label":"Sucre en poudre","shopGroup":"","qte":"100","unit":"g","step":"","order":0},{"label":"Beurre doux","shopGroup":"Crèmerie  hors fromage","qte":"30","unit":"g","step":"","order":1},{"label":"Rouleau(x) de pâte feuilletée","shopGroup":"Traiteur","qte":"1","unit":"pièce(s)","step":"","order":2},{"label":"Poire(s)","shopGroup":"Fruits","qte":"4","unit":"pièce(s)","step":"","order":3},{"label":"Gingembre frais","shopGroup":"Légumes","qte":"20","unit":"g","step":"","order":4},{"label":"Fève(s) tonka","shopGroup":"Epicerie","qte":"2","unit":"pièce(s)","step":"","order":5},{"label":"Lait 1/2 écrémé","shopGroup":"Crèmerie  hors fromage","qte":"25","unit":"cl","step":"Pour la sauce","order":6},{"label":"Jaune(s) d'oeuf(s)","shopGroup":"Crèmerie  hors fromage","qte":"3","unit":"pièce(s)","step":"Pour la sauce","order":7},{"label":"Sucre en poudre","shopGroup":"Epicerie","qte":"50","unit":"g","step":"Pour la sauce","order":8},{"label":"Pâte de pistache","shopGroup":"Epicerie","qte":"10","unit":"g","step":"Pour la sauce","order":9}]}