{"id":10748,"title":"Recette de Macaron Créac au sucre cuit, caviar d'Aquitaine en fine gelée Amaretto","description":"","summary":"Un macaron au sucre cuit, au doux parfum de caviar et d'Amaretto.","timePreparation":"30mn","timeBaking":"15mn","timeRest":"0mn","picture":"http://1.media.atelierdeschefs.com/recette-e10748-macaron-creac-au-sucre-cuit-caviar-d-aquitaine-en-fine-gelee-amaretto.jpg","ingredients":[{"label":"Poudre d'amande","shopGroup":"Epicerie","qte":"200","unit":"g","step":"Pour les macarons","order":0},{"label":"Sucre glace","shopGroup":"Epicerie","qte":"200","unit":"g","step":"Pour les macarons","order":1},{"label":"Blanc(s) d'oeuf","shopGroup":"Crèmerie  hors fromage","qte":"150","unit":"g","step":"Pour les macarons","order":2},{"label":"Sucre en poudre","shopGroup":"Epicerie","qte":"200","unit":"g","step":"Pour les macarons","order":3},{"label":"Eau","shopGroup":"","qte":"5","unit":"cl","step":"Pour les macarons","order":4},{"label":"Colorant alimentaire bleu","shopGroup":"Epicerie","qte":"1","unit":"goutte(s)","step":"Pour les macarons","order":5},{"label":"Colorant poudre rouge","shopGroup":"Epicerie","qte":"2","unit":"g","step":"Pour les macarons","order":6},{"label":"Graines de sésame noire","shopGroup":"Epicerie","qte":"20","unit":"g","step":"Pour les macarons","order":7},{"label":"Eau de source","shopGroup":"Boissons sans alcool","qte":"25","unit":"cl","step":"Pour la gelée","order":8},{"label":"Amaretto","shopGroup":"Boissons alcoolisées","qte":"10","unit":"cl","step":"Pour la gelée","order":9},{"label":"Feuille(s) de gélatine de 2 g","shopGroup":"Epicerie","qte":"5","unit":"pièce(s)","step":"Pour la gelée","order":10},{"label":"Caviar d'Aquitaine","shopGroup":"","qte":"100","unit":"g","step":"Pour la gelée","order":11}]}