{"title":"Le tout chocolat aux parfums des Iles","description":"","summary":"Un dessert très gourmand où l'on retrouve le chocolat sous toutes ses formes : soupe, mousse et ganache à la noix de coco !","timePreparation":"45mn","timeBaking":"0mn","timeRest":"0mn","picture":"","ingredients":[{"label":"Chocolat au lait","shopGroup":"","qte":"150","unit":"g","step":"Pour la sauce","order":0},{"label":"Lait 1/2 écrémé","shopGroup":"Crèmerie  hors fromage","qte":"10","unit":"cl","step":"Pour la sauce","order":1},{"label":"Crème liquide entière","shopGroup":"","qte":"20","unit":"cl","step":"Pour la sauce","order":2},{"label":"Crème liquide entière","shopGroup":"","qte":"15","unit":"cl","step":"Pour la garniture","order":3},{"label":"Chocolat au lait","shopGroup":"Epicerie","qte":"100","unit":"g","step":"Pour la garniture","order":4},{"label":"Noix de coco rapée","shopGroup":"Epicerie","qte":"100","unit":"g","step":"Pour la garniture","order":5},{"label":"Cacao en poudre non sucré","shopGroup":"Epicerie","qte":"50","unit":"g","step":"Pour la garniture","order":6},{"label":"Crème liquide entière","shopGroup":"Crèmerie  hors fromage","qte":"15","unit":"cl","step":"Pour le dressage","order":7},{"label":"Chocolat noir","shopGroup":"Epicerie","qte":"40","unit":"g","step":"Pour le dressage","order":8}],"chiefTip":"Si vous faites bouillir le chocolat pour la soupe, il risque de brûler et de devenir très amer.Pour obtenir une petite coque amère, conservez les perles de coco dans un peu de cacao en poudre et roulez-les de temps en temps.","id":10306}