{"title":"Le tout chocolat aux parfums des Iles","description":"Pour les garnitures : faire bouillir la crème dans une casserole, puis la verser petit à petit sur le chocolat au lait non fondu et mélanger délicatement. Ajouter la noix de coco râpée et entreposer 30 min au frais.<br />A l'aide d'une petite cuillère, réaliser des petits tas que vous disposerez dans le cacao en poudre, puis les rouler dans la paume de la main pour former une boule. Réserver ensuite au frais avec 1 cuillère de cacao en poudre.<br /><br />Pour la mousseline : monter la crème en chantilly puis la conserver au frais.<br />Faire fondre le chocolat noir au bain-marie puis le verser sur la crème chantilly. Mélanger à l'aide d'une spatule souple et réserver.<br /><br />Pour la soupe : dans une casserole, faire bouillir le lait et la crème, puis verser le tout sur le chocolat au lait non fondu. Réserver au chaud mais sans faire bouillir.<br /><br />Dans une assiette creuse ou des verres à dégustation, disposer une grosse cuillère à soupe de mousseline et ajouter quelques perles de coco. Au dernier moment, verser la soupe de chocolat dans les assiettes et déguster sans attendre.<br />","summary":"Un dessert très gourmand où l'on retrouve le chocolat sous toutes ses formes : soupe, mousse et ganache à la noix de coco !","timePreparation":"45mn","timeBaking":"0mn","timeRest":"0mn","picture":"","ingredients":[{"label":"Chocolat au lait","shopGroup":"","qte":"150","unit":"g","step":"Pour la sauce","order":0},{"label":"Lait 1/2 écrémé","shopGroup":"Crèmerie  hors fromage","qte":"10","unit":"cl","step":"Pour la sauce","order":1},{"label":"Crème liquide entière","shopGroup":"","qte":"20","unit":"cl","step":"Pour la sauce","order":2},{"label":"Crème liquide entière","shopGroup":"","qte":"15","unit":"cl","step":"Pour la garniture","order":3},{"label":"Chocolat au lait","shopGroup":"Epicerie","qte":"100","unit":"g","step":"Pour la garniture","order":4},{"label":"Noix de coco rapée","shopGroup":"Epicerie","qte":"100","unit":"g","step":"Pour la garniture","order":5},{"label":"Cacao en poudre non sucré","shopGroup":"Epicerie","qte":"50","unit":"g","step":"Pour la garniture","order":6},{"label":"Crème liquide entière","shopGroup":"Crèmerie  hors fromage","qte":"15","unit":"cl","step":"Pour le dressage","order":7},{"label":"Chocolat noir","shopGroup":"Epicerie","qte":"40","unit":"g","step":"Pour le dressage","order":8}],"chiefTip":"Si vous faites bouillir le chocolat pour la soupe, il risque de brûler et de devenir très amer.Pour obtenir une petite coque amère, conservez les perles de coco dans un peu de cacao en poudre et roulez-les de temps en temps.","id":10306}