{"title":"Goulash","description":"Éplucher les oignons et les émincer en fines lamelles. Éplucher et hacher l'ail. Zester le citron.<br />Couper la viande en gros cubes.<br /><br />Dans une cocotte chaude, mettre un filet d'huile d'arachide et ajouter les oignons. Les cuire à feu doux jusqu'à ce qu'ils soient dorés, puis les débarrasser.<br />Dans la même cocotte, colorer à feu vif les cubes de veau sur toutes les faces, ajouter les oignons colorés et l'ail haché, bien mélanger. Incorporer ensuite le paprika, le concentré de tomates, puis singer avec la farine. Mélanger et cuire pendant 1 min. Mouiller ensuite avec le fond de veau et compléter avec de l'eau si nécessaire pour arriver à hauteur de la viande.<br />Cuire doucement et régulièrement pendant 2 h (mélanger de temps en temps). Laisser la viande décanter dans un autre plat.<br />Ajouter la crème, mélanger et cuire encore 2 min. Vérifier la couleur, l'onctuosité et l'assaisonnement de la sauce. La passer ensuite au chinois, remettre la viande dedans et ajouter les zestes de citron.<br /><br />Servir aussitôt avec l'accompagnement.<br />","summary":"Ragoût de veau au paprika, cuisiné principalement en Autriche et en Hongrie.","timePreparation":"15mn","timeBaking":"2h","timeRest":"0mn","picture":"http://1.media.atelierdeschefs.com/recette-c10516-goulash.jpg","ingredients":[{"label":"Epaule(s) de veau","shopGroup":"Boucherie","qte":"1","unit":"kg","step":"","order":0},{"label":"Oignon(s)","shopGroup":"Légumes","qte":"3","unit":"pièce(s)","step":"","order":1},{"label":"Gousse(s) d'ail","shopGroup":"Légumes","qte":"2","unit":"gousse(s)","step":"","order":2},{"label":"Citron(s) jaune(s)","shopGroup":"Fruits","qte":"1","unit":"pièce(s)","step":"","order":3},{"label":"Concentré de tomate","shopGroup":"Epicerie","qte":"10","unit":"g","step":"","order":4},{"label":"Paprika","shopGroup":"Epicerie","qte":"20","unit":"g","step":"","order":5},{"label":"Crème fraîche épaisse","shopGroup":"Crèmerie  hors fromage","qte":"125","unit":"g","step":"","order":6},{"label":"Sel fin","shopGroup":"","qte":"6","unit":"pincée(s)","step":"","order":7},{"label":"Huile d'arachide","shopGroup":"Epicerie","qte":"5","unit":"cl","step":"","order":8},{"label":"Fond de veau","shopGroup":"Epicerie","qte":"50","unit":"cl","step":"","order":9},{"label":"Farine de blé","shopGroup":"Epicerie","qte":"50","unit":"g","step":"","order":10}],"chiefTip":"Vous pouvez ajouter du cumin et de la marjolaine.Comme tous les ragoûts, le Goulash est encore meilleur le lendemain.Dégustez-le avec des pommes de terre que vous ajoutez à la cuisson 1h avant la fin.","id":10516}