{"id":10516,"title":"Recette de Goulash","description":"","summary":"Ragoût de veau au paprika, cuisiné principalement en Autriche et en Hongrie.","timePreparation":"15mn","timeBaking":"2h","timeRest":"0mn","picture":"http://1.media.atelierdeschefs.com/recette-e10516-goulash.jpg","ingredients":[{"label":"Epaule(s) de veau","shopGroup":"Boucherie","qte":"1","unit":"kg","step":"","order":0},{"label":"Oignon(s)","shopGroup":"Légumes","qte":"3","unit":"pièce(s)","step":"","order":1},{"label":"Gousse(s) d'ail","shopGroup":"Légumes","qte":"2","unit":"gousse(s)","step":"","order":2},{"label":"Citron(s) jaune(s)","shopGroup":"Fruits","qte":"1","unit":"pièce(s)","step":"","order":3},{"label":"Concentré de tomate","shopGroup":"Epicerie","qte":"10","unit":"g","step":"","order":4},{"label":"Paprika","shopGroup":"Epicerie","qte":"20","unit":"g","step":"","order":5},{"label":"Crème fraîche épaisse","shopGroup":"Crèmerie  hors fromage","qte":"125","unit":"g","step":"","order":6},{"label":"Sel fin","shopGroup":"","qte":"6","unit":"pincée(s)","step":"","order":7},{"label":"Huile d'arachide","shopGroup":"Epicerie","qte":"5","unit":"cl","step":"","order":8},{"label":"Fond de veau","shopGroup":"Epicerie","qte":"50","unit":"cl","step":"","order":9},{"label":"Farine de blé","shopGroup":"Epicerie","qte":"50","unit":"g","step":"","order":10}]}