{"id":10134,"title":"Recette de Macaron sucre cuit au foie gras épicé","description":"","summary":"Un macaron au chocolat et pain d'épice, garni de foie gras mi-cuit.","timePreparation":"30mn","timeBaking":"15mn","timeRest":"0mn","picture":"http://1.media.atelierdeschefs.com/recette-e10134-macaron-sucre-cuit-au-foie-gras-epice.jpg","ingredients":[{"label":"Poudre d'amande","shopGroup":"Epicerie","qte":"185","unit":"g","step":"Pour les macarons","order":0},{"label":"Sucre glace","shopGroup":"Epicerie","qte":"185","unit":"g","step":"Pour les macarons","order":1},{"label":"Cacao en poudre non sucré","shopGroup":"Epicerie","qte":"30","unit":"g","step":"Pour les macarons","order":2},{"label":"Blanc(s) d'oeuf","shopGroup":"Crèmerie  hors fromage","qte":"150","unit":"g","step":"Pour les macarons","order":3},{"label":"Cannelle en poudre","shopGroup":"Epicerie","qte":"1","unit":"g","step":"Pour les macarons","order":4},{"label":"Mélange 4 épices","shopGroup":"Epicerie","qte":"1","unit":"pincée(s)","step":"Pour les macarons","order":5},{"label":"Poudre de pain d épice","shopGroup":"Epicerie","qte":"50","unit":"g","step":"Pour les macarons","order":6},{"label":"Sucre en poudre","shopGroup":"Epicerie","qte":"200","unit":"g","step":"Pour les macarons","order":7},{"label":"Eau","shopGroup":"","qte":"5","unit":"cl","step":"Pour les macarons","order":8},{"label":"Colorant alimentaire rouge","shopGroup":"Epicerie","qte":"5","unit":"goutte(s)","step":"Pour les macarons","order":9},{"label":"Crème liquide entière","shopGroup":"Crèmerie  hors fromage","qte":"22","unit":"cl","step":"Pour la garniture","order":10},{"label":"Chocolat noir","shopGroup":"Epicerie","qte":"250","unit":"g","step":"Pour la garniture","order":11},{"label":"Beurre doux","shopGroup":"Crèmerie  hors fromage","qte":"40","unit":"g","step":"Pour la garniture","order":12},{"label":"Foie gras de canard mi-cuit","shopGroup":"Traiteur","qte":"200","unit":"g","step":"Pour la garniture","order":13},{"label":"Fleur de sel","shopGroup":"Epicerie","qte":"10","unit":"pincée(s)","step":"Pour la garniture","order":14}]}