{"id":1073,"title":"Recette de Cocktail menthe/citron vert","description":"","summary":"Cocktail rafraîchissant pour les enfants, accompagné de dés d'ananas caramélisés.","timePreparation":"15mn","timeBaking":"0mn","timeRest":"0mn","picture":"http://1.media.atelierdeschefs.com/recette-e1073-cocktail-menthe-citron-vert.jpg","ingredients":[{"label":"Eau","shopGroup":"","qte":"40","unit":"cl","step":"","order":0},{"label":"Sucre en poudre","shopGroup":"","qte":"100","unit":"g","step":"","order":1},{"label":"Menthe fraîche","shopGroup":"Herbes aromatiques","qte":"1","unit":"botte(s)","step":"","order":2},{"label":"Citron(s) vert(s)","shopGroup":"Fruits","qte":"4","unit":"pièce(s)","step":"","order":3},{"label":"Sucre en poudre","shopGroup":"Epicerie","qte":"50","unit":"g","step":"Pour la garniture","order":4},{"label":"Ananas victoria","shopGroup":"Fruits","qte":"1","unit":"pièce(s)","step":"Pour la garniture","order":5}]}