{"title":"Crème pâtissière vanillée","description":"Disposer le lait dans une casserole avec la gousse de vanille fendue et grattée, puis porter à ébullition.<br />Dans un cul-de-poule, blanchir les jaunes d'oeufs avec le sucre, puis ajouter la farine. Verser le lait chaud dessus petit à petit et remettre le tout dans la casserole. Cuire à feu doux et faire épaissir. Débarrasser ensuite sur une plaque et recouvrir d'un papier film au contact. Réserver.<br />","summary":"La véritable recette de la crème pâtissière.","timePreparation":"30mn","timeBaking":"0mn","timeRest":"0mn","picture":"","ingredients":[{"label":"Lait 1/2 écrémé","shopGroup":"Crèmerie  hors fromage","qte":"25","unit":"cl","step":"","order":0},{"label":"Jaune(s) d'oeuf(s)","shopGroup":"Crèmerie  hors fromage","qte":"3","unit":"pièce(s)","step":"","order":1},{"label":"Sucre en poudre","shopGroup":"Epicerie","qte":"50","unit":"g","step":"","order":2},{"label":"Farine de blé","shopGroup":"Epicerie","qte":"30","unit":"g","step":"","order":3},{"label":"Gousse(s) de vanille","shopGroup":"Epicerie","qte":"1","unit":"pièce(s)","step":"","order":4}],"chiefTip":"Vous pouvez parfumer la crème pâtissière avec de la fleur d'oranger ou de l'eau de rose.","id":10100}