{"id":10100,"title":"Recette de Crème pâtissière vanillée","description":"","summary":"La véritable recette de la crème pâtissière.","timePreparation":"30mn","timeBaking":"0mn","timeRest":"0mn","picture":"http://1.media.atelierdeschefs.com/recette-e10100-creme-patissiere-vanillee.jpg","ingredients":[{"label":"Lait 1/2 écrémé","shopGroup":"Crèmerie  hors fromage","qte":"25","unit":"cl","step":"","order":0},{"label":"Jaune(s) d'oeuf(s)","shopGroup":"Crèmerie  hors fromage","qte":"3","unit":"pièce(s)","step":"","order":1},{"label":"Sucre en poudre","shopGroup":"Epicerie","qte":"50","unit":"g","step":"","order":2},{"label":"Farine de blé","shopGroup":"Epicerie","qte":"30","unit":"g","step":"","order":3},{"label":"Gousse(s) de vanille","shopGroup":"Epicerie","qte":"1","unit":"pièce(s)","step":"","order":4}]}