{"title":"Crème pâtissière","description":"Ouvrir la gousse de vanille en 2 et gratter les graines, mettre le lait à bouillir avec le tout.<br /> <br />Blanchir les oeufs avec le sucre et les fouetter pour incorporer un maximum d'air, ajouter ensuite la farine. Lorsque le lait bout, le verser sur la préparation. Enlever les gousses de vanille. Porter la crème à ébullition sans cesser de remuer avec un fouet et cuire pendant 3 à 5 minutes à partir de l'ébullition, toujours en remuant constamment. <br />Verser la crème dans un récipient tapissé de film alimentaire et refermer le film alimentaire. Laisser refroidir 1 à 2 heures.<br />","summary":"Une crème qui sert de base à de nombreuses recettes de tartes, de flans ou de crèmes parfumées.","timePreparation":"30mn","timeBaking":"0mn","timeRest":"1h30mn","picture":"","ingredients":[{"label":"Lait entier","shopGroup":"Crèmerie  hors fromage","qte":"1","unit":"l","step":"","order":0},{"label":"Oeuf(s)","shopGroup":"Crèmerie  hors fromage","qte":"4","unit":"pièce(s)","step":"","order":1},{"label":"Sucre en poudre","shopGroup":"Epicerie","qte":"200","unit":"g","step":"","order":2},{"label":"Farine de blé","shopGroup":"Epicerie","qte":"90","unit":"g","step":"","order":3},{"label":"Gousse(s) de vanille","shopGroup":"Epicerie","qte":"1","unit":"pièce(s)","step":"","order":4}],"chiefTip":"Vous pouvez remplacer la farine par de la Maïzena ou de la poudre à flan, le résultat est sensiblement différent. En utilisant de la maïzena, la crème sera plus jaune, en utilisant de la poudre à flan, la crème sera plus légère.","id":10074}