{"id":10074,"title":"Recette de Crème pâtissière","description":"","summary":"Une crème qui sert de base à de nombreuses recettes de tartes, de flans ou de crèmes parfumées.","timePreparation":"30mn","timeBaking":"0mn","timeRest":"1h30mn","picture":"http://1.media.atelierdeschefs.com/recette-e10074-creme-patissiere.jpg","ingredients":[{"label":"Lait entier","shopGroup":"Crèmerie  hors fromage","qte":"1","unit":"l","step":"","order":0},{"label":"Oeuf(s)","shopGroup":"Crèmerie  hors fromage","qte":"4","unit":"pièce(s)","step":"","order":1},{"label":"Sucre en poudre","shopGroup":"Epicerie","qte":"200","unit":"g","step":"","order":2},{"label":"Farine de blé","shopGroup":"Epicerie","qte":"90","unit":"g","step":"","order":3},{"label":"Gousse(s) de vanille","shopGroup":"Epicerie","qte":"1","unit":"pièce(s)","step":"","order":4}]}