{"id":10479,"title":"Recette de Filet de turbot en deux cuissons, légumes oubliés et cèpes poêlés","description":"","summary":"Filets de turbot en deux cuissons (les uns poêlés, les autres à la vapeur), accompagnés d'une mousseline de panais, de topinambours et de cèpes.","timePreparation":"1h","timeBaking":"0mn","timeRest":"0mn","picture":"http://1.media.atelierdeschefs.com/recette-e10479-filet-de-turbot-en-deux-cuissons-legumes-oublies-et-cepes-poeles.jpg","ingredients":[{"label":"Turbot","shopGroup":"Poissonnerie","qte":"3000","unit":"g","step":"Pour l'étape 1","order":0},{"label":"Beurre doux","shopGroup":"","qte":"100","unit":"g","step":"Pour l'étape 1","order":1},{"label":"Sel fin","shopGroup":"","qte":"6","unit":"pincée(s)","step":"Pour l'étape 1","order":2},{"label":"Piment d'Espelette","shopGroup":"Epicerie","qte":"6","unit":"pincée(s)","step":"Pour l'étape 1","order":3},{"label":"Panais","shopGroup":"Légumes","qte":"3","unit":"pièce(s)","step":"Pour l'étape 2","order":4},{"label":"Citron(s) jaune(s)","shopGroup":"Fruits","qte":"1","unit":"pièce(s)","step":"Pour l'étape 2","order":5},{"label":"Beurre doux","shopGroup":"Crèmerie  hors fromage","qte":"80","unit":"g","step":"Pour l'étape 2","order":6},{"label":"Crème liquide entière","shopGroup":"Crèmerie  hors fromage","qte":"10","unit":"cl","step":"Pour l'étape 2","order":7},{"label":"Gros sel","shopGroup":"","qte":"5","unit":"g","step":"Pour l'étape 2","order":8},{"label":"Topinambour(s)","shopGroup":"Légumes","qte":"500","unit":"g","step":"Pour l'étape 3","order":9},{"label":"Branche(s) de céleri","shopGroup":"Légumes","qte":"1","unit":"pièce(s)","step":"Pour l'étape 3","order":10},{"label":"Cèpe(s) Bouchon(s)","shopGroup":"Légumes","qte":"600","unit":"g","step":"Pour l'étape 3","order":11},{"label":"Persil plat","shopGroup":"Herbes aromatiques","qte":"0.5","unit":"botte(s)","step":"Pour l'étape 3","order":12},{"label":"Echalote(s)","shopGroup":"Légumes","qte":"2","unit":"pièce(s)","step":"Pour l'étape 3","order":13},{"label":"Gousse(s) d'ail","shopGroup":"Légumes","qte":"1","unit":"gousse(s)","step":"Pour l'étape 3","order":14},{"label":"Moulin à poivre","shopGroup":"","qte":"6","unit":"tour(s)","step":"Pour l'étape 3","order":15}]}