{"title":"Filet de turbot en deux cuissons, légumes oubliés et cèpes poêlés","description":"<br /><b>Pour le turbot :</b><br />Lever les filets de turbot, les assaisonner puis rouler 6 filets sur eux-mêmes et les maintenir avec un pic en bois. Conserver 6 autres filets et les assaisonner.  <br />Faire fondre le beurre au bain-marie afin de le clarifier (séparer la matière grasse du petit lait).<br />Faire chauffer de l'eau dans un récipient muni d'une grille et d'un couvercle (la grille ne doit pas être en contact avec l'eau).<br /><br />Faire chauffer un filet de beurre clarifié dans une poêle antiadhésive, puis colorer les filets de turbot, côté peau en premier.<br /><br />Disposer les filets roulés sur la grille et couvrir, puis laisser cuire 10 min à partir de la reprise de l'ébullition.<br /><br /><b>Pour la mousseline de panais :</b><br />Laver et éplucher les panais, puis les couper en gros cubes et les faire cuire (départ eau froide) durant 15 à 20 min avec le jus d'un citron et du gros sel (10 g/litre).<br />Vérifier la cuisson à l'aide de la pointe d'un couteau, les égoutter et les mixer au robot avec le beurre et la crème. Rectifier l'assaisonnement et réserver au chaud au bain-marie.<br /><br /><b>Pour les topinambours et les cèpes :</b><br />Laver les topinambours et les éplucher avec un couteau, puis les tailler en cubes et les cuire durant 15 min avec la branche de céleri, départ eau froide salée (10 g de gros sel/litre). Les égoutter ensuite.<br /><br />Éplucher et ciseler les échalotes. Laver et ciseler le persil plat. Éplucher et dégermer la gousse d'ail. Brosser les cèpes et les essuyer avec un papier absorbant humide. Gratter les pieds et les couper en tranches épaisses.<br />Dans une poêle chaude, dorer les cèpes avec du beurre clarifié et une fois qu'ils sont colorés, ajouter la moitié des échalotes et la gousse d'ail écrasée. Assaisonner puis ajouter la moitié du persil. Réserver ensuite au chaud.<br />  <br />Dans une poêle chaude avec du beurre clarifié, faire suer l'autre partie des échalotes avec une pincée de sel. Ajouter les topinambours et les colorer légèrement, saler et poivrer. Ajouter le reste de persil en fin de cuisson.<br /><br />Disposer harmonieusement les garnitures et les filets de poisson sur l'assiette.<br />","summary":"Filets de turbot en deux cuissons (les uns poêlés, les autres à la vapeur), accompagnés d'une mousseline de panais, de topinambours et de cèpes.","timePreparation":"1h","timeBaking":"0mn","timeRest":"0mn","picture":"","ingredients":[{"label":"Turbot","shopGroup":"Poissonnerie","qte":"3000","unit":"g","step":"Pour l'étape 1","order":0},{"label":"Beurre doux","shopGroup":"","qte":"100","unit":"g","step":"Pour l'étape 1","order":1},{"label":"Sel fin","shopGroup":"","qte":"6","unit":"pincée(s)","step":"Pour l'étape 1","order":2},{"label":"Piment d'Espelette","shopGroup":"Epicerie","qte":"6","unit":"pincée(s)","step":"Pour l'étape 1","order":3},{"label":"Panais","shopGroup":"Légumes","qte":"3","unit":"pièce(s)","step":"Pour l'étape 2","order":4},{"label":"Citron(s) jaune(s)","shopGroup":"Fruits","qte":"1","unit":"pièce(s)","step":"Pour l'étape 2","order":5},{"label":"Beurre doux","shopGroup":"Crèmerie  hors fromage","qte":"80","unit":"g","step":"Pour l'étape 2","order":6},{"label":"Crème liquide entière","shopGroup":"Crèmerie  hors fromage","qte":"10","unit":"cl","step":"Pour l'étape 2","order":7},{"label":"Gros sel","shopGroup":"","qte":"5","unit":"g","step":"Pour l'étape 2","order":8},{"label":"Topinambour(s)","shopGroup":"Légumes","qte":"500","unit":"g","step":"Pour l'étape 3","order":9},{"label":"Branche(s) de céleri","shopGroup":"Légumes","qte":"1","unit":"pièce(s)","step":"Pour l'étape 3","order":10},{"label":"Cèpe(s) Bouchon(s)","shopGroup":"Légumes","qte":"600","unit":"g","step":"Pour l'étape 3","order":11},{"label":"Persil plat","shopGroup":"Herbes aromatiques","qte":"0.5","unit":"botte(s)","step":"Pour l'étape 3","order":12},{"label":"Echalote(s)","shopGroup":"Légumes","qte":"2","unit":"pièce(s)","step":"Pour l'étape 3","order":13},{"label":"Gousse(s) d'ail","shopGroup":"Légumes","qte":"1","unit":"gousse(s)","step":"Pour l'étape 3","order":14},{"label":"Moulin à poivre","shopGroup":"","qte":"6","unit":"tour(s)","step":"Pour l'étape 3","order":15}],"chiefTip":"Vous pouvez faire préparer les filets de turbot par votre poissonnier.","id":10479}