{"title":"Shake fruits d'automne","description":"","summary":"Un mélange de jus de fruits et de fruits d'automne mixés finement pour un cocktail onctueux.","timePreparation":"15mn","timeBaking":"0mn","timeRest":"0mn","picture":"","ingredients":[{"label":"Jus de pomme","shopGroup":"Boissons sans alcool","qte":"1","unit":"l","step":"","order":0},{"label":"Jus de poire","shopGroup":"Boissons sans alcool","qte":"50","unit":"cl","step":"","order":1},{"label":"Orange(s)","shopGroup":"Fruits","qte":"8","unit":"pièce(s)","step":"","order":2},{"label":"Banane(s)","shopGroup":"Fruits","qte":"3","unit":"pièce(s)","step":"","order":3}],"chiefTip":"Pour un shake fruits très frais, vous pouvez ajouter du sorbet à la poire dans votre cocktail.","id":10433}