{"id":10433,"title":"Recette de Shake fruits d'automne","description":"","summary":"Un mélange de jus de fruits et de fruits d'automne mixés finement pour un cocktail onctueux.","timePreparation":"15mn","timeBaking":"0mn","timeRest":"0mn","picture":"http://1.media.atelierdeschefs.com/recette-e10433-shake-fruits-d-automne.jpg","ingredients":[{"label":"Jus de pomme","shopGroup":"Boissons sans alcool","qte":"1","unit":"l","step":"","order":0},{"label":"Jus de poire","shopGroup":"Boissons sans alcool","qte":"50","unit":"cl","step":"","order":1},{"label":"Orange(s)","shopGroup":"Fruits","qte":"8","unit":"pièce(s)","step":"","order":2},{"label":"Banane(s)","shopGroup":"Fruits","qte":"3","unit":"pièce(s)","step":"","order":3}]}