{"title":"Cake nature","description":"","summary":"Une recette simple pour un gâteau indémodable à base de farine, de beurre, d'oeufs et de sucre.","timePreparation":"1h","timeBaking":"0mn","timeRest":"0mn","picture":"","ingredients":[{"label":"Farine de blé","shopGroup":"Epicerie","qte":"200","unit":"g","step":"","order":0},{"label":"Beurre demi-sel","shopGroup":"Crèmerie  hors fromage","qte":"125","unit":"g","step":"","order":1},{"label":"Sucre vergeoise","shopGroup":"Epicerie","qte":"100","unit":"g","step":"","order":2},{"label":"Lait 1/2 écrémé","shopGroup":"Crèmerie  hors fromage","qte":"5","unit":"cl","step":"","order":3},{"label":"Oeuf(s)","shopGroup":"Crèmerie  hors fromage","qte":"5","unit":"pièce(s)","step":"","order":4},{"label":"Sachet(s) de levure chimique (11g)","shopGroup":"Epicerie","qte":"1","unit":"pièce(s)","step":"","order":5},{"label":"Sel fin","shopGroup":"","qte":"1","unit":"pincée(s)","step":"","order":6},{"label":"Beurre doux","shopGroup":"Crèmerie  hors fromage","qte":"20","unit":"g","step":"","order":7},{"label":"Sucre à la vanille","shopGroup":"Epicerie","qte":"10","unit":"g","step":"","order":8}],"chiefTip":"Vérifiez la cuisson à l'aide de la pointe d'un couteau : si celle-ci ressort sèche, votre cake est prêt.Vous pouvez le parfumer avec des graines de vanille.","id":10409}