{"title":"Bûche de Noël au thé vert","description":"","summary":"Une bûche de Noël revisitée avec des saveurs asiatiques grâce au thé vert matcha.","timePreparation":"30mn","timeBaking":"0mn","timeRest":"0mn","picture":"","ingredients":[{"label":"Miel","shopGroup":"Epicerie","qte":"10","unit":"g","step":"Pour le(s) biscuit(s)","order":0},{"label":"Oeuf(s)","shopGroup":"Crèmerie  hors fromage","qte":"200","unit":"g","step":"Pour le(s) biscuit(s)","order":1},{"label":"Sucre en poudre","shopGroup":"Epicerie","qte":"80","unit":"g","step":"Pour le(s) biscuit(s)","order":2},{"label":"Lait 1/2 écrémé","shopGroup":"Crèmerie  hors fromage","qte":"1","unit":"cl","step":"Pour le(s) biscuit(s)","order":3},{"label":"Farine de blé","shopGroup":"Epicerie","qte":"80","unit":"g","step":"Pour le(s) biscuit(s)","order":4},{"label":"Thé vert en poudre","shopGroup":"","qte":"5","unit":"g","step":"Pour le(s) biscuit(s)","order":5},{"label":"Crème liquide entière","shopGroup":"Crèmerie  hors fromage","qte":"30","unit":"cl","step":"Pour la crème","order":6},{"label":"Lait concentré sucré","shopGroup":"Epicerie","qte":"30","unit":"cl","step":"Pour la crème","order":7},{"label":"Thé vert en poudre","shopGroup":"Epicerie","qte":"5","unit":"g","step":"Pour la crème","order":8}],"chiefTip":"A l'aide d'une fourchette, donnez un effet \"bûche\" à la crème recouvrant le biscuit.","id":986}