{"title":"Brochette croustillante de volaille au basilic, crème de vinaigre balsamique","description":"","summary":"Sur un pic en bois, on dispose une lamelle de volaille garnie d'une feuille de basilic frais, enveloppée d'une bande de feuille de brick puis grillée et servie avec un trait de crème de vinaigre balsamique.","timePreparation":"15mn","timeBaking":"5mn","timeRest":"0mn","picture":"","ingredients":[{"label":"Blanc(s) de poulet","shopGroup":"Volaille(s)","qte":"300","unit":"g","step":"","order":0},{"label":"Feuille(s) de brick","shopGroup":"Traiteur","qte":"6","unit":"pièce(s)","step":"","order":1},{"label":"Basilic","shopGroup":"Herbes aromatiques","qte":"0.25","unit":"botte(s)","step":"","order":2},{"label":"Réduction de vinaigre Balsamique","shopGroup":"Epicerie","qte":"5","unit":"cl","step":"","order":3},{"label":"Sel fin","shopGroup":"","qte":"6","unit":"pincée(s)","step":"","order":4},{"label":"Piment d'Espelette","shopGroup":"Epicerie","qte":"6","unit":"pincée(s)","step":"","order":5},{"label":"Huile d'olive","shopGroup":"Epicerie","qte":"5","unit":"cl","step":"","order":6}],"chiefTip":"Remplacez le poulet par des lamelles d'escalope de veau ou du filet mignon de porc.","id":9023}