{"id":10043,"title":"Recette de Nouilles à l'asiatique, boeuf et légumes","description":"","summary":"Des lanières de boeuf et des légumes sautés à la sauce soja, accompagnés de nouilles japonaises.","timePreparation":"30mn","timeBaking":"12mn","timeRest":"0mn","picture":"http://1.media.atelierdeschefs.com/recette-e10043-nouilles-a-l-asiatique-boeuf-et-legumes.jpg","ingredients":[{"label":"Pavé(s) de boeuf de 150g","shopGroup":"Boucherie","qte":"6","unit":"pièce(s)","step":"","order":0},{"label":"Nouille(s) japonaise","shopGroup":"Epicerie","qte":"200","unit":"g","step":"","order":1},{"label":"Courgette(s)","shopGroup":"Légumes","qte":"1","unit":"pièce(s)","step":"","order":2},{"label":"Oignon(s)","shopGroup":"Légumes","qte":"1","unit":"pièce(s)","step":"","order":3},{"label":"Carotte(s)","shopGroup":"Légumes","qte":"3","unit":"pièce(s)","step":"","order":4},{"label":"Huile d'arachide","shopGroup":"Epicerie","qte":"5","unit":"cl","step":"","order":5},{"label":"Sauce Soja","shopGroup":"Epicerie","qte":"10","unit":"cl","step":"","order":6}]}