{"id":10082,"title":"Recette de Saumon poché au lait épicé, purée de carottes et cerfeuil","description":"","summary":"Pavé de saumon cuit doucement dans un lait parfumé avec de la cannelle, du poivre long et de la badiane, et servi avec une purée de carottes et pommes de terre au cerfeuil.","timePreparation":"20mn","timeBaking":"15mn","timeRest":"0mn","picture":"http://1.media.atelierdeschefs.com/recette-e10082-saumon-poche-au-lait-epice-puree-de-carottes-et-cerfeuil.jpg","ingredients":[{"label":"Pavé(s) de saumon (150g)","shopGroup":"Poissonnerie","qte":"6","unit":"pièce(s)","step":"","order":0},{"label":"Lait entier","shopGroup":"","qte":"1","unit":"l","step":"","order":1},{"label":"Bâton(s) de cannelle","shopGroup":"Epicerie","qte":"1","unit":"pièce(s)","step":"","order":2},{"label":"Poivre long","shopGroup":"Epicerie","qte":"2","unit":"g","step":"","order":3},{"label":"Etoile(s) de badiane","shopGroup":"Epicerie","qte":"1","unit":"pièce(s)","step":"","order":4},{"label":"Pomme(s) de terre  à chair farineuse","shopGroup":"Légumes","qte":"500","unit":"g","step":"Pour la garniture","order":5},{"label":"Carotte(s)","shopGroup":"Légumes","qte":"400","unit":"g","step":"Pour la garniture","order":6},{"label":"Cerfeuil","shopGroup":"Herbes aromatiques","qte":"0.5","unit":"botte(s)","step":"Pour la garniture","order":7},{"label":"Lait entier","shopGroup":"Crèmerie  hors fromage","qte":"10","unit":"cl","step":"Pour la garniture","order":8},{"label":"Beurre doux","shopGroup":"Crèmerie  hors fromage","qte":"50","unit":"g","step":"Pour la garniture","order":9},{"label":"Sel fin","shopGroup":"","qte":"3","unit":"pincée(s)","step":"Pour la garniture","order":10},{"label":"Gros sel","shopGroup":"","qte":"10","unit":"g","step":"Pour la garniture","order":11},{"label":"Piment d'Espelette","shopGroup":"Epicerie","qte":"3","unit":"pincée(s)","step":"Pour la garniture","order":12},{"label":"Moulin à poivre","shopGroup":"","qte":"3","unit":"tour(s)","step":"Pour la garniture","order":13}]}