{"title":"Macaronade huile d'olive, vanille et chocolat blanc aux fruits frais","description":"<br /><b>Pour les coques des macarons :</b><br />Préchauffer le four à 160 °C.<br /><br />Monter les blancs d'oeufs en neige, puis ajouter le sucre semoule. Laisser meringuer jusqu'à obtenir une préparation ferme et brillante : \"le bec d'oiseau\".<br /><br />Tamiser la poudre d'amande avec le sucre glace, puis incorporer ce mélange à la meringue. Mélanger, puis à l'aide d'une corne en plastique, \"macaroner\" la préparation (rabattre la préparation sur elle-même en prenant l'ensemble de la masse, l'appareil doit devenir moelleux et brillant et réaliser un ruban).<br /><br />A l'aide d'une poche à douille, dresser les macarons sur un tapis de cuisson et les laisser croûter minimum 15 min à température ambiante. Les cuire ensuite 15 min dans un four à 160 °C en prenant soin d'ouvrir 2 à 3 fois le four à mi-cuisson afin de chasser l'humidité.<br /><br /><b>Pour la garniture des macarons :</b><br />Faire chauffer la crème avec la gousse de vanille préalablement grattée, puis la verser sur le chocolat blanc cassé en morceaux. Mélanger, puis ajouter l'huile d'olive. Mixer et laisser refroidir.<br /><br />Éplucher tous les fruits et les tailler en fines tranches.<br />Sur une coque de macaron, disposer la ganache huile d'olive, vanille et chocolat blanc, puis déposer les lamelles de fruits dessus en donnant du volume.<br />","summary":"Craquant et moelleux à souhait, ce macaron est parfumé avec une crème légère à l'huile d'olive et à la vanille, et il est accompagné de toute la fraîcheur des fruits.","timePreparation":"25mn","timeBaking":"15mn","timeRest":"45mn","picture":"","ingredients":[{"label":"Sucre glace","shopGroup":"Epicerie","qte":"210","unit":"g","step":"Pour les macarons","order":0},{"label":"Sucre en poudre","shopGroup":"Epicerie","qte":"90","unit":"g","step":"Pour les macarons","order":1},{"label":"Poudre d'amande","shopGroup":"Epicerie","qte":"150","unit":"g","step":"Pour les macarons","order":2},{"label":"Blanc(s) d'oeuf","shopGroup":"Crèmerie  hors fromage","qte":"130","unit":"g","step":"Pour les macarons","order":3},{"label":"Chocolat blanc","shopGroup":"Epicerie","qte":"240","unit":"g","step":"Pour la crème","order":4},{"label":"Huile d'olive","shopGroup":"Epicerie","qte":"10","unit":"cl","step":"Pour la crème","order":5},{"label":"Gousse(s) de vanille","shopGroup":"Epicerie","qte":"0.5","unit":"pièce(s)","step":"Pour la crème","order":6},{"label":"Crème liquide entière","shopGroup":"Crèmerie  hors fromage","qte":"12","unit":"cl","step":"Pour la crème","order":7},{"label":"Ananas victoria","shopGroup":"Fruits","qte":"1","unit":"pièce(s)","step":"Pour la garniture","order":8},{"label":"Mangue(s)","shopGroup":"Fruits","qte":"1","unit":"pièce(s)","step":"Pour la garniture","order":9},{"label":"Poire(s)","shopGroup":"Fruits","qte":"1","unit":"pièce(s)","step":"Pour la garniture","order":10},{"label":"Kiwi(s)","shopGroup":"Fruits","qte":"2","unit":"pièce(s)","step":"Pour la garniture","order":11},{"label":"Groseille(s)","shopGroup":"Fruits","qte":"5","unit":"g","step":"Pour la garniture","order":12}],"chiefTip":"Vous pouvez donner de la couleur à vos coques de macaron en utilisant un colorant alimentaire.","id":10617}