{"id":10617,"title":"Recette de Macaronade huile d'olive, vanille et chocolat blanc aux fruits frais","description":"","summary":"Craquant et moelleux à souhait, ce macaron est parfumé avec une crème légère à l'huile d'olive et à la vanille, et il est accompagné de toute la fraîcheur des fruits.","timePreparation":"25mn","timeBaking":"15mn","timeRest":"45mn","picture":"http://1.media.atelierdeschefs.com/recette-e10617-macaronade-huile-d-olive-vanille-et-chocolat-blanc-aux-fruits-frais.jpg","ingredients":[{"label":"Sucre glace","shopGroup":"Epicerie","qte":"210","unit":"g","step":"Pour les macarons","order":0},{"label":"Sucre en poudre","shopGroup":"Epicerie","qte":"90","unit":"g","step":"Pour les macarons","order":1},{"label":"Poudre d'amande","shopGroup":"Epicerie","qte":"150","unit":"g","step":"Pour les macarons","order":2},{"label":"Blanc(s) d'oeuf","shopGroup":"Crèmerie  hors fromage","qte":"130","unit":"g","step":"Pour les macarons","order":3},{"label":"Chocolat blanc","shopGroup":"Epicerie","qte":"240","unit":"g","step":"Pour la crème","order":4},{"label":"Huile d'olive","shopGroup":"Epicerie","qte":"10","unit":"cl","step":"Pour la crème","order":5},{"label":"Gousse(s) de vanille","shopGroup":"Epicerie","qte":"0.5","unit":"pièce(s)","step":"Pour la crème","order":6},{"label":"Crème liquide entière","shopGroup":"Crèmerie  hors fromage","qte":"12","unit":"cl","step":"Pour la crème","order":7},{"label":"Ananas victoria","shopGroup":"Fruits","qte":"1","unit":"pièce(s)","step":"Pour la garniture","order":8},{"label":"Mangue(s)","shopGroup":"Fruits","qte":"1","unit":"pièce(s)","step":"Pour la garniture","order":9},{"label":"Poire(s)","shopGroup":"Fruits","qte":"1","unit":"pièce(s)","step":"Pour la garniture","order":10},{"label":"Kiwi(s)","shopGroup":"Fruits","qte":"2","unit":"pièce(s)","step":"Pour la garniture","order":11},{"label":"Groseille(s)","shopGroup":"Fruits","qte":"5","unit":"g","step":"Pour la garniture","order":12}]}