{"title":"Sauté de sanglier au vin rouge, cognac et trompettes-de-la-mort","description":"","summary":"Cubes d'épaule de sanglier sautés dans une cocotte, puis flambés au cognac et mijotés dans un mélange de vin rouge et de trompettes-de-la mort lié au fond de veau.","timePreparation":"45mn","timeBaking":"45mn","timeRest":"0mn","picture":"","ingredients":[{"label":"Epaule de sanglier","shopGroup":"Boucherie","qte":"900","unit":"g","step":"","order":0},{"label":"Vin rouge","shopGroup":"Boissons alcoolisées","qte":"25","unit":"cl","step":"","order":1},{"label":"Carotte(s)","shopGroup":"Légumes","qte":"1","unit":"pièce(s)","step":"","order":2},{"label":"Oignon(s)","shopGroup":"Légumes","qte":"1","unit":"pièce(s)","step":"","order":3},{"label":"Bouquet(s) garni(s)","shopGroup":"Herbes aromatiques","qte":"1","unit":"pièce(s)","step":"","order":4},{"label":"Cognac","shopGroup":"Boissons alcoolisées","qte":"5","unit":"cl","step":"","order":5},{"label":"Trompettes de la mort","shopGroup":"Légumes","qte":"200","unit":"g","step":"","order":6},{"label":"Eau","shopGroup":"","qte":"0.5","unit":"cl","step":"","order":7},{"label":"Fond de veau déshydraté","shopGroup":"Epicerie","qte":"30","unit":"g","step":"","order":8},{"label":"Sel fin","shopGroup":"","qte":"3","unit":"pincée(s)","step":"","order":9},{"label":"Moulin à poivre","shopGroup":"","qte":"3","unit":"tour(s)","step":"","order":10},{"label":"Huile d'olive","shopGroup":"Epicerie","qte":"5","unit":"cl","step":"","order":11}],"chiefTip":"Pour des sangliers sauvages, il est préférable de laisser mariner la viande toute une nuit dans le vin rouge et la garniture aromatique afin de détendre les chairs.","id":10565}