{"id":10797,"title":"Recette de Salade de Farfalle au blé complet aux gambas et sauce poivron","description":"","summary":"Farfalle au blé complet juste cuites, mélangées avec des haricots verts frais, quelques câpres et de l'échalote, le tout assaisonné d'une sauce onctueuse aux poivrons jaunes et à l'huile d'olive.","timePreparation":"30mn","timeBaking":"0mn","timeRest":"0mn","picture":"http://1.media.atelierdeschefs.com/recette-e10797-salade-de-farfalle-au-ble-complet-aux-gambas-et-sauce-poivron.jpg","ingredients":[{"label":"Farfalle au blé complet","shopGroup":"Epicerie","qte":"500","unit":"g","step":"","order":0},{"label":"Gambas fraîches","shopGroup":"Poissonnerie","qte":"18","unit":"pièce(s)","step":"","order":1},{"label":"Haricot(s) vert(s)","shopGroup":"Légumes","qte":"250","unit":"g","step":"","order":2},{"label":"Câpres","shopGroup":"Epicerie","qte":"50","unit":"g","step":"","order":3},{"label":"Echalote(s)","shopGroup":"Légumes","qte":"1","unit":"pièce(s)","step":"","order":4},{"label":"Poivron(s) jaune(s)","shopGroup":"Légumes","qte":"2","unit":"pièce(s)","step":"","order":5},{"label":"Huile d'olive","shopGroup":"Epicerie","qte":"10","unit":"cl","step":"","order":6},{"label":"Vinaigre balsamique blanc","shopGroup":"Epicerie","qte":"2","unit":"cl","step":"","order":7},{"label":"Sel fin","shopGroup":"","qte":"6","unit":"pincée(s)","step":"","order":8},{"label":"Moulin à poivre","shopGroup":"","qte":"6","unit":"tour(s)","step":"","order":9}]}