{"title":"Verrine de mousse cacahuète et pamplemousse","description":"","summary":"En verrine, une mousse cacahuète et mascarpone accompagnée de suprêmes de pamplemousse.","timePreparation":"10mn","timeBaking":"0mn","timeRest":"30mn","picture":"","ingredients":[{"label":"Mascarpone","shopGroup":"Fromage(s)","qte":"150","unit":"g","step":"","order":0},{"label":"Beurre de cacahuète","shopGroup":"Epicerie","qte":"90","unit":"g","step":"","order":1},{"label":"Sucre glace","shopGroup":"Epicerie","qte":"90","unit":"g","step":"","order":2},{"label":"Pamplemousse(s) rouge(s)","shopGroup":"Fruits","qte":"3","unit":"pièce(s)","step":"","order":3},{"label":"Crème liquide entière","shopGroup":"Crèmerie  hors fromage","qte":"15","unit":"cl","step":"","order":4}],"chiefTip":"Vous pouvez remplacer les pamplemousses par des oranges, ou même par des oranges sanguines en saison.","id":10421}