{"title":"Filet de rouget en escabèche","description":"","summary":"Filets de rouget parfumés au thym et accompagnés de légumes acidulés au vinaigre de Xérès.","timePreparation":"30mn","timeBaking":"0mn","timeRest":"0mn","picture":"","ingredients":[{"label":"Filet(s) de rouget (140 g)","shopGroup":"Poissonnerie","qte":"6","unit":"pièce(s)","step":"","order":0},{"label":"Carotte(s)","shopGroup":"Légumes","qte":"3","unit":"pièce(s)","step":"","order":1},{"label":"Branche(s) de thym","shopGroup":"Herbes aromatiques","qte":"6","unit":"pièce(s)","step":"","order":2},{"label":"Oignon(s) nouveau(x)","shopGroup":"Légumes","qte":"3","unit":"pièce(s)","step":"","order":3},{"label":"Branche(s) de céleri","shopGroup":"Légumes","qte":"2","unit":"pièce(s)","step":"","order":4},{"label":"Piment d'Espelette","shopGroup":"Epicerie","qte":"6","unit":"pincée(s)","step":"","order":5},{"label":"Sel fin","shopGroup":"","qte":"6","unit":"pincée(s)","step":"","order":6},{"label":"Huile d'olive","shopGroup":"Epicerie","qte":"5","unit":"cl","step":"","order":7},{"label":"Vinaigre de Xérès","shopGroup":"Epicerie","qte":"10","unit":"cl","step":"","order":8}],"chiefTip":"Variez les légumes en fonction des saisons : poivrons, courgettes, fenouils...","id":10442}