{"title":"Soupe de céleri et pomme acidulée","description":"Éplucher l'échalote et l'émincer en fines lamelles. Éplucher le céleri-rave et les pommes, puis les tailler en gros cubes.<br /><br />Dans une cocotte, mettre le beurre à fondre et faire suer l'échalote avec une pincée de sel fin. Ajouter le céleri et la pomme, saler puis verser le lait. Compléter jusqu'à hauteur avec de l'eau et couvrir. Laisser cuire à feu doux pendant 20 min. <br /><br />Dans le bol du blender, mixer la soupe finement, rectifier l'assaisonnement en sel et en poivre, puis laisser refroidir. <br />Déguster cette soupe bien froide!<br />","summary":"Soupe très rafraîchissante et saine, à base de céleri-rave et de pommes vertes.","timePreparation":"10mn","timeBaking":"20mn","timeRest":"15mn","picture":"","ingredients":[{"label":"Céleri(s) rave","shopGroup":"Légumes","qte":"1","unit":"pièce(s)","step":"","order":0},{"label":"Pomme(s) granny smith","shopGroup":"Fruits","qte":"2","unit":"pièce(s)","step":"","order":1},{"label":"Echalote(s)","shopGroup":"Légumes","qte":"1","unit":"pièce(s)","step":"","order":2},{"label":"Lait entier","shopGroup":"Crèmerie  hors fromage","qte":"50","unit":"cl","step":"","order":3},{"label":"Beurre doux","shopGroup":"Crèmerie  hors fromage","qte":"30","unit":"g","step":"","order":4},{"label":"Sel fin","shopGroup":"","qte":"6","unit":"pincée(s)","step":"","order":5},{"label":"Moulin à poivre","shopGroup":"","qte":"6","unit":"tour(s)","step":"","order":6}],"chiefTip":"Vous pouvez parfumer cette soupe en utilisant un poivre particulier tel que le poivre long, ou pour une recette originale, une gousse de vanille...","id":10526}