{"title":"Soupe de céleri et pomme acidulée","description":"","summary":"Soupe très rafraîchissante et saine, à base de céleri-rave et de pommes vertes.","timePreparation":"10mn","timeBaking":"20mn","timeRest":"15mn","picture":"","ingredients":[{"label":"Céleri(s) rave","shopGroup":"Légumes","qte":"1","unit":"pièce(s)","step":"","order":0},{"label":"Pomme(s) granny smith","shopGroup":"Fruits","qte":"2","unit":"pièce(s)","step":"","order":1},{"label":"Echalote(s)","shopGroup":"Légumes","qte":"1","unit":"pièce(s)","step":"","order":2},{"label":"Lait entier","shopGroup":"Crèmerie  hors fromage","qte":"50","unit":"cl","step":"","order":3},{"label":"Beurre doux","shopGroup":"Crèmerie  hors fromage","qte":"30","unit":"g","step":"","order":4},{"label":"Sel fin","shopGroup":"","qte":"6","unit":"pincée(s)","step":"","order":5},{"label":"Moulin à poivre","shopGroup":"","qte":"6","unit":"tour(s)","step":"","order":6}],"chiefTip":"Vous pouvez parfumer cette soupe en utilisant un poivre particulier tel que le poivre long, ou pour une recette originale, une gousse de vanille...","id":10526}