{"title":"Salade coeurs de Laitue au flétan fumé et sauce moutarde aux baies roses","description":"Laver et sécher les coeurs de laitue.<br />Laver les pommes et les couper en bâtonnets. Éplucher le céleri et le concombre, épépiner le concombre, puis couper le tout en petits dés.<br /><br />Dans un bol, mélanger le jus de citron, la moutarde, le miel, le sel et le poivre. Bien mélanger avec l'huile d'olive et finir avec les baies roses.<br /><br />Pour le montage : dans un saladier, réunir la salade et les légumes, les assaisonner de vinaigrette moutarde et les répartir en assiettes plates. Finir avec de belles tranches de flétan harmonieusement disposées sur le dessus.<br />","summary":"Une salade de coeurs de laitue garnie de bâtonnets de pommes acidulées, de petits dés de concombre et de céleri branche. Elle est assaisonnée avec une sauce à base de moutarde à l'ancienne au citron vert, de baies roses et d'huile d'olive, et agrémentée de tranches de flétan fumé.","timePreparation":"25mn","timeBaking":"0mn","timeRest":"0mn","picture":"http://1.media.atelierdeschefs.com/recette-c10533-salade-coeurs-de-laitue-au-fletan-fume-et-sauce-moutarde-aux-baies-roses.jpg","ingredients":[{"label":"Coeur de laitue(s)","shopGroup":"Légumes","qte":"4","unit":"pièce(s)","step":"","order":0},{"label":"Flétan fumé","shopGroup":"Poissonnerie","qte":"300","unit":"g","step":"","order":1},{"label":"Pomme(s) granny smith","shopGroup":"Fruits","qte":"2","unit":"pièce(s)","step":"","order":2},{"label":"Concombre(s)","shopGroup":"Légumes","qte":"1","unit":"pièce(s)","step":"","order":3},{"label":"Branche(s) de céleri","shopGroup":"Légumes","qte":"2","unit":"pièce(s)","step":"","order":4},{"label":"Moutarde à l'ancienne","shopGroup":"Epicerie","qte":"10","unit":"g","step":"","order":5},{"label":"Miel","shopGroup":"Epicerie","qte":"20","unit":"g","step":"","order":6},{"label":"Citron(s) vert(s)","shopGroup":"Fruits","qte":"2","unit":"pièce(s)","step":"","order":7},{"label":"Baie(s) rose(s)","shopGroup":"Epicerie","qte":"3","unit":"g","step":"","order":8},{"label":"Huile d'olive","shopGroup":"Epicerie","qte":"10","unit":"cl","step":"","order":9},{"label":"Sel fin","shopGroup":"","qte":"3","unit":"pincée(s)","step":"","order":10},{"label":"Moulin à poivre","shopGroup":"","qte":"3","unit":"tour(s)","step":"","order":11}],"chiefTip":"Pour varier la salade, vous pouvez utiliser d'autres poissons fumés : du saumon, du haddock, du marlin.","id":10533}