{"title":"Saumon mariné aux piquillos","description":"","summary":"Une brochette de saumon mariné, de piquillos et de concombre frais, le tout agrémenté de piment d'Espelette.","timePreparation":"30mn","timeBaking":"0mn","timeRest":"0mn","picture":"","ingredients":[{"label":"Filet(s)de saumon","shopGroup":"Poissonnerie","qte":"600","unit":"g","step":"","order":0},{"label":"Piquillos","shopGroup":"Epicerie","qte":"4","unit":"pièce(s)","step":"","order":1},{"label":"Concombre(s)","shopGroup":"Légumes","qte":"1","unit":"pièce(s)","step":"","order":2},{"label":"Citron(s) jaune(s)","shopGroup":"Fruits","qte":"2","unit":"pièce(s)","step":"","order":3},{"label":"Vinaigre balsamique blanc","shopGroup":"Epicerie","qte":"5","unit":"cl","step":"","order":4},{"label":"Fleur de sel","shopGroup":"Epicerie","qte":"6","unit":"pincée(s)","step":"","order":5},{"label":"Piment d'Espelette","shopGroup":"Epicerie","qte":"2","unit":"g","step":"","order":6},{"label":"Huile d'olive","shopGroup":"Epicerie","qte":"5","unit":"cl","step":"","order":7}],"chiefTip":"Pour remplacer les piquillos, vous pouvez utiliser des poivrons rouges marinés.","id":97}