{"id":10234,"title":"Recette de Quenelle de riz façon sushi, saumon et aneth pour bébé","description":"","summary":"Riz japonnais cuit et mélangé avec du fromage frais présenté comme des sushis avec des lamelles de saumon cuites à la vapeur.","timePreparation":"45mn","timeBaking":"0mn","timeRest":"0mn","picture":"http://1.media.atelierdeschefs.com/recette-e10234-quenelle-de-riz-facon-sushi-saumon-et-aneth-pour-bebe.jpg","ingredients":[{"label":"Riz japonais à sushi","shopGroup":"Epicerie","qte":"200","unit":"g","step":"","order":0},{"label":"Eau","shopGroup":"","qte":"22","unit":"cl","step":"","order":1},{"label":"Fromage frais","shopGroup":"Fromage(s)","qte":"30","unit":"g","step":"","order":2},{"label":"Lait 1/2 écrémé","shopGroup":"Crèmerie  hors fromage","qte":"10","unit":"cl","step":"","order":3},{"label":"Saumon","shopGroup":"Poissonnerie","qte":"200","unit":"g","step":"","order":4},{"label":"Aneth","shopGroup":"Herbes aromatiques","qte":"1","unit":"branche(s)","step":"","order":5}]}