{"title":"Quenelle de riz façon sushi, saumon et aneth pour bébé","description":"Laver le riz pendant 10 minutes jusqu'à ce que l'eau devienne claire, puis l'égoutter. <br />Mettre le riz dans la marmite et ajouter l'eau. Couvrir, porter à ébullition, puis laisser bouillir 2 à 3 minutes. Baisser le feu et laisser cuire 12 minutes environ (jusqu'à complète évaporation de l'eau). Éteindre le feu et laissez le riz étuver 10 minutes hors du feu. <br /><br />Dans une casserole chauffer le lait et le fromage et ajouter le riz, mélanger et laisser gonfler le riz hors du feu.<br />Tailler le poisson en lamelles fines. Dans un wok, faire bouillir un fond d'eau, disposer une grille au fond du wok et déposer les lamelles de saumon par-dessus. Laisser cuire à la vapeur à feu doux avec un couvercle pendant 3 minutes. <br />Emietter, ajouter l'aneth ciselée.<br />Mouler à la cuillère en donnent la forme de quenelles le riz et saumon.<br />","summary":"Riz japonnais cuit et mélangé avec du fromage frais présenté comme des sushis avec des lamelles de saumon cuites à la vapeur.","timePreparation":"45mn","timeBaking":"0mn","timeRest":"0mn","picture":"","ingredients":[{"label":"Riz japonais à sushi","shopGroup":"Epicerie","qte":"200","unit":"g","step":"","order":0},{"label":"Eau","shopGroup":"","qte":"22","unit":"cl","step":"","order":1},{"label":"Fromage frais","shopGroup":"Fromage(s)","qte":"30","unit":"g","step":"","order":2},{"label":"Lait 1/2 écrémé","shopGroup":"Crèmerie  hors fromage","qte":"10","unit":"cl","step":"","order":3},{"label":"Saumon","shopGroup":"Poissonnerie","qte":"200","unit":"g","step":"","order":4},{"label":"Aneth","shopGroup":"Herbes aromatiques","qte":"1","unit":"branche(s)","step":"","order":5}],"chiefTip":"Une approche amusante d'initier les bébés aux sushis, et pourquoi pas de manier les baguettes...","id":10234}