{"title":"Foie gras poêlé aux figues","description":"","summary":"Tranches de foie gras cru de canard, poêlées et servies avec des figues fraîches rôties.","timePreparation":"15mn","timeBaking":"16mn","timeRest":"10mn","picture":"","ingredients":[{"label":"Lobe(s) de foie gras de canard","shopGroup":"Volaille(s)","qte":"1","unit":"pièce(s)","step":"","order":0},{"label":"Figue(s)","shopGroup":"Fruits","qte":"6","unit":"pièce(s)","step":"","order":1},{"label":"Sucre en poudre","shopGroup":"Epicerie","qte":"100","unit":"g","step":"","order":2},{"label":"Réduction de vinaigre Balsamique","shopGroup":"Epicerie","qte":"5","unit":"cl","step":"","order":3},{"label":"Vinaigre de framboise","shopGroup":"Epicerie","qte":"5","unit":"cl","step":"","order":4},{"label":"Sauce Soja","shopGroup":"Epicerie","qte":"5","unit":"cl","step":"","order":5},{"label":"Porto rouge","shopGroup":"Boissons alcoolisées","qte":"5","unit":"cl","step":"","order":6},{"label":"Fleur de sel","shopGroup":"Epicerie","qte":"6","unit":"pincée(s)","step":"","order":7}],"chiefTip":"Vous pouvez utiliser des tranches de foie gras surgelé pour cette recette.","id":10010}