{"id":10468,"title":"Recette de Gâteau en bonhomme de neige","description":"","summary":"Gâteau moelleux cuit dans un moule en forme de bonhomme de neige.","timePreparation":"30mn","timeBaking":"0mn","timeRest":"0mn","picture":"http://1.media.atelierdeschefs.com/recette-e10468-gateau-en-bonhomme-de-neige.jpg","ingredients":[{"label":"Beurre doux","shopGroup":"","qte":"180","unit":"g","step":"","order":0},{"label":"Sucre en poudre","shopGroup":"Epicerie","qte":"150","unit":"g","step":"","order":1},{"label":"Oeuf(s)","shopGroup":"Crèmerie  hors fromage","qte":"4","unit":"pièce(s)","step":"","order":2},{"label":"Farine de blé","shopGroup":"","qte":"200","unit":"g","step":"","order":3},{"label":"Citron(s) jaune(s)","shopGroup":"Fruits","qte":"2","unit":"pièce(s)","step":"","order":4},{"label":"Sachet(s) de levure chimique (11g)","shopGroup":"Epicerie","qte":"1","unit":"pièce(s)","step":"","order":5},{"label":"Sucre à la vanille","shopGroup":"Epicerie","qte":"20","unit":"g","step":"","order":6},{"label":"Farine de blé","shopGroup":"Epicerie","qte":"30","unit":"g","step":"Pour le(s) moule(s)","order":7},{"label":"Beurre doux","shopGroup":"Crèmerie  hors fromage","qte":"30","unit":"g","step":"Pour le(s) moule(s)","order":8}]}