{"title":"Gâteau en bonhomme de neige","description":"Préchauffer le four à 180 °C (th. 6).<br />Beurrer et fariner le moule.<br /><br />Mélanger la farine et la levure. Fouetter le beurre pommade, le sucre vanillé et le sucre, puis incorporer les oeufs 1 à 1. Ajouter ensuite le mélange farine/levure, puis le jus des citrons.<br /><br />Répartir la pâte dans le moule et enfourner pendant 25 min environ (la pointe d'un couteau doit ressortir sèche). Laisser refroidir sur grille.<br />","summary":"Gâteau moelleux cuit dans un moule en forme de bonhomme de neige.","timePreparation":"30mn","timeBaking":"0mn","timeRest":"0mn","picture":"","ingredients":[{"label":"Beurre doux","shopGroup":"","qte":"180","unit":"g","step":"","order":0},{"label":"Sucre en poudre","shopGroup":"Epicerie","qte":"150","unit":"g","step":"","order":1},{"label":"Oeuf(s)","shopGroup":"Crèmerie  hors fromage","qte":"4","unit":"pièce(s)","step":"","order":2},{"label":"Farine de blé","shopGroup":"","qte":"200","unit":"g","step":"","order":3},{"label":"Citron(s) jaune(s)","shopGroup":"Fruits","qte":"2","unit":"pièce(s)","step":"","order":4},{"label":"Sachet(s) de levure chimique (11g)","shopGroup":"Epicerie","qte":"1","unit":"pièce(s)","step":"","order":5},{"label":"Sucre à la vanille","shopGroup":"Epicerie","qte":"20","unit":"g","step":"","order":6},{"label":"Farine de blé","shopGroup":"Epicerie","qte":"30","unit":"g","step":"Pour le(s) moule(s)","order":7},{"label":"Beurre doux","shopGroup":"Crèmerie  hors fromage","qte":"30","unit":"g","step":"Pour le(s) moule(s)","order":8}],"chiefTip":"Décorez votre gâteau avec un glaçage de couleur et des bonbons pour qu'il soit rigolo.","id":10468}