{"title":"Pavé de saumon poché au lait anisé","description":"","summary":"De délicieux pavés de poisson cuits dans un fond de lait parfumé au fenouil et à l'anis étoilé.","timePreparation":"30mn","timeBaking":"0mn","timeRest":"0mn","picture":"","ingredients":[{"label":"Pavé(s) de saumon (150g)","shopGroup":"Poissonnerie","qte":"6","unit":"pièce(s)","step":"","order":0},{"label":"Lait entier","shopGroup":"Crèmerie  hors fromage","qte":"60","unit":"cl","step":"","order":1},{"label":"Etoile(s) de badiane","shopGroup":"Epicerie","qte":"2","unit":"pièce(s)","step":"","order":2},{"label":"Fenouil(s)","shopGroup":"Légumes","qte":"1","unit":"pièce(s)","step":"","order":3},{"label":"Poivre en grain","shopGroup":"Epicerie","qte":"5","unit":"g","step":"","order":4},{"label":"Fleur de sel","shopGroup":"Epicerie","qte":"6","unit":"pincée(s)","step":"","order":5},{"label":"Aromate(s) ail, thym, laurier","shopGroup":"Herbes aromatiques","qte":"1","unit":"pièce(s)","step":"","order":6},{"label":"Echalote(s)","shopGroup":"Légumes","qte":"1","unit":"pièce(s)","step":"","order":7},{"label":"Gros sel","shopGroup":"","qte":"15","unit":"g","step":"","order":8}],"chiefTip":"Vous pouvez laisser votre lait infuser à l'avance, puis vous en servir au dernier moment pour cuire les poissons.Préférez le lait entier qui fixera mieux les saveurs anisées.","id":10191}