{"title":"Compote de pommes au caramel, tuile aux amandes","description":"","summary":"Pommes fruits taillées en fines lamelles, caramélisées et cuites de façon express, accompagnées de tuiles craquantes.","timePreparation":"15mn","timeBaking":"15mn","timeRest":"10mn","picture":"http://1.media.atelierdeschefs.com/recette-c982-compote-de-pommes-au-caramel-tuile-aux-amandes.jpg","ingredients":[{"label":"Pomme(s)","shopGroup":"Fruits","qte":"8","unit":"pièce(s)","step":"","order":0},{"label":"Sucre en poudre","shopGroup":"Epicerie","qte":"100","unit":"g","step":"","order":1},{"label":"Eau","shopGroup":"","qte":"10","unit":"cl","step":"","order":2},{"label":"Sucre glace","shopGroup":"Epicerie","qte":"140","unit":"g","step":"Pour les tuiles","order":3},{"label":"Farine de blé","shopGroup":"Epicerie","qte":"35","unit":"g","step":"Pour les tuiles","order":4},{"label":"Jus de fruits de la passion","shopGroup":"Boissons sans alcool","qte":"5","unit":"cl","step":"Pour les tuiles","order":5},{"label":"Amande(s) hachée(s)","shopGroup":"Epicerie","qte":"50","unit":"g","step":"Pour les tuiles","order":6},{"label":"Beurre doux","shopGroup":"Crèmerie  hors fromage","qte":"35","unit":"g","step":"Pour les tuiles","order":7}],"chiefTip":"Cette compote peut être agrémentée d'autres fruits frais comme des poires, des abricots ou des fruits rouges.","id":982}