{"title":"Compote de pommes au caramel, tuile aux amandes","description":"<br /><b>Pour la compote de pommes</b><br />Éplucher les pommes, enlever le coeur et les couper en petits dés.<br />Dans une cocotte chaude, verser le sucre et le caraméliser. Ajouter ensuite les dés de pommes, l'eau et couvrir. Cuire pendant 10 min, puis découvrir et laisser cuire jusqu'à totale évaporation de l'eau. Laisser refroidir.<br /><br /><b>Pour les tuiles</b><br />Préchauffer le four à 200 °C (th. 6/7)<br />Mélanger l'ensemble des ingrédients sans trop travailler l'appareil. Il faut éviter d'incorporer de l'air dans la pâte. Déposer ensuite des tas suffisamment espacés les uns des autres sur une plaque garnie d'un tapis de cuisson ou de papier sulfurisé. Enfourner à  200 °C pendant 3 min (attention à la coloration, il est préférable de rester près du four lors de la cuisson).<br /><br />A la sortie du four, laisser les tuiles reposer quelques minutes puis les mettre à la forme désirée (plates, en forme de corne d'abondance, etc.).<br /><br />Disposer les tuiles dans les assiettes et ajouter la compote de façon harmonieuse.<br />","summary":"Pommes fruits taillées en fines lamelles, caramélisées et cuites de façon express, accompagnées de tuiles craquantes.","timePreparation":"15mn","timeBaking":"15mn","timeRest":"10mn","picture":"http://1.media.atelierdeschefs.com/recette-c982-compote-de-pommes-au-caramel-tuile-aux-amandes.jpg","ingredients":[{"label":"Pomme(s)","shopGroup":"Fruits","qte":"8","unit":"pièce(s)","step":"","order":0},{"label":"Sucre en poudre","shopGroup":"Epicerie","qte":"100","unit":"g","step":"","order":1},{"label":"Eau","shopGroup":"","qte":"10","unit":"cl","step":"","order":2},{"label":"Sucre glace","shopGroup":"Epicerie","qte":"140","unit":"g","step":"Pour les tuiles","order":3},{"label":"Farine de blé","shopGroup":"Epicerie","qte":"35","unit":"g","step":"Pour les tuiles","order":4},{"label":"Jus de fruits de la passion","shopGroup":"Boissons sans alcool","qte":"5","unit":"cl","step":"Pour les tuiles","order":5},{"label":"Amande(s) hachée(s)","shopGroup":"Epicerie","qte":"50","unit":"g","step":"Pour les tuiles","order":6},{"label":"Beurre doux","shopGroup":"Crèmerie  hors fromage","qte":"35","unit":"g","step":"Pour les tuiles","order":7}],"chiefTip":"Cette compote peut être agrémentée d'autres fruits frais comme des poires, des abricots ou des fruits rouges.","id":982}