{"title":"Verrine de fruits exotiques, sabayon vanillé et vinaigrette au citron vert","description":"Au batteur, fouetter les oeufs avec le sucre et la vanille jusqu'à obtention d'un sabayon à froid (le mélange doit tripler de volume). <br />Fouetter la crème liquide avec le sucre glace afin d'obtenir une crème chantilly, puis mélanger les 2 appareils.<br /><br />Zester les citrons verts et presser le jus. Ajouter l'huile d'olive, la gousse de vanille grattée et le vinaigre balsamique, puis réserver.<br /><br />Peler l'ananas et les mangues, puis les tailler en dés. Les mélanger ensuite avec les graines de fruits de la passion et la vinaigrette au citron vert. <br /><br />Dans des verrines, répartir le praliné feuillantine et le mélange de fruits, ajouter par-dessus un peu de sabayon à la vanille et terminer par les Crispearls blanches et noires.<br />","summary":"Fruits taillés en dés, accompagnés d'un jus à base de citron vert et d'huile d'olive, servis en verrines avec un sabayon (à gratiner le cas échéant au chalumeau).","timePreparation":"30mn","timeBaking":"0mn","timeRest":"0mn","picture":"","ingredients":[{"label":"Citron(s) vert(s)","shopGroup":"Fruits","qte":"3","unit":"pièce(s)","step":"Pour l'étape 1","order":0},{"label":"Ananas","shopGroup":"Fruits","qte":"1","unit":"pièce(s)","step":"Pour l'étape 1","order":1},{"label":"Mangue(s)","shopGroup":"Fruits","qte":"2","unit":"pièce(s)","step":"Pour l'étape 1","order":2},{"label":"Huile d'olive","shopGroup":"Epicerie","qte":"2","unit":"cl","step":"Pour l'étape 1","order":3},{"label":"Vinaigre balsamique blanc","shopGroup":"Epicerie","qte":"1","unit":"cl","step":"Pour l'étape 1","order":4},{"label":"Gousse(s) de vanille","shopGroup":"","qte":"1","unit":"pièce(s)","step":"Pour l'étape 1","order":5},{"label":"Fruit(s) de la passion","shopGroup":"Fruits","qte":"2","unit":"pièce(s)","step":"Pour l'étape 1","order":6},{"label":"Oeuf(s)","shopGroup":"Crèmerie  hors fromage","qte":"3","unit":"pièce(s)","step":"Pour l'étape 2","order":7},{"label":"Sucre en poudre","shopGroup":"Epicerie","qte":"75","unit":"g","step":"Pour l'étape 2","order":8},{"label":"Crème liquide entière","shopGroup":"Crèmerie  hors fromage","qte":"10","unit":"cl","step":"Pour l'étape 2","order":9},{"label":"Sucre glace","shopGroup":"Epicerie","qte":"30","unit":"g","step":"Pour l'étape 2","order":10},{"label":"Pralin feuillantine","shopGroup":"Epicerie","qte":"60","unit":"g","step":"Pour l'étape 2","order":11},{"label":"Gousse(s) de vanille","shopGroup":"Epicerie","qte":"1","unit":"pièce(s)","step":"Pour l'étape 2","order":12},{"label":"Perle(s) de chocolat croustillante(s) blanche(s)","shopGroup":"Epicerie","qte":"30","unit":"g","step":"Pour l'étape 2","order":13},{"label":"Perle(s) de chocolat croustillante(s) noire(s)","shopGroup":"Epicerie","qte":"30","unit":"g","step":"Pour l'étape 2","order":14}],"chiefTip":"Pour redonner une belle couleur verte aux feuilles d'ananas et leur donner un bel aspect, trempez-les dans de l'eau froide pendant 5 min et utilisez-les en décoration.Vous pouvez caraméliser la crème au dernier moment avec un chalumeau.Vous pouvez bien sûr utiliser les fruits de votre choix.","id":10589}