{"id":10589,"title":"Recette de Verrine de fruits exotiques, sabayon vanillé et vinaigrette au citron vert","description":"","summary":"Fruits taillés en dés, accompagnés d'un jus à base de citron vert et d'huile d'olive, servis en verrines avec un sabayon (à gratiner le cas échéant au chalumeau).","timePreparation":"30mn","timeBaking":"0mn","timeRest":"0mn","picture":"http://1.media.atelierdeschefs.com/recette-e10589-verrine-de-fruits-exotiques-sabayon-vanille-et-vinaigrette-au-citron-vert.jpg","ingredients":[{"label":"Citron(s) vert(s)","shopGroup":"Fruits","qte":"3","unit":"pièce(s)","step":"Pour l'étape 1","order":0},{"label":"Ananas","shopGroup":"Fruits","qte":"1","unit":"pièce(s)","step":"Pour l'étape 1","order":1},{"label":"Mangue(s)","shopGroup":"Fruits","qte":"2","unit":"pièce(s)","step":"Pour l'étape 1","order":2},{"label":"Huile d'olive","shopGroup":"Epicerie","qte":"2","unit":"cl","step":"Pour l'étape 1","order":3},{"label":"Vinaigre balsamique blanc","shopGroup":"Epicerie","qte":"1","unit":"cl","step":"Pour l'étape 1","order":4},{"label":"Gousse(s) de vanille","shopGroup":"","qte":"1","unit":"pièce(s)","step":"Pour l'étape 1","order":5},{"label":"Fruit(s) de la passion","shopGroup":"Fruits","qte":"2","unit":"pièce(s)","step":"Pour l'étape 1","order":6},{"label":"Oeuf(s)","shopGroup":"Crèmerie  hors fromage","qte":"3","unit":"pièce(s)","step":"Pour l'étape 2","order":7},{"label":"Sucre en poudre","shopGroup":"Epicerie","qte":"75","unit":"g","step":"Pour l'étape 2","order":8},{"label":"Crème liquide entière","shopGroup":"Crèmerie  hors fromage","qte":"10","unit":"cl","step":"Pour l'étape 2","order":9},{"label":"Sucre glace","shopGroup":"Epicerie","qte":"30","unit":"g","step":"Pour l'étape 2","order":10},{"label":"Pralin feuillantine","shopGroup":"Epicerie","qte":"60","unit":"g","step":"Pour l'étape 2","order":11},{"label":"Gousse(s) de vanille","shopGroup":"Epicerie","qte":"1","unit":"pièce(s)","step":"Pour l'étape 2","order":12},{"label":"Perle(s) de chocolat croustillante(s) blanche(s)","shopGroup":"Epicerie","qte":"30","unit":"g","step":"Pour l'étape 2","order":13},{"label":"Perle(s) de chocolat croustillante(s) noire(s)","shopGroup":"Epicerie","qte":"30","unit":"g","step":"Pour l'étape 2","order":14}]}