{"id":10719,"title":"Recette de Nougat de dinde \"récréatif\", radis roses laqués et \"basilicail\"","description":"","summary":"Une terrine de dinde aux fruits secs aux allures de nougat accompagnée d'une sauce au basilic et de radis au miel.","timePreparation":"1h30mn","timeBaking":"0mn","timeRest":"0mn","picture":"http://1.media.atelierdeschefs.com/recette-e10719-nougat-de-dinde-recreatif-radis-roses-laques-et-basilicail.jpg","ingredients":[{"label":"Filet(s) de dinde","shopGroup":"Volaille(s)","qte":"1.200","unit":"g","step":"Pour la farce","order":0},{"label":"Carotte(s)","shopGroup":"Légumes","qte":"2","unit":"pièce(s)","step":"Pour la farce","order":1},{"label":"Haricot(s) vert(s)","shopGroup":"Légumes","qte":"100","unit":"g","step":"Pour la farce","order":2},{"label":"Oignon(s)","shopGroup":"Légumes","qte":"1","unit":"pièce(s)","step":"Pour la farce","order":3},{"label":"Mélange de fruits secs ( amandes, noisettes, ...)","shopGroup":"Epicerie","qte":"200","unit":"g","step":"Pour la farce","order":4},{"label":"Aromate(s) ail, thym, laurier","shopGroup":"Herbes aromatiques","qte":"1","unit":"pièce(s)","step":"Pour la farce","order":5},{"label":"Crème liquide entière","shopGroup":"Crèmerie  hors fromage","qte":"1","unit":"l","step":"Pour la farce","order":6},{"label":"Huile d'olive","shopGroup":"","qte":"5","unit":"cl","step":"Pour la farce","order":7},{"label":"Feuille(s) de gélatine de 2 g","shopGroup":"Epicerie","qte":"6","unit":"pièce(s)","step":"Pour la farce","order":8},{"label":"Sel fin","shopGroup":"","qte":"6","unit":"pincée(s)","step":"Pour la farce","order":9},{"label":"Moulin à poivre","shopGroup":"","qte":"6","unit":"tour(s)","step":"Pour la farce","order":10},{"label":"Gros sel","shopGroup":"","qte":"10","unit":"g","step":"Pour la farce","order":11},{"label":"Mélange 4 épices","shopGroup":"Epicerie","qte":"6","unit":"g","step":"Pour la farce","order":12},{"label":"Radis rose(s)","shopGroup":"Légumes","qte":"2","unit":"botte(s)","step":"Pour la garniture","order":13},{"label":"Miel","shopGroup":"Epicerie","qte":"3","unit":"c.","step":"Pour la garniture","order":14},{"label":"Vinaigre balsamique","shopGroup":"Epicerie","qte":"2","unit":"cl","step":"Pour la garniture","order":15},{"label":"Huile d'olive","shopGroup":"","qte":"1","unit":"cl","step":"Pour la garniture","order":16},{"label":"Huile d'olive","shopGroup":"Epicerie","qte":"10","unit":"cl","step":"Pour la sauce","order":17},{"label":"Basilic","shopGroup":"Herbes aromatiques","qte":"1","unit":"botte(s)","step":"Pour la sauce","order":18},{"label":"Gousse(s) d'ail","shopGroup":"Légumes","qte":"1","unit":"gousse(s)","step":"Pour la sauce","order":19}]}