{"id":10782,"title":"Recette de Raviole vapeur tout saumon, pistou de roquette","description":"","summary":"De petites ravioles de poisson en forme de bouchées chinoises, pochées dans un bouillon à la menthe et accompagnées d'une sauce pistou.","timePreparation":"45mn","timeBaking":"0mn","timeRest":"0mn","picture":"http://1.media.atelierdeschefs.com/recette-e10782-raviole-vapeur-tout-saumon-pistou-de-roquette.jpg","ingredients":[{"label":"Pavé(s) de saumon (150g)","shopGroup":"Poissonnerie","qte":"3","unit":"pièce(s)","step":"Pour l'étape 1","order":0},{"label":"Saumon fumé","shopGroup":"Poissonnerie","qte":"200","unit":"g","step":"Pour l'étape 1","order":1},{"label":"Olive(s) noire(s) dénoyautée(s)","shopGroup":"Epicerie","qte":"30","unit":"g","step":"Pour l'étape 1","order":2},{"label":"Herbes de Provence","shopGroup":"Epicerie","qte":"1","unit":"c.","step":"Pour l'étape 1","order":3},{"label":"Paprika","shopGroup":"Epicerie","qte":"5","unit":"g","step":"Pour l'étape 1","order":4},{"label":"Poudre de gingembre","shopGroup":"Epicerie","qte":"3","unit":"g","step":"Pour l'étape 1","order":5},{"label":"Ras el hanout","shopGroup":"Epicerie","qte":"3","unit":"g","step":"Pour l'étape 1","order":6},{"label":"Persil plat","shopGroup":"Herbes aromatiques","qte":"0.25","unit":"botte(s)","step":"Pour l'étape 1","order":7},{"label":"Sel fin","shopGroup":"","qte":"6","unit":"pincée(s)","step":"Pour l'étape 1","order":8},{"label":"Piment d'Espelette","shopGroup":"Epicerie","qte":"6","unit":"pincée(s)","step":"Pour l'étape 1","order":9},{"label":"Huile d'olive","shopGroup":"","qte":"5","unit":"cl","step":"Pour l'étape 1","order":10},{"label":"Pétale(s) de tomate confite","shopGroup":"Epicerie","qte":"6","unit":"pièce(s)","step":"Pour l'étape 1","order":11},{"label":"Menthe fraîche","shopGroup":"Herbes aromatiques","qte":"1","unit":"botte(s)","step":"Pour l'étape 1","order":12},{"label":"Feuille(s) de pâte à raviole","shopGroup":"Traiteur","qte":"18","unit":"pièce(s)","step":"Pour l'étape 1","order":13},{"label":"Parmigiano Reggiano râpé","shopGroup":"Fromage(s)","qte":"40","unit":"g","step":"Pour l'étape 2","order":14},{"label":"Huile d'olive","shopGroup":"Epicerie","qte":"15","unit":"cl","step":"Pour l'étape 2","order":15},{"label":"Roquette","shopGroup":"Légumes","qte":"200","unit":"branche(s)","step":"Pour l'étape 2","order":16},{"label":"Gousse(s) d'ail","shopGroup":"Légumes","qte":"1","unit":"pièce(s)","step":"Pour l'étape 2","order":17},{"label":"Pignon(s) de pin","shopGroup":"Epicerie","qte":"30","unit":"g","step":"Pour l'étape 2","order":18},{"label":"Sel fin","shopGroup":"","qte":"2","unit":"pincée(s)","step":"Pour l'étape 2","order":19},{"label":"Moulin à poivre","shopGroup":"","qte":"3","unit":"tour(s)","step":"Pour l'étape 2","order":20}]}