{"id":10445,"title":"Recette de Ananas frais et coulis d'oranges à la menthe","description":"","summary":"Des morceaux d'ananas frais servis avec un coulis d'oranges parfumé à la menthe et au rhum.","timePreparation":"45mn","timeBaking":"0mn","timeRest":"0mn","picture":"http://1.media.atelierdeschefs.com/recette-e10445-ananas-frais-et-coulis-d-oranges-a-la-menthe.jpg","ingredients":[{"label":"Ananas victoria","shopGroup":"Fruits","qte":"2","unit":"pièce(s)","step":"","order":0},{"label":"Orange(s)","shopGroup":"Fruits","qte":"6","unit":"pièce(s)","step":"","order":1},{"label":"Sucre en poudre","shopGroup":"Epicerie","qte":"80","unit":"g","step":"","order":2},{"label":"Rhum brun","shopGroup":"Boissons alcoolisées","qte":"5","unit":"cl","step":"","order":3},{"label":"Menthe fraîche","shopGroup":"Herbes aromatiques","qte":"3","unit":"branche(s)","step":"","order":4}]}