{"title":"Soupe froide cacaotée, émulsion ananas","description":"","summary":"Soupe onctueuse de chocolat froide, servie avec une émulsion d'ananas et des croustillants de grué de cacao.","timePreparation":"1h30mn","timeBaking":"0mn","timeRest":"0mn","picture":"","ingredients":[{"label":"Sachet crème minceur saveur chocolat","shopGroup":"Epicerie","qte":"3","unit":"pièce(s)","step":"Pour l'étape 1","order":0},{"label":"Lait de soja","shopGroup":"","qte":"40","unit":"cl","step":"Pour l'étape 1","order":1},{"label":"Gousse(s) de vanille","shopGroup":"Epicerie","qte":"1","unit":"pièce(s)","step":"Pour l'étape 1","order":2},{"label":"Jus d'ananas","shopGroup":"Boissons sans alcool","qte":"40","unit":"cl","step":"Pour l'émulsion","order":3},{"label":"Lait de soja","shopGroup":"Epicerie","qte":"35","unit":"cl","step":"Pour l'émulsion","order":4},{"label":"Feuille(s) de gélatine de 2 g","shopGroup":"Epicerie","qte":"4","unit":"pièce(s)","step":"Pour l'émulsion","order":5},{"label":"Grué de cacao","shopGroup":"Epicerie","qte":"30","unit":"g","step":"Pour l'émulsion","order":6}],"chiefTip":"Pour varier votre recette, vous pouvez utiliser du gingembre à faire infuser dans le lait de soja, et employer divers jus de fruits.","id":10690}