{"id":10154,"title":"Recette de Petit bouillon vert en smoothie et julienne de légumes croquants, tuile au parmesan","description":"","summary":"Une petite soupe de persil et cresson, légèrement crémée et émulsionnée, servie avec de fins bâtons de crudités et une tuile de parmesan.","timePreparation":"30mn","timeBaking":"0mn","timeRest":"0mn","picture":"http://1.media.atelierdeschefs.com/recette-e10154-petit-bouillon-vert-en-smoothie-et-julienne-de-legumes-croquants-tuile-au-parmesan.jpg","ingredients":[{"label":"Cresson(s)","shopGroup":"Légumes","qte":"1","unit":"botte(s)","step":"Pour le jus","order":0},{"label":"Persil plat","shopGroup":"Herbes aromatiques","qte":"1","unit":"botte(s)","step":"Pour le jus","order":1},{"label":"Carotte(s)","shopGroup":"","qte":"1","unit":"pièce(s)","step":"Pour le jus","order":2},{"label":"Oignon(s) nouveau(x)","shopGroup":"Légumes","qte":"1","unit":"pièce(s)","step":"Pour le jus","order":3},{"label":"Crème liquide entière","shopGroup":"Crèmerie  hors fromage","qte":"15","unit":"cl","step":"Pour le jus","order":4},{"label":"Carotte(s)","shopGroup":"Légumes","qte":"3","unit":"pièce(s)","step":"Pour la garniture","order":5},{"label":"Branche(s) de céleri","shopGroup":"Légumes","qte":"3","unit":"pièce(s)","step":"Pour la garniture","order":6},{"label":"Sel fin","shopGroup":"","qte":"6","unit":"pincée(s)","step":"Pour la garniture","order":7},{"label":"Moulin à poivre","shopGroup":"","qte":"6","unit":"tour(s)","step":"Pour la garniture","order":8},{"label":"Huile d'olive","shopGroup":"Epicerie","qte":"3","unit":"cl","step":"Pour la garniture","order":9},{"label":"Parmigiano Reggiano râpé","shopGroup":"Fromage(s)","qte":"100","unit":"g","step":"Pour le reste de la recette","order":10}]}