{"title":"Petit bouillon vert en smoothie et julienne de légumes croquants, tuile au parmesan","description":"Effeuiller le cresson et le laver. Éplucher la carotte et la couper en petits dés. Laver l'oignon nouveau et l'émincer finement.<br /><br />Dans une grande casserole d'eau bouillante salée, cuire la moitié des feuilles de persil pendant 1 min, puis les refroidir rapidement et bien les égoutter (elles serviront en fin de cuisson à donner une belle couleur au smoothie).<br /><br />Dans une cocotte, faire chauffer 2 cuillères à soupe d'huile d'olive et faire suer l'oignon et la carotte avec une pincée de sel fin. Cuire 2 min puis ajouter le cresson et le persil. Saler puis cuire pendant 1 min. Mouiller ensuite avec de l'eau à hauteur et cuire environ 20 min à feu doux. Ajouter la crème puis porter à ébullition, ajouter alors les feuilles de persil blanchies. Verser ensuite le tout dans un blender et mixer pendant 1 min. Rectifier ensuite l'assaisonnement et refroidir rapidement pour conserver la couleur (vert vif).<br /><br />Râper le parmesan. Préchauffer le four à 220 °C.<br />Sur une plaque de cuisson, étaler le parmesan et le cuire 5 à 6 min au four pour qu'il jaunisse. A la sortie, réaliser les formes de votre choix à l'aide d'un couteau, puis faire refroidir.<br /><br />Pour la julienne : éplucher la carotte et le céleri, puis les laver. A l'aide d'une mandoline, les tailler ensuite en fine julienne (petits bâtonnets). Les assaisonner avec un trait d'huile d'olive.<br /><br />Avant de servir : mixer de nouveau le bouillon vert pour le rendre mousseux. Le servir aussitôt dans des verres, parsemer de julienne de légumes et décorer de chips de parmesan.<br />","summary":"Une petite soupe de persil et cresson, légèrement crémée et émulsionnée, servie avec de fins bâtons de crudités et une tuile de parmesan.","timePreparation":"30mn","timeBaking":"0mn","timeRest":"0mn","picture":"","ingredients":[{"label":"Cresson(s)","shopGroup":"Légumes","qte":"1","unit":"botte(s)","step":"Pour le jus","order":0},{"label":"Persil plat","shopGroup":"Herbes aromatiques","qte":"1","unit":"botte(s)","step":"Pour le jus","order":1},{"label":"Carotte(s)","shopGroup":"","qte":"1","unit":"pièce(s)","step":"Pour le jus","order":2},{"label":"Oignon(s) nouveau(x)","shopGroup":"Légumes","qte":"1","unit":"pièce(s)","step":"Pour le jus","order":3},{"label":"Crème liquide entière","shopGroup":"Crèmerie  hors fromage","qte":"15","unit":"cl","step":"Pour le jus","order":4},{"label":"Carotte(s)","shopGroup":"Légumes","qte":"3","unit":"pièce(s)","step":"Pour la garniture","order":5},{"label":"Branche(s) de céleri","shopGroup":"Légumes","qte":"3","unit":"pièce(s)","step":"Pour la garniture","order":6},{"label":"Sel fin","shopGroup":"","qte":"6","unit":"pincée(s)","step":"Pour la garniture","order":7},{"label":"Moulin à poivre","shopGroup":"","qte":"6","unit":"tour(s)","step":"Pour la garniture","order":8},{"label":"Huile d'olive","shopGroup":"Epicerie","qte":"3","unit":"cl","step":"Pour la garniture","order":9},{"label":"Parmigiano Reggiano râpé","shopGroup":"Fromage(s)","qte":"100","unit":"g","step":"Pour le reste de la recette","order":10}],"chiefTip":"Vous pouvez ajouter de la roquette en plus du cresson, votre smoothie  sera plus poivré !","id":10154}