{"title":"Wok de canard à la pâte de sésame, nouilles chinoises sautées","description":"Laver le pak choï et séparer les feuilles, couper les tiges dans la longueur en bandes d'environ 1 cm et émincer les feuilles en fines lamelles. Laver les tiges de fuki et les couper en bâtonnets de 3 cm, laver les feuilles et les couper en 2. Éplucher et râper le gingembre. <br />Dégraisser et dénerver les filets de canette, puis les émincer en tranches fines.<br /><br />Dans un wok chaud, verser un filet d'huile d'arachide puis colorer la canette à feu fort sur toutes ses faces pendant 2 min. Assaisonner de miel, de sauce soja, de gingembre râpé et de pâte de sésame. Débarrasser ensuite la viande sur une plaque et la réserver avec la sauce.<br /><br />Dans le même wok, faire suer les tiges de pak choï avec une pincée de sel pendant 1 min, puis ajouter les nouilles et laisser cuire 5 min à feu doux. Ajouter les feuilles de pak choï et de fuki, ainsi que la viande. Mélanger l'ensemble avec les nouilles et rectifier l'assaisonnement.<br />","summary":"Nouilles chinoises parfumées à la coriandre et au gingembre, fines lanières de canard et choux pak choï.","timePreparation":"20mn","timeBaking":"10mn","timeRest":"0mn","picture":"","ingredients":[{"label":"Filet(s) de canette","shopGroup":"Volaille(s)","qte":"6","unit":"pièce(s)","step":"","order":0},{"label":"Chou(x) pak choï royal","shopGroup":"Légumes","qte":"2","unit":"pièce(s)","step":"","order":1},{"label":"Fuki ( Pétasite du Japon )","shopGroup":"Fruits","qte":"0.5","unit":"botte(s)","step":"","order":2},{"label":"Nouille(s) chinoise(s)","shopGroup":"Epicerie","qte":"500","unit":"g","step":"","order":3},{"label":"Huile d'arachide","shopGroup":"Epicerie","qte":"3","unit":"cl","step":"","order":4},{"label":"Pâte de sésame","shopGroup":"Epicerie","qte":"20","unit":"g","step":"","order":5},{"label":"Gingembre frais","shopGroup":"Légumes","qte":"10","unit":"g","step":"","order":6},{"label":"Miel","shopGroup":"Epicerie","qte":"10","unit":"g","step":"","order":7},{"label":"Sauce Soja","shopGroup":"Epicerie","qte":"3","unit":"cl","step":"","order":8},{"label":"Moulin à poivre","shopGroup":"","qte":"3","unit":"tour(s)","step":"","order":9},{"label":"Sel fin","shopGroup":"","qte":"3","unit":"pincée(s)","step":"","order":10}],"chiefTip":"Le pak choï (ou bok choy) appartient à la même famille botanique que les choux.Les nouilles chinoises fraîches existent crues ou déjà cuites : si vous les utilisez crues, il faut les cuire dans de l'eau bouillante salée pendant 3 min.","id":10424}