{"title":"Wok de canard à la pâte de sésame, nouilles chinoises sautées","description":"","summary":"Nouilles chinoises parfumées à la coriandre et au gingembre, fines lanières de canard et choux pak choï.","timePreparation":"20mn","timeBaking":"10mn","timeRest":"0mn","picture":"","ingredients":[{"label":"Filet(s) de canette","shopGroup":"Volaille(s)","qte":"6","unit":"pièce(s)","step":"","order":0},{"label":"Chou(x) pak choï royal","shopGroup":"Légumes","qte":"2","unit":"pièce(s)","step":"","order":1},{"label":"Fuki ( Pétasite du Japon )","shopGroup":"Fruits","qte":"0.5","unit":"botte(s)","step":"","order":2},{"label":"Nouille(s) chinoise(s)","shopGroup":"Epicerie","qte":"500","unit":"g","step":"","order":3},{"label":"Huile d'arachide","shopGroup":"Epicerie","qte":"3","unit":"cl","step":"","order":4},{"label":"Pâte de sésame","shopGroup":"Epicerie","qte":"20","unit":"g","step":"","order":5},{"label":"Gingembre frais","shopGroup":"Légumes","qte":"10","unit":"g","step":"","order":6},{"label":"Miel","shopGroup":"Epicerie","qte":"10","unit":"g","step":"","order":7},{"label":"Sauce Soja","shopGroup":"Epicerie","qte":"3","unit":"cl","step":"","order":8},{"label":"Moulin à poivre","shopGroup":"","qte":"3","unit":"tour(s)","step":"","order":9},{"label":"Sel fin","shopGroup":"","qte":"3","unit":"pincée(s)","step":"","order":10}],"chiefTip":"Le pak choï (ou bok choy) appartient à la même famille botanique que les choux.Les nouilles chinoises fraîches existent crues ou déjà cuites : si vous les utilisez crues, il faut les cuire dans de l'eau bouillante salée pendant 3 min.","id":10424}