{"id":10424,"title":"Recette de Wok de canard à la pâte de sésame, nouilles chinoises sautées","description":"","summary":"Nouilles chinoises parfumées à la coriandre et au gingembre, fines lanières de canard et choux pak choï.","timePreparation":"20mn","timeBaking":"10mn","timeRest":"0mn","picture":"http://1.media.atelierdeschefs.com/recette-e10424-wok-de-canard-a-la-pate-de-sesame-nouilles-chinoises-sautees.jpg","ingredients":[{"label":"Filet(s) de canette","shopGroup":"Volaille(s)","qte":"6","unit":"pièce(s)","step":"","order":0},{"label":"Chou(x) pak choï royal","shopGroup":"Légumes","qte":"2","unit":"pièce(s)","step":"","order":1},{"label":"Fuki ( Pétasite du Japon )","shopGroup":"Fruits","qte":"0.5","unit":"botte(s)","step":"","order":2},{"label":"Nouille(s) chinoise(s)","shopGroup":"Epicerie","qte":"500","unit":"g","step":"","order":3},{"label":"Huile d'arachide","shopGroup":"Epicerie","qte":"3","unit":"cl","step":"","order":4},{"label":"Pâte de sésame","shopGroup":"Epicerie","qte":"20","unit":"g","step":"","order":5},{"label":"Gingembre frais","shopGroup":"Légumes","qte":"10","unit":"g","step":"","order":6},{"label":"Miel","shopGroup":"Epicerie","qte":"10","unit":"g","step":"","order":7},{"label":"Sauce Soja","shopGroup":"Epicerie","qte":"3","unit":"cl","step":"","order":8},{"label":"Moulin à poivre","shopGroup":"","qte":"3","unit":"tour(s)","step":"","order":9},{"label":"Sel fin","shopGroup":"","qte":"3","unit":"pincée(s)","step":"","order":10}]}