{"title":"Mousse de mascarpone au caramel de vinaigre balsamique, poires poêlées à la sauge","description":"Éplucher les poires puis les tailler en cubes de 0,5 cm. Effeuiller la sauge et la ciseler finement.<br />Dans une poêle, cuire le sucre de façon à obtenir un caramel brun. Ajouter alors les poires (et un peu d'eau si nécessaire). Une fois la caramélisation des poires obtenue, ajouter la sauge ciselée.<br /><br />Dresser les poires en assiettes creuses.<br /><br /><b>Pour la mousse</b><br />Dans un batteur, mettre la crème liquide et 20 g de sucre glace afin d'obtenir une chantilly.<br />Monter les blancs en neige avec les 20 g de sucre glace restant.<br />Dans un bol, \"casser\" le mascarpone à l'aide d'un fouet puis incorporer délicatement la chantilly et les blancs en neige. Réserver ensuite au réfrigérateur.<br /><br />Dans une casserole, réduire le vinaigre et le sucre semoule jusqu'à obtention d'un caramel.<br /><br />Pour le dressage : réaliser une quenelle de mousse mascarpone sur les poires, puis terminer avec un trait de caramel de balsamique.<br />","summary":"Crème légère et onctueuse au mascarpone, relevée avec un caramel de vinaigre balsamique et accompagnée de cubes de poires caramélisés à la sauge.","timePreparation":"20mn","timeBaking":"10mn","timeRest":"20mn","picture":"","ingredients":[{"label":"Poire(s) conférence","shopGroup":"Fruits","qte":"6","unit":"pièce(s)","step":"","order":0},{"label":"Sucre en poudre","shopGroup":"","qte":"100","unit":"g","step":"","order":1},{"label":"Sauge","shopGroup":"Herbes aromatiques","qte":"3","unit":"f","step":"","order":2},{"label":"Mascarpone","shopGroup":"Fromage(s)","qte":"150","unit":"g","step":"Pour la mousse","order":3},{"label":"Blanc(s) d'oeuf","shopGroup":"Crèmerie  hors fromage","qte":"3","unit":"pièce(s)","step":"Pour la mousse","order":4},{"label":"Crème liquide entière","shopGroup":"Crèmerie  hors fromage","qte":"8","unit":"cl","step":"Pour la mousse","order":5},{"label":"Sucre glace","shopGroup":"Epicerie","qte":"40","unit":"g","step":"Pour la mousse","order":6},{"label":"Sucre en poudre","shopGroup":"Epicerie","qte":"20","unit":"g","step":"Pour la mousse","order":7},{"label":"Vinaigre balsamique","shopGroup":"Epicerie","qte":"10","unit":"cl","step":"Pour la mousse","order":8}],"chiefTip":"N'hésitez pas à utiliser des fruits de saison à la place des poires pour la réalisation de cette recette.","id":10391}