{"title":"Mousse de mascarpone au caramel de vinaigre balsamique, poires poêlées à la sauge","description":"","summary":"Crème légère et onctueuse au mascarpone, relevée avec un caramel de vinaigre balsamique et accompagnée de cubes de poires caramélisés à la sauge.","timePreparation":"20mn","timeBaking":"10mn","timeRest":"20mn","picture":"","ingredients":[{"label":"Poire(s) conférence","shopGroup":"Fruits","qte":"6","unit":"pièce(s)","step":"","order":0},{"label":"Sucre en poudre","shopGroup":"","qte":"100","unit":"g","step":"","order":1},{"label":"Sauge","shopGroup":"Herbes aromatiques","qte":"3","unit":"f","step":"","order":2},{"label":"Mascarpone","shopGroup":"Fromage(s)","qte":"150","unit":"g","step":"Pour la mousse","order":3},{"label":"Blanc(s) d'oeuf","shopGroup":"Crèmerie  hors fromage","qte":"3","unit":"pièce(s)","step":"Pour la mousse","order":4},{"label":"Crème liquide entière","shopGroup":"Crèmerie  hors fromage","qte":"8","unit":"cl","step":"Pour la mousse","order":5},{"label":"Sucre glace","shopGroup":"Epicerie","qte":"40","unit":"g","step":"Pour la mousse","order":6},{"label":"Sucre en poudre","shopGroup":"Epicerie","qte":"20","unit":"g","step":"Pour la mousse","order":7},{"label":"Vinaigre balsamique","shopGroup":"Epicerie","qte":"10","unit":"cl","step":"Pour la mousse","order":8}],"chiefTip":"N'hésitez pas à utiliser des fruits de saison à la place des poires pour la réalisation de cette recette.","id":10391}