{"title":"Finger macaron au sucre cuit à la fleur d'oranger, purée de fruits secs","description":"Préchauffer le four à 160 °C (th. 5). <br /><br />Pour les coques : mixer la poudre d'amande et le sucre glace pendant 30 secondes pour affiner le mélange.<br />Dans une casserole, mélanger à l'aide d'une spatule l'eau de fleur d'oranger et le sucre semoule, puis le cuire à 118 °C en s'aidant d'une sonde de cuisson.<br />Monter les blancs en neige un peu avant que le sucre n'atteigne la bonne température. Verser ensuite ce dernier sur les blancs montés. Continuer à battre jusqu'à refroidissement de la meringue. <br /><br />Verser 75 g de blancs d'oeufs sur le mélange sucre glace/amande. Incorporer petit à petit la meringue froide à ce mélange. Mélanger délicatement pour avoir une pâte homogène, légèrement coulante.<br />Remplir une poche à douille de cette préparation et dresser les macarons dans la longueur sur une feuille de papier sulfurisé en les espaçant de 2 doigts. Tapoter légèrement la plaque puis cuire 12 à 14 min en tournant la plaque à mi-cuisson. Laisser refroidir avant de décoller.<br /><br />Pour la farce : réunir dans un bol 50 g de raisins secs et le reste de fleur d'oranger, puis les faire gonfler au micro-ondes pendant 2 min.<br />Hacher les abricots ou les figues grossièrement au couteau.<br />Dans un bol mixeur, réunir les pistaches et les noisettes, ajouter les raisins gonflés et égouttés. Mixer grossièrement, puis ajouter les fruits hachés.  <br /><br />Garnir les coques de farce.<br /><br />Conserver les macarons au frais pendant 24 h, puis les sortir 2 h avant la dégustation.<br />","summary":"Un macaron parfumé, un mélange de fruits secs et l'eau de fleur d'oranger vous feront voyager.","timePreparation":"30mn","timeBaking":"15mn","timeRest":"0mn","picture":"","ingredients":[{"label":"Blanc(s) d'oeuf","shopGroup":"Crèmerie  hors fromage","qte":"150","unit":"g","step":"Pour les macarons","order":0},{"label":"Sucre en poudre","shopGroup":"Epicerie","qte":"200","unit":"g","step":"Pour les macarons","order":1},{"label":"Poudre d'amande","shopGroup":"Epicerie","qte":"200","unit":"g","step":"Pour les macarons","order":2},{"label":"Sucre glace","shopGroup":"Epicerie","qte":"200","unit":"g","step":"Pour les macarons","order":3},{"label":"Eau de fleur d'oranger","shopGroup":"","qte":"5","unit":"cl","step":"Pour les macarons","order":4},{"label":"Mélange de fruits secs( abricots, figues, raisins...)","shopGroup":"Epicerie","qte":"150","unit":"g","step":"Pour la garniture","order":5},{"label":"Noisette(s) hachée(s)","shopGroup":"Epicerie","qte":"100","unit":"g","step":"Pour la garniture","order":6},{"label":"Pistache(s) concassée(s)","shopGroup":"Epicerie","qte":"50","unit":"g","step":"Pour la garniture","order":7},{"label":"Eau de fleur d'oranger","shopGroup":"Epicerie","qte":"10","unit":"cl","step":"Pour la garniture","order":8}],"chiefTip":"Utilisez d'autres eaux pour parfumer votre sirop.Pour la farce de fruits secs, vous pouvez détendre un peu le mélange avec quelques gouttes d'eau parfumée.","id":10290}