{"title":"Finger macaron au sucre cuit à la fleur d'oranger, purée de fruits secs","description":"","summary":"Un macaron parfumé, un mélange de fruits secs et l'eau de fleur d'oranger vous feront voyager.","timePreparation":"30mn","timeBaking":"15mn","timeRest":"0mn","picture":"","ingredients":[{"label":"Blanc(s) d'oeuf","shopGroup":"Crèmerie  hors fromage","qte":"150","unit":"g","step":"Pour les macarons","order":0},{"label":"Sucre en poudre","shopGroup":"Epicerie","qte":"200","unit":"g","step":"Pour les macarons","order":1},{"label":"Poudre d'amande","shopGroup":"Epicerie","qte":"200","unit":"g","step":"Pour les macarons","order":2},{"label":"Sucre glace","shopGroup":"Epicerie","qte":"200","unit":"g","step":"Pour les macarons","order":3},{"label":"Eau de fleur d'oranger","shopGroup":"","qte":"5","unit":"cl","step":"Pour les macarons","order":4},{"label":"Mélange de fruits secs( abricots, figues, raisins...)","shopGroup":"Epicerie","qte":"150","unit":"g","step":"Pour la garniture","order":5},{"label":"Noisette(s) hachée(s)","shopGroup":"Epicerie","qte":"100","unit":"g","step":"Pour la garniture","order":6},{"label":"Pistache(s) concassée(s)","shopGroup":"Epicerie","qte":"50","unit":"g","step":"Pour la garniture","order":7},{"label":"Eau de fleur d'oranger","shopGroup":"Epicerie","qte":"10","unit":"cl","step":"Pour la garniture","order":8}],"chiefTip":"Utilisez d'autres eaux pour parfumer votre sirop.Pour la farce de fruits secs, vous pouvez détendre un peu le mélange avec quelques gouttes d'eau parfumée.","id":10290}