{"title":"Poire pochée au citron vert, blanc-manger à la vanille","description":"","summary":"La poire rendue moelleuse par une cuisson douce dans un sirop parfumé au zeste et au jus de citron vert, servie avec un blanc-manger léger à la vanille.","timePreparation":"15mn","timeBaking":"30mn","timeRest":"4h","picture":"","ingredients":[{"label":"Poire(s)","shopGroup":"Fruits","qte":"6","unit":"pièce(s)","step":"Pour l'étape 1","order":0},{"label":"Eau","shopGroup":"","qte":"1","unit":"l","step":"Pour l'étape 1","order":1},{"label":"Sucre en poudre","shopGroup":"","qte":"150","unit":"g","step":"Pour l'étape 1","order":2},{"label":"Citron(s) vert(s) non traité(s)","shopGroup":"Fruits","qte":"2","unit":"pièce(s)","step":"Pour l'étape 1","order":3},{"label":"Lait 1/2 écrémé","shopGroup":"Crèmerie  hors fromage","qte":"45","unit":"cl","step":"Pour l'étape 1","order":4},{"label":"Crème liquide entière","shopGroup":"Crèmerie  hors fromage","qte":"25","unit":"cl","step":"Pour l'étape 2","order":5},{"label":"Sucre en poudre","shopGroup":"Epicerie","qte":"50","unit":"g","step":"Pour l'étape 2","order":6},{"label":"Poudre d'amande","shopGroup":"Epicerie","qte":"100","unit":"g","step":"Pour l'étape 2","order":7},{"label":"Feuille(s) de gélatine de 2 g","shopGroup":"Epicerie","qte":"4","unit":"pièce(s)","step":"Pour l'étape 2","order":8},{"label":"Gousse(s) de vanille","shopGroup":"Epicerie","qte":"1","unit":"pièce(s)","step":"Pour l'étape 2","order":9}],"chiefTip":"Vérifiez que les poires sont totalement immergées, sinon les parties en dehors du sirop noirciront. Pour ce faire, posez une assiette ou une grille dessus.","id":10631}