{"id":10770,"title":"Recette de Eclair chocolat et noix de coco","description":"","summary":"Un mini-éclair pour les gourmands, garni d'une crème fondante au chocolat-coco et parsemé d'une neige de noix de coco râpée.","timePreparation":"1h15mn","timeBaking":"0mn","timeRest":"0mn","picture":"http://1.media.atelierdeschefs.com/recette-e10770-eclair-chocolat-et-noix-de-coco.jpg","ingredients":[{"label":"Eau","shopGroup":"","qte":"15","unit":"cl","step":"Pour la pâte","order":0},{"label":"Lait 1/2 écrémé","shopGroup":"Crèmerie  hors fromage","qte":"15","unit":"cl","step":"Pour la pâte","order":1},{"label":"Sucre en poudre","shopGroup":"","qte":"5","unit":"g","step":"Pour la pâte","order":2},{"label":"Sel fin","shopGroup":"","qte":"1","unit":"pincée(s)","step":"Pour la pâte","order":3},{"label":"Beurre doux","shopGroup":"","qte":"130","unit":"g","step":"Pour la pâte","order":4},{"label":"Farine de blé","shopGroup":"","qte":"170","unit":"g","step":"Pour la pâte","order":5},{"label":"Oeuf(s)","shopGroup":"Crèmerie  hors fromage","qte":"5","unit":"pièce(s)","step":"Pour la pâte","order":6},{"label":"Lait de coco non sucré","shopGroup":"Epicerie","qte":"25","unit":"cl","step":"Pour la garniture","order":7},{"label":"Sucre en poudre","shopGroup":"Epicerie","qte":"60","unit":"g","step":"Pour la garniture","order":8},{"label":"Cacao en poudre non sucré","shopGroup":"Epicerie","qte":"10","unit":"g","step":"Pour la garniture","order":9},{"label":"Farine de blé","shopGroup":"Epicerie","qte":"20","unit":"g","step":"Pour la garniture","order":10},{"label":"Jaune(s) d'oeuf(s)","shopGroup":"Crèmerie  hors fromage","qte":"3","unit":"pièce(s)","step":"Pour la garniture","order":11},{"label":"Chocolat noir","shopGroup":"","qte":"50","unit":"g","step":"Pour la garniture","order":12},{"label":"Noix de coco rapée","shopGroup":"Epicerie","qte":"20","unit":"g","step":"Pour la garniture","order":13},{"label":"Beurre doux","shopGroup":"Crèmerie  hors fromage","qte":"20","unit":"g","step":"Pour le glaçage","order":14},{"label":"Chocolat noir","shopGroup":"Epicerie","qte":"80","unit":"g","step":"Pour le glaçage","order":15}]}