{"id":10438,"title":"Recette de Crumble de sifflets de poireaux et fricassée de champignons","description":"","summary":"Une entrée servie en plats individuels et constituée de poireaux glacés, de champignons sautés à l'ail et d'un crumble au parmesan.","timePreparation":"30mn","timeBaking":"0mn","timeRest":"0mn","picture":"http://1.media.atelierdeschefs.com/recette-e10438-crumble-de-sifflets-de-poireaux-et-fricassee-de-champignons.jpg","ingredients":[{"label":"Poudre d'amande","shopGroup":"Epicerie","qte":"50","unit":"g","step":"Pour le crumble","order":0},{"label":"Beurre doux","shopGroup":"","qte":"50","unit":"g","step":"Pour le crumble","order":1},{"label":"Farine de blé","shopGroup":"Epicerie","qte":"50","unit":"g","step":"Pour le crumble","order":2},{"label":"Parmigiano Reggiano râpé","shopGroup":"Fromage(s)","qte":"50","unit":"g","step":"Pour le crumble","order":3},{"label":"Poireau(x)","shopGroup":"Légumes","qte":"4","unit":"pièce(s)","step":"Pour le reste de la recette","order":4},{"label":"Pleurote(s)","shopGroup":"Légumes","qte":"100","unit":"g","step":"Pour le reste de la recette","order":5},{"label":"Lentin(s) de chêne ou shiitake(s)","shopGroup":"Légumes","qte":"100","unit":"g","step":"Pour le reste de la recette","order":6},{"label":"Champignon(s) de Paris","shopGroup":"Légumes","qte":"100","unit":"g","step":"Pour le reste de la recette","order":7},{"label":"Beurre doux","shopGroup":"Crèmerie  hors fromage","qte":"50","unit":"g","step":"Pour le reste de la recette","order":8},{"label":"Gousse(s) d'ail","shopGroup":"Légumes","qte":"1","unit":"gousse(s)","step":"Pour le reste de la recette","order":9},{"label":"Moulin à poivre","shopGroup":"","qte":"6","unit":"tour(s)","step":"Pour le reste de la recette","order":10},{"label":"Sel fin","shopGroup":"","qte":"6","unit":"pincée(s)","step":"Pour le reste de la recette","order":11},{"label":"Persil plat","shopGroup":"Herbes aromatiques","qte":"0.25","unit":"botte(s)","step":"Pour le reste de la recette","order":12},{"label":"Huile d'olive","shopGroup":"Epicerie","qte":"3","unit":"cl","step":"Pour le reste de la recette","order":13}]}