{"title":"Crumble de sifflets de poireaux et fricassée de champignons","description":"Préchauffer le four à 200 °C.<br />Préparer le crumble salé : malaxer du bout des doigts la farine, le beurre, le parmesan râpé et la poudre d'amande. Étaler la préparation sur une feuille de silicone ou de papier sulfurisé et enfourner durant 10 à 15 min (les bords doivent être dorés).<br /><br />Laver les poireaux sans trop les ouvrir et enlever les parties trop vertes. Les tailler en sifflets, c'est-à-dire en gros biseaux d'environ 1,5 cm d'épaisseur et de 4 cm de long. <br />Éplucher les champignons de Paris et les couper en morceaux. Effeuiller les pleurotes. Couper les shiitake en lamelles.<br />Éplucher et hacher l'ail. Laver le persil et l'effeuiller.<br /><br />Mettre les biseaux bien à plat dans une poêle avec de l'eau à mi-hauteur, ajouter 10 g de beurre et 1 pincée de sel. Cuire à couvert jusqu'à évaporation du liquide.<br />Dans une autre poêle chaude, mettre un filet d'huile d'olive et faire sauter les champignons avec 1 pincée de sel. Cuire 4 min et rectifier l'assaisonnement en sel et en poivre. Ajouter 10 g de beurre et l'ail haché, cuire rapidement. Finir avec les feuilles de persil, saler et poivrer puis débarrasser.<br /><br />Répartir les champignons dans des plats individuels, poser les sifflets de poireaux dessus et finir avec le crumble.<br />Réchauffer au four pendant 5 min avant de déguster.<br />","summary":"Une entrée servie en plats individuels et constituée de poireaux glacés, de champignons sautés à l'ail et d'un crumble au parmesan.","timePreparation":"30mn","timeBaking":"0mn","timeRest":"0mn","picture":"","ingredients":[{"label":"Poudre d'amande","shopGroup":"Epicerie","qte":"50","unit":"g","step":"Pour le crumble","order":0},{"label":"Beurre doux","shopGroup":"","qte":"50","unit":"g","step":"Pour le crumble","order":1},{"label":"Farine de blé","shopGroup":"Epicerie","qte":"50","unit":"g","step":"Pour le crumble","order":2},{"label":"Parmigiano Reggiano râpé","shopGroup":"Fromage(s)","qte":"50","unit":"g","step":"Pour le crumble","order":3},{"label":"Poireau(x)","shopGroup":"Légumes","qte":"4","unit":"pièce(s)","step":"Pour le reste de la recette","order":4},{"label":"Pleurote(s)","shopGroup":"Légumes","qte":"100","unit":"g","step":"Pour le reste de la recette","order":5},{"label":"Lentin(s) de chêne ou shiitake(s)","shopGroup":"Légumes","qte":"100","unit":"g","step":"Pour le reste de la recette","order":6},{"label":"Champignon(s) de Paris","shopGroup":"Légumes","qte":"100","unit":"g","step":"Pour le reste de la recette","order":7},{"label":"Beurre doux","shopGroup":"Crèmerie  hors fromage","qte":"50","unit":"g","step":"Pour le reste de la recette","order":8},{"label":"Gousse(s) d'ail","shopGroup":"Légumes","qte":"1","unit":"gousse(s)","step":"Pour le reste de la recette","order":9},{"label":"Moulin à poivre","shopGroup":"","qte":"6","unit":"tour(s)","step":"Pour le reste de la recette","order":10},{"label":"Sel fin","shopGroup":"","qte":"6","unit":"pincée(s)","step":"Pour le reste de la recette","order":11},{"label":"Persil plat","shopGroup":"Herbes aromatiques","qte":"0.25","unit":"botte(s)","step":"Pour le reste de la recette","order":12},{"label":"Huile d'olive","shopGroup":"Epicerie","qte":"3","unit":"cl","step":"Pour le reste de la recette","order":13}],"chiefTip":"Remplacez les poireaux par d'autres légumes tels que des brocolis ou des choux-fleurs, et servez ce plat avec quelques pousses de salade.","id":10438}