{"title":"Macaron au sucre cuit à l'encre de seiche, crème de parmesan","description":"<br /><b>Pour les coques de macaron :</b><br />Préchauffer le four à 160 °C (th. 5). <br /><br />Dans un mixeur, verser la poudre d'amande et le sucre glace, faire tourner pendant 30 secondes pour affiner le mélange (tant pour tant), puis tamiser. <br /><br />Dans une casserole, mélanger l'eau et le sucre semoule avec une spatule, puis cuire à 118-119 °C. <br />Avant d'atteindre cette température, verser 75 g de blancs dans la cuve d'un batteur et les monter en neige. Lorsque le sucre a atteint la bonne température, le verser sur les blancs montés. <br />Fouetter ensuite jusqu'à refroidissement de la meringue.<br /><br />Verser le reste des blancs d'oeufs sur le tant pour tant. Incorporer une petite partie de la meringue froide à ce mélange, puis ajouter le reste. Mélanger afin d'obtenir une pâte lisse et homogène, légèrement coulante.<br /><br />Remplir une poche à douille avec cette préparation, puis dresser les macarons sur un tapis de cuisson ou sur une feuille de papier sulfurisé. Tapoter légèrement la plaque, puis enfourner pendant 12 à 14 min en tournant la plaque à mi-cuisson.<br /><br /><b>Pour la crème :</b><br />Réaliser la béchamel : dans une casserole, faire fondre le beurre à feu très doux puis ajouter la farine, mélanger et cuire. Porter le lait à ébullition et le verser sur le beurre, puis mélanger constamment jusqu'à épaississement. Hors du feu, ajouter le parmesan râpé, le jaune d' oeuf et l'encre de seiche. Faire ensuite refroidir la crème. <br /><br />Coller les coques 2 par 2 avec la crème au parmesan placée au milieu à l'aide d'une poche à douille.<br /><br />Conserver les macarons au frais pendant 24 h, puis les sortir 2 h avant la dégustation.<br />","summary":"Macaron original garni d'une béchamel au parmesan à l'encre de seiche.","timePreparation":"30mn","timeBaking":"15mn","timeRest":"0mn","picture":"","ingredients":[{"label":"Poudre d'amande","shopGroup":"Epicerie","qte":"200","unit":"g","step":"Pour les macarons","order":0},{"label":"Sucre glace","shopGroup":"Epicerie","qte":"200","unit":"g","step":"Pour les macarons","order":1},{"label":"Blanc(s) d'oeuf","shopGroup":"Crèmerie  hors fromage","qte":"150","unit":"g","step":"Pour les macarons","order":2},{"label":"Sucre en poudre","shopGroup":"Epicerie","qte":"200","unit":"g","step":"Pour les macarons","order":3},{"label":"Eau","shopGroup":"","qte":"5","unit":"cl","step":"Pour les macarons","order":4},{"label":"Lait 1/2 écrémé","shopGroup":"Crèmerie  hors fromage","qte":"20","unit":"cl","step":"Pour la garniture","order":5},{"label":"Farine de blé","shopGroup":"Epicerie","qte":"30","unit":"g","step":"Pour la garniture","order":6},{"label":"Beurre doux","shopGroup":"Crèmerie  hors fromage","qte":"30","unit":"g","step":"Pour la garniture","order":7},{"label":"Parmesan Parmigiano Reggiano","shopGroup":"Fromage(s)","qte":"60","unit":"g","step":"Pour la garniture","order":8},{"label":"Jaune(s) d'oeuf(s)","shopGroup":"Crèmerie  hors fromage","qte":"2","unit":"pièce(s)","step":"Pour la garniture","order":9},{"label":"Sachet d'encre de seiche","shopGroup":"Poissonnerie","qte":"3","unit":"pièce(s)","step":"Pour la garniture","order":10}],"chiefTip":"Vous pouvez à l'envie réaliser une crème noire avec des macarons blancs ou des macarons blancs avec une crème noire.","id":10436}