{"id":10436,"title":"Recette de Macaron au sucre cuit à l'encre de seiche, crème de parmesan","description":"","summary":"Macaron original garni d'une béchamel au parmesan à l'encre de seiche.","timePreparation":"30mn","timeBaking":"15mn","timeRest":"0mn","picture":"http://1.media.atelierdeschefs.com/recette-e10436-macaron-au-sucre-cuit-a-l-encre-de-seiche-creme-de-parmesan.jpg","ingredients":[{"label":"Poudre d'amande","shopGroup":"Epicerie","qte":"200","unit":"g","step":"Pour les macarons","order":0},{"label":"Sucre glace","shopGroup":"Epicerie","qte":"200","unit":"g","step":"Pour les macarons","order":1},{"label":"Blanc(s) d'oeuf","shopGroup":"Crèmerie  hors fromage","qte":"150","unit":"g","step":"Pour les macarons","order":2},{"label":"Sucre en poudre","shopGroup":"Epicerie","qte":"200","unit":"g","step":"Pour les macarons","order":3},{"label":"Eau","shopGroup":"","qte":"5","unit":"cl","step":"Pour les macarons","order":4},{"label":"Lait 1/2 écrémé","shopGroup":"Crèmerie  hors fromage","qte":"20","unit":"cl","step":"Pour la garniture","order":5},{"label":"Farine de blé","shopGroup":"Epicerie","qte":"30","unit":"g","step":"Pour la garniture","order":6},{"label":"Beurre doux","shopGroup":"Crèmerie  hors fromage","qte":"30","unit":"g","step":"Pour la garniture","order":7},{"label":"Parmesan Parmigiano Reggiano","shopGroup":"Fromage(s)","qte":"60","unit":"g","step":"Pour la garniture","order":8},{"label":"Jaune(s) d'oeuf(s)","shopGroup":"Crèmerie  hors fromage","qte":"2","unit":"pièce(s)","step":"Pour la garniture","order":9},{"label":"Sachet d'encre de seiche","shopGroup":"Poissonnerie","qte":"3","unit":"pièce(s)","step":"Pour la garniture","order":10}]}