{"id":10444,"title":"Recette de Tarte Chiboust au citron","description":"","summary":"Tarte à base d'une pâte sablée garnie d'une crème Chiboust parfumée au citron.","timePreparation":"40mn","timeBaking":"25mn","timeRest":"40mn","picture":"http://1.media.atelierdeschefs.com/recette-e10444-tarte-chiboust-au-citron.jpg","ingredients":[{"label":"Farine de blé","shopGroup":"","qte":"200","unit":"g","step":"Pour la pâte","order":0},{"label":"Sucre glace","shopGroup":"Epicerie","qte":"60","unit":"g","step":"Pour la pâte","order":1},{"label":"Beurre doux","shopGroup":"","qte":"100","unit":"g","step":"Pour la pâte","order":2},{"label":"Sel fin","shopGroup":"","qte":"1","unit":"pincée(s)","step":"Pour la pâte","order":3},{"label":"Oeuf(s)","shopGroup":"Crèmerie  hors fromage","qte":"1","unit":"pièce(s)","step":"Pour la pâte","order":4},{"label":"Lait 1/2 écrémé","shopGroup":"Crèmerie  hors fromage","qte":"0.5","unit":"l","step":"Pour la crème","order":5},{"label":"Citron(s) jaune(s)","shopGroup":"","qte":"1","unit":"pièce(s)","step":"Pour la crème","order":6},{"label":"Jaune(s) d'oeuf(s)","shopGroup":"Crèmerie  hors fromage","qte":"3","unit":"pièce(s)","step":"Pour la crème","order":7},{"label":"Sucre en poudre","shopGroup":"","qte":"100","unit":"g","step":"Pour la crème","order":8},{"label":"Farine de blé","shopGroup":"Epicerie","qte":"50","unit":"g","step":"Pour la crème","order":9},{"label":"Beurre doux","shopGroup":"Crèmerie  hors fromage","qte":"100","unit":"g","step":"Pour la crème","order":10},{"label":"Blanc(s) d'oeuf","shopGroup":"Crèmerie  hors fromage","qte":"3","unit":"pièce(s)","step":"Pour la crème","order":11},{"label":"Sel fin","shopGroup":"","qte":"1","unit":"pincée(s)","step":"Pour la crème","order":12},{"label":"Eau","shopGroup":"","qte":"5","unit":"cl","step":"Pour le sirop","order":13},{"label":"Sucre en poudre","shopGroup":"Epicerie","qte":"100","unit":"g","step":"Pour le sirop","order":14},{"label":"Citron(s) jaune(s)","shopGroup":"Fruits","qte":"1","unit":"pièce(s)","step":"Pour le dressage","order":15}]}