{"title":"Tarte Chiboust au citron","description":"<br /><b>Pour la pâte sablée </b><br />Préchauffer le four à 180 °C (Th.6).<br /><br />Tamiser la farine et le sucre glace ensemble, puis incorporer 100 g de beurre en petites parcelles ainsi que le sel. Écraser ensuite le mélange entre les mains de façon à obtenir une texture proche du sable.<br /><br />Disposer ensuite ce sablage en fontaine, puis casser l'oeuf au milieu. Malaxer avec les mains de manière à obtenir une boule bien homogène. Étaler ensuite au rouleau à pâtisserie et foncer un cercle à tarte. Mettre le fond de tarte au frais pour le raffermir.<br />Enfourner durant 15 min.<br /><br /><b>Pour la crème </b><br />Râper le zeste du citron et presser le jus.<br />Dans un bol, battre les jaunes d'oeufs et le sucre jusqu'à ce que le mélange blanchisse. Ajouter le jus de citron et la farine, puis mélanger.<br /><br />Faire bouillir le lait et les zestes de citron. Verser ensuite le lait bouillant sur le mélange précédent, puis verser le tout dans la casserole et laisser cuire 3 min à partir de la reprise de l'ébullition, tout en remuant énergiquement. Au bout de 3 min, faire fondre le beurre sur le dessus sans mélanger, puis réserver la crème dans un endroit tiède. Laisser tiédir, puis mélanger pour incorporer le beurre à la crème.<br /><br />Préparer le sirop : mettre l'eau et le sucre à cuire dans une casserole pour obtenir un sucre cuit (mesurer la température à l'aide d'un thermomètre de cuisson).<br /><br />Battre les blancs d'oeufs en neige avec une pincée de sel. Lorsque le sirop atteint 121 °C (cuisson \"petit boulé\"), le verser progressivement sur les blancs et continuer de les battre jusqu'à ce que le mélange tiédisse. La meringue italienne est prête.<br /><br />Incorporer 1/3 de la meringue à la crème pâtissière et mélanger. Ajouter le reste de meringue et mélanger délicatement.<br /><br /><b>Pour le montage </b><br />Sortir le fond de tarte du four et verser la crème dedans en \"dôme\". Décorer de tranches ou de zestes de citron.<br /><br />Conserver les tartes au frais avant de les déguster.<br />","summary":"Tarte à base d'une pâte sablée garnie d'une crème Chiboust parfumée au citron.","timePreparation":"40mn","timeBaking":"25mn","timeRest":"40mn","picture":"","ingredients":[{"label":"Farine de blé","shopGroup":"","qte":"200","unit":"g","step":"Pour la pâte","order":0},{"label":"Sucre glace","shopGroup":"Epicerie","qte":"60","unit":"g","step":"Pour la pâte","order":1},{"label":"Beurre doux","shopGroup":"","qte":"100","unit":"g","step":"Pour la pâte","order":2},{"label":"Sel fin","shopGroup":"","qte":"1","unit":"pincée(s)","step":"Pour la pâte","order":3},{"label":"Oeuf(s)","shopGroup":"Crèmerie  hors fromage","qte":"1","unit":"pièce(s)","step":"Pour la pâte","order":4},{"label":"Lait 1/2 écrémé","shopGroup":"Crèmerie  hors fromage","qte":"0.5","unit":"l","step":"Pour la crème","order":5},{"label":"Citron(s) jaune(s)","shopGroup":"","qte":"1","unit":"pièce(s)","step":"Pour la crème","order":6},{"label":"Jaune(s) d'oeuf(s)","shopGroup":"Crèmerie  hors fromage","qte":"3","unit":"pièce(s)","step":"Pour la crème","order":7},{"label":"Sucre en poudre","shopGroup":"","qte":"100","unit":"g","step":"Pour la crème","order":8},{"label":"Farine de blé","shopGroup":"Epicerie","qte":"50","unit":"g","step":"Pour la crème","order":9},{"label":"Beurre doux","shopGroup":"Crèmerie  hors fromage","qte":"100","unit":"g","step":"Pour la crème","order":10},{"label":"Blanc(s) d'oeuf","shopGroup":"Crèmerie  hors fromage","qte":"3","unit":"pièce(s)","step":"Pour la crème","order":11},{"label":"Sel fin","shopGroup":"","qte":"1","unit":"pincée(s)","step":"Pour la crème","order":12},{"label":"Eau","shopGroup":"","qte":"5","unit":"cl","step":"Pour le sirop","order":13},{"label":"Sucre en poudre","shopGroup":"Epicerie","qte":"100","unit":"g","step":"Pour le sirop","order":14},{"label":"Citron(s) jaune(s)","shopGroup":"Fruits","qte":"1","unit":"pièce(s)","step":"Pour le dressage","order":15}],"chiefTip":"Le point important pour réussir la crème Chiboust : mélangez la crème pâtissière encore chaude avec la meringue tiède.","id":10444}