{"title":"Feuille à feuille de cabillaud et écrasée de courgettes au parmesan pour bébé","description":"Éplucher et ciseler l'oignon. Laver les courgettes et les tailler en petits dés.<br />Mettre un wok à chauffer, y ajouter un filet d'huile d'olive et faire suer les oignons avec une pincée de sel, puis cuire les courgettes vivement. Lorsqu'elles commencent à dorer, ajouter une petite tasse à café d'eau et poser une grille dessus. Disposer les dos de cabillaud sur la grille et les cuire à couvert pendant 8 min environ à partir de l'ébullition.<br />Effeuiller ensuite la chair de cabillaud et vérifier qu'il n'y a pas d'arêtes. Débarrasser les cabillauds, puis mixer la courgette au robot-coupe ou l'écraser au fouet en ajoutant un filet d'huile d'olive et le parmesan. <br /><br />Dans un cercle, alterner les couches de cabillaud et le caviar de courgette au parmesan.<br />","summary":"Petit plat de bébé combinant courgette et cabillaud, cuit en vapeur et légèrement parfumé au parmesan.","timePreparation":"30mn","timeBaking":"0mn","timeRest":"0mn","picture":"","ingredients":[{"label":"Chair de cabillaud","shopGroup":"Poissonnerie","qte":"250","unit":"g","step":"","order":0},{"label":"Courgette(s)","shopGroup":"Légumes","qte":"2","unit":"pièce(s)","step":"","order":1},{"label":"Oignon(s)","shopGroup":"Légumes","qte":"0.25","unit":"pièce(s)","step":"","order":2},{"label":"Huile d'olive","shopGroup":"Epicerie","qte":"2","unit":"cl","step":"","order":3},{"label":"Parmigiano Reggiano râpé","shopGroup":"Fromage(s)","qte":"30","unit":"g","step":"","order":4},{"label":"Sel fin","shopGroup":"","qte":"1","unit":"pincée(s)","step":"","order":5}],"chiefTip":"Vous pouvez très bien utiliser un fromage à tartiner au goût moins fort pour lier votre purée de courgettes.","id":10229}