{"title":"Feuille à feuille de cabillaud et écrasée de courgettes au parmesan pour bébé","description":"","summary":"Petit plat de bébé combinant courgette et cabillaud, cuit en vapeur et légèrement parfumé au parmesan.","timePreparation":"30mn","timeBaking":"0mn","timeRest":"0mn","picture":"","ingredients":[{"label":"Chair de cabillaud","shopGroup":"Poissonnerie","qte":"250","unit":"g","step":"","order":0},{"label":"Courgette(s)","shopGroup":"Légumes","qte":"2","unit":"pièce(s)","step":"","order":1},{"label":"Oignon(s)","shopGroup":"Légumes","qte":"0.25","unit":"pièce(s)","step":"","order":2},{"label":"Huile d'olive","shopGroup":"Epicerie","qte":"2","unit":"cl","step":"","order":3},{"label":"Parmigiano Reggiano râpé","shopGroup":"Fromage(s)","qte":"30","unit":"g","step":"","order":4},{"label":"Sel fin","shopGroup":"","qte":"1","unit":"pincée(s)","step":"","order":5}],"chiefTip":"Vous pouvez très bien utiliser un fromage à tartiner au goût moins fort pour lier votre purée de courgettes.","id":10229}