{"title":"Rôti de cabillaud au laurier et pommes de terre sautées","description":"Préchauffer le four à 200 °C.<br /><br />Désarêter le filet de cabillaud puis à l'aide d'un couteau, le couper en 2 sur la longueur. L'ouvrir, l'assaisonner de sel et de poivre et mettre les feuilles de laurier. Le refermer puis le ficeler comme un rôti. Saler également l'extérieur.<br /><br />Dans une poêle antiadhésive chaude avec un filet d'huile d'olive, cuire le rôti côté peau et lorsqu'il est coloré, le retourner et saisir l'autre face. Poser ensuite le rôti sur une plaque et l'enfourner pendant 15 min.<br /><br />Laver et émincer les oignons nouveaux.<br />Nettoyer les pommes de terre et les couper en 4 dans le sens de la longueur, puis les blanchir dans de l'eau salée (10 g de gros sel/litre). Les égoutter puis les faire sauter au beurre mousseux avec la gousse d'ail et les oignons nouveaux. Cuire 3 minutes et assaisonner.<br /><br />Couper le rôti en 6, puis répartir les pommes de terre sur les assiettes et poser le rôti dessus.<br />","summary":"Filet de cabillaud parfumé au laurier et ficelé comme un rôti, puis cuit au four et servi avec des pommes de terre sautées.","timePreparation":"45mn","timeBaking":"0mn","timeRest":"0mn","picture":"","ingredients":[{"label":"Filet(s) de cabillaud","shopGroup":"Poissonnerie","qte":"700","unit":"g","step":"","order":0},{"label":"Sel fin","shopGroup":"","qte":"6","unit":"pincée(s)","step":"","order":1},{"label":"Moulin à poivre","shopGroup":"","qte":"6","unit":"tour(s)","step":"","order":2},{"label":"Feuille(s) de laurier","shopGroup":"Herbes aromatiques","qte":"3","unit":"pièce(s)","step":"","order":3},{"label":"Pomme(s) de terre  à chair ferme","shopGroup":"Légumes","qte":"800","unit":"g","step":"","order":4},{"label":"Beurre doux","shopGroup":"Crèmerie  hors fromage","qte":"100","unit":"g","step":"","order":5},{"label":"Gousse(s) d'ail","shopGroup":"Légumes","qte":"1","unit":"gousse(s)","step":"","order":6},{"label":"Oignon(s) nouveau(x)","shopGroup":"Légumes","qte":"3","unit":"botte(s)","step":"","order":7},{"label":"Huile d'olive","shopGroup":"Epicerie","qte":"15","unit":"cl","step":"","order":8},{"label":"Gros sel","shopGroup":"","qte":"30","unit":"g","step":"","order":9}],"chiefTip":"Vous pouvez aussi couper le filet en 6 tronçons et les ficeler individuellement.","id":10478}