{"title":"Rôti de cabillaud au laurier et pommes de terre sautées","description":"","summary":"Filet de cabillaud parfumé au laurier et ficelé comme un rôti, puis cuit au four et servi avec des pommes de terre sautées.","timePreparation":"45mn","timeBaking":"0mn","timeRest":"0mn","picture":"","ingredients":[{"label":"Filet(s) de cabillaud","shopGroup":"Poissonnerie","qte":"700","unit":"g","step":"","order":0},{"label":"Sel fin","shopGroup":"","qte":"6","unit":"pincée(s)","step":"","order":1},{"label":"Moulin à poivre","shopGroup":"","qte":"6","unit":"tour(s)","step":"","order":2},{"label":"Feuille(s) de laurier","shopGroup":"Herbes aromatiques","qte":"3","unit":"pièce(s)","step":"","order":3},{"label":"Pomme(s) de terre  à chair ferme","shopGroup":"Légumes","qte":"800","unit":"g","step":"","order":4},{"label":"Beurre doux","shopGroup":"Crèmerie  hors fromage","qte":"100","unit":"g","step":"","order":5},{"label":"Gousse(s) d'ail","shopGroup":"Légumes","qte":"1","unit":"gousse(s)","step":"","order":6},{"label":"Oignon(s) nouveau(x)","shopGroup":"Légumes","qte":"3","unit":"botte(s)","step":"","order":7},{"label":"Huile d'olive","shopGroup":"Epicerie","qte":"15","unit":"cl","step":"","order":8},{"label":"Gros sel","shopGroup":"","qte":"30","unit":"g","step":"","order":9}],"chiefTip":"Vous pouvez aussi couper le filet en 6 tronçons et les ficeler individuellement.","id":10478}