{"title":"Poêlée de champignons des bois, copeaux de jambon ibérique et parmesan","description":"Laver les champignons. Nettoyer les cèpes à l'aide d'une brosse puis les couper en fines lamelles. Éplucher l'échalote puis la ciseler finement. Laver le persil, puis bien le sécher avant de le concasser.<br />Réserver tous ces ingrédients séparément.<br /><br />Dans une poêle avec un filet d'huile d'olive, faire revenir les cèpes puis ajouter les autres champignons. Laisser cuire 2 min, puis ajouter les échalotes et le persil. Saler et poivrer, cuire encore 2 min.<br /><br />Dans une assiette creuse, déposer les champignons puis les parsemer de copeaux de jambon ibérique et de copeaux de parmesan.<br />","summary":"Champignons des bois sautés et garnis de petits copeaux de jambon ibérique et de parmesan.","timePreparation":"30mn","timeBaking":"0mn","timeRest":"0mn","picture":"","ingredients":[{"label":"Cèpe(s)","shopGroup":"Légumes","qte":"6","unit":"pièce(s)","step":"","order":0},{"label":"Trompettes de la mort","shopGroup":"Légumes","qte":"400","unit":"g","step":"","order":1},{"label":"Pleurote(s)","shopGroup":"Légumes","qte":"400","unit":"g","step":"","order":2},{"label":"Girolle(s)","shopGroup":"Légumes","qte":"400","unit":"g","step":"","order":3},{"label":"Copeau(x)de Jambon Ibérique","shopGroup":"Charcuterie","qte":"30","unit":"pièce(s)","step":"","order":4},{"label":"Persil plat","shopGroup":"Herbes aromatiques","qte":"0.5","unit":"botte(s)","step":"","order":5},{"label":"Echalote(s)","shopGroup":"Légumes","qte":"1","unit":"pièce(s)","step":"","order":6},{"label":"Huile d'olive","shopGroup":"Epicerie","qte":"5","unit":"cl","step":"","order":7},{"label":"Moulin à poivre","shopGroup":"","qte":"6","unit":"tour(s)","step":"","order":8},{"label":"Sel fin","shopGroup":"","qte":"6","unit":"pincée(s)","step":"","order":9},{"label":"Copeau(x) de Parmigiano Reggiano","shopGroup":"Fromage(s)","qte":"30","unit":"pièce(s)","step":"","order":10}],"chiefTip":"Ne laissez pas les champignons trop longtemps dans l'eau, lavez-les plutôt à plusieurs reprises dans un bain d'eau froide propre.","id":10728}