{"id":10519,"title":"Recette de Crème siphonnée de vitelotte, rouleau végétal noisette/mimolette","description":"","summary":"Un rouleau de feuille de riz garni d'une farce à base de légumes crus et parfumé à l'huile de noisette, accompagné d'une émulsion de pomme de terre vitelotte.","timePreparation":"20mn","timeBaking":"20mn","timeRest":"0mn","picture":"http://1.media.atelierdeschefs.com/recette-e10519-creme-siphonnee-de-vitelotte-rouleau-vegetal-noisette-mimolette.jpg","ingredients":[{"label":"Galette(s) de riz moyenne","shopGroup":"Epicerie","qte":"6","unit":"pièce(s)","step":"Pour l'étape 1","order":0},{"label":"Pleurote(s)","shopGroup":"Légumes","qte":"200","unit":"g","step":"Pour l'étape 1","order":1},{"label":"Carotte(s)","shopGroup":"Légumes","qte":"2","unit":"pièce(s)","step":"Pour l'étape 1","order":2},{"label":"Concombre(s)","shopGroup":"Légumes","qte":"1","unit":"pièce(s)","step":"Pour l'étape 1","order":3},{"label":"Courgette(s)","shopGroup":"Légumes","qte":"2","unit":"pièce(s)","step":"Pour l'étape 1","order":4},{"label":"Branche(s) de céleri","shopGroup":"Légumes","qte":"2","unit":"pièce(s)","step":"Pour l'étape 1","order":5},{"label":"Menthe fraîche","shopGroup":"Herbes aromatiques","qte":"0.5","unit":"botte(s)","step":"Pour l'étape 1","order":6},{"label":"Laitue(s)","shopGroup":"Légumes","qte":"1","unit":"pièce(s)","step":"Pour l'étape 1","order":7},{"label":"Mimolette","shopGroup":"Fromage(s)","qte":"300","unit":"g","step":"Pour l'étape 1","order":8},{"label":"Basilic","shopGroup":"Herbes aromatiques","qte":"1","unit":"botte(s)","step":"Pour l'étape 1","order":9},{"label":"Huile de noisette","shopGroup":"Epicerie","qte":"2","unit":"cl","step":"Pour l'étape 1","order":10},{"label":"Noisette(s) hachée(s)","shopGroup":"Epicerie","qte":"60","unit":"g","step":"Pour l'étape 1","order":11},{"label":"Piment d'Espelette","shopGroup":"Epicerie","qte":"3","unit":"pincée(s)","step":"Pour l'étape 1","order":12},{"label":"Pomme(s) de terre Vitelotte","shopGroup":"Légumes","qte":"300","unit":"g","step":"Pour l'émulsion","order":13},{"label":"Lait 1/2 écrémé","shopGroup":"Crèmerie  hors fromage","qte":"5","unit":"cl","step":"Pour l'émulsion","order":14},{"label":"Beurre doux","shopGroup":"Crèmerie  hors fromage","qte":"100","unit":"g","step":"Pour l'émulsion","order":15},{"label":"Gros sel","shopGroup":"","qte":"10","unit":"g","step":"Pour l'émulsion","order":16},{"label":"Crème liquide entière","shopGroup":"Crèmerie  hors fromage","qte":"15","unit":"cl","step":"Pour l'émulsion","order":17}]}