{"title":"Crème siphonnée de vitelotte, rouleau végétal noisette/mimolette","description":"<br /><b>Pour la partie 1 :</b><br />Laver et peler tous les légumes.<br />Effilocher les pleurotes. Effeuiller le basilic, la menthe et la laitue, puis les ciseler très finement. Tailler la mimolette en fine julienne.<br />A l'aide d'une mandoline, couper tous les légumes en julienne, puis les mélanger délicatement avec toutes les herbes, la mimolette, l'huile de noisette et les noisettes.<br /><br />Disposer une feuille de riz dans un récipient avec de l'eau tiède afin de la faire ramollir, puis l'égoutter et la mettre sur un torchon pour la sécher. <br />Garnir le bas de la feuille d'un peu de mélange, rabattre le côté gauche et le côté droit, puis rouler bien serré en forme de cigare. <br />Renouveler l'opération jusqu'à épuisement de la farce. <br /><br />Accompagner de l'émulsion.<br /><br /><b>Pour l'émulsion :</b><br />Éplucher les pommes de terre, les mettre dans une casserole d'eau froide à hauteur et saler au gros sel à raison de 10 g par litre. Après la cuisson (entre 15 et 20 min), les égoutter puis les passer au tamis ou au moulin à purée. <br />Travailler ensuite la pulpe avec le lait, la crème et le beurre pour obtenir une purée à la consistance onctueuse.<br /><br />Placer la purée dans un siphon, ajouter l'air comprimé (tête en bas) et servir dans des petites verrines.<br />Terminer avec une pincée de piment d'Espelette.<br />","summary":"Un rouleau de feuille de riz garni d'une farce à base de légumes crus et parfumé à l'huile de noisette, accompagné d'une émulsion de pomme de terre vitelotte.","timePreparation":"20mn","timeBaking":"20mn","timeRest":"0mn","picture":"","ingredients":[{"label":"Galette(s) de riz moyenne","shopGroup":"Epicerie","qte":"6","unit":"pièce(s)","step":"Pour l'étape 1","order":0},{"label":"Pleurote(s)","shopGroup":"Légumes","qte":"200","unit":"g","step":"Pour l'étape 1","order":1},{"label":"Carotte(s)","shopGroup":"Légumes","qte":"2","unit":"pièce(s)","step":"Pour l'étape 1","order":2},{"label":"Concombre(s)","shopGroup":"Légumes","qte":"1","unit":"pièce(s)","step":"Pour l'étape 1","order":3},{"label":"Courgette(s)","shopGroup":"Légumes","qte":"2","unit":"pièce(s)","step":"Pour l'étape 1","order":4},{"label":"Branche(s) de céleri","shopGroup":"Légumes","qte":"2","unit":"pièce(s)","step":"Pour l'étape 1","order":5},{"label":"Menthe fraîche","shopGroup":"Herbes aromatiques","qte":"0.5","unit":"botte(s)","step":"Pour l'étape 1","order":6},{"label":"Laitue(s)","shopGroup":"Légumes","qte":"1","unit":"pièce(s)","step":"Pour l'étape 1","order":7},{"label":"Mimolette","shopGroup":"Fromage(s)","qte":"300","unit":"g","step":"Pour l'étape 1","order":8},{"label":"Basilic","shopGroup":"Herbes aromatiques","qte":"1","unit":"botte(s)","step":"Pour l'étape 1","order":9},{"label":"Huile de noisette","shopGroup":"Epicerie","qte":"2","unit":"cl","step":"Pour l'étape 1","order":10},{"label":"Noisette(s) hachée(s)","shopGroup":"Epicerie","qte":"60","unit":"g","step":"Pour l'étape 1","order":11},{"label":"Piment d'Espelette","shopGroup":"Epicerie","qte":"3","unit":"pincée(s)","step":"Pour l'étape 1","order":12},{"label":"Pomme(s) de terre Vitelotte","shopGroup":"Légumes","qte":"300","unit":"g","step":"Pour l'émulsion","order":13},{"label":"Lait 1/2 écrémé","shopGroup":"Crèmerie  hors fromage","qte":"5","unit":"cl","step":"Pour l'émulsion","order":14},{"label":"Beurre doux","shopGroup":"Crèmerie  hors fromage","qte":"100","unit":"g","step":"Pour l'émulsion","order":15},{"label":"Gros sel","shopGroup":"","qte":"10","unit":"g","step":"Pour l'émulsion","order":16},{"label":"Crème liquide entière","shopGroup":"Crèmerie  hors fromage","qte":"15","unit":"cl","step":"Pour l'émulsion","order":17}],"chiefTip":"A partir du moment où vous passez un rouleau à la friteuse, il prend alors l'appellation de nem.Complétez cette recette avec d'autres légumes, de la viande (porc, poulet...) ou des crustacés (gambas, langoustines...).","id":10519}