{"title":"Cocotte de légumes oubliés, oeuf de poule poché, jus mousseux","description":"Éplucher et laver tous les légumes. Couper les topinambours, les cerfeuils tubéreux et le panais en quartiers, puis en arrondir les angles (\"tourner\" un légume). Couper le rutabaga en dés de 1 cm de côté. Éplucher les salsifis et les couper de biais en fines lamelles.<br />Tailler les marrons en petits dés (brunoise).<br /><br />Dans une casserole d'eau bouillante, cuire les légumes les uns après les autres. Les légumes doivent être fondants. Garder l'eau de cuisson puis la mettre à réduire de 3/4.<br />Ajouter la crème et faire réduire de nouveau jusqu'à obtenir une consistance \"nappante\".<br /><br />Faire bouillir de l'eau avec du vinaigre blanc (1 litre d'eau pour 10 cl de vinaigre). Casser chaque oeuf dans un ramequin et le plonger dans l'eau frémissante. A coagulation du blanc (2 à 3 min), le plonger dans de l'eau glacée.<br /><br />Dans une poêle, mettre une noisette de beurre et faire un beurre noisette. Ajouter les légumes et la brunoise de marron, puis faire sauter l'ensemble pour bien le réchauffer. Saler.<br />Mixer le jus des légumes pour obtenir une belle mousse.<br /><br />Dans des petites cocottes individuelles, disposer les légumes au fond, un oeuf poché, puis verser le jus et de la mousse. Ajouter de la fleur de sel et un tour de moulin à poivre.<br />","summary":"Un délicieux mélange de légumes : panais, topinambours et autres, servis avec leur jus de cuisson et un oeuf poché.","timePreparation":"45mn","timeBaking":"15mn","timeRest":"0mn","picture":"","ingredients":[{"label":"Topinambour(s)","shopGroup":"Légumes","qte":"200","unit":"g","step":"","order":0},{"label":"Cerfeuil tubéreux","shopGroup":"Légumes","qte":"200","unit":"g","step":"","order":1},{"label":"Panais","shopGroup":"Légumes","qte":"4","unit":"pièce(s)","step":"","order":2},{"label":"Rutabaga(s)","shopGroup":"Légumes","qte":"200","unit":"g","step":"","order":3},{"label":"Salsifis frais","shopGroup":"Légumes","qte":"200","unit":"g","step":"","order":4},{"label":"Marron(s) cuit(s)","shopGroup":"Conserve","qte":"100","unit":"g","step":"","order":5},{"label":"Crème liquide entière","shopGroup":"Crèmerie  hors fromage","qte":"15","unit":"cl","step":"","order":6},{"label":"Vinaigre alcool blanc","shopGroup":"Epicerie","qte":"10","unit":"cl","step":"","order":7},{"label":"Eau","shopGroup":"","qte":"1","unit":"l","step":"","order":8},{"label":"Oeuf(s)","shopGroup":"Crèmerie  hors fromage","qte":"6","unit":"pièce(s)","step":"","order":9},{"label":"Beurre doux","shopGroup":"Crèmerie  hors fromage","qte":"50","unit":"g","step":"","order":10},{"label":"Sel fin","shopGroup":"","qte":"3","unit":"pincée(s)","step":"","order":11},{"label":"Moulin à poivre","shopGroup":"","qte":"3","unit":"tour(s)","step":"","order":12},{"label":"Fleur de sel","shopGroup":"Epicerie","qte":"3","unit":"pincée(s)","step":"","order":13}],"chiefTip":"Vous n'êtes pas obligé de poêler les légumes au beurre : vous pouvez simplement les remettre à chauffer dans le jus une fois la recette terminée.","id":10416}