{"id":10416,"title":"Recette de Cocotte de légumes oubliés, oeuf de poule poché, jus mousseux","description":"","summary":"Un délicieux mélange de légumes : panais, topinambours et autres, servis avec leur jus de cuisson et un oeuf poché.","timePreparation":"45mn","timeBaking":"15mn","timeRest":"0mn","picture":"http://1.media.atelierdeschefs.com/recette-e10416-cocotte-de-legumes-oublies-oeuf-de-poule-poche-jus-mousseux.jpg","ingredients":[{"label":"Topinambour(s)","shopGroup":"Légumes","qte":"200","unit":"g","step":"","order":0},{"label":"Cerfeuil tubéreux","shopGroup":"Légumes","qte":"200","unit":"g","step":"","order":1},{"label":"Panais","shopGroup":"Légumes","qte":"4","unit":"pièce(s)","step":"","order":2},{"label":"Rutabaga(s)","shopGroup":"Légumes","qte":"200","unit":"g","step":"","order":3},{"label":"Salsifis frais","shopGroup":"Légumes","qte":"200","unit":"g","step":"","order":4},{"label":"Marron(s) cuit(s)","shopGroup":"Conserve","qte":"100","unit":"g","step":"","order":5},{"label":"Crème liquide entière","shopGroup":"Crèmerie  hors fromage","qte":"15","unit":"cl","step":"","order":6},{"label":"Vinaigre alcool blanc","shopGroup":"Epicerie","qte":"10","unit":"cl","step":"","order":7},{"label":"Eau","shopGroup":"","qte":"1","unit":"l","step":"","order":8},{"label":"Oeuf(s)","shopGroup":"Crèmerie  hors fromage","qte":"6","unit":"pièce(s)","step":"","order":9},{"label":"Beurre doux","shopGroup":"Crèmerie  hors fromage","qte":"50","unit":"g","step":"","order":10},{"label":"Sel fin","shopGroup":"","qte":"3","unit":"pincée(s)","step":"","order":11},{"label":"Moulin à poivre","shopGroup":"","qte":"3","unit":"tour(s)","step":"","order":12},{"label":"Fleur de sel","shopGroup":"Epicerie","qte":"3","unit":"pincée(s)","step":"","order":13}]}