{"title":"Caviar amer, écume de lait chocolaté","description":"Pour le caviar : dans un récipient à bord haut, ajouter le lait et le cacao en poudre. Mixer légèrement puis ajouter l'alginate de sodium et mixer à nouveau pour obtenir une préparation bien lisse. Laisser ensuite reposer 10 min dans un grand bol.<br />Ajouter l'eau et le lactate de calcium, mélanger au fouet puis en vous aidant d'une seringue, réaliser des perles à la surface de l'eau. Les pocher 1 min puis les rincer dans un bol d'eau claire et réserver.<br /><br />Pour l'émulsion : dans un siphon, ajouter le lait, les blancs d'oeufs, le cacao et le sucre glace. Refermer le corps et bien mélanger, garder la tête en bas et injecter une cartouche de gaz. <br /><br />Pour le dressage : dans des verres à dégustation, ajouter le caviar bien égoutté et finir avec l'émulsion au dernier moment.<br />","summary":"Toute l'intensité du cacao vous est dévoilée dans cette recette.","timePreparation":"30mn","timeBaking":"0mn","timeRest":"0mn","picture":"","ingredients":[{"label":"Cacao en poudre non sucré","shopGroup":"","qte":"60","unit":"g","step":"Pour la sphérification","order":0},{"label":"Lait 1/2 écrémé","shopGroup":"","qte":"40","unit":"cl","step":"Pour la sphérification","order":1},{"label":"Alginate de sodium","shopGroup":"Epicerie","qte":"4","unit":"g","step":"Pour la sphérification","order":2},{"label":"Lactate de calcium","shopGroup":"Epicerie","qte":"12","unit":"g","step":"Pour la sphérification","order":3},{"label":"Eau","shopGroup":"","qte":"20","unit":"cl","step":"Pour la sphérification","order":4},{"label":"Lait 1/2 écrémé","shopGroup":"Crèmerie  hors fromage","qte":"25","unit":"cl","step":"Pour l'émulsion","order":5},{"label":"Sucre glace","shopGroup":"Epicerie","qte":"30","unit":"g","step":"Pour l'émulsion","order":6},{"label":"Cacao en poudre non sucré","shopGroup":"Epicerie","qte":"80","unit":"g","step":"Pour l'émulsion","order":7},{"label":"Blanc(s) d'oeuf","shopGroup":"Crèmerie  hors fromage","qte":"3","unit":"pièce(s)","step":"Pour l'émulsion","order":8}],"chiefTip":"Vous pouvez sucrer votre préparation pour casser l'amertume du cacao.","id":10370}