{"title":"Samoussa de porc epicé et mentholé","description":"Parer le filet mignon et le couper en petits morceaux .<br />Éplucher et émincer l'oignon. Effeuiller la menthe et la ciseler finement.<br />Passer tous les ingrédients au hachoir à viande, puis les assaisonner avec le curcuma, le curry et le piment d'Espelette. Terminer avec  la menthe et saler légèrement.<br /><br />Détailler les feuilles de brick en 4 dans la longueur afin d'obtenir de larges bandes. Disposer une noix de farce sur chacune, puis replier la bande de brick afin d'obtenir un triangle. Replier ensuite ce triangle jusqu'à la fin de la bande, puis replier l'extrémité afin de fermer le samoussa.<br /><br />Dans une poêle antiadhésive, faire chauffer un trait  d'huile d'olive et colorer les samoussas sur chaque face.<br />","summary":"Spécialité indienne croustillante et parfumée, parfaite pour les apéritifs dînatoires.","timePreparation":"30mn","timeBaking":"10mn","timeRest":"0mn","picture":"","ingredients":[{"label":"Filet(s) mignon de porc","shopGroup":"Boucherie","qte":"500","unit":"g","step":"Pour la farce","order":0},{"label":"Oignon(s)","shopGroup":"Légumes","qte":"1","unit":"pièce(s)","step":"Pour la farce","order":1},{"label":"Menthe fraîche","shopGroup":"Herbes aromatiques","qte":"0.5","unit":"botte(s)","step":"Pour la farce","order":2},{"label":"Curcuma en poudre","shopGroup":"Epicerie","qte":"3","unit":"g","step":"Pour la farce","order":3},{"label":"Curry","shopGroup":"Epicerie","qte":"6","unit":"g","step":"Pour la farce","order":4},{"label":"Piment d'Espelette","shopGroup":"Epicerie","qte":"3","unit":"pincée(s)","step":"Pour la farce","order":5},{"label":"Sel fin","shopGroup":"","qte":"3","unit":"pincée(s)","step":"Pour la farce","order":6},{"label":"Feuille(s) de brick","shopGroup":"Traiteur","qte":"6","unit":"pièce(s)","step":"Pour la farce","order":7},{"label":"Huile d'olive","shopGroup":"Epicerie","qte":"3","unit":"cl","step":"Pour la farce","order":8}],"chiefTip":"La viande de porc peut être remplacée par de la volaille ou de l'agneau.","id":10608}