{"id":10608,"title":"Recette de Samoussa de porc epicé et mentholé","description":"","summary":"Spécialité indienne croustillante et parfumée, parfaite pour les apéritifs dînatoires.","timePreparation":"30mn","timeBaking":"10mn","timeRest":"0mn","picture":"http://1.media.atelierdeschefs.com/recette-e10608-samoussa-de-porc-epice-et-menthole.jpg","ingredients":[{"label":"Filet(s) mignon de porc","shopGroup":"Boucherie","qte":"500","unit":"g","step":"Pour la farce","order":0},{"label":"Oignon(s)","shopGroup":"Légumes","qte":"1","unit":"pièce(s)","step":"Pour la farce","order":1},{"label":"Menthe fraîche","shopGroup":"Herbes aromatiques","qte":"0.5","unit":"botte(s)","step":"Pour la farce","order":2},{"label":"Curcuma en poudre","shopGroup":"Epicerie","qte":"3","unit":"g","step":"Pour la farce","order":3},{"label":"Curry","shopGroup":"Epicerie","qte":"6","unit":"g","step":"Pour la farce","order":4},{"label":"Piment d'Espelette","shopGroup":"Epicerie","qte":"3","unit":"pincée(s)","step":"Pour la farce","order":5},{"label":"Sel fin","shopGroup":"","qte":"3","unit":"pincée(s)","step":"Pour la farce","order":6},{"label":"Feuille(s) de brick","shopGroup":"Traiteur","qte":"6","unit":"pièce(s)","step":"Pour la farce","order":7},{"label":"Huile d'olive","shopGroup":"Epicerie","qte":"3","unit":"cl","step":"Pour la farce","order":8}]}