{"id":10750,"title":"Recette de Macaron au citron et aux olives confites","description":"","summary":"Macaron garni d'une crème onctueuse au citron jaune et aux olives confites au sirop.","timePreparation":"30mn","timeBaking":"15mn","timeRest":"15mn","picture":"http://1.media.atelierdeschefs.com/recette-e10750-macaron-au-citron-et-aux-olives-confites.jpg","ingredients":[{"label":"Sucre glace","shopGroup":"Epicerie","qte":"210","unit":"g","step":"Pour les macarons","order":0},{"label":"Blanc(s) d'oeuf","shopGroup":"Crèmerie  hors fromage","qte":"130","unit":"g","step":"Pour les macarons","order":1},{"label":"Poudre d'amande","shopGroup":"Epicerie","qte":"150","unit":"g","step":"Pour les macarons","order":2},{"label":"Sucre en poudre","shopGroup":"","qte":"90","unit":"g","step":"Pour les macarons","order":3},{"label":"Colorant poudre jaune","shopGroup":"Epicerie","qte":"5","unit":"g","step":"Pour les macarons","order":4},{"label":"Lait 1/2 écrémé","shopGroup":"Crèmerie  hors fromage","qte":"50","unit":"cl","step":"Pour la crème","order":5},{"label":"Jaune(s) d'oeuf(s)","shopGroup":"Crèmerie  hors fromage","qte":"100","unit":"g","step":"Pour la crème","order":6},{"label":"Sucre en poudre","shopGroup":"","qte":"100","unit":"g","step":"Pour la crème","order":7},{"label":"Farine de blé","shopGroup":"Epicerie","qte":"40","unit":"g","step":"Pour la crème","order":8},{"label":"Marmelade de citron","shopGroup":"Epicerie","qte":"40","unit":"g","step":"Pour la crème","order":9},{"label":"Crème liquide entière","shopGroup":"Crèmerie  hors fromage","qte":"20","unit":"cl","step":"Pour la crème","order":10},{"label":"Sucre en poudre","shopGroup":"Epicerie","qte":"500","unit":"g","step":"Pour le reste de la recette","order":11},{"label":"Eau","shopGroup":"","qte":"25","unit":"cl","step":"Pour le reste de la recette","order":12},{"label":"Olive(s) noire(s) dénoyautée(s)","shopGroup":"Epicerie","qte":"200","unit":"g","step":"Pour le reste de la recette","order":13}]}