{"title":"Won-ton ravioli de cabillaud, senteur méridionale","description":"","summary":"Une friture de ravioles de poisson en forme d'aumônière, aux parfums de citronnelle.","timePreparation":"30mn","timeBaking":"10mn","timeRest":"0mn","picture":"","ingredients":[{"label":"Pavé(s) de cabillaud (100 g)","shopGroup":"Poissonnerie","qte":"6","unit":"pièce(s)","step":"","order":0},{"label":"Tomate(s) confite(s)","shopGroup":"Epicerie","qte":"50","unit":"g","step":"","order":1},{"label":"Olive(s) verte(s) dénoyautée(s)","shopGroup":"Epicerie","qte":"50","unit":"g","step":"","order":2},{"label":"Olive(s) noire(s) dénoyautée(s)","shopGroup":"Epicerie","qte":"50","unit":"g","step":"","order":3},{"label":"Coriandre fraîche","shopGroup":"Herbes aromatiques","qte":"0.5","unit":"botte(s)","step":"","order":4},{"label":"Gousse(s) d'ail","shopGroup":"Légumes","qte":"1","unit":"gousse(s)","step":"","order":5},{"label":"Echalote(s)","shopGroup":"Légumes","qte":"2","unit":"pièce(s)","step":"","order":6},{"label":"Paprika","shopGroup":"Epicerie","qte":"5","unit":"g","step":"","order":7},{"label":"Poudre de gingembre","shopGroup":"Epicerie","qte":"5","unit":"g","step":"","order":8},{"label":"Ras el hanout","shopGroup":"Epicerie","qte":"5","unit":"g","step":"","order":9},{"label":"Feuille(s) de pâte à raviole","shopGroup":"Traiteur","qte":"24","unit":"pièce(s)","step":"Pour le reste de la recette","order":10},{"label":"oeuf(s)pour dorure","shopGroup":"","qte":"1","unit":"pièce(s)","step":"Pour le reste de la recette","order":11},{"label":"Sel fin","shopGroup":"","qte":"3","unit":"pincée(s)","step":"Pour le reste de la recette","order":12},{"label":"Piment d'Espelette","shopGroup":"Epicerie","qte":"3","unit":"pincée(s)","step":"Pour le reste de la recette","order":13},{"label":"Huile d'olive","shopGroup":"Epicerie","qte":"5","unit":"cl","step":"Pour le reste de la recette","order":14},{"label":"Huile de friture","shopGroup":"Epicerie","qte":"2","unit":"l","step":"Pour le reste de la recette","order":15}],"chiefTip":"Vous pouvez agrémenter cette recette de champignons : de Paris, shiitake ou pleurotes.Accompagnez ce plat de sauce soja et de gingembre confit.","id":10605}