{"title":"Poêlée de quetsches \"éclatées\" à la menthe poivrée, miettes de spéculoos","description":"","summary":"Des petites quetsches cuites rapidement dans un caramel à la fleur d'oranger.","timePreparation":"10mn","timeBaking":"10mn","timeRest":"0mn","picture":"","ingredients":[{"label":"Prune(s)","shopGroup":"Fruits","qte":"600","unit":"g","step":"","order":0},{"label":"Sucre en poudre","shopGroup":"Epicerie","qte":"100","unit":"g","step":"","order":1},{"label":"Eau de fleur d'oranger","shopGroup":"Epicerie","qte":"2","unit":"cl","step":"","order":2},{"label":"Jus d'orange","shopGroup":"Boissons sans alcool","qte":"4","unit":"cl","step":"","order":3},{"label":"Menthe fraîche","shopGroup":"Herbes aromatiques","qte":"0.25","unit":"botte(s)","step":"","order":4},{"label":"Spéculoos","shopGroup":"Epicerie","qte":"150","unit":"g","step":"","order":5}],"chiefTip":"Vous pouvez terminer ce dessert avec une boule de glace ou éventuellement un granité.Pour apporter une note orientale plus prononcée, finissez par une pincée de gingembre en poudre et de cumin.","id":10129}