{"title":"Suprêmes de volaille contisés au Leerdammer façon curry, écrasée de patates douces à La Vache qui rit","description":"Préchauffer le four à 220 °C (th. 7).<br />Éplucher l'oignon et le ciseler en petits dés. Tailler la pomme en dés de 1 cm de côté. Éplucher les patates douces et les couper en cubes.<br /><br />Dans une casserole, faire cuire les patates douces dans un grand volume d'eau. Les égoutter et les écraser à l'aide d'un fouet, puis travailler la pulpe avec La Vache qui rit.<br /><br />Décoller du bout des doigts la peau des suprêmes et glisser des lamelles de Leerdammer dessous.<br />Dans une poêle chaude avec un filet d'huile d'olive, colorer les suprêmes de volaille côté peau pendant 4 min, puis les retourner sur une plaque de cuisson.<br />Dans la même poêle, faire suer l'oignon, ajouter les amandes effilées, les raisins secs et l'épice. Déglacer ensuite avec le lait de coco et la crème, puis faire bouillir et rectifier l'assaisonnement. Ajouter ensuite les pommes, puis réserver la sauce.<br /><br />Cuire les volailles au four à 220 °C pendant environ 8 min.<br /><br />Dresser un cercle de patates douces dans une assiette et déposer le curry maison devant, puis poser le suprême de volaille dessus.<br />","summary":"Suprême de volaille avec des lamelles de Leerdammer sous la peau, purée de patates douces accompagnée d'un curry maison au lait de coco.","timePreparation":"30mn","timeBaking":"0mn","timeRest":"0mn","picture":"","ingredients":[{"label":"Suprême(s) de poulet","shopGroup":"Volaille(s)","qte":"6","unit":"pièce(s)","step":"","order":0},{"label":"Sel fin","shopGroup":"","qte":"6","unit":"pincée(s)","step":"","order":1},{"label":"Moulin à poivre","shopGroup":"","qte":"6","unit":"tour(s)","step":"","order":2},{"label":"Huile d'olive","shopGroup":"Epicerie","qte":"5","unit":"cl","step":"","order":3},{"label":"Curry","shopGroup":"Epicerie","qte":"10","unit":"g","step":"","order":4},{"label":"Oignon(s)","shopGroup":"Légumes","qte":"1","unit":"pièce(s)","step":"","order":5},{"label":"Amande(s) effilée(s)","shopGroup":"Epicerie","qte":"20","unit":"g","step":"","order":6},{"label":"Raisin(s) sec(s) blond(s)","shopGroup":"Epicerie","qte":"20","unit":"g","step":"","order":7},{"label":"Pomme(s)","shopGroup":"Fruits","qte":"1","unit":"pièce(s)","step":"","order":8},{"label":"Lait de coco non sucré","shopGroup":"Epicerie","qte":"40","unit":"cl","step":"","order":9},{"label":"Crème liquide entière","shopGroup":"Crèmerie  hors fromage","qte":"20","unit":"cl","step":"","order":10},{"label":"Patate(s) douce(s) rouge(s)","shopGroup":"Légumes","qte":"900","unit":"g","step":"","order":11},{"label":"Vache qui rit","shopGroup":"Fromage(s)","qte":"6","unit":"pièce(s)","step":"","order":12},{"label":"Tranche(s) de Leerdammer","shopGroup":"Fromage(s)","qte":"6","unit":"pièce(s)","step":"","order":13}],"chiefTip":"N'hésitez pas à ajouter d'autres épices et de la pâte de piment.","id":10405}