{"id":10405,"title":"Recette de Suprêmes de volaille contisés au Leerdammer façon curry, écrasée de patates douces à La Vache qui rit","description":"","summary":"Suprême de volaille avec des lamelles de Leerdammer sous la peau, purée de patates douces accompagnée d'un curry maison au lait de coco.","timePreparation":"30mn","timeBaking":"0mn","timeRest":"0mn","picture":"http://1.media.atelierdeschefs.com/recette-e10405-supremes-de-volaille-contises-au-leerdammer-facon-curry-ecrasee-de-patates-douces-a-la-vache-qui-rit.jpg","ingredients":[{"label":"Suprême(s) de poulet","shopGroup":"Volaille(s)","qte":"6","unit":"pièce(s)","step":"","order":0},{"label":"Sel fin","shopGroup":"","qte":"6","unit":"pincée(s)","step":"","order":1},{"label":"Moulin à poivre","shopGroup":"","qte":"6","unit":"tour(s)","step":"","order":2},{"label":"Huile d'olive","shopGroup":"Epicerie","qte":"5","unit":"cl","step":"","order":3},{"label":"Curry","shopGroup":"Epicerie","qte":"10","unit":"g","step":"","order":4},{"label":"Oignon(s)","shopGroup":"Légumes","qte":"1","unit":"pièce(s)","step":"","order":5},{"label":"Amande(s) effilée(s)","shopGroup":"Epicerie","qte":"20","unit":"g","step":"","order":6},{"label":"Raisin(s) sec(s) blond(s)","shopGroup":"Epicerie","qte":"20","unit":"g","step":"","order":7},{"label":"Pomme(s)","shopGroup":"Fruits","qte":"1","unit":"pièce(s)","step":"","order":8},{"label":"Lait de coco non sucré","shopGroup":"Epicerie","qte":"40","unit":"cl","step":"","order":9},{"label":"Crème liquide entière","shopGroup":"Crèmerie  hors fromage","qte":"20","unit":"cl","step":"","order":10},{"label":"Patate(s) douce(s) rouge(s)","shopGroup":"Légumes","qte":"900","unit":"g","step":"","order":11},{"label":"Vache qui rit","shopGroup":"Fromage(s)","qte":"6","unit":"pièce(s)","step":"","order":12},{"label":"Tranche(s) de Leerdammer","shopGroup":"Fromage(s)","qte":"6","unit":"pièce(s)","step":"","order":13}]}