{"title":"Bouchée de sandre au raifort, sauce façon Flammekueche","description":"Porter le lait à ébullition avec une pincée de gros sel. Déposer les filets de sandre dedans puis, à la reprise de l'ébullition, attendre 1 min. Éteindre alors le feu et terminer la cuisson à couvert (afin de garder le poisson tendre et nacré).<br /><br />Peler les pommes de terre et les tailler en cubes, puis les cuire dans une eau salée (10 g de gros sel/litre), départ eau froide. Les égoutter puis à l'aide d'un fouet, les écraser avec le poisson cuit. Ajouter le beurre et terminer en incorporant les oeufs 1 par 1. Assaisonner le mélange et ajouter le raifort. <br />Façonner ensuite des boulettes d'environ 4 à 5 cm de diamètre, puis les rouler sur le plan de travail pour leur donner une forme cylindrique.<br />Rouler successivement les bouchées de sandre dans la farine et dans la chapelure (elles doivent être parfaitement enrobées).<br /><br />Éplucher et ciseler les oignons.<br />Dans une poêle chaude, verser un filet d'huile d'olive et cuire les oignons avec une pincée de sel fin. Une fois les oignons translucides, ajouter les lardons et les laisser colorer. Déglacer ensuite la poêle avec le vin blanc, puis laisser réduire à sec et débarrasser.<br />Après refroidissement, ajouter le fromage blanc et rectifier l'assaisonnement.  <br /><br />Faire chauffer l'huile de friture à 170 °C.<br />Frire les croquettes dans l'huile chaude pendant quelques minutes, le temps qu'elles soient dorées de toutes parts.<br /><br />A déguster avec la sauce fromage blanc.<br />","summary":"Croquette de sandre relevée au raifort et accompagnée d'une sauce fromage blanc rappelant la Flammekueche.","timePreparation":"30mn","timeBaking":"0mn","timeRest":"0mn","picture":"","ingredients":[{"label":"Sandre","shopGroup":"Poissonnerie","qte":"600","unit":"g","step":"","order":0},{"label":"Pomme(s) de terre  à chair farineuse","shopGroup":"Légumes","qte":"400","unit":"g","step":"","order":1},{"label":"Lait 1/2 écrémé","shopGroup":"Crèmerie  hors fromage","qte":"1","unit":"l","step":"","order":2},{"label":"Beurre doux","shopGroup":"Crèmerie  hors fromage","qte":"50","unit":"g","step":"","order":3},{"label":"Raifort en pot","shopGroup":"Epicerie","qte":"2","unit":"c.","step":"","order":4},{"label":"Oeuf(s)","shopGroup":"Crèmerie  hors fromage","qte":"2","unit":"pièce(s)","step":"","order":5},{"label":"Farine de blé","shopGroup":"Epicerie","qte":"100","unit":"g","step":"","order":6},{"label":"Chapelure de pain","shopGroup":"Epicerie","qte":"150","unit":"g","step":"","order":7},{"label":"Fromage blanc","shopGroup":"Fromage(s)","qte":"300","unit":"g","step":"","order":8},{"label":"Oignon(s)","shopGroup":"Légumes","qte":"2","unit":"pièce(s)","step":"","order":9},{"label":"Lardon(s)","shopGroup":"Charcuterie","qte":"200","unit":"g","step":"","order":10},{"label":"Vin blanc sec","shopGroup":"","qte":"10","unit":"cl","step":"","order":11},{"label":"Huile d'olive","shopGroup":"Epicerie","qte":"2","unit":"cl","step":"","order":12},{"label":"Sel fin","shopGroup":"","qte":"6","unit":"pincée(s)","step":"","order":13},{"label":"Moulin à poivre","shopGroup":"","qte":"6","unit":"tour(s)","step":"","order":14},{"label":"Gros sel","shopGroup":"","qte":"10","unit":"g","step":"","order":15},{"label":"Huile de friture","shopGroup":"Epicerie","qte":"1","unit":"l","step":"","order":16}],"chiefTip":"Vous pouvez ajouter à votre chapelure des fruits secs en poudre tels que des noisettes ou des amandes pour apporter plus de saveurs.","id":10555}