{"id":10555,"title":"Recette de Bouchée de sandre au raifort, sauce façon Flammekueche","description":"","summary":"Croquette de sandre relevée au raifort et accompagnée d'une sauce fromage blanc rappelant la Flammekueche.","timePreparation":"30mn","timeBaking":"0mn","timeRest":"0mn","picture":"http://1.media.atelierdeschefs.com/recette-e10555-bouchee-de-sandre-au-raifort-sauce-facon-flammekueche.jpg","ingredients":[{"label":"Sandre","shopGroup":"Poissonnerie","qte":"600","unit":"g","step":"","order":0},{"label":"Pomme(s) de terre  à chair farineuse","shopGroup":"Légumes","qte":"400","unit":"g","step":"","order":1},{"label":"Lait 1/2 écrémé","shopGroup":"Crèmerie  hors fromage","qte":"1","unit":"l","step":"","order":2},{"label":"Beurre doux","shopGroup":"Crèmerie  hors fromage","qte":"50","unit":"g","step":"","order":3},{"label":"Raifort en pot","shopGroup":"Epicerie","qte":"2","unit":"c.","step":"","order":4},{"label":"Oeuf(s)","shopGroup":"Crèmerie  hors fromage","qte":"2","unit":"pièce(s)","step":"","order":5},{"label":"Farine de blé","shopGroup":"Epicerie","qte":"100","unit":"g","step":"","order":6},{"label":"Chapelure de pain","shopGroup":"Epicerie","qte":"150","unit":"g","step":"","order":7},{"label":"Fromage blanc","shopGroup":"Fromage(s)","qte":"300","unit":"g","step":"","order":8},{"label":"Oignon(s)","shopGroup":"Légumes","qte":"2","unit":"pièce(s)","step":"","order":9},{"label":"Lardon(s)","shopGroup":"Charcuterie","qte":"200","unit":"g","step":"","order":10},{"label":"Vin blanc sec","shopGroup":"","qte":"10","unit":"cl","step":"","order":11},{"label":"Huile d'olive","shopGroup":"Epicerie","qte":"2","unit":"cl","step":"","order":12},{"label":"Sel fin","shopGroup":"","qte":"6","unit":"pincée(s)","step":"","order":13},{"label":"Moulin à poivre","shopGroup":"","qte":"6","unit":"tour(s)","step":"","order":14},{"label":"Gros sel","shopGroup":"","qte":"10","unit":"g","step":"","order":15},{"label":"Huile de friture","shopGroup":"Epicerie","qte":"1","unit":"l","step":"","order":16}]}