{"title":"Panna cotta au lait d'amande, émulsion de pralines roses et brioche perdue","description":"<br /><b>Pour la pannacotta</b><br />Mettre la gélatine à ramollir dans de l'eau froide. Faire bouillir 20 cl de crème liquide et le lait d'amande  avec le sucre, ajouter la gélatine égouttée, bien mélanger et ajouter le reste de crème froide, laisser refroidir. Mettre en verrine et réserver au frais au moins 45 min.<br /><br /><b>Pour l'émulsion</b><br />Chauffer  les pralines roses dans une casserole avec le lait et la crème pour les faire fondre. Mixer puis ajouter les jaunes d'oeufs, remettre dans la casserole et cuire doucement « à la nappe » comme une crème anglaise (tirer un trait sur la cuillère, si la crème ne recouvre pas le trait cela signifie que la crème est cuite). Passer le tout au chinois étamine. Faire ramollir les feuilles de gélatine dans de l'eau froide et les ajouter dans la préparation. Verser dans le siphon et gazer. Réserver au frais.<br /><br /><b>Pour le reste de la recette</b><br />Couper des tranches de brioches de 2 cm d'épaisseur puis les recouper en 2. Mélanger les oeufs avec le sucre et le lait puis tremper les tranches de brioches. Egoutter et saisir les tranches dans une poêle chaude avec le beurre.<br />Servir l'émulsion pralines roses sur la pannacotta et accompagner des tranches de brioches perdues.<br />","summary":"Un mélange de crème liquide et de lait d'amande pris comme une pannacotta. Elle est surmontée d'une émulsion à la praline rose et de bâtonnets de brioche façon pain perdu.","timePreparation":"30mn","timeBaking":"5mn","timeRest":"45mn","picture":"","ingredients":[{"label":"Crème liquide entière","shopGroup":"","qte":"40","unit":"cl","step":"","order":0},{"label":"Sucre en poudre","shopGroup":"","qte":"70","unit":"g","step":"","order":1},{"label":"Lait d'amande","shopGroup":"Epicerie","qte":"10","unit":"cl","step":"","order":2},{"label":"Feuille(s) de gélatine de 2 g","shopGroup":"","qte":"2","unit":"pièce(s)","step":"","order":3},{"label":"Lait 1/2 écrémé","shopGroup":"","qte":"15","unit":"cl","step":"Pour l'émulsion","order":4},{"label":"Crème liquide entière","shopGroup":"Crèmerie  hors fromage","qte":"18","unit":"cl","step":"Pour l'émulsion","order":5},{"label":"Praline(s) rose(s)","shopGroup":"Epicerie","qte":"150","unit":"g","step":"Pour l'émulsion","order":6},{"label":"Jaune(s) d'oeuf(s)","shopGroup":"Crèmerie  hors fromage","qte":"6","unit":"pièce(s)","step":"Pour l'émulsion","order":7},{"label":"Feuille(s) de gélatine de 2 g","shopGroup":"Epicerie","qte":"1.5","unit":"pièce(s)","step":"Pour l'émulsion","order":8},{"label":"Brioche","shopGroup":"Boulangerie","qte":"100","unit":"g","step":"Pour le reste de la recette","order":9},{"label":"Sucre en poudre","shopGroup":"Epicerie","qte":"50","unit":"g","step":"Pour le reste de la recette","order":10},{"label":"Lait 1/2 écrémé","shopGroup":"Crèmerie  hors fromage","qte":"20","unit":"cl","step":"Pour le reste de la recette","order":11},{"label":"Oeuf(s)","shopGroup":"Crèmerie  hors fromage","qte":"2","unit":"pièce(s)","step":"Pour le reste de la recette","order":12},{"label":"Beurre doux","shopGroup":"Crèmerie  hors fromage","qte":"30","unit":"g","step":"Pour le reste de la recette","order":13}],"chiefTip":"Si vous le souhaitez, vous pouvez remplacer la brioche par du kouglof.","id":10162}