{"id":10162,"title":"Recette de Panna cotta au lait d'amande, émulsion de pralines roses et brioche perdue","description":"","summary":"Un mélange de crème liquide et de lait d'amande pris comme une pannacotta. Elle est surmontée d'une émulsion à la praline rose et de bâtonnets de brioche façon pain perdu.","timePreparation":"30mn","timeBaking":"5mn","timeRest":"45mn","picture":"http://1.media.atelierdeschefs.com/recette-e10162-panna-cotta-au-lait-d-amande-emulsion-de-pralines-roses-et-brioche-perdue.jpg","ingredients":[{"label":"Crème liquide entière","shopGroup":"","qte":"40","unit":"cl","step":"","order":0},{"label":"Sucre en poudre","shopGroup":"","qte":"70","unit":"g","step":"","order":1},{"label":"Lait d'amande","shopGroup":"Epicerie","qte":"10","unit":"cl","step":"","order":2},{"label":"Feuille(s) de gélatine de 2 g","shopGroup":"","qte":"2","unit":"pièce(s)","step":"","order":3},{"label":"Lait 1/2 écrémé","shopGroup":"","qte":"15","unit":"cl","step":"Pour l'émulsion","order":4},{"label":"Crème liquide entière","shopGroup":"Crèmerie  hors fromage","qte":"18","unit":"cl","step":"Pour l'émulsion","order":5},{"label":"Praline(s) rose(s)","shopGroup":"Epicerie","qte":"150","unit":"g","step":"Pour l'émulsion","order":6},{"label":"Jaune(s) d'oeuf(s)","shopGroup":"Crèmerie  hors fromage","qte":"6","unit":"pièce(s)","step":"Pour l'émulsion","order":7},{"label":"Feuille(s) de gélatine de 2 g","shopGroup":"Epicerie","qte":"1.5","unit":"pièce(s)","step":"Pour l'émulsion","order":8},{"label":"Brioche","shopGroup":"Boulangerie","qte":"100","unit":"g","step":"Pour le reste de la recette","order":9},{"label":"Sucre en poudre","shopGroup":"Epicerie","qte":"50","unit":"g","step":"Pour le reste de la recette","order":10},{"label":"Lait 1/2 écrémé","shopGroup":"Crèmerie  hors fromage","qte":"20","unit":"cl","step":"Pour le reste de la recette","order":11},{"label":"Oeuf(s)","shopGroup":"Crèmerie  hors fromage","qte":"2","unit":"pièce(s)","step":"Pour le reste de la recette","order":12},{"label":"Beurre doux","shopGroup":"Crèmerie  hors fromage","qte":"30","unit":"g","step":"Pour le reste de la recette","order":13}]}