{"id":10207,"title":"Recette de Financier tigré au chocolat, coeur coulant","description":"","summary":"Un gâteau moelleux à la poudre d'amande, marbré aux vermicelles de chocolat. Au coeur de ces financiers cuits dans des moules à mini-savarin : une sauce chocolat.","timePreparation":"20mn","timeBaking":"15mn","timeRest":"0mn","picture":"http://1.media.atelierdeschefs.com/recette-e10207-financier-tigre-au-chocolat-coeur-coulant.jpg","ingredients":[{"label":"Farine de blé","shopGroup":"Epicerie","qte":"35","unit":"g","step":"","order":0},{"label":"Sucre glace","shopGroup":"Epicerie","qte":"110","unit":"g","step":"","order":1},{"label":"Blanc(s) d'oeuf","shopGroup":"Crèmerie  hors fromage","qte":"100","unit":"g","step":"","order":2},{"label":"Beurre doux","shopGroup":"Crèmerie  hors fromage","qte":"100","unit":"g","step":"","order":3},{"label":"Poudre d'amande","shopGroup":"Epicerie","qte":"55","unit":"g","step":"","order":4},{"label":"Vermicelles de chocolat","shopGroup":"Epicerie","qte":"30","unit":"g","step":"","order":5},{"label":"Chocolat noir","shopGroup":"Epicerie","qte":"100","unit":"g","step":"Pour la sauce","order":6},{"label":"Lait écrémé","shopGroup":"Crèmerie  hors fromage","qte":"15","unit":"cl","step":"Pour la sauce","order":7}]}