{"title":"Financier tigré au chocolat, coeur coulant","description":"Préchauffer le four à 180 °C (th. 6).<br /><br />Mélanger à l'aide d'un fouet la poudre d'amande, la farine, le sucre glace et le blanc d'oeuf. <br />Faire chauffer le beurre à feu doux jusqu'à obtenir une coloration noisette, puis l'ajouter à la pâte. Laisser ensuite refroidir cette dernière, puis ajouter les vermicelles de chocolat. Couler le tout dans des moules à mini-savarin en silicone et les enfourner pendant 10 min.<br /><br />Pour la sauce : faire bouillir le lait et le verser sur le chocolat, puis mixer. Démouler les financiers et remplir le coeur de sauce chocolat.<br />","summary":"Un gâteau moelleux à la poudre d'amande, marbré aux vermicelles de chocolat. Au coeur de ces financiers cuits dans des moules à mini-savarin : une sauce chocolat.","timePreparation":"20mn","timeBaking":"15mn","timeRest":"0mn","picture":"http://1.media.atelierdeschefs.com/recette-c10207-financier-tigre-au-chocolat-coeur-coulant.jpg","ingredients":[{"label":"Farine de blé","shopGroup":"Epicerie","qte":"35","unit":"g","step":"","order":0},{"label":"Sucre glace","shopGroup":"Epicerie","qte":"110","unit":"g","step":"","order":1},{"label":"Blanc(s) d'oeuf","shopGroup":"Crèmerie  hors fromage","qte":"100","unit":"g","step":"","order":2},{"label":"Beurre doux","shopGroup":"Crèmerie  hors fromage","qte":"100","unit":"g","step":"","order":3},{"label":"Poudre d'amande","shopGroup":"Epicerie","qte":"55","unit":"g","step":"","order":4},{"label":"Vermicelles de chocolat","shopGroup":"Epicerie","qte":"30","unit":"g","step":"","order":5},{"label":"Chocolat noir","shopGroup":"Epicerie","qte":"100","unit":"g","step":"Pour la sauce","order":6},{"label":"Lait écrémé","shopGroup":"Crèmerie  hors fromage","qte":"15","unit":"cl","step":"Pour la sauce","order":7}],"chiefTip":"Un blanc d'oeuf pèse environ 30 g (pour un oeuf moyen).","id":10207}