{"id":10767,"title":"Recette de Macaron planteur au sucre cuit, banane/passion au caramel demi-sel et gingembre confit","description":"","summary":"Un macaron au sucre cuit, aux parfums exotiques rappelant le punch planteur.","timePreparation":"30mn","timeBaking":"15mn","timeRest":"0mn","picture":"http://1.media.atelierdeschefs.com/recette-e10767-macaron-planteur-au-sucre-cuit-banane-passion-au-caramel-demi-sel-et-gingembre-confit.jpg","ingredients":[{"label":"Poudre d'amande","shopGroup":"Epicerie","qte":"200","unit":"g","step":"Pour les macarons","order":0},{"label":"Sucre glace","shopGroup":"Epicerie","qte":"200","unit":"g","step":"Pour les macarons","order":1},{"label":"Blanc(s) d'oeuf","shopGroup":"Crèmerie  hors fromage","qte":"150","unit":"g","step":"Pour les macarons","order":2},{"label":"Sucre en poudre","shopGroup":"","qte":"200","unit":"g","step":"Pour les macarons","order":3},{"label":"Eau","shopGroup":"","qte":"5","unit":"cl","step":"Pour les macarons","order":4},{"label":"Colorant poudre jaune","shopGroup":"Epicerie","qte":"2","unit":"g","step":"Pour les macarons","order":5},{"label":"Orange(s)","shopGroup":"Fruits","qte":"2","unit":"pièce(s)","step":"Pour les macarons","order":6},{"label":"Banane(s)","shopGroup":"Fruits","qte":"3","unit":"pièce(s)","step":"Pour la garniture","order":7},{"label":"Sucre en poudre","shopGroup":"Epicerie","qte":"50","unit":"g","step":"Pour la garniture","order":8},{"label":"Beurre demi-sel","shopGroup":"Crèmerie  hors fromage","qte":"10","unit":"g","step":"Pour la garniture","order":9},{"label":"Jus de citron","shopGroup":"Boissons sans alcool","qte":"1","unit":"cl","step":"Pour la garniture","order":10},{"label":"Fruit(s) de la passion","shopGroup":"Fruits","qte":"1","unit":"pièce(s)","step":"Pour la garniture","order":11},{"label":"Gingembre frais","shopGroup":"Légumes","qte":"10","unit":"g","step":"Pour la garniture","order":12},{"label":"Gousse(s) de vanille","shopGroup":"Epicerie","qte":"1","unit":"pièce(s)","step":"Pour la garniture","order":13}]}