{"title":"Côte de boeuf grillée, échalote chemisée, asperges vertes et champignons","description":"<br /><b>Pour les échalotes :</b><br />Couper les échalotes en 2 dans la longueur avec la peau. Sur une feuille d'aluminium, déposer les échalotes face plate. Les assaisonner de sel. Puis arroser d'huile d'olive et d'eau. Préchauffer le grill de gauche puissance 6 et déposer la papillote sur le grill. Faire cuire pendant 15 minutes.  Assaisonner la côte de boeuf de sel uniquement en la massant légèrement et la poser sur le grill de gauche 4 minutes de chaque côté.<br />Pendant ce temps, éplucher les champignons de Paris et les couper en deux. Écussonner les asperges, couper la base et les fendre en 2 dans la longueur. <br />Préchauffer le grill de droite puissance 4. Déplacer la côte de boeuf du grill de gauche sur le grill de droite. Continuer la cuisson 6 minutes de chaque côté. L'assaisonner de poivre du moulin et d'une pincée de fleur de sel.<br />Sur le grill de gauche, poser les légumes côté plat sur le grill. Puis les laisser griller 4 minutes en les retournant. Retirer la côte de boeuf du grill. La poser sur une grille et recouvrir d'une feuille d'aluminium. Laisser reposer la viande 15 minutes.<br /><br /><b>Pour le dressage :</b><br />Dresser les légumes dans une assiette en les arrosant d'un filet d'huile d'olive. Trancher la côte de boeuf sur une planche. Rectifier en fleur de sel et poivre du moulin. Accompagner la viande avec les échalotes confites.<br />","summary":"Une côte de boeuf grillée et cuite à la perfection, au grill ou au barbecue, et accompagnée d'échalotes confites et de légumes grillés.","timePreparation":"45mn","timeBaking":"0mn","timeRest":"0mn","picture":"","ingredients":[{"label":"Cote(s) de boeuf","shopGroup":"Boucherie","qte":"1.500","unit":"kg","step":"","order":0},{"label":"Fleur de sel","shopGroup":"Epicerie","qte":"6","unit":"pincée(s)","step":"","order":1},{"label":"Moulin à poivre","shopGroup":"","qte":"6","unit":"tour(s)","step":"","order":2},{"label":"Sel fin","shopGroup":"","qte":"4","unit":"pincée(s)","step":"","order":3},{"label":"Echalote(s)","shopGroup":"Légumes","qte":"6","unit":"pièce(s)","step":"Pour la garniture","order":4},{"label":"Huile d'olive","shopGroup":"Epicerie","qte":"5","unit":"cl","step":"Pour la garniture","order":5},{"label":"Eau","shopGroup":"","qte":"5","unit":"cl","step":"Pour la garniture","order":6},{"label":"Champignon(s) de Paris","shopGroup":"Légumes","qte":"6","unit":"g","step":"Pour la garniture","order":7},{"label":"Asperge(s) vertes(s)","shopGroup":"Légumes","qte":"12","unit":"pièce(s)","step":"Pour la garniture","order":8}],"chiefTip":"Après la cuisson de la côte de boeuf, la laisser reposer quelques minutes sous un papier aluminium. Elle n'en sera que plus tendre !","id":10657}