{"title":"Côte de boeuf grillée, échalote chemisée, asperges vertes et champignons","description":"","summary":"Une côte de boeuf grillée et cuite à la perfection, au grill ou au barbecue, et accompagnée d'échalotes confites et de légumes grillés.","timePreparation":"45mn","timeBaking":"0mn","timeRest":"0mn","picture":"","ingredients":[{"label":"Cote(s) de boeuf","shopGroup":"Boucherie","qte":"1.500","unit":"kg","step":"","order":0},{"label":"Fleur de sel","shopGroup":"Epicerie","qte":"6","unit":"pincée(s)","step":"","order":1},{"label":"Moulin à poivre","shopGroup":"","qte":"6","unit":"tour(s)","step":"","order":2},{"label":"Sel fin","shopGroup":"","qte":"4","unit":"pincée(s)","step":"","order":3},{"label":"Echalote(s)","shopGroup":"Légumes","qte":"6","unit":"pièce(s)","step":"Pour la garniture","order":4},{"label":"Huile d'olive","shopGroup":"Epicerie","qte":"5","unit":"cl","step":"Pour la garniture","order":5},{"label":"Eau","shopGroup":"","qte":"5","unit":"cl","step":"Pour la garniture","order":6},{"label":"Champignon(s) de Paris","shopGroup":"Légumes","qte":"6","unit":"g","step":"Pour la garniture","order":7},{"label":"Asperge(s) vertes(s)","shopGroup":"Légumes","qte":"12","unit":"pièce(s)","step":"Pour la garniture","order":8}],"chiefTip":"Après la cuisson de la côte de boeuf, la laisser reposer quelques minutes sous un papier aluminium. Elle n'en sera que plus tendre !","id":10657}