{"title":"Brochette de Saint-Jacques, fenouil au miel et à l'orange","description":"Laver les fenouils. Nettoyer les noix de Saint-Jacques et bien les éponger, puis les piquer 3 par 3 sur des brochettes.<br /><br />Tailler des tranches épaisses de 1 cm dans les bulbes de fenouil, puis les disposer dans une poêle assez large. Les assaisonner de sel et de piment d'Espelette, ajouter le jus d'orange et le miel, puis 2 cuillères à soupe d'huile d'olive. Mettre de l'eau à mi-hauteur puis cuire pendant 20 min.<br />Cuire ensuite 5 min à couvert, puis ôter le couvercle et faire réduire le jus de cuisson.<br /><br />Dans une poêle chaude avec un filet d'huile d'olive, cuire les noix de Saint-Jacques 1 min de chaque côté. Les assaisonner de fleur de sel et de piment d'Espelette, puis les servir aussitôt.<br /><br />Dresser 3 tranches de fenouil sur chaque assiette, poser une brochette de Saint-Jacques dessus et finir avec un filet du jus de cuisson des fenouils.<br />","summary":"Brochettes de noix de Saint-Jacques poêlées, accompagnées de fenouils glacés à l'orange et au miel.","timePreparation":"30mn","timeBaking":"0mn","timeRest":"0mn","picture":"","ingredients":[{"label":"Noix de Saint Jacques","shopGroup":"Poissonnerie","qte":"18","unit":"pièce(s)","step":"","order":0},{"label":"Fleur de sel","shopGroup":"Epicerie","qte":"1","unit":"pincée(s)","step":"","order":1},{"label":"Piment d'Espelette","shopGroup":"Epicerie","qte":"6","unit":"pincée(s)","step":"","order":2},{"label":"Fenouil(s)","shopGroup":"Légumes","qte":"2","unit":"pièce(s)","step":"Pour la garniture","order":3},{"label":"Jus d'orange","shopGroup":"Boissons sans alcool","qte":"10","unit":"cl","step":"Pour la garniture","order":4},{"label":"Huile d'olive","shopGroup":"Epicerie","qte":"5","unit":"cl","step":"Pour la garniture","order":5},{"label":"Sel fin","shopGroup":"","qte":"2","unit":"pincée(s)","step":"Pour la garniture","order":6},{"label":"Miel","shopGroup":"Epicerie","qte":"20","unit":"g","step":"Pour la garniture","order":7},{"label":"Eau","shopGroup":"","qte":"30","unit":"cl","step":"Pour la garniture","order":8}],"chiefTip":"Pour corser le goût anisé, ajoutez quelques graines de fenouil lors de la cuisson de la garniture.","id":10451}