{"title":"Brochette de Saint-Jacques, fenouil au miel et à l'orange","description":"","summary":"Brochettes de noix de Saint-Jacques poêlées, accompagnées de fenouils glacés à l'orange et au miel.","timePreparation":"30mn","timeBaking":"0mn","timeRest":"0mn","picture":"","ingredients":[{"label":"Noix de Saint Jacques","shopGroup":"Poissonnerie","qte":"18","unit":"pièce(s)","step":"","order":0},{"label":"Fleur de sel","shopGroup":"Epicerie","qte":"1","unit":"pincée(s)","step":"","order":1},{"label":"Piment d'Espelette","shopGroup":"Epicerie","qte":"6","unit":"pincée(s)","step":"","order":2},{"label":"Fenouil(s)","shopGroup":"Légumes","qte":"2","unit":"pièce(s)","step":"Pour la garniture","order":3},{"label":"Jus d'orange","shopGroup":"Boissons sans alcool","qte":"10","unit":"cl","step":"Pour la garniture","order":4},{"label":"Huile d'olive","shopGroup":"Epicerie","qte":"5","unit":"cl","step":"Pour la garniture","order":5},{"label":"Sel fin","shopGroup":"","qte":"2","unit":"pincée(s)","step":"Pour la garniture","order":6},{"label":"Miel","shopGroup":"Epicerie","qte":"20","unit":"g","step":"Pour la garniture","order":7},{"label":"Eau","shopGroup":"","qte":"30","unit":"cl","step":"Pour la garniture","order":8}],"chiefTip":"Pour corser le goût anisé, ajoutez quelques graines de fenouil lors de la cuisson de la garniture.","id":10451}