{"title":"Superposé de pommes et foie gras poêlé, artichauts marinés et xérès perlé à l'huile de noisette","description":"","summary":"Comme un mille-feuille, une pomme reconstituée en épaisses lamelles poêlées intercalées avec des tranches de foie gras et quelques artichauts marinés, et un jus court au vinaigre de xérès et à l'huile de noisette réalisé avec les sucs de cuisson.","timePreparation":"30mn","timeBaking":"0mn","timeRest":"0mn","picture":"","ingredients":[{"label":"Pomme(s) Pink Lady","shopGroup":"Fruits","qte":"3","unit":"pièce(s)","step":"","order":0},{"label":"Lobe(s) de foie gras de canard","shopGroup":"Volaille(s)","qte":"1","unit":"pièce(s)","step":"","order":1},{"label":"Beurre demi-sel","shopGroup":"Crèmerie  hors fromage","qte":"50","unit":"g","step":"","order":2},{"label":"Sucre en poudre","shopGroup":"Epicerie","qte":"25","unit":"g","step":"","order":3},{"label":"Coeur(s) d'artichaut à l'huile d'olive","shopGroup":"Epicerie","qte":"12","unit":"pièce(s)","step":"","order":4},{"label":"Vinaigre de Xérès","shopGroup":"Epicerie","qte":"10","unit":"cl","step":"","order":5},{"label":"Huile de noisette","shopGroup":"Epicerie","qte":"8","unit":"cl","step":"","order":6},{"label":"Feuille(s) de mâche","shopGroup":"Légumes","qte":"100","unit":"g","step":"","order":7},{"label":"Cerneau(x) de noix","shopGroup":"Epicerie","qte":"30","unit":"g","step":"","order":8},{"label":"Sel fin","shopGroup":"","qte":"6","unit":"pincée(s)","step":"","order":9},{"label":"Moulin à poivre","shopGroup":"","qte":"6","unit":"tour(s)","step":"","order":10},{"label":"Fleur de sel","shopGroup":"Epicerie","qte":"6","unit":"pincée(s)","step":"","order":11}],"chiefTip":"Vous pouvez remplacer la Pink Lady par d'autres variétés comme par exemple la Royal Gala ou encore la Clocharde.","id":10345}