{"title":"Gaspacho aux crevettes","description":"","summary":"Gaspacho frais de légumes et melon, accompagné de gambas rôties au piment d'Espelette et à l'huile d'olive.","timePreparation":"30mn","timeBaking":"0mn","timeRest":"0mn","picture":"","ingredients":[{"label":"Gambas surgelée(s)","shopGroup":"Surgelés","qte":"18","unit":"pièce(s)","step":"","order":0},{"label":"Tomate(s) coeur de boeuf","shopGroup":"Fruits","qte":"3","unit":"pièce(s)","step":"","order":1},{"label":"Concombre(s)","shopGroup":"Légumes","qte":"1","unit":"pièce(s)","step":"","order":2},{"label":"Melon(s)","shopGroup":"Fruits","qte":"0.5","unit":"pièce(s)","step":"","order":3},{"label":"Tabasco rouge","shopGroup":"Epicerie","qte":"5","unit":"goutte(s)","step":"","order":4},{"label":"Huile d'olive","shopGroup":"Epicerie","qte":"10","unit":"cl","step":"","order":5},{"label":"Gressin(s)","shopGroup":"Epicerie","qte":"6","unit":"pièce(s)","step":"","order":6},{"label":"Piment d'Espelette","shopGroup":"Epicerie","qte":"2","unit":"g","step":"","order":7},{"label":"Sel fin","shopGroup":"","qte":"6","unit":"pincée(s)","step":"","order":8},{"label":"Réduction de vinaigre Balsamique","shopGroup":"Epicerie","qte":"3","unit":"cl","step":"","order":9}],"chiefTip":"Évitez de mixer votre gaspacho trop longtemps ou vous risquez de l'éclaircir.","id":90}