{"title":"Cheese cake au caramel et toffee","description":"","summary":"Cheese cake sans cuisson fait avec des spéculoos pour le biscuit, garni d'une crème à base de fromage frais à la vanille et nappé de sauce caramel et de fruits secs caramélisés.","timePreparation":"30mn","timeBaking":"5mn","timeRest":"2h","picture":"","ingredients":[{"label":"Spéculoos","shopGroup":"Epicerie","qte":"200","unit":"g","step":"","order":0},{"label":"Beurre doux","shopGroup":"Crèmerie  hors fromage","qte":"80","unit":"g","step":"","order":1},{"label":"Eau","shopGroup":"","qte":"10","unit":"cl","step":"Pour la garniture","order":2},{"label":"Sucre en poudre","shopGroup":"","qte":"75","unit":"g","step":"Pour la garniture","order":3},{"label":"Gousse(s) de vanille","shopGroup":"Epicerie","qte":"2","unit":"pièce(s)","step":"Pour la garniture","order":4},{"label":"Fromage à la crème","shopGroup":"Fromage(s)","qte":"600","unit":"g","step":"Pour la garniture","order":5},{"label":"Feuille(s) de gélatine de 2 g","shopGroup":"Epicerie","qte":"4","unit":"pièce(s)","step":"Pour la garniture","order":6},{"label":"Sucre en poudre","shopGroup":"","qte":"100","unit":"g","step":"Pour le(s) fruit(s)","order":7},{"label":"Mélange de fruits secs ( amandes, noisettes, ...)","shopGroup":"Epicerie","qte":"150","unit":"g","step":"Pour le(s) fruit(s)","order":8},{"label":"Sucre en poudre","shopGroup":"Epicerie","qte":"100","unit":"g","step":"Pour la sauce","order":9},{"label":"Beurre demi-sel","shopGroup":"Crèmerie  hors fromage","qte":"10","unit":"g","step":"Pour la sauce","order":10},{"label":"Crème liquide entière","shopGroup":"Crèmerie  hors fromage","qte":"10","unit":"cl","step":"Pour la sauce","order":11}],"chiefTip":"Pour avoir un cheese cake tout caramel, vous pouvez aussi le parfumer avec un sirop au caramel.","id":10176}