{"id":10754,"title":"Recette de Saint-Jacques poêlées et leur crème au safran, cappuccino vitelotte","description":"","summary":"Noix de Saint-Jacques poêlées et accompagnées d'un cappuccino de pommes de terre vitelotte réalisé au siphon.","timePreparation":"45mn","timeBaking":"0mn","timeRest":"0mn","picture":"http://1.media.atelierdeschefs.com/recette-e10754-saint-jacques-poelees-et-leur-creme-au-safran-cappuccino-vitelotte.jpg","ingredients":[{"label":"Coquille(s) Saint Jacques","shopGroup":"Poissonnerie","qte":"18","unit":"pièce(s)","step":"","order":0},{"label":"Echalote(s)","shopGroup":"Légumes","qte":"2","unit":"pièce(s)","step":"","order":1},{"label":"Vin blanc sec","shopGroup":"Boissons alcoolisées","qte":"10","unit":"cl","step":"","order":2},{"label":"Crème liquide entière","shopGroup":"","qte":"20","unit":"cl","step":"","order":3},{"label":"Pistils de safran","shopGroup":"Epicerie","qte":"6","unit":"pièce(s)","step":"","order":4},{"label":"Fleur de sel","shopGroup":"Epicerie","qte":"6","unit":"pincée(s)","step":"","order":5},{"label":"Huile d'olive","shopGroup":"Epicerie","qte":"2","unit":"cl","step":"","order":6},{"label":"Beurre doux","shopGroup":"Crèmerie  hors fromage","qte":"50","unit":"g","step":"","order":7},{"label":"Moulin à poivre","shopGroup":"","qte":"6","unit":"tour(s)","step":"Pour le siphon","order":8},{"label":"Pomme(s) de terre Vitelotte","shopGroup":"Légumes","qte":"600","unit":"g","step":"Pour le siphon","order":9},{"label":"Lait 1/2 écrémé","shopGroup":"Crèmerie  hors fromage","qte":"1","unit":"l","step":"Pour le siphon","order":10},{"label":"Crème liquide entière","shopGroup":"Crèmerie  hors fromage","qte":"50","unit":"cl","step":"Pour le siphon","order":11},{"label":"Sel fin","shopGroup":"","qte":"4","unit":"pincée(s)","step":"Pour le siphon","order":12},{"label":"Moulin à poivre","shopGroup":"","qte":"4","unit":"tour(s)","step":"Pour le siphon","order":13}]}