{"id":10749,"title":"Recette de Caviar d'Aquitaine, gelée de langoustines et laitue de mer, mousseline de chou-fleur","description":"","summary":"De fins éclats de laitue de mer pris en gelée de langoustines, surmontés d'une fine mousseline de chou-fleur et de caviar d'Aquitaine.","timePreparation":"1h45mn","timeBaking":"0mn","timeRest":"0mn","picture":"http://1.media.atelierdeschefs.com/recette-e10749-caviar-d-aquitaine-gelee-de-langoustines-et-laitue-de-mer-mousseline-de-chou-fleur.jpg","ingredients":[{"label":"Caviar d'Aquitaine","shopGroup":"Poissonnerie","qte":"200","unit":"g","step":"","order":0},{"label":"Grosse(s) Langoustine(s)","shopGroup":"Poissonnerie","qte":"12","unit":"pièce(s)","step":"Pour la gelée","order":1},{"label":"Laitue(s) de mer","shopGroup":"Poissonnerie","qte":"100","unit":"g","step":"Pour la gelée","order":2},{"label":"Feuille(s) de gélatine de 2 g","shopGroup":"Epicerie","qte":"4","unit":"pièce(s)","step":"Pour la gelée","order":3},{"label":"Sel fin","shopGroup":"","qte":"4","unit":"pincée(s)","step":"Pour la gelée","order":4},{"label":"Moulin à poivre","shopGroup":"","qte":"4","unit":"tour(s)","step":"Pour la gelée","order":5},{"label":"Aromate(s) ail, thym, laurier","shopGroup":"Herbes aromatiques","qte":"1","unit":"pièce(s)","step":"Pour la gelée","order":6},{"label":"Oignon(s) blanc(s)","shopGroup":"Légumes","qte":"1","unit":"pièce(s)","step":"Pour la gelée","order":7},{"label":"Chou(x) fleur","shopGroup":"Légumes","qte":"0.5","unit":"pièce(s)","step":"Pour le siphon","order":8},{"label":"Vin blanc sec","shopGroup":"Boissons alcoolisées","qte":"5","unit":"cl","step":"Pour le siphon","order":9},{"label":"Crème liquide entière","shopGroup":"Crèmerie  hors fromage","qte":"20","unit":"cl","step":"Pour le siphon","order":10},{"label":"Lait 1/2 écrémé","shopGroup":"Crèmerie  hors fromage","qte":"20","unit":"cl","step":"Pour le siphon","order":11},{"label":"Huile d'olive","shopGroup":"Epicerie","qte":"5","unit":"cl","step":"Pour le siphon","order":12},{"label":"Sel fin","shopGroup":"","qte":"4","unit":"pincée(s)","step":"Pour le siphon","order":13},{"label":"Moulin à poivre","shopGroup":"","qte":"4","unit":"tour(s)","step":"Pour le siphon","order":14}]}