{"id":10344,"title":"Recette de Croustillant de sarrasin aux sardines marinées, mousseline de Sainte-Maure aux amandes grillées","description":"","summary":"La fraîcheur des sardines alliée au croustillant des galettes de sarrasin, et le côté grillé d'une mousse de fromage frais.","timePreparation":"30mn","timeBaking":"30mn","timeRest":"30mn","picture":"http://1.media.atelierdeschefs.com/recette-e10344-croustillant-de-sarrasin-aux-sardines-marinees-mousseline-de-sainte-maure-aux-amandes-grillees.jpg","ingredients":[{"label":"Eau","shopGroup":"","qte":"50","unit":"cl","step":"Pour la pâte","order":0},{"label":"Farine de sarrasin (blé noir)","shopGroup":"Epicerie","qte":"200","unit":"g","step":"Pour la pâte","order":1},{"label":"Farine de blé","shopGroup":"Epicerie","qte":"50","unit":"g","step":"Pour la pâte","order":2},{"label":"Oeuf(s)","shopGroup":"Crèmerie  hors fromage","qte":"4","unit":"pièce(s)","step":"Pour la pâte","order":3},{"label":"Gros sel","shopGroup":"","qte":"15","unit":"g","step":"Pour la pâte","order":4},{"label":"Miel","shopGroup":"Epicerie","qte":"10","unit":"g","step":"Pour la pâte","order":5},{"label":"Huile d'arachide","shopGroup":"Epicerie","qte":"2","unit":"cl","step":"Pour la pâte","order":6},{"label":"Beurre demi-sel","shopGroup":"Crèmerie  hors fromage","qte":"50","unit":"g","step":"Pour la pâte","order":7},{"label":"Crème liquide entière","shopGroup":"Crèmerie  hors fromage","qte":"7","unit":"cl","step":"Pour l'étape 2","order":8},{"label":"Sainte Maure Frais","shopGroup":"Fromage(s)","qte":"100","unit":"g","step":"Pour l'étape 2","order":9},{"label":"Lait 1/2 écrémé","shopGroup":"Crèmerie  hors fromage","qte":"5","unit":"cl","step":"Pour l'étape 2","order":10},{"label":"Huile de pignon de pin","shopGroup":"Epicerie","qte":"2","unit":"cl","step":"Pour l'étape 2","order":11},{"label":"Sardine(s) fraîche(s)","shopGroup":"Poissonnerie","qte":"9","unit":"pièce(s)","step":"Pour l'étape 2","order":12},{"label":"Citron(s) jaune(s)","shopGroup":"Fruits","qte":"1","unit":"pièce(s)","step":"Pour l'étape 2","order":13},{"label":"Huile d'olive","shopGroup":"Epicerie","qte":"5","unit":"cl","step":"Pour l'étape 2","order":14},{"label":"Amande(s) effilée(s)","shopGroup":"Epicerie","qte":"80","unit":"g","step":"Pour l'étape 2","order":15},{"label":"Jeune(s) pousse(s) de salade","shopGroup":"Légumes","qte":"100","unit":"g","step":"Pour l'étape 2","order":16},{"label":"Sel fin","shopGroup":"","qte":"6","unit":"pincée(s)","step":"Pour l'étape 2","order":17},{"label":"Moulin à poivre","shopGroup":"","qte":"6","unit":"tour(s)","step":"Pour l'étape 2","order":18},{"label":"Fleur de sel","shopGroup":"Epicerie","qte":"6","unit":"pincée(s)","step":"Pour l'étape 2","order":19}]}