{"title":"Croustillant de sarrasin aux sardines marinées, mousseline de Sainte-Maure aux amandes grillées","description":"<br /><b>Pour les galettes</b><br />Dans un bol mélanger l'eau froide avec le gros sel et le miel, ajouter les farines puis les oeufs et bien fouetter. Amener à consistance ni trop épaisse ni trop liquide. Laisser reposer 30 min à température ambiante.<br />Graisser légèrement une poêle avec l'huile et réaliser les galettes. Les laisser refroidir puis à l'aide d'un emporte-pièce, réaliser 18 disques et passer du beurre de chaque côté. Réserver.<br /><br /><br /><br /><br /><br /><b>Pour le poisson et le dressage</b><br />Écailler les sardines, ôter les têtes puis lever les filets. Enlever les petites arêtes si nécessaire et assaisonner les filets de sel et de poivre du moulin. Zester le citron jaune et le presser, le mélanger avec l'huile d'olive puis répartir le mélange sur les filets. Laisser mariner.<br /><br />Pour l'appareil au chèvre frais: mixer le chèvre frais avec la crème et le lait, ajouter une pincée de sel et un tour de poivre du moulin, puis l'huile de pignon de pin. Filtrer la préparation et la verser dans un siphon, injecter le gaz et réserver au frais.<br /><br />Torréfier les amandes effilées au four préchauffé à 180 °C pendant environ 10 min, en les surveillant et en les retournant si besoin.<br /><br />Pour le montage: déposer un peu de mousseline au chèvre dans le fond d'une assiette pour pouvoir tenir le premier croustillant. Remettre de la mousseline et la parsemer d'amandes, déposer un second disque puis 3 filets de sardines égouttés, et finir par un dernier disque.<br />Assaisonner les pousses de salade avec le reste de marinade et les déposer sur le dessus. Napper l'assiette de marinade et finir avec un peu de fleur de sel et quelques d'amandes effilées. Déguster aussitôt.<br />","summary":"La fraîcheur des sardines alliée au croustillant des galettes de sarrasin, et le côté grillé d'une mousse de fromage frais.","timePreparation":"30mn","timeBaking":"30mn","timeRest":"30mn","picture":"","ingredients":[{"label":"Eau","shopGroup":"","qte":"50","unit":"cl","step":"Pour la pâte","order":0},{"label":"Farine de sarrasin (blé noir)","shopGroup":"Epicerie","qte":"200","unit":"g","step":"Pour la pâte","order":1},{"label":"Farine de blé","shopGroup":"Epicerie","qte":"50","unit":"g","step":"Pour la pâte","order":2},{"label":"Oeuf(s)","shopGroup":"Crèmerie  hors fromage","qte":"4","unit":"pièce(s)","step":"Pour la pâte","order":3},{"label":"Gros sel","shopGroup":"","qte":"15","unit":"g","step":"Pour la pâte","order":4},{"label":"Miel","shopGroup":"Epicerie","qte":"10","unit":"g","step":"Pour la pâte","order":5},{"label":"Huile d'arachide","shopGroup":"Epicerie","qte":"2","unit":"cl","step":"Pour la pâte","order":6},{"label":"Beurre demi-sel","shopGroup":"Crèmerie  hors fromage","qte":"50","unit":"g","step":"Pour la pâte","order":7},{"label":"Crème liquide entière","shopGroup":"Crèmerie  hors fromage","qte":"7","unit":"cl","step":"Pour l'étape 2","order":8},{"label":"Sainte Maure Frais","shopGroup":"Fromage(s)","qte":"100","unit":"g","step":"Pour l'étape 2","order":9},{"label":"Lait 1/2 écrémé","shopGroup":"Crèmerie  hors fromage","qte":"5","unit":"cl","step":"Pour l'étape 2","order":10},{"label":"Huile de pignon de pin","shopGroup":"Epicerie","qte":"2","unit":"cl","step":"Pour l'étape 2","order":11},{"label":"Sardine(s) fraîche(s)","shopGroup":"Poissonnerie","qte":"9","unit":"pièce(s)","step":"Pour l'étape 2","order":12},{"label":"Citron(s) jaune(s)","shopGroup":"Fruits","qte":"1","unit":"pièce(s)","step":"Pour l'étape 2","order":13},{"label":"Huile d'olive","shopGroup":"Epicerie","qte":"5","unit":"cl","step":"Pour l'étape 2","order":14},{"label":"Amande(s) effilée(s)","shopGroup":"Epicerie","qte":"80","unit":"g","step":"Pour l'étape 2","order":15},{"label":"Jeune(s) pousse(s) de salade","shopGroup":"Légumes","qte":"100","unit":"g","step":"Pour l'étape 2","order":16},{"label":"Sel fin","shopGroup":"","qte":"6","unit":"pincée(s)","step":"Pour l'étape 2","order":17},{"label":"Moulin à poivre","shopGroup":"","qte":"6","unit":"tour(s)","step":"Pour l'étape 2","order":18},{"label":"Fleur de sel","shopGroup":"Epicerie","qte":"6","unit":"pincée(s)","step":"Pour l'étape 2","order":19}],"chiefTip":"Pour obtenir des saveurs plus prononcées, vous pouvez mettre vos sardines à mariner la veille.","id":10344}