{"title":"Confiture minute de framboises et poivre rare, émulsion yaourt et huile d'olive vanillée","description":"Pour la confiture : dans une casserole, ajouter l'eau, le poivre et le sucre. Faire bouillir, puis laisser l'eau s'évaporer afin d'obtenir un caramel parfumé. Retirer alors le poivre et ajouter les framboises. Faire bouillir puis réserver. <br /><br />Pour l'émulsion : dans un bol, réunir les yaourts bien égouttés avec le sucre, la vanille grattée, la crème et l'huile d'olive. Mélanger le tout et le verser dans un siphon, puis refermer tête vers le bas. Injecter le gaz, secouer comme un shaker et réserver.<br /><br />Disposer la confiture aromatisée au fond de verrines et finir avec l'émulsion.<br />","summary":"Un fruit surgelé cuisiné comme une confiture et parfumé au poivre long. Une émulsion légère vient surmonter ce petit amuse-bouche sucré.","timePreparation":"15mn","timeBaking":"15mn","timeRest":"0mn","picture":"","ingredients":[{"label":"Framboise(s) surgelée(s)","shopGroup":"Surgelés","qte":"250","unit":"g","step":"","order":0},{"label":"Poivre long","shopGroup":"Epicerie","qte":"1","unit":"pièce(s)","step":"","order":1},{"label":"Sucre en poudre","shopGroup":"Epicerie","qte":"75","unit":"g","step":"","order":2},{"label":"Eau","shopGroup":"","qte":"3","unit":"cl","step":"","order":3},{"label":"Yaourt(s) nature(s)","shopGroup":"Crèmerie  hors fromage","qte":"200","unit":"g","step":"Pour l'émulsion","order":4},{"label":"Crème liquide entière","shopGroup":"Crèmerie  hors fromage","qte":"5","unit":"cl","step":"Pour l'émulsion","order":5},{"label":"Gousse(s) de vanille","shopGroup":"Epicerie","qte":"0.5","unit":"pièce(s)","step":"Pour l'émulsion","order":6},{"label":"Sucre glace","shopGroup":"Epicerie","qte":"20","unit":"g","step":"Pour l'émulsion","order":7},{"label":"Huile d'olive","shopGroup":"Epicerie","qte":"5","unit":"cl","step":"Pour l'émulsion","order":8}],"chiefTip":"Vous pouvez utiliser des fruits frais pour le décor.Laissez la confiture cuire doucement pour que les parfums se mélangent.","id":10556}