{"title":"Sauté d'agneau aux pignons et chou romanesco","description":"Tailler le gigot d'agneau en gros morceaux de 1,5 cm. Éplucher les carottes, les couper en 2 et les émincer en biseaux. Décoller les sommités du chou romanesco. Ciseler finement le persil plat.<br /><br />Dans un wok, mettre les légumes avec 1/2 verre d'eau, saler et cuire jusqu'à complète évaporation de l'eau, puis réserver.<br />Ajouter un trait d'huile d'olive dans le wok très chaud et saisir vivement l'agneau salé pendant 2 min. Ajouter les pignons, puis les légumes, et laisser cuire 2 min à nouveau. Éteindre le feu, ajouter le persil, poivrer et mettre un trait d'huile de sésame. Servir chaud.<br />","summary":"Cuisson rapide au wok : de délicieux morceaux d'agneau parfumés aux pignons et à l'huile de sésame.","timePreparation":"15mn","timeBaking":"15mn","timeRest":"0mn","picture":"","ingredients":[{"label":"Chou(x) romanesco","shopGroup":"Légumes","qte":"1","unit":"pièce(s)","step":"","order":0},{"label":"Gigot(s) d'agneau paré(s)","shopGroup":"Boucherie","qte":"800","unit":"g","step":"","order":1},{"label":"Carotte(s)","shopGroup":"Légumes","qte":"3","unit":"pièce(s)","step":"","order":2},{"label":"Persil plat","shopGroup":"Herbes aromatiques","qte":"0.25","unit":"botte(s)","step":"","order":3},{"label":"Pignon(s) de pin","shopGroup":"Epicerie","qte":"50","unit":"g","step":"","order":4},{"label":"Huile d'olive","shopGroup":"Epicerie","qte":"2","unit":"cl","step":"","order":5},{"label":"Huile de sésame","shopGroup":"Epicerie","qte":"1","unit":"cl","step":"","order":6},{"label":"Sel fin","shopGroup":"","qte":"3","unit":"pincée(s)","step":"","order":7},{"label":"Moulin à poivre","shopGroup":"","qte":"6","unit":"tour(s)","step":"","order":8}],"chiefTip":"Le chou romanesco peut être remplacé par du brocoli, du chou-fleur ou encore du chou violet.","id":938}