{"id":938,"title":"Recette de Sauté d'agneau aux pignons et chou romanesco","description":"","summary":"Cuisson rapide au wok : de délicieux morceaux d'agneau parfumés aux pignons et à l'huile de sésame.","timePreparation":"15mn","timeBaking":"15mn","timeRest":"0mn","picture":"http://1.media.atelierdeschefs.com/recette-e938-saute-d-agneau-aux-pignons-et-chou-romanesco.jpg","ingredients":[{"label":"Chou(x) romanesco","shopGroup":"Légumes","qte":"1","unit":"pièce(s)","step":"","order":0},{"label":"Gigot(s) d'agneau paré(s)","shopGroup":"Boucherie","qte":"800","unit":"g","step":"","order":1},{"label":"Carotte(s)","shopGroup":"Légumes","qte":"3","unit":"pièce(s)","step":"","order":2},{"label":"Persil plat","shopGroup":"Herbes aromatiques","qte":"0.25","unit":"botte(s)","step":"","order":3},{"label":"Pignon(s) de pin","shopGroup":"Epicerie","qte":"50","unit":"g","step":"","order":4},{"label":"Huile d'olive","shopGroup":"Epicerie","qte":"2","unit":"cl","step":"","order":5},{"label":"Huile de sésame","shopGroup":"Epicerie","qte":"1","unit":"cl","step":"","order":6},{"label":"Sel fin","shopGroup":"","qte":"3","unit":"pincée(s)","step":"","order":7},{"label":"Moulin à poivre","shopGroup":"","qte":"6","unit":"tour(s)","step":"","order":8}]}