{"title":"Suprêmes et cuisses de pigeon rôti, chou farci de champignons et châtaignes","description":"Préchauffer le four à 200 °C.<br /><br />Éplucher la carotte et l'oignon, puis les tailler grossièrement. Désosser les pigeons en commençant par les cuisses puis les suprêmes.<br />Dans une cocotte, colorer les carcasses de pigeon à l'huile d'olive, puis ajouter l'oignon, la carotte, l'ail, le thym et le laurier. Mouiller ensuite avec de l'eau à hauteur et laisser cuire 30 min à feu doux, puis filtrer.<br /><br />Dans une poêle adhésive chaude avec un filet d'huile d'olive, colorer les cuisses de pigeon de chaque côté en les assaisonnant. Ajouter les suprêmes et les colorer en commençant par le côté peau, puis déglacer la poêle avec le porto et faire réduire de moitié. Ajouter 10 cl de fond de pigeon et laisser réduire (le pigeon cuit dans la poêle en même temps que vous réalisez le jus). Retirer tous les morceaux de pigeon et lier le jus avec le beurre.<br /><br /><b>Pour la garniture :</b><br />Garder 6 feuilles de chou entières et émincer le reste en fines lamelles. Couper la poitrine fumée en lardons. Éplucher les champignons de Paris et les couper en quartiers. Nettoyer les autres champignons. Concasser les châtaignes.<br />Blanchir les feuilles de chou pendant 3 min dans une grosse quantité d'eau bouillante salée. Les refroidir ensuite dans une bassine d'eau froide, puis les égoutter et les éponger.<br />Dans la même eau, blanchir le reste de chou pendant 3 min.<br /><br />Dans une poêle, colorer les lardons puis ajouter les champignons et les laisser cuire durant 2 min. Poursuivre la cuisson 3 min avec le chou émincé, puis terminer en ajoutant les châtaignes. Répartir ensuite cette garniture dans chaque feuille de chou et refermer celle-ci à l'aide d'une ficelle.<br /><br /><b>Pour le dressage</b><br />Placer les feuilles de chou garnies sur une plaque avec le reste de fond de pigeon et les réchauffer au four pendant 5 min. <br />Dans une assiette, déposer la feuille de chou garnie et disposer la cuisse et le suprême de pigeon à cheval. Arroser de jus.<br />","summary":"Pigeon désossé rôti à la poêle et servi avec un jus au porto. La garniture est une poêlée de champignons, de chou au lard fumé et de châtaignes, enveloppée d'une feuille de chou blanchie.","timePreparation":"40mn","timeBaking":"40mn","timeRest":"0mn","picture":"http://1.media.atelierdeschefs.com/recette-c10199-supremes-et-cuisses-de-pigeon-roti-chou-farci-de-champignons-et-chataignes.jpg","ingredients":[{"label":"Pigeon(s) de 450 g","shopGroup":"Volaille(s)","qte":"3","unit":"pièce(s)","step":"","order":0},{"label":"Carotte(s)","shopGroup":"Légumes","qte":"1","unit":"pièce(s)","step":"","order":1},{"label":"Oignon(s)","shopGroup":"Légumes","qte":"1","unit":"pièce(s)","step":"","order":2},{"label":"Aromate(s) ail, thym, laurier","shopGroup":"Herbes aromatiques","qte":"1","unit":"pièce(s)","step":"","order":3},{"label":"Huile d'olive","shopGroup":"Epicerie","qte":"3","unit":"cl","step":"","order":4},{"label":"Porto rouge","shopGroup":"Boissons alcoolisées","qte":"20","unit":"cl","step":"","order":5},{"label":"Beurre doux","shopGroup":"Crèmerie  hors fromage","qte":"20","unit":"g","step":"","order":6},{"label":"Chou(x) vert(s)","shopGroup":"Légumes","qte":"1","unit":"pièce(s)","step":"Pour la garniture","order":7},{"label":"Chanterelle(s)","shopGroup":"Légumes","qte":"200","unit":"g","step":"Pour la garniture","order":8},{"label":"Champignon(s) de Paris","shopGroup":"Légumes","qte":"200","unit":"g","step":"Pour la garniture","order":9},{"label":"Trompettes de la mort","shopGroup":"Légumes","qte":"200","unit":"g","step":"Pour la garniture","order":10},{"label":"Lard fumé","shopGroup":"","qte":"100","unit":"g","step":"Pour la garniture","order":11},{"label":"Châtaigne(s) cuite(s)","shopGroup":"Epicerie","qte":"100","unit":"g","step":"Pour la garniture","order":12},{"label":"Sel fin","shopGroup":"","qte":"3","unit":"pincée(s)","step":"Pour la garniture","order":13},{"label":"Moulin à poivre","shopGroup":"","qte":"3","unit":"tour(s)","step":"Pour la garniture","order":14}],"chiefTip":"Posez les feuilles de chou garnies côté ouvert contre la plaque (afin de les fermer) et récupérez-les délicatement avec une spatule large.","id":10199}