{"title":"Suprêmes et cuisses de pigeon rôti, chou farci de champignons et châtaignes","description":"","summary":"Pigeon désossé rôti à la poêle et servi avec un jus au porto. La garniture est une poêlée de champignons, de chou au lard fumé et de châtaignes, enveloppée d'une feuille de chou blanchie.","timePreparation":"40mn","timeBaking":"40mn","timeRest":"0mn","picture":"http://1.media.atelierdeschefs.com/recette-c10199-supremes-et-cuisses-de-pigeon-roti-chou-farci-de-champignons-et-chataignes.jpg","ingredients":[{"label":"Pigeon(s) de 450 g","shopGroup":"Volaille(s)","qte":"3","unit":"pièce(s)","step":"","order":0},{"label":"Carotte(s)","shopGroup":"Légumes","qte":"1","unit":"pièce(s)","step":"","order":1},{"label":"Oignon(s)","shopGroup":"Légumes","qte":"1","unit":"pièce(s)","step":"","order":2},{"label":"Aromate(s) ail, thym, laurier","shopGroup":"Herbes aromatiques","qte":"1","unit":"pièce(s)","step":"","order":3},{"label":"Huile d'olive","shopGroup":"Epicerie","qte":"3","unit":"cl","step":"","order":4},{"label":"Porto rouge","shopGroup":"Boissons alcoolisées","qte":"20","unit":"cl","step":"","order":5},{"label":"Beurre doux","shopGroup":"Crèmerie  hors fromage","qte":"20","unit":"g","step":"","order":6},{"label":"Chou(x) vert(s)","shopGroup":"Légumes","qte":"1","unit":"pièce(s)","step":"Pour la garniture","order":7},{"label":"Chanterelle(s)","shopGroup":"Légumes","qte":"200","unit":"g","step":"Pour la garniture","order":8},{"label":"Champignon(s) de Paris","shopGroup":"Légumes","qte":"200","unit":"g","step":"Pour la garniture","order":9},{"label":"Trompettes de la mort","shopGroup":"Légumes","qte":"200","unit":"g","step":"Pour la garniture","order":10},{"label":"Lard fumé","shopGroup":"","qte":"100","unit":"g","step":"Pour la garniture","order":11},{"label":"Châtaigne(s) cuite(s)","shopGroup":"Epicerie","qte":"100","unit":"g","step":"Pour la garniture","order":12},{"label":"Sel fin","shopGroup":"","qte":"3","unit":"pincée(s)","step":"Pour la garniture","order":13},{"label":"Moulin à poivre","shopGroup":"","qte":"3","unit":"tour(s)","step":"Pour la garniture","order":14}],"chiefTip":"Posez les feuilles de chou garnies côté ouvert contre la plaque (afin de les fermer) et récupérez-les délicatement avec une spatule large.","id":10199}