{"title":"Glace pistache/framboise","description":"Porter le lait entier et la crème à ébullition avec les pistaches concassées. Blanchir les jaunes et le sucre, puis verser un peu de lait bouillant dessus en fouettant bien (attention à ne pas cuire les jaunes d'oeufs en allant trop vite). Continuer à ajouter le lait en fouettant légèrement. Remettre ensuite l'appareil lait/oeufs dans la casserole, puis cuire la crème doucement à l'aide d'une maryse. Arrêter la cuisson lorsque la crème nappe bien la maryse (84 °C avec un thermomètre pour la consistance d'une crème anglaise). Retirer ensuite du feu et laisser tiédir.<br /><br />Verser la crème dans une turbine à glace. Lorsque la glace est prise, ajouter les framboises fraîches, puis laisser tourner 30 sec.<br />Conserver au congélateur.<br />","summary":"Glace réalisée à base de crème anglaise à la pistache, puis garnie de framboises fraîches.","timePreparation":"30mn","timeBaking":"0mn","timeRest":"0mn","picture":"","ingredients":[{"label":"Lait entier","shopGroup":"Crèmerie  hors fromage","qte":"50","unit":"cl","step":"","order":0},{"label":"Crème liquide entière","shopGroup":"Crèmerie  hors fromage","qte":"25","unit":"cl","step":"","order":1},{"label":"Jaune(s) d'oeuf(s)","shopGroup":"Crèmerie  hors fromage","qte":"4","unit":"pièce(s)","step":"","order":2},{"label":"Sucre en poudre","shopGroup":"Epicerie","qte":"125","unit":"g","step":"","order":3},{"label":"Pistache(s) concassée(s)","shopGroup":"Epicerie","qte":"100","unit":"g","step":"","order":4},{"label":"Framboise(s) fraîche(s)","shopGroup":"Fruits","qte":"100","unit":"g","step":"","order":5}],"chiefTip":"Pour varier les recettes, remplacez les pistaches par de la pâte de praliné ou de la pâte à tartiner.","id":10193}