{"id":10193,"title":"Recette de Glace pistache/framboise","description":"","summary":"Glace réalisée à base de crème anglaise à la pistache, puis garnie de framboises fraîches.","timePreparation":"30mn","timeBaking":"0mn","timeRest":"0mn","picture":"http://1.media.atelierdeschefs.com/recette-e10193-glace-pistache-framboise.jpg","ingredients":[{"label":"Lait entier","shopGroup":"Crèmerie  hors fromage","qte":"50","unit":"cl","step":"","order":0},{"label":"Crème liquide entière","shopGroup":"Crèmerie  hors fromage","qte":"25","unit":"cl","step":"","order":1},{"label":"Jaune(s) d'oeuf(s)","shopGroup":"Crèmerie  hors fromage","qte":"4","unit":"pièce(s)","step":"","order":2},{"label":"Sucre en poudre","shopGroup":"Epicerie","qte":"125","unit":"g","step":"","order":3},{"label":"Pistache(s) concassée(s)","shopGroup":"Epicerie","qte":"100","unit":"g","step":"","order":4},{"label":"Framboise(s) fraîche(s)","shopGroup":"Fruits","qte":"100","unit":"g","step":"","order":5}]}