{"id":10793,"title":"Recette de Spaghetti au blé complet à la mode estivale","description":"","summary":"Spaghetti au blé complet cuits aux ¾ de la cuisson habituelle puis plongés dans une sauce à base de jus de coquillages et agrémentés d'asperges croquantes, de petits dés de tomates fraîches, de rondelles d'oignons nouveaux et de basilic, et accompagnés d'un effeuillé de dos de cabillaud.","timePreparation":"45mn","timeBaking":"0mn","timeRest":"0mn","picture":"http://1.media.atelierdeschefs.com/recette-e10793-spaghetti-au-ble-complet-a-la-mode-estivale.jpg","ingredients":[{"label":"Spaghetti au blé complet","shopGroup":"Epicerie","qte":"500","unit":"g","step":"","order":0},{"label":"Moule(s)","shopGroup":"Poissonnerie","qte":"500","unit":"g","step":"","order":1},{"label":"Coque(s)","shopGroup":"Poissonnerie","qte":"500","unit":"g","step":"","order":2},{"label":"Pavé(s) de cabillaud (100 g)","shopGroup":"Poissonnerie","qte":"3","unit":"pièce(s)","step":"","order":3},{"label":"Asperge(s) vertes(s)","shopGroup":"Légumes","qte":"1","unit":"botte(s)","step":"","order":4},{"label":"Tomate(s)","shopGroup":"Fruits","qte":"2","unit":"pièce(s)","step":"","order":5},{"label":"Oignon(s) nouveau(x)","shopGroup":"Légumes","qte":"3","unit":"pièce(s)","step":"","order":6},{"label":"Basilic","shopGroup":"Herbes aromatiques","qte":"1","unit":"botte(s)","step":"","order":7},{"label":"Huile d'olive","shopGroup":"Epicerie","qte":"3","unit":"cl","step":"","order":8},{"label":"Sel fin","shopGroup":"","qte":"6","unit":"pincée(s)","step":"","order":9},{"label":"Moulin à poivre","shopGroup":"","qte":"6","unit":"tour(s)","step":"","order":10},{"label":"Gousse(s) d'ail","shopGroup":"Légumes","qte":"2","unit":"gousse(s)","step":"","order":11}]}