{"title":"Volaille piquée au romarin, écrasé de pommes de terre ratte moutardée","description":"","summary":"Un filet de volaille piqué avec du romarin frais et servi avec un écrasé de pommes de terre à la moutarde à l'ancienne.","timePreparation":"30mn","timeBaking":"0mn","timeRest":"0mn","picture":"","ingredients":[{"label":"Filet(s) de poulet jaune avec peau","shopGroup":"Volaille(s)","qte":"6","unit":"pièce(s)","step":"","order":0},{"label":"Branche(s) de romarin","shopGroup":"Herbes aromatiques","qte":"4","unit":"pièce(s)","step":"","order":1},{"label":"Huile d'olive","shopGroup":"Epicerie","qte":"1","unit":"cl","step":"","order":2},{"label":"Pomme(s) de terre  à chair ferme","shopGroup":"Légumes","qte":"900","unit":"g","step":"Pour la garniture","order":3},{"label":"Beurre doux","shopGroup":"Crèmerie  hors fromage","qte":"50","unit":"g","step":"Pour la garniture","order":4},{"label":"Lait 1/2 écrémé","shopGroup":"Crèmerie  hors fromage","qte":"10","unit":"cl","step":"Pour la garniture","order":5},{"label":"Moutarde à l'ancienne","shopGroup":"Epicerie","qte":"20","unit":"g","step":"Pour la garniture","order":6},{"label":"Sel fin","shopGroup":"","qte":"6","unit":"pincée(s)","step":"Pour la garniture","order":7},{"label":"Moulin à poivre","shopGroup":"","qte":"6","unit":"tour(s)","step":"Pour la garniture","order":8}],"chiefTip":"Remplacez la moutarde par des olives concassées ou des herbes ciselées.","id":945}