{"title":"Volaille piquée au romarin, écrasé de pommes de terre ratte moutardée","description":"<br /><b>Pour la volaille</b><br />Préchauffer le four à 200 °C.<br /><br />Parer les filets de volailles. Tailler le romarin en petits bouquets et les piquer dans les flans de la volaille.<br /><br />Dans une poêle, mettre un trait d'huile à chauffer sur feu vif. Saisir les filets côté peau et après coloration, retourner la volaille et faire colorer l'autre face. Débarrasser sur une plaque et assaisonner de sel et de poivre. Enfourner environ 6 min.<br /><br /><b>Pour la garniture</b><br />Éplucher les pommes de terre et les tailler en petits cubes. Les cuire (départ eau froide salée) environ 10 min dès ébullition. Les égoutter, les écraser avec le beurre, puis ajouter le lait et la moutarde. Réserver.<br /><br /><br />Dans un cercle en inox, mettre l'écrasé de pommes de terre au centre de l'assiette, poser dessus un filet de volaille puis mettre le jus de cuisson autour.<br />","summary":"Un filet de volaille piqué avec du romarin frais et servi avec un écrasé de pommes de terre à la moutarde à l'ancienne.","timePreparation":"30mn","timeBaking":"0mn","timeRest":"0mn","picture":"","ingredients":[{"label":"Filet(s) de poulet jaune avec peau","shopGroup":"Volaille(s)","qte":"6","unit":"pièce(s)","step":"","order":0},{"label":"Branche(s) de romarin","shopGroup":"Herbes aromatiques","qte":"4","unit":"pièce(s)","step":"","order":1},{"label":"Huile d'olive","shopGroup":"Epicerie","qte":"1","unit":"cl","step":"","order":2},{"label":"Pomme(s) de terre  à chair ferme","shopGroup":"Légumes","qte":"900","unit":"g","step":"Pour la garniture","order":3},{"label":"Beurre doux","shopGroup":"Crèmerie  hors fromage","qte":"50","unit":"g","step":"Pour la garniture","order":4},{"label":"Lait 1/2 écrémé","shopGroup":"Crèmerie  hors fromage","qte":"10","unit":"cl","step":"Pour la garniture","order":5},{"label":"Moutarde à l'ancienne","shopGroup":"Epicerie","qte":"20","unit":"g","step":"Pour la garniture","order":6},{"label":"Sel fin","shopGroup":"","qte":"6","unit":"pincée(s)","step":"Pour la garniture","order":7},{"label":"Moulin à poivre","shopGroup":"","qte":"6","unit":"tour(s)","step":"Pour la garniture","order":8}],"chiefTip":"Remplacez la moutarde par des olives concassées ou des herbes ciselées.","id":945}