{"title":"Confiture de lait","description":"","summary":"Une confiture onctueuse à base de lait et de vanille : un délice pour le goûter ou le petit déjeuner.","timePreparation":"2h15mn","timeBaking":"0mn","timeRest":"0mn","picture":"","ingredients":[{"label":"Lait entier","shopGroup":"Crèmerie  hors fromage","qte":"1","unit":"l","step":"","order":0},{"label":"Sucre en poudre","shopGroup":"Epicerie","qte":"500","unit":"g","step":"","order":1},{"label":"Gousse(s) de vanille","shopGroup":"Epicerie","qte":"1","unit":"pièce(s)","step":"","order":2}],"chiefTip":"Pour réaliser une confiture de lait au chocolat, il suffit, lorsque la confiture est cuite, d'y faire fondre 50 g de chocolat en morceaux.","id":10108}