{"title":"Confiture de lait","description":"Dans une grande casserole, verser  le lait, le sucre et la gousse de vanille fendue en 2 et grattée. Porter à ébullition et maintenir à légers frémissements sur feu doux pendant 2 h à 2 h 15 (penser à mélanger la préparation toutes les 10 min). Lorsque le mélange prend une couleur caramel blond et s'épaissit, retirer la gousse de vanille et mélanger constamment. La confiture de lait est prête lorsqu'elle nappe le dos de la cuillère.<br /><br />Remplir un pot de confiture puis le retourner (couvercle vers le bas) jusqu'au lendemain, cela vous évitera de le stériliser.<br />Conserver la confiture de lait au réfrigérateur et patienter 2 à 3 jours avant de la déguster.<br />","summary":"Une confiture onctueuse à base de lait et de vanille : un délice pour le goûter ou le petit déjeuner.","timePreparation":"2h15mn","timeBaking":"0mn","timeRest":"0mn","picture":"","ingredients":[{"label":"Lait entier","shopGroup":"Crèmerie  hors fromage","qte":"1","unit":"l","step":"","order":0},{"label":"Sucre en poudre","shopGroup":"Epicerie","qte":"500","unit":"g","step":"","order":1},{"label":"Gousse(s) de vanille","shopGroup":"Epicerie","qte":"1","unit":"pièce(s)","step":"","order":2}],"chiefTip":"Pour réaliser une confiture de lait au chocolat, il suffit, lorsque la confiture est cuite, d'y faire fondre 50 g de chocolat en morceaux.","id":10108}