{"id":10108,"title":"Recette de Confiture de lait","description":"","summary":"Une confiture onctueuse à base de lait et de vanille : un délice pour le goûter ou le petit déjeuner.","timePreparation":"2h15mn","timeBaking":"0mn","timeRest":"0mn","picture":"http://1.media.atelierdeschefs.com/recette-e10108-confiture-de-lait.jpg","ingredients":[{"label":"Lait entier","shopGroup":"Crèmerie  hors fromage","qte":"1","unit":"l","step":"","order":0},{"label":"Sucre en poudre","shopGroup":"Epicerie","qte":"500","unit":"g","step":"","order":1},{"label":"Gousse(s) de vanille","shopGroup":"Epicerie","qte":"1","unit":"pièce(s)","step":"","order":2}]}