{"title":"Bâtonnets de gaufre à la carotte, orange, safran et gingembre","description":"<br /><b>Pour la purée de carottes :</b><br />Éplucher les carottes et les couper en fines lamelles. Éplucher le gingembre et le couper en petits dés.<br />Dans une casserole, disposer les carottes, le jus d'orange, le gingembre et le safran. Cuire jusqu'à réduction sirupeuse du liquide. Mixer ensuite l'ensemble des ingrédients dans un mini-hachoir du robot jusqu'à obtenir une purée.<br /><br /><b>Pour la pâte à gaufre :</b><br />Dissoudre la levure fraîche dans l'eau tiède. Faire fondre le beurre, puis l'ajouter à la levure. Ajouter le sucre, le sel, la purée de carottes et la farine, et fouetter l'ensemble de la préparation. Laisser la pâte reposer à température ambiante sous un linge humide pendant 30 min.<br /><br />Préchauffer le gaufrier. <br />Monter les 2 blancs en neige, puis les incorporer à la pâte. Couler la pâte dans le gaufrier et cuire les gaufres rapidement pour qu'elles soient bien craquantes.<br />","summary":"Une pâte à gaufre salée, dense et croustillante, à base de purée de carottes cuite dans du jus d'orange et parfumée au gingembre et au safran.","timePreparation":"30mn","timeBaking":"0mn","timeRest":"0mn","picture":"","ingredients":[{"label":"Farine de blé","shopGroup":"Epicerie","qte":"250","unit":"g","step":"Pour la pâte","order":0},{"label":"Levure de boulanger","shopGroup":"Epicerie","qte":"10","unit":"g","step":"Pour la pâte","order":1},{"label":"Cassonade","shopGroup":"Epicerie","qte":"10","unit":"g","step":"Pour la pâte","order":2},{"label":"Eau","shopGroup":"","qte":"8","unit":"cl","step":"Pour la pâte","order":3},{"label":"Sel fin","shopGroup":"","qte":"5","unit":"pincée(s)","step":"Pour la pâte","order":4},{"label":"Beurre doux","shopGroup":"Crèmerie  hors fromage","qte":"110","unit":"g","step":"Pour la pâte","order":5},{"label":"Blanc(s) d'oeuf","shopGroup":"Crèmerie  hors fromage","qte":"2","unit":"pièce(s)","step":"Pour la pâte","order":6},{"label":"Carotte(s)","shopGroup":"Légumes","qte":"200","unit":"g","step":"Pour le reste de la recette","order":7},{"label":"Jus d'orange","shopGroup":"Boissons sans alcool","qte":"15","unit":"cl","step":"Pour le reste de la recette","order":8},{"label":"Pistils de safran","shopGroup":"Epicerie","qte":"10","unit":"pincée(s)","step":"Pour le reste de la recette","order":9},{"label":"Gingembre frais","shopGroup":"Légumes","qte":"4","unit":"g","step":"Pour le reste de la recette","order":10}],"chiefTip":"Les gaufres peuvent être coupées de la forme que vous souhaitez afin d'accompagner vos apéritifs.","id":10647}