{"title":"Bâtonnets de gaufre à la carotte, orange, safran et gingembre","description":"","summary":"Une pâte à gaufre salée, dense et croustillante, à base de purée de carottes cuite dans du jus d'orange et parfumée au gingembre et au safran.","timePreparation":"30mn","timeBaking":"0mn","timeRest":"0mn","picture":"","ingredients":[{"label":"Farine de blé","shopGroup":"Epicerie","qte":"250","unit":"g","step":"Pour la pâte","order":0},{"label":"Levure de boulanger","shopGroup":"Epicerie","qte":"10","unit":"g","step":"Pour la pâte","order":1},{"label":"Cassonade","shopGroup":"Epicerie","qte":"10","unit":"g","step":"Pour la pâte","order":2},{"label":"Eau","shopGroup":"","qte":"8","unit":"cl","step":"Pour la pâte","order":3},{"label":"Sel fin","shopGroup":"","qte":"5","unit":"pincée(s)","step":"Pour la pâte","order":4},{"label":"Beurre doux","shopGroup":"Crèmerie  hors fromage","qte":"110","unit":"g","step":"Pour la pâte","order":5},{"label":"Blanc(s) d'oeuf","shopGroup":"Crèmerie  hors fromage","qte":"2","unit":"pièce(s)","step":"Pour la pâte","order":6},{"label":"Carotte(s)","shopGroup":"Légumes","qte":"200","unit":"g","step":"Pour le reste de la recette","order":7},{"label":"Jus d'orange","shopGroup":"Boissons sans alcool","qte":"15","unit":"cl","step":"Pour le reste de la recette","order":8},{"label":"Pistils de safran","shopGroup":"Epicerie","qte":"10","unit":"pincée(s)","step":"Pour le reste de la recette","order":9},{"label":"Gingembre frais","shopGroup":"Légumes","qte":"4","unit":"g","step":"Pour le reste de la recette","order":10}],"chiefTip":"Les gaufres peuvent être coupées de la forme que vous souhaitez afin d'accompagner vos apéritifs.","id":10647}