{"id":10510,"title":"Recette de Pain roulé au jambon et au fromage","description":"","summary":"Comment réaliser un pain garni de tranches de jambon et de fromage, pour manger avec une salade le dimanche soir !","timePreparation":"2h","timeBaking":"20mn","timeRest":"0mn","picture":"http://1.media.atelierdeschefs.com/recette-e10510-pain-roule-au-jambon-et-au-fromage.jpg","ingredients":[{"label":"Farine de blé","shopGroup":"Epicerie","qte":"370","unit":"g","step":"","order":0},{"label":"Eau","shopGroup":"","qte":"23","unit":"cl","step":"","order":1},{"label":"Sel fin","shopGroup":"","qte":"5","unit":"pincée(s)","step":"","order":2},{"label":"Levure de boulanger","shopGroup":"Epicerie","qte":"3","unit":"g","step":"","order":3},{"label":"Emmenthal","shopGroup":"Fromage(s)","qte":"200","unit":"g","step":"","order":4},{"label":"Tranche(s) de Jambon blanc","shopGroup":"Charcuterie","qte":"6","unit":"pièce(s)","step":"","order":5}]}