{"title":"Pain roulé au jambon et au fromage","description":"Délayer la levure dans l'eau. Faire un puits avec la farine, verser le sel sur la farine et verser l'eau au milieu. Commencer à mélanger en incorporant petit à petit la farine.<br />Lorsque le mélange obtenu est plus ou moins homogène, pétrir la pâte en la claquant sur le plan de travail. Étirer ensuite la pâte en la soulevant et en la repliant sur elle-même. Renouveler l'opération pendant 15 min environ.<br /><br />Couper le fromage en fines tranches.<br />Sur un torchon propre, étaler la pâte à pain en forme de rectangle de 1 cm d'épaisseur. La garnir d'une couche de tranches de fromage, puis d'une couche de tranches de jambon.<br />A l'aide du torchon, rouler le pain en forme de gros boudin, puis le recouvrir d'un torchon humide et le laisser pousser pendant 45 min dans un endroit tiède.<br /><br />Préchauffer le four à 240 °C (th. 8) en plaçant dans le bas du four une plaque ou un récipient métallique pour faire de la vapeur d'eau. Placer la lèchefrite au milieu du four.<br />Déposer le pain sur une feuille de papier cuisson. Faire glisser la feuille de papier cuisson sur la lèchefrite chaude. Verser ½ verre d'eau dans le plat métallique, refermer la porte et attendre 30 secondes avant d'enfourner le pain.<br />Dès l'enfournement, abaisser la température à 200 °C (th. 7) et laisser cuire environ 20 min.<br /><br />Sortir du four et laisser refroidir sur une grille.<br />","summary":"Comment réaliser un pain garni de tranches de jambon et de fromage, pour manger avec une salade le dimanche soir !","timePreparation":"2h","timeBaking":"20mn","timeRest":"0mn","picture":"http://1.media.atelierdeschefs.com/recette-c10510-pain-roule-au-jambon-et-au-fromage.jpg","ingredients":[{"label":"Farine de blé","shopGroup":"Epicerie","qte":"370","unit":"g","step":"","order":0},{"label":"Eau","shopGroup":"","qte":"23","unit":"cl","step":"","order":1},{"label":"Sel fin","shopGroup":"","qte":"5","unit":"pincée(s)","step":"","order":2},{"label":"Levure de boulanger","shopGroup":"Epicerie","qte":"3","unit":"g","step":"","order":3},{"label":"Emmenthal","shopGroup":"Fromage(s)","qte":"200","unit":"g","step":"","order":4},{"label":"Tranche(s) de Jambon blanc","shopGroup":"Charcuterie","qte":"6","unit":"pièce(s)","step":"","order":5}],"chiefTip":"Ce pain se mange en accompagnement ou en plat principal avec une belle salade verte.Pour plus d'arômes, vous pouvez mettre des herbes fraîches dans le pain.","id":10510}