{"title":"Crème de champignons de Paris, écume au lard fumé et pignons de pin","description":"Laver les champignons de Paris puis les couper en 4. Éplucher l'échalote et l'émincer. Effeuiller le persil.<br />Dans une cocotte, faire suer les échalotes avec un trait d'huile d'olive. Ajouter les champignons et les aromates. Assaisonner en sel fin et en poivre du moulin. Mouiller avec la crème liquide et 20 cl d'eau, puis cuire 40 min à feu doux. A la fin de la cuisson, mixer le tout à l'aide d'un blender, puis le passer dans une passoire fine et rectifier l'assaisonnement.<br /><br />Réaliser le siphon : dans une casserole, laisser le lard infuser dans 25 cl de crème liquide. Saler et poivrer. Filtrer puis ajouter le reste de crème liquide et rectifier l'assaisonnement. Verser dans un siphon, puis insérer une cartouche de gaz et réserver au frais.<br /><br />Torréfier les pignons de pin dans une poêle. Frire le persil plat, puis l'égoutter sur du papier absorbant. Saler.<br /><br />Pour le dressage : disposer les pignons de pin au fond d'une assiette creuse, verser la crème de champignons puis un peu de crème au lard. Finir avec quelques pluches de persil plat frit et du piment d'Espelette.<br />","summary":"Crème de champignons de Paris réalisée très simplement, servie avec au fond de l'assiette des pignons de pin torréfiés et un siphon de crème liquide infusée au lard fumé. Le tout décoré de pluches de persil frit.","timePreparation":"20mn","timeBaking":"20mn","timeRest":"0mn","picture":"","ingredients":[{"label":"Petit(s) champignon(s) de Paris","shopGroup":"Légumes","qte":"500","unit":"g","step":"","order":0},{"label":"Crème liquide entière","shopGroup":"","qte":"80","unit":"cl","step":"","order":1},{"label":"Echalote(s)","shopGroup":"Légumes","qte":"1","unit":"pièce(s)","step":"","order":2},{"label":"Aromate(s) ail, thym, laurier","shopGroup":"Herbes aromatiques","qte":"1","unit":"pièce(s)","step":"","order":3},{"label":"Sel fin","shopGroup":"","qte":"3","unit":"pincée(s)","step":"","order":4},{"label":"Moulin à poivre","shopGroup":"","qte":"3","unit":"tour(s)","step":"","order":5},{"label":"Pignon(s) de pin","shopGroup":"Epicerie","qte":"30","unit":"g","step":"","order":6},{"label":"Persil plat","shopGroup":"Herbes aromatiques","qte":"0.25","unit":"botte(s)","step":"","order":7},{"label":"Huile d'olive","shopGroup":"Epicerie","qte":"5","unit":"cl","step":"","order":8},{"label":"Crème liquide entière","shopGroup":"Crèmerie  hors fromage","qte":"40","unit":"cl","step":"Pour le siphon","order":9},{"label":"Lard fumé","shopGroup":"Charcuterie","qte":"150","unit":"g","step":"Pour le siphon","order":10},{"label":"Sel fin","shopGroup":"","qte":"3","unit":"pincée(s)","step":"Pour le siphon","order":11},{"label":"Moulin à poivre","shopGroup":"","qte":"3","unit":"tour(s)","step":"Pour le siphon","order":12},{"label":"Piment d'Espelette","shopGroup":"Epicerie","qte":"3","unit":"pincée(s)","step":"Pour le siphon","order":13},{"label":"Huile de friture","shopGroup":"Epicerie","qte":"1","unit":"l","step":"Pour le siphon","order":14}],"chiefTip":"Vous pouvez cuire la crème de champignons de Paris avec un peu de bouillon de volaille à la place de l'eau.En été, servez cette crème froide, c'est un délice !","id":10141}