{"title":"Filet de truite au fenouil, tronçons de courgettes glacées","description":"Désarêter les filets de truite, les plier en 2 puis les maintenir en place avec un bâton de fenouil sec. Assaisonner en sel fin et en poivre du moulin.<br /><br />Laver les courgettes puis faire des tronçons. Eplucher et ciseler les échalotes.<br />Dans une casserole, disposer les courgettes, le beurre, le sucre et une pincée de sel fin. Mettre de l'eau à mi-hauteur des légumes et couvrir d'un papier sulfurisé. Cuire jusqu'à évaporation totale du liquide de cuisson. Rectifier l'assaisonnement.<br /><br />Dans une poêle avec un trait d'huile d'olive, cuire les filets de truite pendant quelques minutes, de façon à ce qu'ils soient juste cuits à coeur.<br /><br />Réaliser le beurre blanc : mettre à bouillir le vinaigre balsamique blanc avec les échalotes, l'eau, le Ricard et les graines de fenouil et laisser réduire pendant 5 min. Filtrer ensuite le jus (vous devez obtenir l'équivalent de 3 cuillères à soupe de liquide), puis le faire bouillir de nouveau et incorporer progressivement le beurre froid coupé en petits dés, sans cesser de fouetter. Régler le feu pour maintenir la température en dessous de l'ébullition (la texture doit être crémeuse). Rectifier ensuite l'assaisonnement.<br /><br />Pour le dressage, déposer les légumes sur une assiette plate, placer le filet de truite dessus et le beurre blanc autour. Parsemer le tout de piment d'Espelette.<br />","summary":"Filets de truites désarêtés, roulés et maintenus par un bâton de fenouil sec, accompagnés de tronçons de courgettes et d'un beurre blanc à l'anis.","timePreparation":"20mn","timeBaking":"15mn","timeRest":"0mn","picture":"","ingredients":[{"label":"Filet(s) de truite (140 g)","shopGroup":"Poissonnerie","qte":"6","unit":"pièce(s)","step":"","order":0},{"label":"Branche de Fenouil séché","shopGroup":"Epicerie","qte":"6","unit":"pièce(s)","step":"","order":1},{"label":"Courgette(s)","shopGroup":"Légumes","qte":"3","unit":"pièce(s)","step":"","order":2},{"label":"Beurre doux","shopGroup":"","qte":"15","unit":"g","step":"","order":3},{"label":"Sucre en poudre","shopGroup":"Epicerie","qte":"10","unit":"g","step":"","order":4},{"label":"Huile d'olive","shopGroup":"Epicerie","qte":"5","unit":"cl","step":"","order":5},{"label":"Sel fin","shopGroup":"","qte":"3","unit":"pincée(s)","step":"","order":6},{"label":"Moulin à poivre","shopGroup":"","qte":"2","unit":"tour(s)","step":"","order":7},{"label":"Echalote(s)","shopGroup":"Légumes","qte":"2","unit":"pièce(s)","step":"Pour la sauce","order":8},{"label":"Vinaigre balsamique blanc","shopGroup":"Epicerie","qte":"5","unit":"cl","step":"Pour la sauce","order":9},{"label":"Eau","shopGroup":"","qte":"3","unit":"cl","step":"Pour la sauce","order":10},{"label":"Graine(s) de fenouil","shopGroup":"Epicerie","qte":"5","unit":"g","step":"Pour la sauce","order":11},{"label":"Ricard","shopGroup":"Boissons alcoolisées","qte":"2","unit":"cl","step":"Pour la sauce","order":12},{"label":"Beurre doux","shopGroup":"Crèmerie  hors fromage","qte":"150","unit":"g","step":"Pour la sauce","order":13},{"label":"Moulin à poivre","shopGroup":"","qte":"2","unit":"tour(s)","step":"Pour la sauce","order":14},{"label":"Sel fin","shopGroup":"","qte":"3","unit":"pincée(s)","step":"Pour la sauce","order":15},{"label":"Piment d'Espelette","shopGroup":"Epicerie","qte":"2","unit":"pincée(s)","step":"Pour la sauce","order":16}],"chiefTip":"Mettez le beurre blanc au bain-marie pour le maintenir à température.","id":10143}