{"id":10143,"title":"Recette de Filet de truite au fenouil, tronçons de courgettes glacées","description":"","summary":"Filets de truites désarêtés, roulés et maintenus par un bâton de fenouil sec, accompagnés de tronçons de courgettes et d'un beurre blanc à l'anis.","timePreparation":"20mn","timeBaking":"15mn","timeRest":"0mn","picture":"http://1.media.atelierdeschefs.com/recette-e10143-filet-de-truite-au-fenouil-troncons-de-courgettes-glacees.jpg","ingredients":[{"label":"Filet(s) de truite (140 g)","shopGroup":"Poissonnerie","qte":"6","unit":"pièce(s)","step":"","order":0},{"label":"Branche de Fenouil séché","shopGroup":"Epicerie","qte":"6","unit":"pièce(s)","step":"","order":1},{"label":"Courgette(s)","shopGroup":"Légumes","qte":"3","unit":"pièce(s)","step":"","order":2},{"label":"Beurre doux","shopGroup":"","qte":"15","unit":"g","step":"","order":3},{"label":"Sucre en poudre","shopGroup":"Epicerie","qte":"10","unit":"g","step":"","order":4},{"label":"Huile d'olive","shopGroup":"Epicerie","qte":"5","unit":"cl","step":"","order":5},{"label":"Sel fin","shopGroup":"","qte":"3","unit":"pincée(s)","step":"","order":6},{"label":"Moulin à poivre","shopGroup":"","qte":"2","unit":"tour(s)","step":"","order":7},{"label":"Echalote(s)","shopGroup":"Légumes","qte":"2","unit":"pièce(s)","step":"Pour la sauce","order":8},{"label":"Vinaigre balsamique blanc","shopGroup":"Epicerie","qte":"5","unit":"cl","step":"Pour la sauce","order":9},{"label":"Eau","shopGroup":"","qte":"3","unit":"cl","step":"Pour la sauce","order":10},{"label":"Graine(s) de fenouil","shopGroup":"Epicerie","qte":"5","unit":"g","step":"Pour la sauce","order":11},{"label":"Ricard","shopGroup":"Boissons alcoolisées","qte":"2","unit":"cl","step":"Pour la sauce","order":12},{"label":"Beurre doux","shopGroup":"Crèmerie  hors fromage","qte":"150","unit":"g","step":"Pour la sauce","order":13},{"label":"Moulin à poivre","shopGroup":"","qte":"2","unit":"tour(s)","step":"Pour la sauce","order":14},{"label":"Sel fin","shopGroup":"","qte":"3","unit":"pincée(s)","step":"Pour la sauce","order":15},{"label":"Piment d'Espelette","shopGroup":"Epicerie","qte":"2","unit":"pincée(s)","step":"Pour la sauce","order":16}]}