{"title":"Pressée de boudin et pomme purée, émulsion de pommes","description":"Éplucher les pommes de terre et les couper en petits cubes, puis les cuire dans une casserole d'eau salée pendant 10 min. Les égoutter et les passer au presse-purée, ajouter le beurre puis le lait. Rectifier l'assaisonnement.<br /><br />Éplucher et ciseler l'échalote. Éplucher la pomme et la couper en lamelles. Couper la peau des boudins et les ouvrir, puis récupérer l'intérieur à l'aide d'une cuillère à soupe.<br />Dans une poêle avec une noix de beurre, faire suer les échalotes avec une pincée de sel, puis ajouter les boudins et les faire revenir 3 min simplement  pour les réchauffer.<br /><br /><b>Pour l'émulsion :</b><br />Faire bouillir le jus de pomme, le jus du 1/2 citron et l'agar-agar pendant 1 min. Ajouter la crème puis verser le tout dans le siphon et laisser tiédir. Fermer, ajouter une cartouche de gaz et bien secouer.<br /><br /><b>Pour le dressage :</b><br />Procéder au montage dans un cercle : commencer à mettre la purée, puis la fricassée de boudin et la lamelle de pomme. Réaliser un 2e étage en procédant de la même manière, puis tasser et démouler. Servir l'émulsion aux pommes dessus.<br />","summary":"Fricassée de boudin et purée de pommes de terre montées comme un mille-feuille, le tout servi avec une mousse légère à la pomme et des bâtonnets de pomme.","timePreparation":"20mn","timeBaking":"15mn","timeRest":"10mn","picture":"","ingredients":[{"label":"Pomme(s) de terre  à chair farineuse","shopGroup":"Légumes","qte":"1","unit":"kg","step":"","order":0},{"label":"Boudin(s) noir(s)","shopGroup":"Charcuterie","qte":"500","unit":"g","step":"","order":1},{"label":"Pomme(s)","shopGroup":"Fruits","qte":"1","unit":"pièce(s)","step":"","order":2},{"label":"Echalote(s)","shopGroup":"Légumes","qte":"1","unit":"pièce(s)","step":"","order":3},{"label":"Beurre doux","shopGroup":"Crèmerie  hors fromage","qte":"50","unit":"g","step":"","order":4},{"label":"Lait 1/2 écrémé","shopGroup":"Crèmerie  hors fromage","qte":"10","unit":"cl","step":"","order":5},{"label":"Sel fin","shopGroup":"","qte":"3","unit":"pincée(s)","step":"","order":6},{"label":"Moulin à poivre","shopGroup":"","qte":"3","unit":"tour(s)","step":"","order":7},{"label":"Jus de pomme","shopGroup":"Boissons sans alcool","qte":"20","unit":"cl","step":"Pour l'émulsion","order":8},{"label":"Agar Agar","shopGroup":"Epicerie","qte":"2","unit":"g","step":"Pour l'émulsion","order":9},{"label":"Citron(s) jaune(s)","shopGroup":"Fruits","qte":"0.5","unit":"pièce(s)","step":"Pour l'émulsion","order":10},{"label":"Crème liquide entière","shopGroup":"Crèmerie  hors fromage","qte":"20","unit":"cl","step":"Pour l'émulsion","order":11}],"chiefTip":"Veillez à ne pas trop refroidir votre émulsion, sinon elle va se figer. Si vous la préparez à l'avance, laissez le siphon au bain-marie et sortez-le au dernier moment pour qu'il soit tiède (environ 40 °C).","id":10184}