{"id":10184,"title":"Recette de Pressée de boudin et pomme purée, émulsion de pommes","description":"","summary":"Fricassée de boudin et purée de pommes de terre montées comme un mille-feuille, le tout servi avec une mousse légère à la pomme et des bâtonnets de pomme.","timePreparation":"20mn","timeBaking":"15mn","timeRest":"10mn","picture":"http://1.media.atelierdeschefs.com/recette-e10184-pressee-de-boudin-et-pomme-puree-emulsion-de-pommes.jpg","ingredients":[{"label":"Pomme(s) de terre  à chair farineuse","shopGroup":"Légumes","qte":"1","unit":"kg","step":"","order":0},{"label":"Boudin(s) noir(s)","shopGroup":"Charcuterie","qte":"500","unit":"g","step":"","order":1},{"label":"Pomme(s)","shopGroup":"Fruits","qte":"1","unit":"pièce(s)","step":"","order":2},{"label":"Echalote(s)","shopGroup":"Légumes","qte":"1","unit":"pièce(s)","step":"","order":3},{"label":"Beurre doux","shopGroup":"Crèmerie  hors fromage","qte":"50","unit":"g","step":"","order":4},{"label":"Lait 1/2 écrémé","shopGroup":"Crèmerie  hors fromage","qte":"10","unit":"cl","step":"","order":5},{"label":"Sel fin","shopGroup":"","qte":"3","unit":"pincée(s)","step":"","order":6},{"label":"Moulin à poivre","shopGroup":"","qte":"3","unit":"tour(s)","step":"","order":7},{"label":"Jus de pomme","shopGroup":"Boissons sans alcool","qte":"20","unit":"cl","step":"Pour l'émulsion","order":8},{"label":"Agar Agar","shopGroup":"Epicerie","qte":"2","unit":"g","step":"Pour l'émulsion","order":9},{"label":"Citron(s) jaune(s)","shopGroup":"Fruits","qte":"0.5","unit":"pièce(s)","step":"Pour l'émulsion","order":10},{"label":"Crème liquide entière","shopGroup":"Crèmerie  hors fromage","qte":"20","unit":"cl","step":"Pour l'émulsion","order":11}]}