{"id":10079,"title":"Recette de Crème renversée au caramel (méthode à la casserole)","description":"","summary":"Une crème à base d'oeufs, de lait et de vanille, cuite longuement au four dans des ramequins enduits de caramel.","timePreparation":"20mn","timeBaking":"40mn","timeRest":"2h","picture":"http://1.media.atelierdeschefs.com/recette-e10079-creme-renversee-au-caramel-methode-a-la-casserole.jpg","ingredients":[{"label":"Lait entier","shopGroup":"Crèmerie  hors fromage","qte":"0.75","unit":"l","step":"","order":0},{"label":"Oeuf(s)","shopGroup":"Crèmerie  hors fromage","qte":"6","unit":"pièce(s)","step":"","order":1},{"label":"Sucre en poudre","shopGroup":"","qte":"120","unit":"g","step":"","order":2},{"label":"Gousse(s) de vanille","shopGroup":"Epicerie","qte":"2","unit":"pièce(s)","step":"","order":3},{"label":"Sucre en poudre","shopGroup":"Epicerie","qte":"200","unit":"g","step":"","order":4},{"label":"Jus de citron","shopGroup":"Boissons sans alcool","qte":"2","unit":"cl","step":"","order":5}]}