{"title":"Crème renversée au caramel (méthode à la casserole)","description":"Faire fondre 200 g de sucre dans une casserole à fond épais, jusqu'à ce qu'il prenne une couleur rousse. Ajouter alors ½ jus de citron, puis arrêter la cuisson en trempant la casserole quelques secondes dans l'eau froide.<br />Chemiser les moules en faisant tourner le caramel encore liquide au fond des ramequins et sur les parois.<br /><br />Dans une casserole, faire chauffer le lait avec les gousses de vanille fendues et arrêter avant l'ébullition.<br />Blanchir les oeufs avec le sucre, verser une partie du lait dessus et mélanger. Verser ensuite le mélange dans le reste de lait et cuire à feu doux quelques minutes sans atteindre l'ébullition (on ne doit pas dépasser 84 °C). Filtrer ensuite au chinois pour obtenir un appareil bien lisse et faire refroidir.<br /><br />Préchauffer le four à 150 °C.<br />Remplir les ramequins aux ¾ avec la crème tiédie, puis enfourner pendant environ 40 min (ajouter 20 min de cuisson en cas d'utilisation d'un bain-marie). La crème ne doit surtout pas bouillir. Tester la juste cuisson avec la pointe d'un couteau (si rien n'adhère, la crème est cuite). Laisser refroidir avant de démouler.<br />","summary":"Une crème à base d'oeufs, de lait et de vanille, cuite longuement au four dans des ramequins enduits de caramel.","timePreparation":"20mn","timeBaking":"40mn","timeRest":"2h","picture":"","ingredients":[{"label":"Lait entier","shopGroup":"Crèmerie  hors fromage","qte":"0.75","unit":"l","step":"","order":0},{"label":"Oeuf(s)","shopGroup":"Crèmerie  hors fromage","qte":"6","unit":"pièce(s)","step":"","order":1},{"label":"Sucre en poudre","shopGroup":"","qte":"120","unit":"g","step":"","order":2},{"label":"Gousse(s) de vanille","shopGroup":"Epicerie","qte":"2","unit":"pièce(s)","step":"","order":3},{"label":"Sucre en poudre","shopGroup":"Epicerie","qte":"200","unit":"g","step":"","order":4},{"label":"Jus de citron","shopGroup":"Boissons sans alcool","qte":"2","unit":"cl","step":"","order":5}],"chiefTip":"Contrairement à la crème anglaise, les crèmes renversées, une fois filmées, peuvent se conserver 2 à 3 jours au réfrigérateur.","id":10079}