{"title":"Salade de Roquette au poulet et chèvre frais aux arômes du Sud","description":"Laver et sécher la roquette.<br /><br />Dans une poêle chaude avec un filet d'huile d'olive, cuire les filets de poulet pendant 2 min de chaque côté, puis ajouter le thym frais ainsi qu'un verre d'eau. Cuire à feu vif et à couvert jusqu'à évaporation de l'eau. Couper ensuite le poulet en fines tranches.<br /><br />Couper les pétales de tomates confites en 2 et tailler le chèvre frais en petits dés. Ciseler le basilic.<br />Dans un bol, mélanger le vinaigre balsamique, le sel, le poivre et ajouter l'huile d'olive.<br /><br /><br />Pour le montage : dans un saladier, réunir la roquette, les tomates confites, le basilic et assaisonner le tout avec la moitié de la vinaigrette. Répartir ensuite en assiettes creuses et disposer dessus les dés de fromage de chèvre et les filets de poulet émincés. Pour finir, arroser le tout d'une cuillère à soupe de vinaigrette.<br />","summary":"Une salade Roquette garnie de pétales de tomates confites, de petits dés de chèvre frais et de basilic frais, assaisonnée d'une vinaigrette à l'huile d'olive et au vinaigre balsamique, le tout agrémenté d'un émincé de poulet rôti parfumé au thym.","timePreparation":"30mn","timeBaking":"15mn","timeRest":"0mn","picture":"http://1.media.atelierdeschefs.com/recette-c10534-salade-de-roquette-au-poulet-et-chevre-frais-aux-aromes-du-sud.jpg","ingredients":[{"label":"Roquette","shopGroup":"Légumes","qte":"400","unit":"branche(s)","step":"","order":0},{"label":"Filet(s) de poulet (150 g)","shopGroup":"Volaille(s)","qte":"3","unit":"pièce(s)","step":"","order":1},{"label":"Branche(s) de thym","shopGroup":"Herbes aromatiques","qte":"3","unit":"pièce(s)","step":"","order":2},{"label":"Tomate(s) confite(s)","shopGroup":"Epicerie","qte":"100","unit":"g","step":"","order":3},{"label":"Chèvre(s) frais","shopGroup":"Fromage(s)","qte":"200","unit":"g","step":"","order":4},{"label":"Basilic","shopGroup":"Herbes aromatiques","qte":"1","unit":"botte(s)","step":"","order":5},{"label":"Huile d'olive","shopGroup":"Epicerie","qte":"10","unit":"cl","step":"","order":6},{"label":"Vinaigre balsamique","shopGroup":"Epicerie","qte":"5","unit":"cl","step":"","order":7},{"label":"Sel fin","shopGroup":"","qte":"6","unit":"pincée(s)","step":"","order":8},{"label":"Moulin à poivre","shopGroup":"","qte":"6","unit":"tour(s)","step":"","order":9}],"chiefTip":"Pour une salade plus gourmande, ajoutez des pignons de pin et quelques olives noires.","id":10534}