{"title":"Lasagne au saumon et aux épinards","description":"","summary":"Des lasagne faites avec des épinards frais, des morceaux de saumon frais et des gambas, garnies de béchamel puis cuites au four.","timePreparation":"45mn","timeBaking":"0mn","timeRest":"0mn","picture":"","ingredients":[{"label":"Feuille(s) de lasagne","shopGroup":"Epicerie","qte":"500","unit":"g","step":"","order":0},{"label":"Filet(s)de saumon","shopGroup":"Poissonnerie","qte":"300","unit":"g","step":"","order":1},{"label":"Queue(s) de Gambas surgelées","shopGroup":"Surgelés","qte":"18","unit":"pièce(s)","step":"","order":2},{"label":"Epinard(s) en branche","shopGroup":"Légumes","qte":"800","unit":"g","step":"","order":3},{"label":"Lait entier","shopGroup":"Crèmerie  hors fromage","qte":"1","unit":"l","step":"Pour la sauce","order":4},{"label":"Farine de blé","shopGroup":"Epicerie","qte":"60","unit":"g","step":"Pour la sauce","order":5},{"label":"Beurre doux","shopGroup":"Crèmerie  hors fromage","qte":"60","unit":"g","step":"Pour la sauce","order":6},{"label":"Crème liquide entière","shopGroup":"Crèmerie  hors fromage","qte":"20","unit":"cl","step":"Pour la sauce","order":7},{"label":"Noix de muscade râpée","shopGroup":"Epicerie","qte":"1","unit":"g","step":"Pour la sauce","order":8},{"label":"Moulin à poivre","shopGroup":"","qte":"1","unit":"g","step":"Pour la sauce","order":9},{"label":"Sel fin","shopGroup":"","qte":"2","unit":"g","step":"Pour la sauce","order":10},{"label":"Emmenthal râpé","shopGroup":"","qte":"150","unit":"g","step":"Pour la sauce","order":11},{"label":"Huile d'olive","shopGroup":"Epicerie","qte":"2","unit":"cl","step":"Pour la sauce","order":12}],"chiefTip":"Vous pouvez utiliser des épinards surgelés pour cette recette, mais veillez à bien les essorer !","id":10088}