{"title":"Lasagne au saumon et aux épinards","description":"<br /><b>Pour la béchamel :</b><br />Porter le lait à ébullition.<br />Réaliser un roux blanc : faire fondre le beurre dans une casserole, puis ajouter la farine et bien mélanger. Laisser ensuite refroidir.<br />Verser le lait bouillant sur le roux froid, fouetter et remettre à cuire jusqu'à ce que la sauce épaississe (environ 10 min). Ajouter alors la crème et assaisonner avec du sel, du poivre et un peu de noix de muscade râpée.<br /><br /><b>Préparation des lasagne :</b><br />Faire cuire les lasagne 1 à 2 min dans de l'eau bouillante salée, puis les égoutter et les huiler légèrement. Réserver.<br />Laver les épinards puis les sécher.<br /> <br />Dans une grande poêle, mettre une noisette de beurre et faire sauter rapidement les épinards, puis bien les égoutter. Ajouter une cuillère à soupe de béchamel et mélanger, puis réserver.<br />Enlever la peau du saumon et le couper en gros cubes, le saler puis le colorer à feu vif dans une poêle chaude avec un trait d'huile d'olive. Réserver.<br />Décortiquer les gambas.<br /><br /><b>Montage :</b><br />Préchauffer le four à 180 °C.<br />Huiler un plat à gratin puis le tapisser de pâte. Disposer ensuite la moitié des épinards et ajouter 3 cuillerées de béchamel. Disposer une couche de lasagne, puis le saumon, les gambas et de la sauce. Recouvrir de lasagne, puis de l'autre moitié d'épinards et de sauce. Déposer la dernière couche de pâte, verser le reste de béchamel et parsemer le tout d'emmenthal râpé.<br /><br />Enfourner 20 min (les lasagne doivent être bien dorées). Déguster aussitôt.<br />","summary":"Des lasagne faites avec des épinards frais, des morceaux de saumon frais et des gambas, garnies de béchamel puis cuites au four.","timePreparation":"45mn","timeBaking":"0mn","timeRest":"0mn","picture":"","ingredients":[{"label":"Feuille(s) de lasagne","shopGroup":"Epicerie","qte":"500","unit":"g","step":"","order":0},{"label":"Filet(s)de saumon","shopGroup":"Poissonnerie","qte":"300","unit":"g","step":"","order":1},{"label":"Queue(s) de Gambas surgelées","shopGroup":"Surgelés","qte":"18","unit":"pièce(s)","step":"","order":2},{"label":"Epinard(s) en branche","shopGroup":"Légumes","qte":"800","unit":"g","step":"","order":3},{"label":"Lait entier","shopGroup":"Crèmerie  hors fromage","qte":"1","unit":"l","step":"Pour la sauce","order":4},{"label":"Farine de blé","shopGroup":"Epicerie","qte":"60","unit":"g","step":"Pour la sauce","order":5},{"label":"Beurre doux","shopGroup":"Crèmerie  hors fromage","qte":"60","unit":"g","step":"Pour la sauce","order":6},{"label":"Crème liquide entière","shopGroup":"Crèmerie  hors fromage","qte":"20","unit":"cl","step":"Pour la sauce","order":7},{"label":"Noix de muscade râpée","shopGroup":"Epicerie","qte":"1","unit":"g","step":"Pour la sauce","order":8},{"label":"Moulin à poivre","shopGroup":"","qte":"1","unit":"g","step":"Pour la sauce","order":9},{"label":"Sel fin","shopGroup":"","qte":"2","unit":"g","step":"Pour la sauce","order":10},{"label":"Emmenthal râpé","shopGroup":"","qte":"150","unit":"g","step":"Pour la sauce","order":11},{"label":"Huile d'olive","shopGroup":"Epicerie","qte":"2","unit":"cl","step":"Pour la sauce","order":12}],"chiefTip":"Vous pouvez utiliser des épinards surgelés pour cette recette, mais veillez à bien les essorer !","id":10088}