{"id":10243,"title":"Recette de Pissaladière feuilletée express","description":"","summary":"Une pâte feuilletée légère, garnie d'oignons caramélisés, d'anchois marinés et d'olives noires.","timePreparation":"30mn","timeBaking":"20mn","timeRest":"0mn","picture":"http://1.media.atelierdeschefs.com/recette-e10243-pissaladiere-feuilletee-express.jpg","ingredients":[{"label":"Pâte feuilletée","shopGroup":"Traiteur","qte":"200","unit":"g","step":"","order":0},{"label":"Oignon(s)","shopGroup":"Légumes","qte":"3","unit":"pièce(s)","step":"","order":1},{"label":"Beurre demi-sel","shopGroup":"Crèmerie  hors fromage","qte":"50","unit":"g","step":"","order":2},{"label":"Gousse(s) d'ail","shopGroup":"Légumes","qte":"1","unit":"pièce(s)","step":"","order":3},{"label":"Sel fin","shopGroup":"","qte":"3","unit":"pincée(s)","step":"","order":4},{"label":"Anchois marinés à l'huile","shopGroup":"Poissonnerie","qte":"10","unit":"pièce(s)","step":"","order":5},{"label":"Olive(s) noire(s)","shopGroup":"Epicerie","qte":"50","unit":"g","step":"","order":6},{"label":"Moulin à poivre","shopGroup":"","qte":"3","unit":"tour(s)","step":"","order":7},{"label":"Huile d'olive","shopGroup":"Epicerie","qte":"3","unit":"cl","step":"","order":8}]}