{"title":"Pissaladière feuilletée express","description":"Préchauffer le four à 200°C (th. 6/7).<br /><br />Étaler la pâte feuilletée de manière à ce qu'elle fasse 5 mm d'épaisseur. La piquer sur toute sa surface à l'aide d'une fourchette. La laisser reposer au réfrigérateur. <br /><br />Peler les oignons et les émincer très finement. Peler et hacher l'ail. Les faire revenir doucement dans l'huile d'olive avec du sel et du poivre jusqu'à ce qu'ils soient complètement ramollis.<br /><br />Faire cuire la pâte feuilletée pendant 6 minutes entre 2 plaques à pâtisserie. Retirer la plaque supérieure et y étaler les oignons en laissant une bordure d'1cm de largeur tout autour. Disposer les filets d'anchois sur les oignons et répartir les olives noires. <br /><br />Remettre à cuire encore 10 minutes au four, jusqu'à ce que la pâte soit croustillante et dorée. Couper la pissaladière en petites parts et les servir en amuse-bouches, chaudes ou froides.<br />","summary":"Une pâte feuilletée légère, garnie d'oignons caramélisés, d'anchois marinés et d'olives noires.","timePreparation":"30mn","timeBaking":"20mn","timeRest":"0mn","picture":"","ingredients":[{"label":"Pâte feuilletée","shopGroup":"Traiteur","qte":"200","unit":"g","step":"","order":0},{"label":"Oignon(s)","shopGroup":"Légumes","qte":"3","unit":"pièce(s)","step":"","order":1},{"label":"Beurre demi-sel","shopGroup":"Crèmerie  hors fromage","qte":"50","unit":"g","step":"","order":2},{"label":"Gousse(s) d'ail","shopGroup":"Légumes","qte":"1","unit":"pièce(s)","step":"","order":3},{"label":"Sel fin","shopGroup":"","qte":"3","unit":"pincée(s)","step":"","order":4},{"label":"Anchois marinés à l'huile","shopGroup":"Poissonnerie","qte":"10","unit":"pièce(s)","step":"","order":5},{"label":"Olive(s) noire(s)","shopGroup":"Epicerie","qte":"50","unit":"g","step":"","order":6},{"label":"Moulin à poivre","shopGroup":"","qte":"3","unit":"tour(s)","step":"","order":7},{"label":"Huile d'olive","shopGroup":"Epicerie","qte":"3","unit":"cl","step":"","order":8}],"chiefTip":"Vous pouvez aussi réaliser la pissaladière sur une base de pâte à pain.","id":10243}