{"title":"Picatta de biche poêlée aux marrons et raifort, champignon façon macaron végétal","description":"Éplucher les champignons de Paris et retirer les pieds. Creuser l'intérieur afin de pouvoir les garnir par la suite.<br />Couvrir les champignons de Paris d'eau froide, ajouter le beurre, le jus d'un citron et une pincée de sel. Porter à ébullition et cuire pendant 6 min. Sortir ensuite les champignons de Paris et les laisser refroidir.<br /><br />Nettoyer les champignons de saison si besoin et les faire revenir avec une gousse d'ail en chemise. Les assaisonner, puis en hacher finement 3/4 et y ajouter le persil.<br />Réduire le jus de cuisson et réserver.<br /><br />Couper de fines lamelles de biche et les badigeonner légèrement de raifort. Poser quelques champignons hachés (en utilisant le 1/4 restant) sur chaque lamelle puis la rouler sur elle-même. Les piquer ensuite avec un cure-dents pour les fermer.<br /><br />Dans une poêle chaude, verser un filet d'huile d'olive et colorer les morceaux de biche sur chaque face, puis les retirer et les assaisonner.<br />Déglacer au vin rouge, ajouter alors les châtaignes et le jus de cuisson des champignons. Faire réduire pour obtenir une consistance sirupeuse, puis déposer les morceaux de viande dans la poêle et laisser cuire pendant 2 min. <br /><br />Pour paner les champignons de Paris : battre les oeufs et plonger les champignons dedans, puis dans le mélange chapelure et noisette. Répéter l'opération 1 fois.<br />Frire les champignons dans une huile d'arachide chaude (180 °C), puis les égoutter et les garnir de farce de champignons. <br /><br />Servir les picattas de biche avec les macarons de champignons et un filet de sauce.<br />","summary":"Roulés de biche relevés au raifort, accompagnés de têtes de champignons croustillantes montées et farcies comme des macarons.","timePreparation":"45mn","timeBaking":"0mn","timeRest":"0mn","picture":"","ingredients":[{"label":"Pavé(s) de biche de 160 g","shopGroup":"Boucherie","qte":"6","unit":"pièce(s)","step":"","order":0},{"label":"Champignon(s) de Paris","shopGroup":"Légumes","qte":"24","unit":"pièce(s)","step":"","order":1},{"label":"Champignon(s) de saison","shopGroup":"Légumes","qte":"500","unit":"g","step":"","order":2},{"label":"Poudre de noisette","shopGroup":"Epicerie","qte":"150","unit":"g","step":"","order":3},{"label":"Chapelure de pain","shopGroup":"Epicerie","qte":"150","unit":"g","step":"","order":4},{"label":"Oeuf(s)","shopGroup":"Crèmerie  hors fromage","qte":"3","unit":"pièce(s)","step":"","order":5},{"label":"Persil plat","shopGroup":"Herbes aromatiques","qte":"0.5","unit":"botte(s)","step":"","order":6},{"label":"Gousse(s) d'ail","shopGroup":"Légumes","qte":"1","unit":"gousse(s)","step":"","order":7},{"label":"Eau","shopGroup":"","qte":"1","unit":"l","step":"","order":8},{"label":"Citron(s) jaune(s)","shopGroup":"Fruits","qte":"0.5","unit":"pièce(s)","step":"","order":9},{"label":"Beurre doux","shopGroup":"Crèmerie  hors fromage","qte":"50","unit":"g","step":"","order":10},{"label":"Huile d'arachide","shopGroup":"Epicerie","qte":"1","unit":"l","step":"","order":11},{"label":"Vin rouge","shopGroup":"Boissons alcoolisées","qte":"10","unit":"cl","step":"","order":12},{"label":"Châtaigne(s) cuite(s)","shopGroup":"Epicerie","qte":"50","unit":"g","step":"","order":13},{"label":"Raifort en pot","shopGroup":"Epicerie","qte":"10","unit":"g","step":"","order":14},{"label":"Sel fin","shopGroup":"","qte":"6","unit":"pincée(s)","step":"","order":15},{"label":"Moulin à poivre","shopGroup":"","qte":"6","unit":"tour(s)","step":"","order":16},{"label":"Huile d'olive","shopGroup":"Epicerie","qte":"3","unit":"cl","step":"","order":17}],"chiefTip":"Si vous utilisez des champignons de type girolle ou chanterelle, pensez à les laver à plusieurs reprises et à les cuire en 2 fois afin de retirer l'excédent d'eau.","id":10570}