{"id":10570,"title":"Recette de Picatta de biche poêlée aux marrons et raifort, champignon façon macaron végétal","description":"","summary":"Roulés de biche relevés au raifort, accompagnés de têtes de champignons croustillantes montées et farcies comme des macarons.","timePreparation":"45mn","timeBaking":"0mn","timeRest":"0mn","picture":"http://1.media.atelierdeschefs.com/recette-e10570-picatta-de-biche-poelee-aux-marrons-et-raifort-champignon-facon-macaron-vegetal.jpg","ingredients":[{"label":"Pavé(s) de biche de 160 g","shopGroup":"Boucherie","qte":"6","unit":"pièce(s)","step":"","order":0},{"label":"Champignon(s) de Paris","shopGroup":"Légumes","qte":"24","unit":"pièce(s)","step":"","order":1},{"label":"Champignon(s) de saison","shopGroup":"Légumes","qte":"500","unit":"g","step":"","order":2},{"label":"Poudre de noisette","shopGroup":"Epicerie","qte":"150","unit":"g","step":"","order":3},{"label":"Chapelure de pain","shopGroup":"Epicerie","qte":"150","unit":"g","step":"","order":4},{"label":"Oeuf(s)","shopGroup":"Crèmerie  hors fromage","qte":"3","unit":"pièce(s)","step":"","order":5},{"label":"Persil plat","shopGroup":"Herbes aromatiques","qte":"0.5","unit":"botte(s)","step":"","order":6},{"label":"Gousse(s) d'ail","shopGroup":"Légumes","qte":"1","unit":"gousse(s)","step":"","order":7},{"label":"Eau","shopGroup":"","qte":"1","unit":"l","step":"","order":8},{"label":"Citron(s) jaune(s)","shopGroup":"Fruits","qte":"0.5","unit":"pièce(s)","step":"","order":9},{"label":"Beurre doux","shopGroup":"Crèmerie  hors fromage","qte":"50","unit":"g","step":"","order":10},{"label":"Huile d'arachide","shopGroup":"Epicerie","qte":"1","unit":"l","step":"","order":11},{"label":"Vin rouge","shopGroup":"Boissons alcoolisées","qte":"10","unit":"cl","step":"","order":12},{"label":"Châtaigne(s) cuite(s)","shopGroup":"Epicerie","qte":"50","unit":"g","step":"","order":13},{"label":"Raifort en pot","shopGroup":"Epicerie","qte":"10","unit":"g","step":"","order":14},{"label":"Sel fin","shopGroup":"","qte":"6","unit":"pincée(s)","step":"","order":15},{"label":"Moulin à poivre","shopGroup":"","qte":"6","unit":"tour(s)","step":"","order":16},{"label":"Huile d'olive","shopGroup":"Epicerie","qte":"3","unit":"cl","step":"","order":17}]}