{"id":10294,"title":"Recette de Brick de thon rouge","description":"","summary":"Une idée supplémentaire pour animer vos cocktails dînatoires ou pour démarrer un repas.","timePreparation":"30mn","timeBaking":"0mn","timeRest":"0mn","picture":"http://1.media.atelierdeschefs.com/recette-e10294-brick-de-thon-rouge.jpg","ingredients":[{"label":"Thon rouge","shopGroup":"Poissonnerie","qte":"500","unit":"g","step":"","order":0},{"label":"Oeuf(s)","shopGroup":"Crèmerie  hors fromage","qte":"3","unit":"pièce(s)","step":"","order":1},{"label":"Persil plat","shopGroup":"Herbes aromatiques","qte":"0.25","unit":"botte(s)","step":"","order":2},{"label":"Feuille(s) de brick","shopGroup":"Traiteur","qte":"6","unit":"pièce(s)","step":"","order":3},{"label":"Huile d'arachide","shopGroup":"Epicerie","qte":"10","unit":"cl","step":"","order":4},{"label":"Fleur de sel","shopGroup":"Epicerie","qte":"6","unit":"pincée(s)","step":"","order":5},{"label":"Piment d'Espelette","shopGroup":"Epicerie","qte":"6","unit":"pincée(s)","step":"","order":6},{"label":"Sel fin","shopGroup":"","qte":"6","unit":"pincée(s)","step":"","order":7}]}