{"title":"Brick de thon rouge","description":"Cuire les oeufs pendant 8 min dans une casserole d'eau bouillante, puis les refroidir sous un filet d'eau froide. Retirer la coquille (écaler), puis écraser les oeufs à l'aide d'une fourchette.<br /><br />Pour la farce : tailler le thon en petits dés (comme pour un tartare) et le mélanger aux oeufs. Laver et effeuiller le persil, puis le ciseler finement. Mélanger tous les éléments, puis assaisonner de fleur de sel et de piment d'Espelette. <br /><br />Tailler les feuilles de brick en 2 et disposer sur chacune une jolie cuillère à soupe de farce. Rouler la feuille jusqu'au milieu, puis replier les bords et terminer le nem en le pressant légèrement.<br />Dans une poêle chaude, ajouter l'huile d'arachide et colorer les nems sur chaque face. Les égoutter ensuite sur un papier absorbant, puis les saler.<br /><br />Déguster sans attendre.<br />","summary":"Une idée supplémentaire pour animer vos cocktails dînatoires ou pour démarrer un repas.","timePreparation":"30mn","timeBaking":"0mn","timeRest":"0mn","picture":"","ingredients":[{"label":"Thon rouge","shopGroup":"Poissonnerie","qte":"500","unit":"g","step":"","order":0},{"label":"Oeuf(s)","shopGroup":"Crèmerie  hors fromage","qte":"3","unit":"pièce(s)","step":"","order":1},{"label":"Persil plat","shopGroup":"Herbes aromatiques","qte":"0.25","unit":"botte(s)","step":"","order":2},{"label":"Feuille(s) de brick","shopGroup":"Traiteur","qte":"6","unit":"pièce(s)","step":"","order":3},{"label":"Huile d'arachide","shopGroup":"Epicerie","qte":"10","unit":"cl","step":"","order":4},{"label":"Fleur de sel","shopGroup":"Epicerie","qte":"6","unit":"pincée(s)","step":"","order":5},{"label":"Piment d'Espelette","shopGroup":"Epicerie","qte":"6","unit":"pincée(s)","step":"","order":6},{"label":"Sel fin","shopGroup":"","qte":"6","unit":"pincée(s)","step":"","order":7}],"chiefTip":"Vous pouvez utiliser du thon nature ou à l'huile pour cette recette.","id":10294}