{"id":10020,"title":"Recette de Boeuf Stroganov et riz parfumé au girofle","description":"","summary":"Un plat de boeuf cuisiné au paprika avec une sauce crémeuse au yaourt : une recette traditionnelle russe.","timePreparation":"30mn","timeBaking":"20mn","timeRest":"0mn","picture":"http://1.media.atelierdeschefs.com/recette-e10020-boeuf-stroganov-et-riz-parfume-au-girofle.jpg","ingredients":[{"label":"Pavé(s) de boeuf de 150g","shopGroup":"Boucherie","qte":"6","unit":"pièce(s)","step":"","order":0},{"label":"Champignon(s) de Paris bouton(s)","shopGroup":"Légumes","qte":"500","unit":"g","step":"","order":1},{"label":"Oignon(s)","shopGroup":"Légumes","qte":"2","unit":"pièce(s)","step":"","order":2},{"label":"Echalote(s)","shopGroup":"Légumes","qte":"2","unit":"pièce(s)","step":"","order":3},{"label":"Paprika","shopGroup":"Epicerie","qte":"15","unit":"g","step":"","order":4},{"label":"Riz basmati","shopGroup":"Epicerie","qte":"300","unit":"g","step":"","order":5},{"label":"Tomate(s)","shopGroup":"Fruits","qte":"3","unit":"pièce(s)","step":"","order":6},{"label":"Cornichon(s) au vinaigre","shopGroup":"Epicerie","qte":"100","unit":"g","step":"","order":7},{"label":"Crème liquide entière","shopGroup":"Crèmerie  hors fromage","qte":"15","unit":"cl","step":"","order":8},{"label":"Yaourt(s) nature(s)","shopGroup":"Crèmerie  hors fromage","qte":"2","unit":"pièce(s)","step":"","order":9},{"label":"Beurre doux","shopGroup":"Crèmerie  hors fromage","qte":"20","unit":"g","step":"","order":10},{"label":"Persil plat","shopGroup":"","qte":"6","unit":"f","step":"","order":11},{"label":"Clou(s) de girofle","shopGroup":"Epicerie","qte":"2","unit":"pièce(s)","step":"","order":12},{"label":"Eau","shopGroup":"","qte":"60","unit":"cl","step":"","order":13},{"label":"Huile d'olive","shopGroup":"Epicerie","qte":"5","unit":"cl","step":"","order":14},{"label":"Sel fin","shopGroup":"","qte":"6","unit":"pincée(s)","step":"","order":15},{"label":"Moulin à poivre","shopGroup":"","qte":"6","unit":"tour(s)","step":"","order":16}]}