{"title":"Boeuf Stroganov et riz parfumé au girofle","description":"Rincer le riz sous l'eau froide pour retirer un maximum d'amidon, puis le mettre dans une casserole et ajouter 1 clou de girofle et l'eau. Porter à gros bouillons pendant 2 min, puis couvrir et laisser cuire à feu doux pendant 8 min. Éteindre le feu et laisser le riz gonfler à couvert pendant 10 min.<br /><br />Tailler les cornichons en fine julienne. Peler la tomate et la couper en 4, épépiner chaque quartier et tailler la chair en petits dés. Éplucher l'oignon et l'échalote, puis les ciseler. Découper la viande en fines lanières. Peler les champignons de Paris et les couper en fines lamelles.<br /><br />Dans une poêle, faire chauffer l'huile d'olive et faire dorer les lanières de boeuf pendant 3 min. Saler et poivrer, retirer de la poêle et réserver.<br />Dans cette même poêle, faire fondre le beurre, ajouter l'oignon et l'échalote et les faire suer avec un peu de sel fin jusqu'à ce qu'ils soient caramélisés. Ajouter alors les champignons et les laisser cuire 5 min. Pour finir, ajouter la tomate, le paprika et la julienne de cornichons, puis laisser mijoter pendant 5 min.<br /> <br />Dans un bol, mélanger la crème fraîche avec le yaourt jusqu'à obtenir une crème onctueuse. Verser ensuite cette crème dans la sauteuse et laisser mijoter 5 min. Ajouter enfin la viande de boeuf. <br /><br />Servir chaud et accompagner du riz parfumé au girofle, décorer avec le persil plat.<br />","summary":"Un plat de boeuf cuisiné au paprika avec une sauce crémeuse au yaourt : une recette traditionnelle russe.","timePreparation":"30mn","timeBaking":"20mn","timeRest":"0mn","picture":"","ingredients":[{"label":"Pavé(s) de boeuf de 150g","shopGroup":"Boucherie","qte":"6","unit":"pièce(s)","step":"","order":0},{"label":"Champignon(s) de Paris bouton(s)","shopGroup":"Légumes","qte":"500","unit":"g","step":"","order":1},{"label":"Oignon(s)","shopGroup":"Légumes","qte":"2","unit":"pièce(s)","step":"","order":2},{"label":"Echalote(s)","shopGroup":"Légumes","qte":"2","unit":"pièce(s)","step":"","order":3},{"label":"Paprika","shopGroup":"Epicerie","qte":"15","unit":"g","step":"","order":4},{"label":"Riz basmati","shopGroup":"Epicerie","qte":"300","unit":"g","step":"","order":5},{"label":"Tomate(s)","shopGroup":"Fruits","qte":"3","unit":"pièce(s)","step":"","order":6},{"label":"Cornichon(s) au vinaigre","shopGroup":"Epicerie","qte":"100","unit":"g","step":"","order":7},{"label":"Crème liquide entière","shopGroup":"Crèmerie  hors fromage","qte":"15","unit":"cl","step":"","order":8},{"label":"Yaourt(s) nature(s)","shopGroup":"Crèmerie  hors fromage","qte":"2","unit":"pièce(s)","step":"","order":9},{"label":"Beurre doux","shopGroup":"Crèmerie  hors fromage","qte":"20","unit":"g","step":"","order":10},{"label":"Persil plat","shopGroup":"","qte":"6","unit":"f","step":"","order":11},{"label":"Clou(s) de girofle","shopGroup":"Epicerie","qte":"2","unit":"pièce(s)","step":"","order":12},{"label":"Eau","shopGroup":"","qte":"60","unit":"cl","step":"","order":13},{"label":"Huile d'olive","shopGroup":"Epicerie","qte":"5","unit":"cl","step":"","order":14},{"label":"Sel fin","shopGroup":"","qte":"6","unit":"pincée(s)","step":"","order":15},{"label":"Moulin à poivre","shopGroup":"","qte":"6","unit":"tour(s)","step":"","order":16}],"chiefTip":"Vous pouvez aussi ajouter une julienne de poivrons rouges si vous le désirez.","id":10020}