{"title":"Macaron safran au sucre cuit, chocolat blanc et myrtille","description":"","summary":"Un macaron parfumé au safran et garni d'une ganache au chocolat blanc et d'une myrtille fraîche.","timePreparation":"30mn","timeBaking":"15mn","timeRest":"0mn","picture":"","ingredients":[{"label":"Poudre d'amande","shopGroup":"Epicerie","qte":"200","unit":"g","step":"Pour les macarons","order":0},{"label":"Sucre glace","shopGroup":"Epicerie","qte":"200","unit":"g","step":"Pour les macarons","order":1},{"label":"Blanc(s) d'oeuf","shopGroup":"Crèmerie  hors fromage","qte":"150","unit":"g","step":"Pour les macarons","order":2},{"label":"Sucre en poudre","shopGroup":"Epicerie","qte":"200","unit":"g","step":"Pour les macarons","order":3},{"label":"Eau","shopGroup":"","qte":"5","unit":"cl","step":"Pour les macarons","order":4},{"label":"Colorant poudre orange","shopGroup":"Epicerie","qte":"1","unit":"g","step":"Pour les macarons","order":5},{"label":"Colorant poudre jaune","shopGroup":"Epicerie","qte":"2","unit":"g","step":"Pour les macarons","order":6},{"label":"Pistils de safran","shopGroup":"Epicerie","qte":"1","unit":"pincée(s)","step":"Pour les macarons","order":7},{"label":"Crème liquide entière","shopGroup":"Crèmerie  hors fromage","qte":"7.5","unit":"cl","step":"Pour la ganache","order":8},{"label":"Chocolat blanc","shopGroup":"Epicerie","qte":"150","unit":"g","step":"Pour la ganache","order":9},{"label":"Beurre doux","shopGroup":"Crèmerie  hors fromage","qte":"25","unit":"g","step":"Pour la ganache","order":10},{"label":"Gousse(s) de vanille","shopGroup":"Epicerie","qte":"1","unit":"pièce(s)","step":"Pour la ganache","order":11},{"label":"Myrtille(s)","shopGroup":"Fruits","qte":"125","unit":"g","step":"Pour la ganache","order":12}],"chiefTip":"Utilisez de préférence des colorants en poudre pour la réalisation des coques.","id":10388}