{"title":"Macaron safran au sucre cuit, chocolat blanc et myrtille","description":"<br /><b>Pour les coques de macaron :</b><br />Préchauffer le four à 160 °C (th. 5). <br /><br />Dans un mixeur, verser la poudre d'amande et le sucre glace. Faire tourner pendant 30 secondes pour affiner le mélange (tant pour tant), puis tamiser. <br /><br />Dans une casserole, mélanger l'eau, le sucre semoule et le safran avec une spatule. Cuire à 118-119 °C. <br />Avant d'atteindre cette température, verser 75 g de blancs dans la cuve d'un batteur et les monter en neige. Lorsque le sucre a atteint la bonne température, le verser sur les blancs montés. <br />Fouetter ensuite jusqu'à refroidissement de la meringue, puis ajouter les colorants.<br /><br />Verser le reste des blancs d'oeufs sur le tant pour tant. Incorporer une petite partie de la meringue froide à ce mélange, puis ajouter le reste. Mélanger afin d'obtenir une pâte lisse et homogène, légèrement coulante.<br /><br />Remplir une poche à douille avec cette préparation, puis dresser les macarons sur un tapis de cuisson ou sur une feuille de papier sulfurisé. Tapoter légèrement la plaque, puis enfourner de 12 à 14 min en tournant la plaque à mi-cuisson.<br /><br /><b>Pour la ganache :</b><br />Réaliser la ganache au chocolat blanc vanillé : faire bouillir la crème et les graines de la gousse de vanille, puis verser ce mélange petit à petit sur le chocolat blanc non fondu. Mélanger légèrement avec un fouet sans incorporer d'air. Lorsque le mélange est homogène, ajouter le beurre coupé en petits dés, puis laisser le mélange refroidir à température ambiante.<br /><br />Pour le montage : mettre la ganache dans une poche à douille. Décoller les coquilles lorsqu'elles ont refroidi, puis les garnir de chocolat blanc et d'une myrtille. Refermer avec une autre coquille.<br /><br />Conserver les macarons au frais pendant 24 h, puis les sortir 2 h avant la dégustation.<br />","summary":"Un macaron parfumé au safran et garni d'une ganache au chocolat blanc et d'une myrtille fraîche.","timePreparation":"30mn","timeBaking":"15mn","timeRest":"0mn","picture":"","ingredients":[{"label":"Poudre d'amande","shopGroup":"Epicerie","qte":"200","unit":"g","step":"Pour les macarons","order":0},{"label":"Sucre glace","shopGroup":"Epicerie","qte":"200","unit":"g","step":"Pour les macarons","order":1},{"label":"Blanc(s) d'oeuf","shopGroup":"Crèmerie  hors fromage","qte":"150","unit":"g","step":"Pour les macarons","order":2},{"label":"Sucre en poudre","shopGroup":"Epicerie","qte":"200","unit":"g","step":"Pour les macarons","order":3},{"label":"Eau","shopGroup":"","qte":"5","unit":"cl","step":"Pour les macarons","order":4},{"label":"Colorant poudre orange","shopGroup":"Epicerie","qte":"1","unit":"g","step":"Pour les macarons","order":5},{"label":"Colorant poudre jaune","shopGroup":"Epicerie","qte":"2","unit":"g","step":"Pour les macarons","order":6},{"label":"Pistils de safran","shopGroup":"Epicerie","qte":"1","unit":"pincée(s)","step":"Pour les macarons","order":7},{"label":"Crème liquide entière","shopGroup":"Crèmerie  hors fromage","qte":"7.5","unit":"cl","step":"Pour la ganache","order":8},{"label":"Chocolat blanc","shopGroup":"Epicerie","qte":"150","unit":"g","step":"Pour la ganache","order":9},{"label":"Beurre doux","shopGroup":"Crèmerie  hors fromage","qte":"25","unit":"g","step":"Pour la ganache","order":10},{"label":"Gousse(s) de vanille","shopGroup":"Epicerie","qte":"1","unit":"pièce(s)","step":"Pour la ganache","order":11},{"label":"Myrtille(s)","shopGroup":"Fruits","qte":"125","unit":"g","step":"Pour la ganache","order":12}],"chiefTip":"Utilisez de préférence des colorants en poudre pour la réalisation des coques.","id":10388}