{"id":1021,"title":"Recette de Contraste Café-Chocolat","description":"","summary":"Une mousse au chocolat cuite rapidement au four et servie avec une émulsion de café.","timePreparation":"25mn","timeBaking":"5mn","timeRest":"1h","picture":"http://1.media.atelierdeschefs.com/recette-e1021-contraste-cafe-chocolat.jpg","ingredients":[{"label":"Beurre doux","shopGroup":"Crèmerie  hors fromage","qte":"100","unit":"g","step":"","order":0},{"label":"Chocolat noir","shopGroup":"Epicerie","qte":"250","unit":"g","step":"","order":1},{"label":"Oeuf(s)","shopGroup":"Crèmerie  hors fromage","qte":"5","unit":"pièce(s)","step":"","order":2},{"label":"Sucre en poudre","shopGroup":"Epicerie","qte":"50","unit":"g","step":"","order":3},{"label":"Jaune(s) d'oeuf(s)","shopGroup":"Crèmerie  hors fromage","qte":"2","unit":"pièce(s)","step":"","order":4},{"label":"Sucre glace","shopGroup":"Epicerie","qte":"20","unit":"g","step":"Pour l'émulsion","order":5},{"label":"Café","shopGroup":"Epicerie","qte":"2","unit":"cl","step":"Pour l'émulsion","order":6},{"label":"Crème liquide entière","shopGroup":"Crèmerie  hors fromage","qte":"40","unit":"cl","step":"Pour l'émulsion","order":7},{"label":"Eau","shopGroup":"","qte":"10","unit":"cl","step":"Pour l'émulsion","order":8}]}