{"title":"Contraste Café-Chocolat","description":"Préchauffer le four à 150 °C (th. 5).<br /><br /><br />Faire fondre le chocolat et le beurre au bain-marie. <br />Mélanger les oeufs entiers, les jaunes d'oeufs et le sucre au batteur à vitesse rapide, puis incorporer délicatement le chocolat fondu. Verser ensuite la préparation dans des verres bodega jusqu'à mi-hauteur. Enfourner les verres pendant 5 min (attention, le verre chaud est fragile). <br /><br /><b>Pour l'émulsion</b><br />Faire chauffer l'eau dans une casserole, ajouter le sucre glace et dissoudre la café dedans. Ajouter la crème liquide, puis verser le tout dans un siphon. Faire refroidir, puis insérer la cartouche de gaz et mettre au frais.<br /><br /><b>Pour le service</b><br />Laisser ensuite tiédir les verres, puis recouvrir d'émulsion café à l'aide du siphon juste avant de servir.<br />","summary":"Une mousse au chocolat cuite rapidement au four et servie avec une émulsion de café.","timePreparation":"25mn","timeBaking":"5mn","timeRest":"1h","picture":"","ingredients":[{"label":"Beurre doux","shopGroup":"Crèmerie  hors fromage","qte":"100","unit":"g","step":"","order":0},{"label":"Chocolat noir","shopGroup":"Epicerie","qte":"250","unit":"g","step":"","order":1},{"label":"Oeuf(s)","shopGroup":"Crèmerie  hors fromage","qte":"5","unit":"pièce(s)","step":"","order":2},{"label":"Sucre en poudre","shopGroup":"Epicerie","qte":"50","unit":"g","step":"","order":3},{"label":"Jaune(s) d'oeuf(s)","shopGroup":"Crèmerie  hors fromage","qte":"2","unit":"pièce(s)","step":"","order":4},{"label":"Sucre glace","shopGroup":"Epicerie","qte":"20","unit":"g","step":"Pour l'émulsion","order":5},{"label":"Café","shopGroup":"Epicerie","qte":"2","unit":"cl","step":"Pour l'émulsion","order":6},{"label":"Crème liquide entière","shopGroup":"Crèmerie  hors fromage","qte":"40","unit":"cl","step":"Pour l'émulsion","order":7},{"label":"Eau","shopGroup":"","qte":"10","unit":"cl","step":"Pour l'émulsion","order":8}],"chiefTip":"Vous pouvez ajouter une touche de croquant à ce dessert en le servant avec un sablé ou avec une tuile très croustillante.","id":1021}