{"id":10448,"title":"Recette de Ailerons de poulet sautés et crème de carottes épicée","description":"","summary":"Ailerons de poulet cuits à la poêle, servis avec une crème de carottes relevée d'une pointe de gingembre et de citronnelle.","timePreparation":"30mn","timeBaking":"0mn","timeRest":"0mn","picture":"http://1.media.atelierdeschefs.com/recette-e10448-ailerons-de-poulet-sautes-et-creme-de-carottes-epicee.jpg","ingredients":[{"label":"Aileron(s) de poulet","shopGroup":"Volaille(s)","qte":"18","unit":"pièce(s)","step":"","order":0},{"label":"Carotte(s)","shopGroup":"Légumes","qte":"500","unit":"g","step":"","order":1},{"label":"Bâton(s) de citronnelle","shopGroup":"Herbes aromatiques","qte":"2","unit":"pièce(s)","step":"","order":2},{"label":"Gingembre frais","shopGroup":"Légumes","qte":"20","unit":"g","step":"","order":3},{"label":"Echalote(s)","shopGroup":"Légumes","qte":"3","unit":"pièce(s)","step":"","order":4},{"label":"Bouillon de volaille","shopGroup":"Epicerie","qte":"1","unit":"l","step":"","order":5},{"label":"Crème liquide entière","shopGroup":"Crèmerie  hors fromage","qte":"10","unit":"cl","step":"","order":6},{"label":"Beurre doux","shopGroup":"Crèmerie  hors fromage","qte":"30","unit":"g","step":"","order":7},{"label":"Sel fin","shopGroup":"","qte":"6","unit":"pincée(s)","step":"","order":8},{"label":"Sauce Soja","shopGroup":"Epicerie","qte":"3","unit":"cl","step":"","order":9},{"label":"Huile d'olive","shopGroup":"Epicerie","qte":"3","unit":"cl","step":"","order":10}]}