{"title":"Figues rôties, crème fraîche à la lavande et crumble","description":"","summary":"Des figues rôties au sucre roux, servies avec une crème au miel et à la lavande avec un crumble à la poudre d'amande : un vrai plaisir d'automne !","timePreparation":"20mn","timeBaking":"20mn","timeRest":"10mn","picture":"","ingredients":[{"label":"Figue(s)","shopGroup":"Fruits","qte":"12","unit":"pièce(s)","step":"","order":0},{"label":"Sucre roux","shopGroup":"Epicerie","qte":"100","unit":"g","step":"","order":1},{"label":"Crème fraîche épaisse","shopGroup":"Crèmerie  hors fromage","qte":"200","unit":"g","step":"","order":2},{"label":"Lavande séchée","shopGroup":"Epicerie","qte":"3","unit":"g","step":"","order":3},{"label":"Miel","shopGroup":"Epicerie","qte":"30","unit":"g","step":"","order":4},{"label":"Farine de blé","shopGroup":"Epicerie","qte":"100","unit":"g","step":"Pour le crumble","order":5},{"label":"Beurre doux","shopGroup":"Crèmerie  hors fromage","qte":"100","unit":"g","step":"Pour le crumble","order":6},{"label":"Poudre d'amande","shopGroup":"Epicerie","qte":"100","unit":"g","step":"Pour le crumble","order":7},{"label":"Sucre en poudre","shopGroup":"Epicerie","qte":"100","unit":"g","step":"Pour le crumble","order":8}],"chiefTip":"N'utilisez pas des figues trop mûres qui se déferaient à la cuisson. Si vous avez des figues très mûres, servez-les crues, arrosées d'un peu plus de miel.","id":10268}