{"id":10775,"title":"Recette de Mini vacherin à la tonka vanillée","description":"","summary":"A la façon d'un macaron, deux coques de meringue garnies d'une chantilly parfumée à la fève tonka et à la vanille.","timePreparation":"1h45mn","timeBaking":"0mn","timeRest":"0mn","picture":"http://1.media.atelierdeschefs.com/recette-e10775-mini-vacherin-a-la-tonka-vanillee.jpg","ingredients":[{"label":"Blanc(s) d'oeuf","shopGroup":"Crèmerie  hors fromage","qte":"200","unit":"g","step":"","order":0},{"label":"Sucre en poudre","shopGroup":"Epicerie","qte":"200","unit":"g","step":"","order":1},{"label":"Sucre glace","shopGroup":"","qte":"200","unit":"g","step":"","order":2},{"label":"Crème liquide entière","shopGroup":"Crèmerie  hors fromage","qte":"40","unit":"cl","step":"Pour la garniture","order":3},{"label":"Sucre glace","shopGroup":"Epicerie","qte":"50","unit":"g","step":"Pour la garniture","order":4},{"label":"Gousse(s) de vanille","shopGroup":"Epicerie","qte":"1","unit":"pièce(s)","step":"Pour la garniture","order":5},{"label":"Fève(s) tonka","shopGroup":"Epicerie","qte":"1","unit":"pièce(s)","step":"Pour la garniture","order":6}]}