{"title":"Tuile aux noisettes, mangues caramélisées comme un mille-feuille","description":"<br /><b>Pour les tuiles</b><br />Préchauffer le four à 200 °C (th. 6-7).<br /><br />Mélanger le sucre glace, la farine, l'eau, le beurre fondu et les noisettes hachées sans trop travailler l'appareil (il faut éviter d'incorporer de l'air dans la pâte). Déposer ensuite des tas suffisamment espacés les uns des autres sur la plaque de cuisson et enfourner pendant 6 min (ATTENTION à la coloration, il est préférable de rester près du four lors de la cuisson). A la sortie, laisser reposer pendant 3 min, puis décoller les tuiles et les réserver à plat.<br /><br /><b>Pour le siphon</b><br />Faire fondre la gélatine (trempée au préalable dans de l'eau froide) avec le lait. Hors du feu, ajouter le jus de fruits exotiques et tenir ensuite ce mélange au frais dans le siphon.<br /><br /><b>Pour le reste de la recette</b><br />Éplucher les mangues et les tailler en lamelles.<br />Réaliser un caramel à sec dans une poêle à fond épais, ajouter les lamelles de mangues, les noisettes et le jus d'une orange. Cuire pendant 10 min, puis réserver.<br /><br />Dans une assiette, déposer une tuile, puis les lamelles de mangues, une autre tuile, et mettre un peu de mousse grâce au siphon. Déposer une dernière tuile et servir immédiatement.<br />","summary":"Une tuile légère et craquante, une poêlée de mangues et des parfums exotiques...","timePreparation":"30mn","timeBaking":"25mn","timeRest":"2h","picture":"","ingredients":[{"label":"Jus de fruits exotiques","shopGroup":"Boissons sans alcool","qte":"30","unit":"cl","step":"Pour le siphon","order":0},{"label":"Feuille(s) de gélatine de 2 g","shopGroup":"Epicerie","qte":"2","unit":"pièce(s)","step":"Pour le siphon","order":1},{"label":"Lait 1/2 écrémé","shopGroup":"Crèmerie  hors fromage","qte":"5","unit":"cl","step":"Pour le siphon","order":2},{"label":"Sucre en poudre","shopGroup":"Epicerie","qte":"80","unit":"g","step":"Pour le reste de la recette","order":3},{"label":"Noisette(s) entière(s)","shopGroup":"Epicerie","qte":"30","unit":"g","step":"Pour le reste de la recette","order":4},{"label":"Mangue(s)","shopGroup":"Fruits","qte":"2","unit":"pièce(s)","step":"Pour le reste de la recette","order":5},{"label":"Orange(s)","shopGroup":"Fruits","qte":"1","unit":"pièce(s)","step":"Pour le reste de la recette","order":6},{"label":"Sucre glace","shopGroup":"Epicerie","qte":"140","unit":"g","step":"Pour les tuiles","order":7},{"label":"Farine de blé","shopGroup":"Epicerie","qte":"35","unit":"g","step":"Pour les tuiles","order":8},{"label":"Noisette(s) hachée(s)","shopGroup":"Epicerie","qte":"50","unit":"g","step":"Pour les tuiles","order":9},{"label":"Beurre doux","shopGroup":"Crèmerie  hors fromage","qte":"35","unit":"g","step":"Pour les tuiles","order":10},{"label":"Eau","shopGroup":"","qte":"5","unit":"cl","step":"Pour les tuiles","order":11}],"chiefTip":"Utilisez des mangues un peu fermes pour cette recette, car les mangues trop mûres risquent de donner une purée.","id":1062}