{"title":"Coeur de daurade à la vapeur d'estragon, jus de moule parfumé et légumes croquants","description":"<br /><b>Pour le jus :</b><br />Éplucher l'oignon et le ciseler. Éplucher le gingembre et le couper en petits dés. Émincer la citronnelle en fines lamelles. Laver le citron vert, puis le couper en petits dés sans ôter la peau.<br /><br />Dans une casserole avec un filet d'huile d'olive, faire suer les oignons, le citron, la citronnelle et le gingembre. Ajouter les moules puis mouiller avec 10 cl d'eau. Couvrir et laisser les moules s'ouvrir. Récupérer les moules puis les décoquiller et  les réserver. Faire réduire légèrement le jus puis ajouter le lait de coco. Laisser mijoter 10 minutes puis rectifier l'assaisonnement. Filtrer.<br /><br /><b>Pour les légumes :</b><br />Éplucher les carottes et les émincer en fines lamelles. Éplucher les navets et les couper en dés. Éplucher les champignons de Paris et les couper en quartiers. Couper le fenouil en 2 et retirer le coeur, puis le couper en lanières.<br /><br />Dans un wok chaud avec un filet d'huile d'olive, faire sauter les légumes avec du sel et du piment d'Espelette. Une fois les légumes cuits, ajouter le sésame.<br /><br /><b>Pour le poisson :</b><br />Désarêter les filets de daurade, puis les assaisonner de fleur de sel, de piment d'Espelette et de feuilles d'estragon. Les rouler puis les piquer avec des pics en bois, ou les attacher avec de la ficelle de cuisson.<br />Faire bouillir de l'eau avec des branches d'estragon dans un wok, puis poser une grille dessus. Disposer les filets de daurade sur cette grille, puis fermer et laisser cuire à feu doux pendant 6 min. <br /><br />Dresser un lit de légumes dans une assiette creuse et ajouter les moules. Arroser les légumes de jus de moule, puis poser le filet de daurade.<br />","summary":"Un filet de daurade parfumé à l'estragon et cuit à la vapeur, accompagné de légumes croquants au sésame et d'un jus de moule à l'asiatique (citron vert, citronnelle, gingembre...).","timePreparation":"30mn","timeBaking":"30mn","timeRest":"0mn","picture":"http://1.media.atelierdeschefs.com/recette-c10187-coeur-de-daurade-a-la-vapeur-d-estragon-jus-de-moule-parfume-et-legumes-croquants.jpg","ingredients":[{"label":"Filet(s) de daurade de 140 g","shopGroup":"Poissonnerie","qte":"6","unit":"pièce(s)","step":"","order":0},{"label":"Fleur de sel","shopGroup":"Epicerie","qte":"3","unit":"pincée(s)","step":"","order":1},{"label":"Piment d'Espelette","shopGroup":"Epicerie","qte":"3","unit":"pincée(s)","step":"","order":2},{"label":"Huile d'olive","shopGroup":"Epicerie","qte":"5","unit":"cl","step":"","order":3},{"label":"Estragon","shopGroup":"Herbes aromatiques","qte":"0.25","unit":"botte(s)","step":"","order":4},{"label":"Moule(s)","shopGroup":"Poissonnerie","qte":"300","unit":"g","step":"Pour le jus","order":5},{"label":"Lait de coco non sucré","shopGroup":"Epicerie","qte":"20","unit":"cl","step":"Pour le jus","order":6},{"label":"Bâton(s) de citronnelle","shopGroup":"Herbes aromatiques","qte":"1","unit":"pièce(s)","step":"Pour le jus","order":7},{"label":"Gingembre frais","shopGroup":"Légumes","qte":"30","unit":"g","step":"Pour le jus","order":8},{"label":"Citron(s) vert(s)","shopGroup":"Fruits","qte":"0.5","unit":"pièce(s)","step":"Pour le jus","order":9},{"label":"Oignon(s)","shopGroup":"Légumes","qte":"0.5","unit":"pièce(s)","step":"Pour le jus","order":10},{"label":"Carotte(s)","shopGroup":"Légumes","qte":"3","unit":"pièce(s)","step":"Pour le reste de la recette","order":11},{"label":"Fenouil(s)","shopGroup":"Légumes","qte":"1","unit":"pièce(s)","step":"Pour le reste de la recette","order":12},{"label":"Navet(s)","shopGroup":"Légumes","qte":"3","unit":"pièce(s)","step":"Pour le reste de la recette","order":13},{"label":"Champignon(s) de Paris","shopGroup":"Légumes","qte":"300","unit":"g","step":"Pour le reste de la recette","order":14},{"label":"Graines de sésame blanches","shopGroup":"Epicerie","qte":"30","unit":"g","step":"Pour le reste de la recette","order":15}],"chiefTip":"Vous pouvez remplacer le lait de coco par de la crème liquide pour atténuer les saveurs de la sauce.","id":10187}