{"id":10187,"title":"Recette de Coeur de daurade à la vapeur d'estragon, jus de moule parfumé et légumes croquants","description":"","summary":"Un filet de daurade parfumé à l'estragon et cuit à la vapeur, accompagné de légumes croquants au sésame et d'un jus de moule à l'asiatique (citron vert, citronnelle, gingembre...).","timePreparation":"30mn","timeBaking":"30mn","timeRest":"0mn","picture":"http://1.media.atelierdeschefs.com/recette-e10187-coeur-de-daurade-a-la-vapeur-d-estragon-jus-de-moule-parfume-et-legumes-croquants.jpg","ingredients":[{"label":"Filet(s) de daurade de 140 g","shopGroup":"Poissonnerie","qte":"6","unit":"pièce(s)","step":"","order":0},{"label":"Fleur de sel","shopGroup":"Epicerie","qte":"3","unit":"pincée(s)","step":"","order":1},{"label":"Piment d'Espelette","shopGroup":"Epicerie","qte":"3","unit":"pincée(s)","step":"","order":2},{"label":"Huile d'olive","shopGroup":"Epicerie","qte":"5","unit":"cl","step":"","order":3},{"label":"Estragon","shopGroup":"Herbes aromatiques","qte":"0.25","unit":"botte(s)","step":"","order":4},{"label":"Moule(s)","shopGroup":"Poissonnerie","qte":"300","unit":"g","step":"Pour le jus","order":5},{"label":"Lait de coco non sucré","shopGroup":"Epicerie","qte":"20","unit":"cl","step":"Pour le jus","order":6},{"label":"Bâton(s) de citronnelle","shopGroup":"Herbes aromatiques","qte":"1","unit":"pièce(s)","step":"Pour le jus","order":7},{"label":"Gingembre frais","shopGroup":"Légumes","qte":"30","unit":"g","step":"Pour le jus","order":8},{"label":"Citron(s) vert(s)","shopGroup":"Fruits","qte":"0.5","unit":"pièce(s)","step":"Pour le jus","order":9},{"label":"Oignon(s)","shopGroup":"Légumes","qte":"0.5","unit":"pièce(s)","step":"Pour le jus","order":10},{"label":"Carotte(s)","shopGroup":"Légumes","qte":"3","unit":"pièce(s)","step":"Pour le reste de la recette","order":11},{"label":"Fenouil(s)","shopGroup":"Légumes","qte":"1","unit":"pièce(s)","step":"Pour le reste de la recette","order":12},{"label":"Navet(s)","shopGroup":"Légumes","qte":"3","unit":"pièce(s)","step":"Pour le reste de la recette","order":13},{"label":"Champignon(s) de Paris","shopGroup":"Légumes","qte":"300","unit":"g","step":"Pour le reste de la recette","order":14},{"label":"Graines de sésame blanches","shopGroup":"Epicerie","qte":"30","unit":"g","step":"Pour le reste de la recette","order":15}]}