{"title":"Sauté de biche au vin rouge, légumes d'automne","description":"","summary":"Civet de gibier accompagné d'une garniture chasseur (purée de potirons, marrons glacés, figues rôties).","timePreparation":"45mn","timeBaking":"45mn","timeRest":"0mn","picture":"http://1.media.atelierdeschefs.com/recette-c10539-saute-de-biche-au-vin-rouge-legumes-d-automne.jpg","ingredients":[{"label":"Biche parée","shopGroup":"Boucherie","qte":"1","unit":"kg","step":"","order":0},{"label":"Carotte(s)","shopGroup":"Légumes","qte":"1","unit":"pièce(s)","step":"","order":1},{"label":"Oignon(s)","shopGroup":"Légumes","qte":"1","unit":"pièce(s)","step":"","order":2},{"label":"Aromate(s) ail, thym, laurier","shopGroup":"Herbes aromatiques","qte":"1","unit":"pièce(s)","step":"","order":3},{"label":"Concentré de tomate","shopGroup":"Epicerie","qte":"10","unit":"g","step":"","order":4},{"label":"Farine de blé","shopGroup":"Epicerie","qte":"20","unit":"g","step":"","order":5},{"label":"Vin rouge","shopGroup":"Boissons alcoolisées","qte":"50","unit":"cl","step":"","order":6},{"label":"Sel fin","shopGroup":"","qte":"3","unit":"pincée(s)","step":"","order":7},{"label":"Moulin à poivre","shopGroup":"","qte":"3","unit":"tour(s)","step":"","order":8},{"label":"Potiron","shopGroup":"Légumes","qte":"500","unit":"g","step":"Pour la garniture","order":9},{"label":"Beurre doux","shopGroup":"","qte":"20","unit":"g","step":"Pour la garniture","order":10},{"label":"Noix de muscade râpée","shopGroup":"Epicerie","qte":"2","unit":"g","step":"Pour la garniture","order":11},{"label":"Branche(s) de thym","shopGroup":"Herbes aromatiques","qte":"1","unit":"pièce(s)","step":"Pour la garniture","order":12},{"label":"Crème liquide entière","shopGroup":"Crèmerie  hors fromage","qte":"5","unit":"cl","step":"Pour la garniture","order":13},{"label":"Marron(s) cuit(s)","shopGroup":"Conserve","qte":"200","unit":"g","step":"Pour la garniture","order":14},{"label":"Miel","shopGroup":"Epicerie","qte":"30","unit":"g","step":"Pour la garniture","order":15},{"label":"Figue(s)","shopGroup":"Fruits","qte":"6","unit":"pièce(s)","step":"Pour la garniture","order":16},{"label":"Beurre doux","shopGroup":"Crèmerie  hors fromage","qte":"10","unit":"g","step":"Pour la garniture","order":17},{"label":"Huile d'olive","shopGroup":"Epicerie","qte":"3","unit":"cl","step":"Pour la garniture","order":18}],"chiefTip":"Laissez mariner la viande directement dans le vin rouge et dans la garniture aromatique pendant au moins 12 h : elle aura ainsi plus de goût.","id":10539}