{"title":"Sauté de biche au vin rouge, légumes d'automne","description":"<br /><b>Pour le sauté de biche :</b><br />Préchauffer le four à 200 °C.<br />Éplucher la carotte et l'oignon, ciseler l'oignon et tailler la carotte en brunoise. Couper la biche en morceaux de 50 g environ.<br /><br />Dans une cocotte avec un filet d'huile d'olive, colorer la viande sur toutes les faces, la saler et la poivrer. Ajouter la carotte, l'oignon et les aromates. Faire suer puis ajouter le concentré de tomates et mélanger. Incorporer la farine puis la torréfier. Ajouter enfin le vin rouge, puis porter à ébullition et enfourner pendant 45 min environ.<br /><br /><b>Pour la purée de potirons :</b><br />Peler et épépiner le potiron, puis le tailler en cubes de 2 cm de côté.<br />Dans une casserole avec du beurre, faire suer le potiron avec une pincée de sel pendant 5 min. Ajouter un verre d'eau, la branche de thym, la muscade et cuire à couvert pendant 10 min. Remuer de temps en temps et dessécher les cubes de potiron au maximum.<br />Au terme de la cuisson, fouetter et ajouter un peu de crème, puis rectifier l'assaisonnement.<br /><br /><b>Pour les marrons :</b><br />Dans une poêle, faire bouillir le miel, puis ajouter les marrons et les enrober. Cuire doucement pendant 5 min, avec un peu d'eau si nécessaire (si vous avez un fond de gibier, utilisez-le à la place de l'eau).<br /><br /><b>Pour les figues :</b><br />Préchauffer le four à 200 °C.<br />Enlever le pédoncule des figues et inciser le haut de chacune. Mettre un peu de beurre et de miel sur chaque figue, puis enfourner pendant environ 3 min (suivant la maturité des figues). Lorsqu'elles sont cuites, elles s'ouvrent légèrement.<br /><br /><b>Pour le dressage :</b><br />Déposer le sauté de biche avec sa sauce dans l'assiette, ajouter une quenelle de potiron, la figue et les marrons glacés.<br />","summary":"Civet de gibier accompagné d'une garniture chasseur (purée de potirons, marrons glacés, figues rôties).","timePreparation":"45mn","timeBaking":"45mn","timeRest":"0mn","picture":"http://1.media.atelierdeschefs.com/recette-c10539-saute-de-biche-au-vin-rouge-legumes-d-automne.jpg","ingredients":[{"label":"Biche parée","shopGroup":"Boucherie","qte":"1","unit":"kg","step":"","order":0},{"label":"Carotte(s)","shopGroup":"Légumes","qte":"1","unit":"pièce(s)","step":"","order":1},{"label":"Oignon(s)","shopGroup":"Légumes","qte":"1","unit":"pièce(s)","step":"","order":2},{"label":"Aromate(s) ail, thym, laurier","shopGroup":"Herbes aromatiques","qte":"1","unit":"pièce(s)","step":"","order":3},{"label":"Concentré de tomate","shopGroup":"Epicerie","qte":"10","unit":"g","step":"","order":4},{"label":"Farine de blé","shopGroup":"Epicerie","qte":"20","unit":"g","step":"","order":5},{"label":"Vin rouge","shopGroup":"Boissons alcoolisées","qte":"50","unit":"cl","step":"","order":6},{"label":"Sel fin","shopGroup":"","qte":"3","unit":"pincée(s)","step":"","order":7},{"label":"Moulin à poivre","shopGroup":"","qte":"3","unit":"tour(s)","step":"","order":8},{"label":"Potiron","shopGroup":"Légumes","qte":"500","unit":"g","step":"Pour la garniture","order":9},{"label":"Beurre doux","shopGroup":"","qte":"20","unit":"g","step":"Pour la garniture","order":10},{"label":"Noix de muscade râpée","shopGroup":"Epicerie","qte":"2","unit":"g","step":"Pour la garniture","order":11},{"label":"Branche(s) de thym","shopGroup":"Herbes aromatiques","qte":"1","unit":"pièce(s)","step":"Pour la garniture","order":12},{"label":"Crème liquide entière","shopGroup":"Crèmerie  hors fromage","qte":"5","unit":"cl","step":"Pour la garniture","order":13},{"label":"Marron(s) cuit(s)","shopGroup":"Conserve","qte":"200","unit":"g","step":"Pour la garniture","order":14},{"label":"Miel","shopGroup":"Epicerie","qte":"30","unit":"g","step":"Pour la garniture","order":15},{"label":"Figue(s)","shopGroup":"Fruits","qte":"6","unit":"pièce(s)","step":"Pour la garniture","order":16},{"label":"Beurre doux","shopGroup":"Crèmerie  hors fromage","qte":"10","unit":"g","step":"Pour la garniture","order":17},{"label":"Huile d'olive","shopGroup":"Epicerie","qte":"3","unit":"cl","step":"Pour la garniture","order":18}],"chiefTip":"Laissez mariner la viande directement dans le vin rouge et dans la garniture aromatique pendant au moins 12 h : elle aura ainsi plus de goût.","id":10539}