{"title":"Fines feuilles de chocolat à la menthe","description":"Faire fondre le chocolat au bain marie à 40°C à l'aide d'une sonde. Le retirer du bain marie et le mélanger avec une maryse jusqu'à 35°C. Ajouter au chocolat le beurre de cacao mycryo en le saupoudrant puis mélanger jusqu'à ce le chocolat soit à 31°C. A l'aide d'une spatule lisser sur 2 mm le chocolat sur du papier rhodoïd. Réserver au réfrigérateur 10 minutes.<br /><br />Faire fondre le fondant pâtissier à feu doux avec les feuilles de menthe fraiche, sans les tiges et laisser  infuser pendant 15 minutes sans faire bouillir.<br />Passer ensuite ce mélange à travers un chinois pour retirer toutes les feuilles.<br />Laisser refroidir dans un récipient à plat.     <br /><br />Étaler ensuite ce mélange sur le chocolat glacé, laisser prendre à nouveau au frigo pendant 10 minutes environ, jusqu'à ce que le fondant cristallise, puis verser à nouveau du chocolat fondu, et étaler sur toute la surface. coller une autre feuille de rhodoïd par dessus, puis pré-couper les carrés à l'aide du coté d'une spatule à chocolat.<br />Placer au froid pour faire durcir et démouler lorsque tout et bien froid. <br /><br />Servir glacé avec le café.<br />","summary":"Une mignardise craquante au chocolat et à la menthe fraiche pour accompagner votre café ou thé.","timePreparation":"1h","timeBaking":"0mn","timeRest":"0mn","picture":"","ingredients":[{"label":"Chocolat au lait","shopGroup":"Epicerie","qte":"200","unit":"g","step":"","order":0},{"label":"Beurre de cacao Mycryo","shopGroup":"Epicerie","qte":"3","unit":"g","step":"","order":1},{"label":"Menthe fraîche","shopGroup":"Herbes aromatiques","qte":"1","unit":"botte(s)","step":"","order":2},{"label":"Fondant Pâtissier","shopGroup":"Epicerie","qte":"200","unit":"g","step":"","order":3}],"chiefTip":"Vous pouvez aussi réaliser cette recette avec du chocolat noir.","id":10157}