{"title":"Fines feuilles de chocolat à la menthe","description":"","summary":"Une mignardise craquante au chocolat et à la menthe fraiche pour accompagner votre café ou thé.","timePreparation":"1h","timeBaking":"0mn","timeRest":"0mn","picture":"","ingredients":[{"label":"Chocolat au lait","shopGroup":"Epicerie","qte":"200","unit":"g","step":"","order":0},{"label":"Beurre de cacao Mycryo","shopGroup":"Epicerie","qte":"3","unit":"g","step":"","order":1},{"label":"Menthe fraîche","shopGroup":"Herbes aromatiques","qte":"1","unit":"botte(s)","step":"","order":2},{"label":"Fondant Pâtissier","shopGroup":"Epicerie","qte":"200","unit":"g","step":"","order":3}],"chiefTip":"Vous pouvez aussi réaliser cette recette avec du chocolat noir.","id":10157}