{"id":10805,"title":"Recette de Maki sucré mangue et citron vert","description":"","summary":"Un petit roulé original où les parfums de la mangue se mélangent à l'acidité du citron vert.","timePreparation":"30mn","timeBaking":"0mn","timeRest":"0mn","picture":"http://1.media.atelierdeschefs.com/recette-e10805-maki-sucre-mangue-et-citron-vert.jpg","ingredients":[{"label":"Riz japonais à sushi","shopGroup":"Epicerie","qte":"300","unit":"g","step":"","order":0},{"label":"Eau","shopGroup":"","qte":"33","unit":"cl","step":"","order":1},{"label":"Sucre en poudre","shopGroup":"","qte":"10","unit":"g","step":"","order":2},{"label":"Vinaigre balsamique blanc","shopGroup":"Epicerie","qte":"5","unit":"cl","step":"","order":3},{"label":"Mangue(s)","shopGroup":"Fruits","qte":"0.5","unit":"g","step":"","order":4},{"label":"Citron(s) vert(s)","shopGroup":"Fruits","qte":"2","unit":"pièce(s)","step":"","order":5},{"label":"Oeuf(s)","shopGroup":"Crèmerie  hors fromage","qte":"6","unit":"pièce(s)","step":"Pour la pâte","order":6},{"label":"Lait 1/2 écrémé","shopGroup":"Crèmerie  hors fromage","qte":"5","unit":"cl","step":"Pour la pâte","order":7},{"label":"Sucre en poudre","shopGroup":"Epicerie","qte":"50","unit":"g","step":"Pour la pâte","order":8},{"label":"Beurre doux","shopGroup":"Crèmerie  hors fromage","qte":"20","unit":"g","step":"Pour la pâte","order":9}]}