{"title":"Gambas et fricassée de poivrons à la sauge","description":"Décortiquer les gambas et prendre soin de bien enlever le boyau en incisant le dos à l'aide d'un couteau. Les assaisonner ensuite de sel, de piment d'Espelette et d'huile d'olive, puis les répartir sur une plaque allant au four.<br /><br />Éplucher les poivrons, puis les épépiner et les couper en lanières. Effeuiller et ciseler la sauge.<br />Préchauffer le four à 200°C.<br /><br />Dans un wok chaud, mettre un filet d'huile d'olive et ajouter les poivrons. Les faire cuire à feu vif avec 1 pincée de sel pendant 2 à 3 min afin de les caraméliser légèrement. Ajouter ensuite 1 tasse à café d'eau, couvrir et cuire 5 min. Enlever le couvercle et lorsque toute l'eau s'est évaporée, ajouter le vinaigre balsamique blanc. Bien mélanger, ajouter la sauge et rectifier l'assaisonnement en sel et en piment.<br /><br />Enfourner les gambas pendant 3 min puis servir aussitôt : répartir les poivrons au centre des assiettes et poser les gambas dessus.<br />","summary":"Une recette très estivale de poivrons poêlés à l'huile d'olive, légèrement acidulés et parfumés à la sauge, servis avec des gambas rôties.","timePreparation":"30mn","timeBaking":"0mn","timeRest":"0mn","picture":"","ingredients":[{"label":"Gambas surgelée(s)","shopGroup":"Surgelés","qte":"18","unit":"pièce(s)","step":"","order":0},{"label":"Poivron(s) rouge(s)","shopGroup":"Légumes","qte":"2","unit":"pièce(s)","step":"","order":1},{"label":"Poivron(s) vert(s)","shopGroup":"Légumes","qte":"2","unit":"pièce(s)","step":"","order":2},{"label":"Poivron(s) jaune(s)","shopGroup":"Légumes","qte":"2","unit":"pièce(s)","step":"","order":3},{"label":"Branche(s) de sauge","shopGroup":"Herbes aromatiques","qte":"3","unit":"pièce(s)","step":"","order":4},{"label":"Huile d'olive","shopGroup":"Epicerie","qte":"5","unit":"cl","step":"","order":5},{"label":"Fleur de sel","shopGroup":"Epicerie","qte":"6","unit":"pincée(s)","step":"","order":6},{"label":"Piment d'Espelette","shopGroup":"Epicerie","qte":"6","unit":"pincée(s)","step":"","order":7},{"label":"Vinaigre balsamique blanc","shopGroup":"Epicerie","qte":"3","unit":"cl","step":"","order":8}],"chiefTip":"Cette recette est aussi bonne chaude que froide.Vous pouvez également la réaliser avec des queues de langoustines.","id":10410}