{"title":"Chocolat chaud à la viennoise","description":"","summary":"Chocolat chaud et onctueux, épaissi avec des jaunes d'oeufs et servi avec de la crème fouettée.","timePreparation":"15mn","timeBaking":"10mn","timeRest":"0mn","picture":"","ingredients":[{"label":"Lait 1/2 écrémé","shopGroup":"Crèmerie  hors fromage","qte":"1.5","unit":"l","step":"","order":0},{"label":"Cacao en poudre non sucré","shopGroup":"Epicerie","qte":"100","unit":"g","step":"","order":1},{"label":"Sucre en poudre","shopGroup":"Epicerie","qte":"50","unit":"g","step":"","order":2},{"label":"Jaune(s) d'oeuf(s)","shopGroup":"Crèmerie  hors fromage","qte":"3","unit":"pièce(s)","step":"","order":3},{"label":"Eau","shopGroup":"","qte":"25","unit":"cl","step":"","order":4},{"label":"Crème liquide entière","shopGroup":"Crèmerie  hors fromage","qte":"12","unit":"cl","step":"Pour la crème","order":5},{"label":"Sucre glace","shopGroup":"Epicerie","qte":"15","unit":"g","step":"Pour la crème","order":6}],"chiefTip":"Ne faites pas bouillir le chocolat afin de ne pas le rendre amer et pour ne surtout pas coaguler les jaunes.","id":10522}