{"title":"Tarte fine au parmesan, fondue d'oignons blancs et confit de cèpes au jus de persil","description":"Nettoyer délicatement les têtes des cèpes.<br />Dans une casserole, les confire à la graisse de canard pendant 10 à 15 min. Une fois cuits, déposer les cèpes sur du papier absorbant, les assaisonner de sel fin et de poivre du moulin. Les escaloper ensuite en tranches régulières.<br /><br />Réaliser la tarte de parmesan : dans un bol ou dans un batteur, mélanger le parmesan, la farine, le beurre pommade, du sel fin et du piment d'Espelette, jusqu'à obtention d'une boule. Laisser ensuite reposer au réfrigérateur pendant 1 h.<br /><br />Réaliser la compotée : éplucher puis émincer finement les oignons. Écraser la gousse d'ail.<br />Dans une casserole, faire suer les oignons avec un trait d'huile d'olive et une pincée de sel fin. Ajouter l'ail, les aromates et un pochon d'eau, couvrir puis cuire à feu doux durant 35 min environ (les oignons doivent être \"compotés\"). Rectifier l'assaisonnement en fin de cuisson.<br /><br />Réaliser le jus de persil : effeuiller puis blanchir le persil plat. Après cuisson, le plonger dans de l'eau glacée, puis l'égoutter et le mixer avec l'huile d'olive. L'assaisonner ensuite de sel fin et de piment d'Espelette.<br /><br />Préchauffer le four à 180 °C (th. 6).<br />Abaisser la pâte sur une épaisseur de 2 à 3 mm en lui donnant la forme souhaitée. L'enfourner pendant 15 min (attention à la coloration).<br /><br />Pour le dressage : déposer la compotée sur la tarte fine au parmesan, puis disposer joliment les tranches de cèpes. Finir avec quelques feuilles de roquette et le jus de persil plat, sur le dessus et autour. Parsemer le tout de piment d'Espelette et de copeaux de parmesan.<br />","summary":"Tarte au parmesan garnie d'une comptée d'oignons et de cèpes confits à la graisse de canard, accompagnée d'un jus de persil plat à l'huile d'olive.","timePreparation":"1h30mn","timeBaking":"30mn","timeRest":"1h","picture":"","ingredients":[{"label":"Parmigiano Reggiano râpé","shopGroup":"Fromage(s)","qte":"150","unit":"g","step":"Pour la tarte","order":0},{"label":"Farine de blé","shopGroup":"Epicerie","qte":"150","unit":"g","step":"Pour la tarte","order":1},{"label":"Beurre doux","shopGroup":"Crèmerie  hors fromage","qte":"150","unit":"g","step":"Pour la tarte","order":2},{"label":"Sel fin","shopGroup":"","qte":"3","unit":"pincée(s)","step":"Pour la tarte","order":3},{"label":"Moulin à poivre","shopGroup":"","qte":"2","unit":"tour(s)","step":"Pour la tarte","order":4},{"label":"Persil plat","shopGroup":"Herbes aromatiques","qte":"1","unit":"botte(s)","step":"Pour le jus","order":5},{"label":"Huile d'olive","shopGroup":"","qte":"5","unit":"cl","step":"Pour le jus","order":6},{"label":"Oignon(s) blanc(s)","shopGroup":"Légumes","qte":"6","unit":"pièce(s)","step":"Pour l'étape 1","order":7},{"label":"Aromate(s) ail, thym, laurier","shopGroup":"Herbes aromatiques","qte":"1","unit":"pièce(s)","step":"Pour l'étape 1","order":8},{"label":"Cèpe(s)","shopGroup":"Légumes","qte":"800","unit":"g","step":"Pour le reste de la recette","order":9},{"label":"Graisse de canard","shopGroup":"Volaille(s)","qte":"1","unit":"kg","step":"Pour le reste de la recette","order":10},{"label":"Roquette","shopGroup":"Légumes","qte":"100","unit":"g","step":"Pour le reste de la recette","order":11},{"label":"Sel fin","shopGroup":"","qte":"3","unit":"pincée(s)","step":"Pour le reste de la recette","order":12},{"label":"Copeau(x) de Parmigiano Reggiano","shopGroup":"Fromage(s)","qte":"30","unit":"g","step":"Pour le reste de la recette","order":13},{"label":"Piment d'Espelette","shopGroup":"Epicerie","qte":"2","unit":"pincée(s)","step":"Pour le reste de la recette","order":14},{"label":"Moulin à poivre","shopGroup":"","qte":"2","unit":"tour(s)","step":"Pour le reste de la recette","order":15},{"label":"Huile d'olive","shopGroup":"Epicerie","qte":"2","unit":"cl","step":"Pour le reste de la recette","order":16}],"chiefTip":"Vous pouvez réaliser la compotée avec des échalotes.Utilisez des cèpes surgelés bien égouttés si vous n'en trouvez pas de frais.","id":10139}