{"title":"Rubicon de boeuf rôti, écrasée de pommes de terre arc-en-ciel","description":"<br /><b>Pour le Rubicon de boeuf et pommes de terre vitelotte écrasées :</b><br />Éplucher et couper finement les pommes de terre, puis les laver et les déposer dans une casserole d'eau froide. Couvrir et porter à ébullition, puis saler l'eau au gros sel.<br />Une fois les pommes de terre cuites, les égoutter puis les écraser à l'aide d'un fouet, ajouter le beurre et le lait.<br /><br />Couper les pavés de boeuf en 6 gros cubes. Les assaisonner de sel fin, puis les cuire à l'huile d'olive dans une poêle chaude.<br /><br /><b>Pour le Rubicon de boeuf et pommes de terre charlotte écrasées au curry</b><br />Éplucher et couper finement les pommes de terre, puis les laver et les déposer dans une casserole d'eau froide. Couvrir et porter à ébullition, puis saler l'eau au gros sel.<br />Une fois les pommes de terre cuites, les égoutter puis les écraser à l'aide d'un fouet, ajouter l'huile d'olive, la crème et le curry.<br /><br />Couper les pavés de boeuf en 6 gros cubes. Les assaisonner de sel fin, puis les cuire à l'huile d'olive dans une poêle chaude.<br /><br /><b>Pour le Rubicon de boeuf et patates douces écrasées :</b><br />Porter un grand volume d'eau à ébullition dans une casserole, puis saler au gros sel.<br />Éplucher les patates douces et les couper finement, puis les cuire dans l'eau bouillante.<br />Une fois les pommes de terre cuites, les égoutter puis les écraser à l'aide d'un fouet, ajouter le beurre et le lait.<br /><br />Couper les pavés de boeuf en 6 gros cubes. Les assaisonner de sel fin, puis les cuire à l'huile d'olive dans une poêle chaude.<br /><br /><b>Pour le Rubicon de boeuf et pommes de terre écrasées au pistou de roquette :</b><br />Éplucher et couper finement les pommes de terre, puis les laver et les déposer dans une casserole d'eau froide. Couvrir et porter à ébullition, puis saler l'eau au gros sel.<br />Une fois les pommes de terre cuites, les égoutter puis les écraser à l'aide d'un fouet<br /><br />Dans un blender, disposer les feuilles de roquette, le parmesan râpé, les gousses d'ail épluchées et dégermées, les pignons de pin et l'huile d'olive. Mixer le tout, puis l'incorporer à l'écrasée de pommes de terre.<br /><br />Couper les pavés de boeuf en 6 gros cubes. Les assaisonner de sel fin, puis les cuire à l'huile d'olive dans une poêle chaude.<br /><br /><br />Dans une assiette compartimentée, disposer les 4 écrasées de différentes couleurs, puis déposer par-dessus un cube de boeuf. Assaisonner chaque Rubicon de boeuf de piment d'Espelette au dernier moment.<br />","summary":"A l'occasion de la Biennale d'Art Contemporain, nous vous proposons une cuisine vue par Andy Warhol : des rubicons de boeuf rôtis à l'huile d'olive, accompagnés de quatre écrasées de pommes de terre différentes : une écrasée de pommes de terre vitelotte, une écrasée de pommes de terre charlotte au curry, une écrasée de patates douces, et une écrasée de pommes de terre au pistou de roquette.","timePreparation":"30mn","timeBaking":"0mn","timeRest":"0mn","picture":"","ingredients":[{"label":"Rumsteck","shopGroup":"","qte":"200","unit":"g","step":"Pour l'étape 1","order":0},{"label":"Pomme(s) de terre Vitelotte","shopGroup":"Légumes","qte":"250","unit":"g","step":"Pour l'étape 1","order":1},{"label":"Beurre doux","shopGroup":"","qte":"30","unit":"g","step":"Pour l'étape 1","order":2},{"label":"Lait 1/2 écrémé","shopGroup":"","qte":"10","unit":"cl","step":"Pour l'étape 1","order":3},{"label":"Rumsteck","shopGroup":"","qte":"200","unit":"g","step":"Pour l'étape 2","order":4},{"label":"Pomme(s) de terre à chair fondante","shopGroup":"Légumes","qte":"250","unit":"g","step":"Pour l'étape 2","order":5},{"label":"Huile d'olive","shopGroup":"","qte":"5","unit":"cl","step":"Pour l'étape 2","order":6},{"label":"Crème liquide entière","shopGroup":"Crèmerie  hors fromage","qte":"10","unit":"cl","step":"Pour l'étape 2","order":7},{"label":"Curry","shopGroup":"Epicerie","qte":"3","unit":"g","step":"Pour l'étape 2","order":8},{"label":"Rumsteck","shopGroup":"","qte":"200","unit":"g","step":"Pour l'étape 3","order":9},{"label":"Patate(s) douce(s) rouge(s)","shopGroup":"Légumes","qte":"250","unit":"pièce(s)","step":"Pour l'étape 3","order":10},{"label":"Beurre doux","shopGroup":"Crèmerie  hors fromage","qte":"30","unit":"g","step":"Pour l'étape 3","order":11},{"label":"Lait 1/2 écrémé","shopGroup":"Crèmerie  hors fromage","qte":"10","unit":"cl","step":"Pour l'étape 3","order":12},{"label":"Rumsteck","shopGroup":"Boucherie","qte":"200","unit":"g","step":"Pour le reste de la recette","order":13},{"label":"Pomme(s) de Terre charlotte","shopGroup":"Légumes","qte":"250","unit":"g","step":"Pour le reste de la recette","order":14},{"label":"Roquette","shopGroup":"Légumes","qte":"150","unit":"branche(s)","step":"Pour le reste de la recette","order":15},{"label":"Huile d'olive","shopGroup":"","qte":"10","unit":"cl","step":"Pour le reste de la recette","order":16},{"label":"Gousse(s) d'ail","shopGroup":"Légumes","qte":"2","unit":"gousse(s)","step":"Pour le reste de la recette","order":17},{"label":"Parmigiano Reggiano râpé","shopGroup":"Fromage(s)","qte":"30","unit":"g","step":"Pour le reste de la recette","order":18},{"label":"Pignon(s) de pin","shopGroup":"Epicerie","qte":"20","unit":"g","step":"Pour le reste de la recette","order":19},{"label":"Sel fin","shopGroup":"","qte":"12","unit":"pincée(s)","step":"Pour le reste de la recette","order":20},{"label":"Piment d'Espelette","shopGroup":"Epicerie","qte":"12","unit":"pincée(s)","step":"Pour le reste de la recette","order":21},{"label":"Gros sel","shopGroup":"","qte":"30","unit":"g","step":"Pour le reste de la recette","order":22},{"label":"Huile d'olive","shopGroup":"Epicerie","qte":"20","unit":"cl","step":"Pour le reste de la recette","order":23}],"chiefTip":"Avant de les cuire, n'oubliez pas de bien laver vos pommes de terre à l'eau froide afin d'enlever l'amidon, sinon votre écrasée risque de \"corder\" (devenir élastique).","id":10602}