{"title":"Compressé de canard en 2 cuissons, dés de foie gras poêlé et jus de vin rouge","description":"","summary":"Dans des cercles, une effilochée de cuisses de canard confites et des dés de foie gras poêlés, une écrasée de pommes de terre et un filet de canette rôti puis laqué au miel de poivres. Ce plat est accompagné d'un jus de déglaçage au vin rouge et vinaigre balsamique.","timePreparation":"30mn","timeBaking":"25mn","timeRest":"0mn","picture":"","ingredients":[{"label":"Filet(s) de canette","shopGroup":"Volaille(s)","qte":"3","unit":"pièce(s)","step":"","order":0},{"label":"Cuisse(s) de canard confite(s)","shopGroup":"Volaille(s)","qte":"3","unit":"pièce(s)","step":"","order":1},{"label":"Tranche(s) de foie gras de canard crue(s)","shopGroup":"Surgelés","qte":"4","unit":"pièce(s)","step":"","order":2},{"label":"Sel fin","shopGroup":"","qte":"3","unit":"pincée(s)","step":"","order":3},{"label":"Gros sel","shopGroup":"","qte":"10","unit":"g","step":"","order":4},{"label":"Moulin à poivre","shopGroup":"","qte":"3","unit":"tour(s)","step":"","order":5},{"label":"Fleur de sel","shopGroup":"Epicerie","qte":"3","unit":"pincée(s)","step":"","order":6},{"label":"Ciboulette","shopGroup":"Herbes aromatiques","qte":"0.5","unit":"botte(s)","step":"","order":7},{"label":"Vinaigre de Xérès","shopGroup":"Epicerie","qte":"3","unit":"cl","step":"","order":8},{"label":"Echalote(s)","shopGroup":"Légumes","qte":"2","unit":"pièce(s)","step":"","order":9},{"label":"Pomme(s) de terre à chair fondante","shopGroup":"Légumes","qte":"600","unit":"g","step":"Pour la garniture","order":10},{"label":"Beurre doux","shopGroup":"","qte":"30","unit":"g","step":"Pour la garniture","order":11},{"label":"Vin rouge","shopGroup":"Boissons alcoolisées","qte":"15","unit":"cl","step":"Pour le jus","order":12},{"label":"Vinaigre balsamique","shopGroup":"Epicerie","qte":"5","unit":"cl","step":"Pour le jus","order":13},{"label":"Miel","shopGroup":"Epicerie","qte":"20","unit":"g","step":"Pour le reste de la recette","order":14},{"label":"Poivre de Sichuan","shopGroup":"Epicerie","qte":"3","unit":"g","step":"Pour le reste de la recette","order":15},{"label":"Baie(s) rose(s)","shopGroup":"Epicerie","qte":"3","unit":"g","step":"Pour le reste de la recette","order":16}],"chiefTip":"Il est important de laisser reposer les filets de canette à la sortie du four afin qu'ils retrouvent tout leur moelleux.","id":10202}