{"title":"Brochette de cabillaud poché, velouté de potiron, caviar de chorizo","description":"<br /><b>La veille :</b><br />Dans une casserole, laisser le chorizo infuser pendant 30 min dans 50 cl d'eau. Filtrer, puis laisser refroidir. Récupérer 20 cl d'eau de chorizo, puis mixer avec l'alginate de sodium à l'aide d'un mixeur. Laisser ensuite reposer au maximum pour enlever les bulles de la préparation (idéalement 12 h).<br /><br /><b>Le jour J :</b><br />Pour la crème de potiron : éplucher le potiron et le couper en petits cubes. Éplucher l'échalote et la ciseler finement. <br />Dans une cocotte, ajouter un filet d'huile d'olive et faire suer les échalotes avec une pincée de sel fin pendant 1 min. Ajouter le potiron et la branche de thym, puis cuire 5 min en remuant régulièrement. Mettre ensuite de l'eau à hauteur et cuire à couvert durant 15 à 20 min.<br />En fin de cuisson, ajouter la crème liquide, faire bouillir 2 min puis mixer. Rectifier l'assaisonnement en sel et en poivre, puis réserver au chaud dans de petites verrines.<br /><br />Couper des cubes de cabillaud, puis les mettre sur des pics en bois. Pocher ensuite les brochettes dans une eau frémissante avec les épices de votre choix (bâtons de cannelle, cardamome, poivres, baies roses, étoiles de badiane...).<br /><br />Pour le caviar chorizo : mélanger dans un mixeur 40 cl d'eau et le lactate de calcium afin de préparer le bain de trempage (ou bain de cuisson).<br /><br />Réaliser la sphérification à l'aide d'une seringue ou d'une pipette, en prélevant la préparation d'alginate d'eau de chorizo et en la laissant tomber, goutte par goutte, dans le bain de trempage. Lorsque la texture souhaitée est obtenue, rincer à l'eau claire.<br /><br />Dans la verrine, verser le velouté de potiron chaud, ajouter la brochette de cabillaud pochée puis le caviar d'eau de chorizo. Déguster.<br />","summary":"Réalisez de toutes petites billes au goût de chorizo pour assaisonner une crème de potiron et sa brochette de cabillaud pochée aux épices.","timePreparation":"45mn","timeBaking":"0mn","timeRest":"0mn","picture":"","ingredients":[{"label":"Echalote(s)","shopGroup":"Légumes","qte":"1","unit":"pièce(s)","step":"","order":0},{"label":"Potiron","shopGroup":"Légumes","qte":"600","unit":"g","step":"","order":1},{"label":"Crème liquide entière","shopGroup":"Crèmerie  hors fromage","qte":"20","unit":"cl","step":"","order":2},{"label":"Thym frais","shopGroup":"Herbes aromatiques","qte":"1","unit":"branche(s)","step":"","order":3},{"label":"Huile d'olive","shopGroup":"Epicerie","qte":"2","unit":"cl","step":"","order":4},{"label":"Chair de cabillaud","shopGroup":"Poissonnerie","qte":"250","unit":"g","step":"","order":5},{"label":"Sel fin","shopGroup":"","qte":"3","unit":"pincée(s)","step":"","order":6},{"label":"Moulin à poivre","shopGroup":"","qte":"3","unit":"tour(s)","step":"","order":7},{"label":"Chorizo","shopGroup":"Charcuterie","qte":"100","unit":"g","step":"Pour la sphérification","order":8},{"label":"Alginate de sodium","shopGroup":"Epicerie","qte":"2","unit":"g","step":"Pour la sphérification","order":9},{"label":"Eau","shopGroup":"","qte":"40","unit":"cl","step":"Pour la sphérification","order":10},{"label":"Lactate de calcium","shopGroup":"Epicerie","qte":"12","unit":"g","step":"Pour la sphérification","order":11}],"chiefTip":"Pour la sphérification, utilisez 1 sachet d'alginate de sodium et 2 sachets de lactate de calcium.Pour intensifier la couleur de \"l'eau de chorizo\", vous pouvez ajouter quelques gouttes de colorant.","id":10546}