{"title":"Brochette de cabillaud poché, velouté de potiron, caviar de chorizo","description":"","summary":"Réalisez de toutes petites billes au goût de chorizo pour assaisonner une crème de potiron et sa brochette de cabillaud pochée aux épices.","timePreparation":"45mn","timeBaking":"0mn","timeRest":"0mn","picture":"","ingredients":[{"label":"Echalote(s)","shopGroup":"Légumes","qte":"1","unit":"pièce(s)","step":"","order":0},{"label":"Potiron","shopGroup":"Légumes","qte":"600","unit":"g","step":"","order":1},{"label":"Crème liquide entière","shopGroup":"Crèmerie  hors fromage","qte":"20","unit":"cl","step":"","order":2},{"label":"Thym frais","shopGroup":"Herbes aromatiques","qte":"1","unit":"branche(s)","step":"","order":3},{"label":"Huile d'olive","shopGroup":"Epicerie","qte":"2","unit":"cl","step":"","order":4},{"label":"Chair de cabillaud","shopGroup":"Poissonnerie","qte":"250","unit":"g","step":"","order":5},{"label":"Sel fin","shopGroup":"","qte":"3","unit":"pincée(s)","step":"","order":6},{"label":"Moulin à poivre","shopGroup":"","qte":"3","unit":"tour(s)","step":"","order":7},{"label":"Chorizo","shopGroup":"Charcuterie","qte":"100","unit":"g","step":"Pour la sphérification","order":8},{"label":"Alginate de sodium","shopGroup":"Epicerie","qte":"2","unit":"g","step":"Pour la sphérification","order":9},{"label":"Eau","shopGroup":"","qte":"40","unit":"cl","step":"Pour la sphérification","order":10},{"label":"Lactate de calcium","shopGroup":"Epicerie","qte":"12","unit":"g","step":"Pour la sphérification","order":11}],"chiefTip":"Pour la sphérification, utilisez 1 sachet d'alginate de sodium et 2 sachets de lactate de calcium.Pour intensifier la couleur de \"l'eau de chorizo\", vous pouvez ajouter quelques gouttes de colorant.","id":10546}