{"title":"Muffin Black and White","description":"","summary":"Des muffins au chocolat légers et moelleux, pleins de pépites de chocolat !","timePreparation":"30mn","timeBaking":"0mn","timeRest":"0mn","picture":"","ingredients":[{"label":"Farine de blé","shopGroup":"Epicerie","qte":"320","unit":"g","step":"","order":0},{"label":"Sucre en poudre","shopGroup":"Epicerie","qte":"50","unit":"g","step":"","order":1},{"label":"Sachet(s) de levure chimique (11g)","shopGroup":"Epicerie","qte":"0.5","unit":"pièce(s)","step":"","order":2},{"label":"Sel fin","shopGroup":"","qte":"3","unit":"pincée(s)","step":"","order":3},{"label":"Chocolat noir","shopGroup":"Epicerie","qte":"70","unit":"g","step":"","order":4},{"label":"Chocolat blanc","shopGroup":"Epicerie","qte":"70","unit":"g","step":"","order":5},{"label":"Crème liquide entière","shopGroup":"Crèmerie  hors fromage","qte":"33","unit":"cl","step":"","order":6},{"label":"Lait 1/2 écrémé","shopGroup":"Crèmerie  hors fromage","qte":"18","unit":"cl","step":"","order":7},{"label":"Huile d'arachide","shopGroup":"Epicerie","qte":"5","unit":"cl","step":"","order":8},{"label":"Oeuf(s)","shopGroup":"Crèmerie  hors fromage","qte":"1","unit":"pièce(s)","step":"","order":9}],"chiefTip":"Pour un bon goût de chocolat, utilisez du chocolat noir de qualité qui contrastera avec la douceur du chocolat blanc.","id":10671}