{"id":10011,"title":"Recette de Mousse au caramel","description":"","summary":"Mousse au chocolat réalisée avec un caramel et décorée de copeaux de chocolat.","timePreparation":"15mn","timeBaking":"5mn","timeRest":"2h","picture":"http://1.media.atelierdeschefs.com/recette-e10011-mousse-au-caramel.jpg","ingredients":[{"label":"Chocolat noir","shopGroup":"Epicerie","qte":"200","unit":"g","step":"","order":0},{"label":"Sucre en poudre","shopGroup":"Epicerie","qte":"100","unit":"g","step":"","order":1},{"label":"Crème liquide entière","shopGroup":"Crèmerie  hors fromage","qte":"8","unit":"cl","step":"","order":2},{"label":"Blanc(s) d'oeuf","shopGroup":"Crèmerie  hors fromage","qte":"4","unit":"pièce(s)","step":"","order":3}]}