{"title":"Mousse au caramel","description":"Verser le sucre dans une poêle et attendre qu'il fonde et caramélise, sans y toucher. Stopper le feu et ajouter la crème au fur et à mesure, tout en mélangeant, jusqu'à obtenir un caramel onctueux. Verser le caramel sur le chocolat et le laisser fondre.<br /><br />Monter les blancs d'oeufs en neige, en incorporer 1/3 au chocolat fondu et bien mélanger pour détendre le chocolat. Incorporer le reste délicatement et réserver 2 h au frais.<br /><br />Dresser des quenelles sur des assiettes et décorer de copeaux de chocolat.<br />","summary":"Mousse au chocolat réalisée avec un caramel et décorée de copeaux de chocolat.","timePreparation":"15mn","timeBaking":"5mn","timeRest":"2h","picture":"","ingredients":[{"label":"Chocolat noir","shopGroup":"Epicerie","qte":"200","unit":"g","step":"","order":0},{"label":"Sucre en poudre","shopGroup":"Epicerie","qte":"100","unit":"g","step":"","order":1},{"label":"Crème liquide entière","shopGroup":"Crèmerie  hors fromage","qte":"8","unit":"cl","step":"","order":2},{"label":"Blanc(s) d'oeuf","shopGroup":"Crèmerie  hors fromage","qte":"4","unit":"pièce(s)","step":"","order":3}],"chiefTip":"Vous pouvez réaliser la même base et l'aromatiser avec des épices.","id":10011}