{"title":"Bonbon de caramel au fruit de la passion","description":"","summary":"Réalisez facilement des bonbons originaux à base d'un caramel au fruit de la passion.","timePreparation":"1h","timeBaking":"30mn","timeRest":"1h","picture":"","ingredients":[{"label":"Crème liquide entière","shopGroup":"Crèmerie  hors fromage","qte":"40","unit":"cl","step":"","order":0},{"label":"Sucre en poudre","shopGroup":"Epicerie","qte":"280","unit":"g","step":"","order":1},{"label":"Sirop de glucose","shopGroup":"Epicerie","qte":"290","unit":"g","step":"","order":2},{"label":"Purée de fruit de la passion","shopGroup":"Surgelés","qte":"12","unit":"cl","step":"","order":3},{"label":"Beurre doux","shopGroup":"Crèmerie  hors fromage","qte":"15","unit":"g","step":"","order":4},{"label":"Beurre de cacao","shopGroup":"Epicerie","qte":"10","unit":"g","step":"","order":5}],"chiefTip":"Avec cette recette, vous pouvez fabriquer 80 petits caramels au fruit de la passion.Si vous n'avez pas de plaque en silicone avec rebord, vous pouvez utiliser un cadre en inox. Le glucose est un sirop de sucre qui apporte une texture particulière. Vous pouvez le remplacer par du miel ou par une quantité équivalente de sucre, mais il peut y avoir de légères variations de tenue ou de conservation","id":10276}