{"title":"Parmentier de veau à la tapenade tomatée, polenta crémeuse","description":"Passer les olives noires et la tomate confite au mixeur afin d'obtenir une purée lisse.<br />Laver et effeuiller le basilic, puis le concasser grossièrement.<br />Passer le veau au hachoir.<br /><br />Dans une poêle, faire chauffer la tapenade olives/tomates, ajouter la viande et cuire à feu vif pendant 5 min. Ajouter ensuite 1/2 verre d'eau puis laisser mijoter à feu doux et à couvert pendant 20 min. Pour finir, ajouter le basilic.<br /><br />Faire bouillir le lait dans une casserole, puis jeter la polenta en pluie et cuire durant 3 min sans cesser de remuer avec le fouet. (Vous pouvez saler et poivrer si vous le souhaitez). Ajouter ensuite le beurre.<br /><br />Placer une couche de polenta dans les verrines, puis une couche de viande, et terminer par une nouvelle couche de polenta.<br />","summary":"Pour votre bébé, un savoureux hachis parmentier de veau servi en verrine.","timePreparation":"30mn","timeBaking":"0mn","timeRest":"0mn","picture":"","ingredients":[{"label":"Escalope(s) de veau","shopGroup":"Boucherie","qte":"3","unit":"pièce(s)","step":"","order":0},{"label":"Purée de tomate confite","shopGroup":"Epicerie","qte":"20","unit":"g","step":"","order":1},{"label":"Olive(s) noire(s) dénoyautée(s)","shopGroup":"Epicerie","qte":"20","unit":"g","step":"","order":2},{"label":"Basilic","shopGroup":"Herbes aromatiques","qte":"0.5","unit":"botte(s)","step":"","order":3},{"label":"Polenta pré-cuite","shopGroup":"Epicerie","qte":"75","unit":"g","step":"","order":4},{"label":"Beurre doux","shopGroup":"Crèmerie  hors fromage","qte":"15","unit":"g","step":"","order":5},{"label":"Lait entier","shopGroup":"Crèmerie  hors fromage","qte":"50","unit":"cl","step":"","order":6}],"chiefTip":"Si vous le souhaitez, vous pouvez également gratiner la surface des verrines en les parsemant de fromage râpé et en les passant au four à 180 °C de 15 à 20 min.","id":10568}