{"id":10568,"title":"Recette de Parmentier de veau à la tapenade tomatée, polenta crémeuse","description":"","summary":"Pour votre bébé, un savoureux hachis parmentier de veau servi en verrine.","timePreparation":"30mn","timeBaking":"0mn","timeRest":"0mn","picture":"http://1.media.atelierdeschefs.com/recette-e10568-parmentier-de-veau-a-la-tapenade-tomatee-polenta-cremeuse.jpg","ingredients":[{"label":"Escalope(s) de veau","shopGroup":"Boucherie","qte":"3","unit":"pièce(s)","step":"","order":0},{"label":"Purée de tomate confite","shopGroup":"Epicerie","qte":"20","unit":"g","step":"","order":1},{"label":"Olive(s) noire(s) dénoyautée(s)","shopGroup":"Epicerie","qte":"20","unit":"g","step":"","order":2},{"label":"Basilic","shopGroup":"Herbes aromatiques","qte":"0.5","unit":"botte(s)","step":"","order":3},{"label":"Polenta pré-cuite","shopGroup":"Epicerie","qte":"75","unit":"g","step":"","order":4},{"label":"Beurre doux","shopGroup":"Crèmerie  hors fromage","qte":"15","unit":"g","step":"","order":5},{"label":"Lait entier","shopGroup":"Crèmerie  hors fromage","qte":"50","unit":"cl","step":"","order":6}]}