{"id":10005,"title":"Recette de Double darne de cabillaud en papillote et pousses d'épinard","description":"","summary":"Double darne de cabillaud désarêté, cuite en papillote avec des pousses d'épinard et des oignons nouveaux.","timePreparation":"30mn","timeBaking":"0mn","timeRest":"0mn","picture":"http://1.media.atelierdeschefs.com/recette-e10005-double-darne-de-cabillaud-en-papillote-et-pousses-d-epinard.jpg","ingredients":[{"label":"Darne(s) de cabillaud","shopGroup":"Poissonnerie","qte":"6","unit":"pièce(s)","step":"","order":0},{"label":"Pousse(s) d'épinard","shopGroup":"Légumes","qte":"1.2","unit":"kg","step":"","order":1},{"label":"Oignon(s) nouveau(x)","shopGroup":"Légumes","qte":"6","unit":"pièce(s)","step":"","order":2},{"label":"Farine de blé","shopGroup":"Epicerie","qte":"5","unit":"g","step":"","order":3},{"label":"Eau","shopGroup":"","qte":"5","unit":"cl","step":"","order":4},{"label":"Sel fin","shopGroup":"","qte":"6","unit":"pincée(s)","step":"","order":5},{"label":"Moulin à poivre","shopGroup":"","qte":"6","unit":"tour(s)","step":"","order":6},{"label":"Branche(s) de thym","shopGroup":"Herbes aromatiques","qte":"6","unit":"pièce(s)","step":"","order":7},{"label":"Feuille(s) de laurier","shopGroup":"Herbes aromatiques","qte":"6","unit":"pièce(s)","step":"","order":8}]}