{"title":"Double darne de cabillaud en papillote et pousses d'épinard","description":"Laver les oignons nouveaux, les éplucher et les émincer finement. Laver les pousses d'épinard.<br />Inciser les darnes de cabillaud en 2 afin de les les ouvrir en portefeuille. Enlever l'arête centrale et les petites arrêtes avec une pince à désarêter. Saler et poivrer la chair, disposer dessus une branche de thym et une feuille de laurier. Refermer ensuite la darne et réserver.<br /><br />Disposer les pousses d'épinard dans un bol et les recouvrir d'un film plastique alimentaire percé. Les cuire ensuite pendant 40 secondes dans un micro-ondes à 900 W, puis les égoutter.<br /><br />Sur une feuille de papier sulfurisé, disposer les oignons nouveaux au centre, puis les épinards, et poser le poisson dessus.<br />Dans un bol, mélanger l'eau et la farine, puis à l'aide d'un pinceau, enduire les rebords des feuilles de papier sulfurisé de cette colle et fermer hermétiquement. Cuire au micro-ondes 2 fois 2 min à 750 W.<br /><br />Dresser chaque papillote sur une assiette.<br />","summary":"Double darne de cabillaud désarêté, cuite en papillote avec des pousses d'épinard et des oignons nouveaux.","timePreparation":"30mn","timeBaking":"0mn","timeRest":"0mn","picture":"","ingredients":[{"label":"Darne(s) de cabillaud","shopGroup":"Poissonnerie","qte":"6","unit":"pièce(s)","step":"","order":0},{"label":"Pousse(s) d'épinard","shopGroup":"Légumes","qte":"1.2","unit":"kg","step":"","order":1},{"label":"Oignon(s) nouveau(x)","shopGroup":"Légumes","qte":"6","unit":"pièce(s)","step":"","order":2},{"label":"Farine de blé","shopGroup":"Epicerie","qte":"5","unit":"g","step":"","order":3},{"label":"Eau","shopGroup":"","qte":"5","unit":"cl","step":"","order":4},{"label":"Sel fin","shopGroup":"","qte":"6","unit":"pincée(s)","step":"","order":5},{"label":"Moulin à poivre","shopGroup":"","qte":"6","unit":"tour(s)","step":"","order":6},{"label":"Branche(s) de thym","shopGroup":"Herbes aromatiques","qte":"6","unit":"pièce(s)","step":"","order":7},{"label":"Feuille(s) de laurier","shopGroup":"Herbes aromatiques","qte":"6","unit":"pièce(s)","step":"","order":8}],"chiefTip":"La cuisson des épinards se fait au micro-ondes afin d'en conserver les sels minéraux.","id":10005}