{"title":"Figues rôties à la vanille, crumble de caramel au beurre salé","description":"Préchauffer le four à 180 °C.<br /><br />Passer soigneusement les figues sous l'eau pour les rincer, puis inciser légèrement le haut en croix.<br /><br />Dans un récipient allant sur le feu et au four, tapisser le fond avec le sucre puis le caraméliser. Ajouter le beurre et une fois qu'il a totalement fondu, mettre les figues et les rouler dans le caramel. Ajouter les gousses de vanille fendues et grattées puis l'eau, recouvrir d'une feuille d'aluminium et enfourner pendant 30 min à 180 °C.<br /><br />Pour le crumble : dans une poêle chaude, ajouter le sucre puis le cuire jusqu'à la couleur caramel. Ajouter le beurre et le faire fondre, terminer avec la farine et la poudre d'amande et bien mélanger. Étaler ensuite l'appareil sur une feuille de papier cuisson et la parsemer de fleur de sel. Cuire au four de 10 à 15 min (le crumble doit dorer légèrement).<br />A la sortie du four, laisser refroidir.<br /><br />Dans une assiette creuse, disposer 3 pièces de figue puis arroser de jus de cuisson. Émietter le crumble par-dessus et servir tiède.<br />","summary":"Figues confites au four avec de la vanille et servies avec un savoureux crumble de caramel au beurre salé.","timePreparation":"15mn","timeBaking":"15mn","timeRest":"0mn","picture":"","ingredients":[{"label":"Figue(s)","shopGroup":"Fruits","qte":"18","unit":"pièce(s)","step":"","order":0},{"label":"Gousse(s) de vanille","shopGroup":"Epicerie","qte":"2","unit":"pièce(s)","step":"","order":1},{"label":"Sucre en poudre","shopGroup":"","qte":"150","unit":"g","step":"","order":2},{"label":"Beurre doux","shopGroup":"Crèmerie  hors fromage","qte":"50","unit":"g","step":"","order":3},{"label":"Eau","shopGroup":"","qte":"10","unit":"cl","step":"","order":4},{"label":"Beurre salé","shopGroup":"Crèmerie  hors fromage","qte":"80","unit":"g","step":"Pour le crumble","order":5},{"label":"Farine de blé","shopGroup":"Epicerie","qte":"80","unit":"g","step":"Pour le crumble","order":6},{"label":"Sucre en poudre","shopGroup":"Epicerie","qte":"80","unit":"g","step":"Pour le crumble","order":7},{"label":"Poudre d'amande","shopGroup":"Epicerie","qte":"80","unit":"g","step":"Pour le crumble","order":8},{"label":"Fleur de sel","shopGroup":"Epicerie","qte":"2","unit":"pincée(s)","step":"Pour le crumble","order":9}],"chiefTip":"Si vous ne disposez pas de beurre salé, utilisez du beurre doux et ajoutez-y 2 pincées de fleur de sel.","id":10415}