{"id":10415,"title":"Recette de Figues rôties à la vanille, crumble de caramel au beurre salé","description":"","summary":"Figues confites au four avec de la vanille et servies avec un savoureux crumble de caramel au beurre salé.","timePreparation":"15mn","timeBaking":"15mn","timeRest":"0mn","picture":"http://1.media.atelierdeschefs.com/recette-e10415-figues-roties-a-la-vanille-crumble-de-caramel-au-beurre-sale.jpg","ingredients":[{"label":"Figue(s)","shopGroup":"Fruits","qte":"18","unit":"pièce(s)","step":"","order":0},{"label":"Gousse(s) de vanille","shopGroup":"Epicerie","qte":"2","unit":"pièce(s)","step":"","order":1},{"label":"Sucre en poudre","shopGroup":"","qte":"150","unit":"g","step":"","order":2},{"label":"Beurre doux","shopGroup":"Crèmerie  hors fromage","qte":"50","unit":"g","step":"","order":3},{"label":"Eau","shopGroup":"","qte":"10","unit":"cl","step":"","order":4},{"label":"Beurre salé","shopGroup":"Crèmerie  hors fromage","qte":"80","unit":"g","step":"Pour le crumble","order":5},{"label":"Farine de blé","shopGroup":"Epicerie","qte":"80","unit":"g","step":"Pour le crumble","order":6},{"label":"Sucre en poudre","shopGroup":"Epicerie","qte":"80","unit":"g","step":"Pour le crumble","order":7},{"label":"Poudre d'amande","shopGroup":"Epicerie","qte":"80","unit":"g","step":"Pour le crumble","order":8},{"label":"Fleur de sel","shopGroup":"Epicerie","qte":"2","unit":"pincée(s)","step":"Pour le crumble","order":9}]}