{"id":10788,"title":"Recette de Cabillaud nacré, marmelade minute de confit de canard, vin rouge et griottes","description":"","summary":"Une marmelade rapide de confit de canard, parfumée à la griotte et accompagnée d'un pavé de cabillaud juste \"nacré\".","timePreparation":"45mn","timeBaking":"0mn","timeRest":"0mn","picture":"http://1.media.atelierdeschefs.com/recette-e10788-cabillaud-nacre-marmelade-minute-de-confit-de-canard-vin-rouge-et-griottes.jpg","ingredients":[{"label":"Pavé(s) de cabillaud de 150 g","shopGroup":"Poissonnerie","qte":"6","unit":"pièce(s)","step":"","order":0},{"label":"Cuisse(s) de canard confite(s)","shopGroup":"Volaille(s)","qte":"3","unit":"pièce(s)","step":"","order":1},{"label":"Echalote(s)","shopGroup":"Légumes","qte":"2","unit":"pièce(s)","step":"","order":2},{"label":"Griotte(s)","shopGroup":"Fruits","qte":"100","unit":"g","step":"","order":3},{"label":"Purée de griotte","shopGroup":"Epicerie","qte":"5","unit":"cl","step":"","order":4},{"label":"Vin rouge","shopGroup":"Boissons alcoolisées","qte":"20","unit":"cl","step":"","order":5},{"label":"Graisse de canard","shopGroup":"Volaille(s)","qte":"20","unit":"g","step":"","order":6},{"label":"Miel","shopGroup":"Epicerie","qte":"20","unit":"g","step":"","order":7},{"label":"Huile d'olive","shopGroup":"Epicerie","qte":"5","unit":"cl","step":"","order":8},{"label":"Sel fin","shopGroup":"","qte":"6","unit":"pincée(s)","step":"","order":9},{"label":"Piment d'Espelette","shopGroup":"Epicerie","qte":"6","unit":"pincée(s)","step":"","order":10},{"label":"Cerfeuil","shopGroup":"","qte":"0.25","unit":"botte(s)","step":"","order":11}]}