{"title":"Pavé de cabillaud à la fleur de sel orangée, patate douce et céleri-rave étuvés, jus de coques crémé","description":"Laver les coques sous un filet d'eau froide afin de retirer le sable présent à l'intérieur .<br /><br />Préchauffer le four à 60 °C (th. 2). Laver l'orange et la zester. Mélanger les zestes avec la fleur de sel et étaler le tout sur un tapis de cuisson. Faire ensuite sécher la fleur de sel au four à 60 °C pendant 20 min.<br /> <br />Éplucher l'oignon, le ciseler et le faire suer dans une casserole, puis ajouter les coques et le vin blanc. Couvrir et laisser cuire jusqu'à ce que les coques s'ouvrent. Récupérer alors les coquillages et les décoquiller. Faire réduire le jus à consistance, puis le crémer, le filtrer et rectifier l'assaisonnement.<br /><br />Laver le céleri et la patate douce, puis les éplucher et les couper en mirepoix (dés de 1 cm). Les disposer ensuite dans un wok et mouiller avec de l'eau aux 3/4, puis ajouter le beurre. Rectifier l'assaisonnement et cuire les légumes à feu fort et à couvert jusqu'à mi-cuisson. Retirer alors le couvercle pour que tout le liquide s'évapore.<br /><br />Laver et effeuiller la coriandre.<br /><br />Préchauffer le four à 160 °C (th. 5).<br />Assaisonner les pavés de cabillaud de poivre du moulin et de fleur de sel à l'orange. Les disposer ensuite sur une toile de cuisson avec un filet d'huile d'olive, puis les enfourner pendant 8 min.<br />Pendant ce temps, dans un bol, assaisonner les feuilles de coriandre et les coques de fleur de sel à l'orange, d'huile d'olive et de vinaigre balsamique blanc. <br /><br />Dans une assiette, dresser un carré ou un rectangle de légumes et poser le pavé de cabillaud dessus en prenant soin de retirer la peau. Émulsionner le jus de coques et en arroser le cabillaud, puis terminer en plaçant la salade de coriandre dessus.<br />","summary":"Un mélange de céleri et de patate douce étuvés, un dos de cabillaud à la fleur de sel au goût d'orange, une salade de feuilles de coriandre et un jus de coques crémé.","timePreparation":"45mn","timeBaking":"30mn","timeRest":"0mn","picture":"","ingredients":[{"label":"Pavé(s) de cabillaud de 150 g","shopGroup":"Poissonnerie","qte":"6","unit":"pièce(s)","step":"","order":0},{"label":"Fleur de sel","shopGroup":"Epicerie","qte":"6","unit":"pincée(s)","step":"","order":1},{"label":"Orange(s)","shopGroup":"Fruits","qte":"1","unit":"pièce(s)","step":"","order":2},{"label":"Moulin à poivre","shopGroup":"","qte":"6","unit":"tour(s)","step":"","order":3},{"label":"Huile d'olive","shopGroup":"Epicerie","qte":"5","unit":"cl","step":"","order":4},{"label":"Céleri(s) rave","shopGroup":"Légumes","qte":"0.5","unit":"pièce(s)","step":"","order":5},{"label":"Patate(s) douce(s) rouge(s)","shopGroup":"Légumes","qte":"2","unit":"pièce(s)","step":"","order":6},{"label":"Beurre doux","shopGroup":"Crèmerie  hors fromage","qte":"30","unit":"g","step":"","order":7},{"label":"Coriandre fraîche","shopGroup":"Herbes aromatiques","qte":"0.5","unit":"botte(s)","step":"","order":8},{"label":"Vinaigre balsamique blanc","shopGroup":"Epicerie","qte":"2","unit":"cl","step":"","order":9},{"label":"Oignon(s)","shopGroup":"Légumes","qte":"0.5","unit":"pièce(s)","step":"Pour le jus","order":10},{"label":"Coque(s)","shopGroup":"Poissonnerie","qte":"200","unit":"g","step":"Pour le jus","order":11},{"label":"Crème liquide entière","shopGroup":"Crèmerie  hors fromage","qte":"10","unit":"cl","step":"Pour le jus","order":12},{"label":"Vin blanc sec","shopGroup":"Boissons alcoolisées","qte":"10","unit":"cl","step":"Pour le jus","order":13}],"chiefTip":"Pour permettre à l'émulsion de coques de tenir quelques secondes en mousse sur le cabillaud, vous pouvez ajouter une pincée de lécithine de soja juste avant de l'émulsionner.","id":10203}