{"id":10203,"title":"Recette de Pavé de cabillaud à la fleur de sel orangée, patate douce et céleri-rave étuvés, jus de coques crémé","description":"","summary":"Un mélange de céleri et de patate douce étuvés, un dos de cabillaud à la fleur de sel au goût d'orange, une salade de feuilles de coriandre et un jus de coques crémé.","timePreparation":"45mn","timeBaking":"30mn","timeRest":"0mn","picture":"http://1.media.atelierdeschefs.com/recette-e10203-pave-de-cabillaud-a-la-fleur-de-sel-orangee-patate-douce-et-celeri-rave-etuves-jus-de-coques-creme.jpg","ingredients":[{"label":"Pavé(s) de cabillaud de 150 g","shopGroup":"Poissonnerie","qte":"6","unit":"pièce(s)","step":"","order":0},{"label":"Fleur de sel","shopGroup":"Epicerie","qte":"6","unit":"pincée(s)","step":"","order":1},{"label":"Orange(s)","shopGroup":"Fruits","qte":"1","unit":"pièce(s)","step":"","order":2},{"label":"Moulin à poivre","shopGroup":"","qte":"6","unit":"tour(s)","step":"","order":3},{"label":"Huile d'olive","shopGroup":"Epicerie","qte":"5","unit":"cl","step":"","order":4},{"label":"Céleri(s) rave","shopGroup":"Légumes","qte":"0.5","unit":"pièce(s)","step":"","order":5},{"label":"Patate(s) douce(s) rouge(s)","shopGroup":"Légumes","qte":"2","unit":"pièce(s)","step":"","order":6},{"label":"Beurre doux","shopGroup":"Crèmerie  hors fromage","qte":"30","unit":"g","step":"","order":7},{"label":"Coriandre fraîche","shopGroup":"Herbes aromatiques","qte":"0.5","unit":"botte(s)","step":"","order":8},{"label":"Vinaigre balsamique blanc","shopGroup":"Epicerie","qte":"2","unit":"cl","step":"","order":9},{"label":"Oignon(s)","shopGroup":"Légumes","qte":"0.5","unit":"pièce(s)","step":"Pour le jus","order":10},{"label":"Coque(s)","shopGroup":"Poissonnerie","qte":"200","unit":"g","step":"Pour le jus","order":11},{"label":"Crème liquide entière","shopGroup":"Crèmerie  hors fromage","qte":"10","unit":"cl","step":"Pour le jus","order":12},{"label":"Vin blanc sec","shopGroup":"Boissons alcoolisées","qte":"10","unit":"cl","step":"Pour le jus","order":13}]}