{"title":"Gaspacho de lentilles vertes au Xérès, jus de coquillages et condiments à l'huile de truffe","description":"<br /><b>Pour le gaspacho :</b><br />Déposer les lentilles dans de l'eau froide, porter à ébullition et cuire à couvert 40 min environ, saler au 3/4 de la cuisson pour ne pas que les lentilles durcissent.<br /><br />Émincer l'oignon, puis le faire suer dans un fait-tout avec de l'huile d'olive et une pincée de sel . Ajouter les moules bien lavées, puis l'ail en chemise, la branche de thym, le vin blanc et l'eau. Couvrir et laisser cuire à feu vif jusqu'à ce que les moules s'ouvrent. Filtrer ensuite le jus et décortiquer les moules.<br /><br />Une fois les lentilles cuites, les mixer avec le lait froid, le vinaigre de Xérès et le jus de coquillages, jusqu'à obtention d'une consistance bien onctueuse. Attention à ne pas trop liquéfier le gaspacho. Filtrer, rectifier l'assaisonnement en sel et en poivre, puis refroidir au réfrigérateur.<br /><br /><b>Pour les condiments à l'huile de truffe blanche :</b><br />Découper les abricots et les pruneaux en petits dés. Les mélanger avec les raisins, les pignons de pin, les moules décortiquées et l'huile de truffe blanche.<br />Découper des petits carrés de feuille de nori.<br /><br />Dans une assiette creuse, disposer les condiments parfumés à l'huile de truffe, ajouter également des carrés de feuille de nori, puis verser le gaspacho froid par-dessus.<br />Vous pourrez conserver quelques moules dans leurs coquilles pour la décoration.<br />","summary":"Lentilles vertes du Puy cuites puis mixées avec du jus de moules, du lait et du vinaigre de Xérès. Ce gaspacho est servi froid sur un mélange d'abricots secs, de pruneaux, de raisins secs, de feuille de nori et de pignons de pin relevés d'huile de truffe blanche.","timePreparation":"30mn","timeBaking":"45mn","timeRest":"0mn","picture":"","ingredients":[{"label":"Lentille(s) verte(s)","shopGroup":"Légumes","qte":"200","unit":"g","step":"","order":0},{"label":"Lait 1/2 écrémé","shopGroup":"Crèmerie  hors fromage","qte":"20","unit":"cl","step":"","order":1},{"label":"Vinaigre de Xérès","shopGroup":"Epicerie","qte":"2","unit":"cl","step":"","order":2},{"label":"Moule(s)","shopGroup":"Poissonnerie","qte":"300","unit":"g","step":"","order":3},{"label":"Oignon(s)","shopGroup":"Légumes","qte":"0.5","unit":"pièce(s)","step":"","order":4},{"label":"Gousse(s) d'ail","shopGroup":"Légumes","qte":"1","unit":"gousse(s)","step":"","order":5},{"label":"Branche(s) de thym","shopGroup":"Herbes aromatiques","qte":"1","unit":"pièce(s)","step":"","order":6},{"label":"Vin blanc sec","shopGroup":"Boissons alcoolisées","qte":"15","unit":"cl","step":"","order":7},{"label":"Eau","shopGroup":"","qte":"40","unit":"cl","step":"","order":8},{"label":"Huile de truffe blanche","shopGroup":"Epicerie","qte":"2","unit":"cl","step":"Pour la garniture","order":9},{"label":"Pruneau(x) dénoyauté(s)","shopGroup":"Epicerie","qte":"2","unit":"pièce(s)","step":"Pour la garniture","order":10},{"label":"Abricot(s) sec(s)","shopGroup":"Epicerie","qte":"2","unit":"pièce(s)","step":"Pour la garniture","order":11},{"label":"Raisin(s) sec(s) noir(s)","shopGroup":"Epicerie","qte":"20","unit":"g","step":"Pour la garniture","order":12},{"label":"Pignon(s) de pin","shopGroup":"Epicerie","qte":"20","unit":"g","step":"Pour la garniture","order":13},{"label":"Feuille(s) de nori","shopGroup":"Epicerie","qte":"0.5","unit":"pièce(s)","step":"Pour la garniture","order":14},{"label":"Huile d'olive","shopGroup":"Epicerie","qte":"5","unit":"cl","step":"Pour la garniture","order":15},{"label":"Sel fin","shopGroup":"","qte":"3","unit":"pincée(s)","step":"Pour la garniture","order":16},{"label":"Moulin à poivre","shopGroup":"","qte":"3","unit":"tour(s)","step":"Pour la garniture","order":17}],"chiefTip":"Pour plus de saveur, grillez les pignons de pin à la poêle, et ajoutez des croûtons à votre gaspacho.","id":10492}