{"id":10029,"title":"Recette de Filet de poulet au romarin, purée de carotte à l'orange","description":"","summary":"Une purée de carotte cuite avec du jus d'orange, et un filet de poulet moelleux piqué avec des épis de romarin.","timePreparation":"30mn","timeBaking":"0mn","timeRest":"0mn","picture":"http://1.media.atelierdeschefs.com/recette-e10029-filet-de-poulet-au-romarin-puree-de-carotte-a-l-orange.jpg","ingredients":[{"label":"Filet(s) de poulet (150 g)","shopGroup":"Volaille(s)","qte":"6","unit":"pièce(s)","step":"","order":0},{"label":"Branche(s) de romarin","shopGroup":"Herbes aromatiques","qte":"2","unit":"pièce(s)","step":"","order":1},{"label":"Huile d'olive","shopGroup":"Epicerie","qte":"5","unit":"cl","step":"","order":2},{"label":"Sel fin","shopGroup":"","qte":"6","unit":"pincée(s)","step":"","order":3},{"label":"Moulin à poivre","shopGroup":"","qte":"6","unit":"tour(s)","step":"","order":4},{"label":"Carotte(s)","shopGroup":"Légumes","qte":"800","unit":"g","step":"","order":5},{"label":"Jus d'orange","shopGroup":"Boissons sans alcool","qte":"20","unit":"cl","step":"","order":6}]}