{"title":"Filet de poulet au romarin, purée de carotte à l'orange","description":"A l'aide d'un couteau, piquer des épis de romarin dans les filets de poulet.<br /><br />Éplucher les carottes et les couper en fines lamelles, puis les disposer dans une casserole avec le jus d'orange et cuire à couvert jusqu'à ce qu'elles soient fondantes. Les mixer ensuite pour obtenir une purée et rectifier l'assaisonnement. <br /><br />Dans une poêle avec un filet d'huile d'olive, cuire à feu moyen les filets de poulet assaisonnés de sel et de poivre, pendant 4 min de chaque côté.<br /><br />Dans des assiettes, dresser des quenelles de purée et servir le poulet au romarin à côté.<br />","summary":"Une purée de carotte cuite avec du jus d'orange, et un filet de poulet moelleux piqué avec des épis de romarin.","timePreparation":"30mn","timeBaking":"0mn","timeRest":"0mn","picture":"","ingredients":[{"label":"Filet(s) de poulet (150 g)","shopGroup":"Volaille(s)","qte":"6","unit":"pièce(s)","step":"","order":0},{"label":"Branche(s) de romarin","shopGroup":"Herbes aromatiques","qte":"2","unit":"pièce(s)","step":"","order":1},{"label":"Huile d'olive","shopGroup":"Epicerie","qte":"5","unit":"cl","step":"","order":2},{"label":"Sel fin","shopGroup":"","qte":"6","unit":"pincée(s)","step":"","order":3},{"label":"Moulin à poivre","shopGroup":"","qte":"6","unit":"tour(s)","step":"","order":4},{"label":"Carotte(s)","shopGroup":"Légumes","qte":"800","unit":"g","step":"","order":5},{"label":"Jus d'orange","shopGroup":"Boissons sans alcool","qte":"20","unit":"cl","step":"","order":6}],"chiefTip":"Vous pouvez utiliser du jus d'oranges fraîches pour cuire les carottes.","id":10029}