{"title":"Nage de fruits exotiques","description":"Dissoudre le sucre dans le jus d'orange, fendre la gousse de vanille en 2 et l'ajouter au jus avec le reste des épices. Tailler tous les fruits en bâtonnets de 5 mm de côté et de 2 cm de long. Les faire mariner au frais dans le sirop à l'orange et aux épices. Servir dans des assiettes creuses.<br />","summary":"Un mélange de fruits taillés en petits dés et mis à macérer dans un sirop parfumé.","timePreparation":"30mn","timeBaking":"0mn","timeRest":"0mn","picture":"","ingredients":[{"label":"Ananas victoria","shopGroup":"Fruits","qte":"1","unit":"pièce(s)","step":"","order":0},{"label":"Kiwi(s)","shopGroup":"Fruits","qte":"2","unit":"pièce(s)","step":"","order":1},{"label":"Mangue(s)","shopGroup":"Fruits","qte":"1","unit":"pièce(s)","step":"","order":2},{"label":"Pamplemousse(s) rouge(s)","shopGroup":"Fruits","qte":"1","unit":"pièce(s)","step":"","order":3},{"label":"Jus d'orange","shopGroup":"Boissons sans alcool","qte":"20","unit":"cl","step":"","order":4},{"label":"Gousse(s) de vanille","shopGroup":"Epicerie","qte":"1","unit":"pièce(s)","step":"","order":5},{"label":"Etoile(s) de badiane","shopGroup":"Epicerie","qte":"1","unit":"pièce(s)","step":"","order":6},{"label":"Bâton(s) de cannelle","shopGroup":"Epicerie","qte":"1","unit":"pièce(s)","step":"","order":7},{"label":"Sucre en poudre","shopGroup":"Epicerie","qte":"80","unit":"g","step":"","order":8}],"chiefTip":"Garnissez ce dessert fruité avec une glace et des tuiles.","id":917}