{"title":"Blintchikis au pavot et vodka","description":"<br /><b>Péparation des blinis :</b><br />Dans un bol, réaliser un puits avec la farine et casser les oeufs au centre. Ajouter une pincée de sel et fouetter en incorporant le lait petit à petit. Faire fondre le beurre dans une casserole et l'ajouter à la pâte.<br /><br />Dans un autre bol, fouetter les blancs d'oeufs en neige, puis incorporer le sucre semoule à la fin. Fouetter énergiquement pour serrer les blancs. Incorporer 1/3 des blancs dans la pâte avec un fouet, puis incorporer le reste avec une maryse (spatule souple). Dans une poêle antiadhésive chaude, déposer des cuillerées de pâte et laisser dorer 1 min, puis retourner et laisser 1 min de nouveau. Servir tiède.<br /><br /><b>Péparation de la crème Chiboust :</b><br />Dans un bol, battre les jaunes d'oeufs et le sucre jusqu'à ce que le mélange blanchisse. Ajouter la farine et mélanger. Faire bouillir le lait et la gousse de vanille fendue, puis enlever cette dernière et verser le lait bouillant sur le mélange. Remettre ensuite le tout dans la casserole et laisser cuire 3 min après la reprise de l'ébullition, tout en remuant énergiquement. Au bout de 3 min, faire fondre le beurre sur le dessus, sans mélanger, et réserver la crème dans un endroit tiède. Laisser tiédir puis mélanger pour incorporer le beurre à la crème. <br /><br />Préparer le sirop : mettre l'eau et 100 g de sucre à cuire dans une casserole, pour obtenir un sucre cuit, et mesurer la température à l'aide d'un thermomètre de cuisson.<br /><br />Battre les blancs d'oeufs en neige avec une pincée de sel. Quand le sirop a atteint la température de 121 °C (cuisson petit boulé), le verser progressivement sur les blancs. Continuer de battre les blancs jusqu'à ce que le mélange tiédisse. La meringue italienne est prête.<br /><br />Incorporer 1/3 de la meringue à la crème pâtissière et mélanger. Ajouter le reste de meringue et mélanger délicatement.<br /><br /><b>Dressage :</b><br />A l'aide d'une poche à douille, dresser la crème sur les blinis et saupoudrer de graines de pavot. <br /><br />Faire chauffer la vodka, en arroser les Blintchikis puis flamber. Servir aussitôt.<br />","summary":"Un blini sucré, surmonté d'une crème meringuée à la vanille parsemée de graines de pavot, et flambé à la vodka.","timePreparation":"45mn","timeBaking":"0mn","timeRest":"0mn","picture":"","ingredients":[{"label":"Lait 1/2 écrémé","shopGroup":"","qte":"50","unit":"cl","step":"Pour l'étape 1","order":0},{"label":"Farine de blé","shopGroup":"","qte":"250","unit":"g","step":"Pour l'étape 1","order":1},{"label":"Oeuf(s)","shopGroup":"Crèmerie  hors fromage","qte":"2","unit":"pièce(s)","step":"Pour l'étape 1","order":2},{"label":"Jaune(s) d'oeuf(s)","shopGroup":"","qte":"2","unit":"pièce(s)","step":"Pour l'étape 1","order":3},{"label":"Beurre doux","shopGroup":"","qte":"100","unit":"g","step":"Pour l'étape 1","order":4},{"label":"Blanc(s) d'oeuf","shopGroup":"","qte":"5","unit":"pièce(s)","step":"Pour l'étape 1","order":5},{"label":"Sucre en poudre","shopGroup":"","qte":"50","unit":"g","step":"Pour l'étape 1","order":6},{"label":"Sel fin","shopGroup":"","qte":"1","unit":"pincée(s)","step":"Pour l'étape 1","order":7},{"label":"Lait 1/2 écrémé","shopGroup":"Crèmerie  hors fromage","qte":"50","unit":"cl","step":"Pour la crème","order":8},{"label":"Sucre en poudre","shopGroup":"","qte":"100","unit":"g","step":"Pour la crème","order":9},{"label":"Gousse(s) de vanille","shopGroup":"Epicerie","qte":"1","unit":"pièce(s)","step":"Pour la crème","order":10},{"label":"Jaune(s) d'oeuf(s)","shopGroup":"Crèmerie  hors fromage","qte":"3","unit":"pièce(s)","step":"Pour la crème","order":11},{"label":"Farine de blé","shopGroup":"Epicerie","qte":"50","unit":"g","step":"Pour la crème","order":12},{"label":"Beurre doux","shopGroup":"Crèmerie  hors fromage","qte":"100","unit":"g","step":"Pour la crème","order":13},{"label":"Blanc(s) d'oeuf","shopGroup":"Crèmerie  hors fromage","qte":"3","unit":"pièce(s)","step":"Pour la crème","order":14},{"label":"Sucre en poudre","shopGroup":"Epicerie","qte":"100","unit":"g","step":"Pour la crème","order":15},{"label":"Eau","shopGroup":"","qte":"3","unit":"cl","step":"Pour la crème","order":16},{"label":"Graine(s) de pavot","shopGroup":"Epicerie","qte":"60","unit":"g","step":"Pour le dressage","order":17},{"label":"Vodka","shopGroup":"Boissons alcoolisées","qte":"9","unit":"cl","step":"Pour le dressage","order":18}],"chiefTip":"Vous pouvez réaliser cette recette en remplaçant les blinis par des crêpes que vous garnirez puis roulerez.","id":10021}