{"id":10021,"title":"Recette de Blintchikis au pavot et vodka","description":"","summary":"Un blini sucré, surmonté d'une crème meringuée à la vanille parsemée de graines de pavot, et flambé à la vodka.","timePreparation":"45mn","timeBaking":"0mn","timeRest":"0mn","picture":"http://1.media.atelierdeschefs.com/recette-e10021-blintchikis-au-pavot-et-vodka.jpg","ingredients":[{"label":"Lait 1/2 écrémé","shopGroup":"","qte":"50","unit":"cl","step":"Pour l'étape 1","order":0},{"label":"Farine de blé","shopGroup":"","qte":"250","unit":"g","step":"Pour l'étape 1","order":1},{"label":"Oeuf(s)","shopGroup":"Crèmerie  hors fromage","qte":"2","unit":"pièce(s)","step":"Pour l'étape 1","order":2},{"label":"Jaune(s) d'oeuf(s)","shopGroup":"","qte":"2","unit":"pièce(s)","step":"Pour l'étape 1","order":3},{"label":"Beurre doux","shopGroup":"","qte":"100","unit":"g","step":"Pour l'étape 1","order":4},{"label":"Blanc(s) d'oeuf","shopGroup":"","qte":"5","unit":"pièce(s)","step":"Pour l'étape 1","order":5},{"label":"Sucre en poudre","shopGroup":"","qte":"50","unit":"g","step":"Pour l'étape 1","order":6},{"label":"Sel fin","shopGroup":"","qte":"1","unit":"pincée(s)","step":"Pour l'étape 1","order":7},{"label":"Lait 1/2 écrémé","shopGroup":"Crèmerie  hors fromage","qte":"50","unit":"cl","step":"Pour la crème","order":8},{"label":"Sucre en poudre","shopGroup":"","qte":"100","unit":"g","step":"Pour la crème","order":9},{"label":"Gousse(s) de vanille","shopGroup":"Epicerie","qte":"1","unit":"pièce(s)","step":"Pour la crème","order":10},{"label":"Jaune(s) d'oeuf(s)","shopGroup":"Crèmerie  hors fromage","qte":"3","unit":"pièce(s)","step":"Pour la crème","order":11},{"label":"Farine de blé","shopGroup":"Epicerie","qte":"50","unit":"g","step":"Pour la crème","order":12},{"label":"Beurre doux","shopGroup":"Crèmerie  hors fromage","qte":"100","unit":"g","step":"Pour la crème","order":13},{"label":"Blanc(s) d'oeuf","shopGroup":"Crèmerie  hors fromage","qte":"3","unit":"pièce(s)","step":"Pour la crème","order":14},{"label":"Sucre en poudre","shopGroup":"Epicerie","qte":"100","unit":"g","step":"Pour la crème","order":15},{"label":"Eau","shopGroup":"","qte":"3","unit":"cl","step":"Pour la crème","order":16},{"label":"Graine(s) de pavot","shopGroup":"Epicerie","qte":"60","unit":"g","step":"Pour le dressage","order":17},{"label":"Vodka","shopGroup":"Boissons alcoolisées","qte":"9","unit":"cl","step":"Pour le dressage","order":18}]}