{"id":10751,"title":"Recette de Pâte à choux (au lait)","description":"","summary":"Réalisez avec la pâte à choux des éclairs, des choux, des gougères ou toutes sortes d'autres gourmandises.","timePreparation":"45mn","timeBaking":"0mn","timeRest":"0mn","picture":"http://1.media.atelierdeschefs.com/recette-e10751-pate-a-choux-au-lait.jpg","ingredients":[{"label":"Eau","shopGroup":"","qte":"15","unit":"cl","step":"","order":0},{"label":"Lait 1/2 écrémé","shopGroup":"Crèmerie  hors fromage","qte":"15","unit":"cl","step":"","order":1},{"label":"Sucre en poudre","shopGroup":"Epicerie","qte":"5","unit":"g","step":"","order":2},{"label":"Sel fin","shopGroup":"","qte":"1","unit":"pincée(s)","step":"","order":3},{"label":"Beurre doux","shopGroup":"Crèmerie  hors fromage","qte":"130","unit":"g","step":"","order":4},{"label":"Farine de blé","shopGroup":"Epicerie","qte":"170","unit":"g","step":"","order":5},{"label":"Oeuf(s)","shopGroup":"Crèmerie  hors fromage","qte":"5","unit":"pièce(s)","step":"","order":6}]}