{"id":10161,"title":"Recette de Pavé de boeuf au parfum de poivre exotique, mitonnée de légumes oubliés aux figues séchées","description":"","summary":"Un pavé de boeuf poêlé puis cuit dans un bouillon à basse température, au parfum de poivre de Cubèbe, de Sichuan et de poivre long d'Indonésie. Le panais, le topinambour, la patate douce et le rutabaga sont cuits dans ce bouillon et agrémentés de figues séchées.","timePreparation":"45mn","timeBaking":"1h","timeRest":"0mn","picture":"http://1.media.atelierdeschefs.com/recette-e10161-pave-de-boeuf-au-parfum-de-poivre-exotique-mitonnee-de-legumes-oublies-aux-figues-sechees.jpg","ingredients":[{"label":"Pavé(s) de rumsteck de 200 g","shopGroup":"Boucherie","qte":"6","unit":"pièce(s)","step":"","order":0},{"label":"Poivre de  Cubebe","shopGroup":"Epicerie","qte":"2","unit":"g","step":"","order":1},{"label":"Poivre long","shopGroup":"Epicerie","qte":"2","unit":"g","step":"","order":2},{"label":"Poivre de Sichuan","shopGroup":"Epicerie","qte":"2","unit":"g","step":"","order":3},{"label":"Sel fin","shopGroup":"","qte":"3","unit":"pincée(s)","step":"","order":4},{"label":"Rutabaga(s)","shopGroup":"Légumes","qte":"300","unit":"g","step":"","order":5},{"label":"Patate(s) douce(s) rouge(s)","shopGroup":"Légumes","qte":"300","unit":"g","step":"","order":6},{"label":"Topinambour(s)","shopGroup":"Légumes","qte":"300","unit":"g","step":"","order":7},{"label":"Panais","shopGroup":"Légumes","qte":"300","unit":"g","step":"","order":8},{"label":"Huile d'olive","shopGroup":"Epicerie","qte":"5","unit":"cl","step":"","order":9},{"label":"Cerfeuil","shopGroup":"Herbes aromatiques","qte":"0.5","unit":"botte(s)","step":"","order":10},{"label":"Figue(s) sèche(s)","shopGroup":"Epicerie","qte":"40","unit":"g","step":"","order":11},{"label":"Eau","shopGroup":"","qte":"1","unit":"l","step":"","order":12},{"label":"Fleur de sel","shopGroup":"Epicerie","qte":"3","unit":"pincée(s)","step":"","order":13}]}