{"title":"Pavé de boeuf au parfum de poivre exotique, mitonnée de légumes oubliés aux figues séchées","description":"Laver l'ensemble des légumes, puis les éplucher et les tailler en petits dés.<br />Dans un wok chaud avec un filet d'huile d'olive, faire sauter rapidement les légumes avec une pincée de sel. Ajouter l'eau à mi-cuisson. Glisser le mélange de poivres dans une boule à épices, puis la déposer dans l'eau. Laisser l'ensemble mijoter à feu très doux pendant 15 à 20 min. <br /><br />Dans une poêle très chaude avec un filet d'huile d'olive, colorer à feu fort les pavés de boeuf sans assaisonnement pendant 1 min de chaque côté. Les plonger ensuite dans le bouillon à 55 °C pendant 20 min.<br /><br />Couper les figues séchées en petits dés. Laver et concasser le cerfeuil.<br />Égoutter les légumes en gardant le bouillon, puis ajouter les figues et le cerfeuil.<br /><br />Pour le dressage, déposer un lit de légumes en forme de carré, puis déposer dessus chaque pavé de boeuf tranché en 3. Parsemer la viande d'une pincée de fleur de sel et servir le bouillon dans des petites verrines.<br />","summary":"Un pavé de boeuf poêlé puis cuit dans un bouillon à basse température, au parfum de poivre de Cubèbe, de Sichuan et de poivre long d'Indonésie. Le panais, le topinambour, la patate douce et le rutabaga sont cuits dans ce bouillon et agrémentés de figues séchées.","timePreparation":"45mn","timeBaking":"1h","timeRest":"0mn","picture":"","ingredients":[{"label":"Pavé(s) de rumsteck de 200 g","shopGroup":"Boucherie","qte":"6","unit":"pièce(s)","step":"","order":0},{"label":"Poivre de  Cubebe","shopGroup":"Epicerie","qte":"2","unit":"g","step":"","order":1},{"label":"Poivre long","shopGroup":"Epicerie","qte":"2","unit":"g","step":"","order":2},{"label":"Poivre de Sichuan","shopGroup":"Epicerie","qte":"2","unit":"g","step":"","order":3},{"label":"Sel fin","shopGroup":"","qte":"3","unit":"pincée(s)","step":"","order":4},{"label":"Rutabaga(s)","shopGroup":"Légumes","qte":"300","unit":"g","step":"","order":5},{"label":"Patate(s) douce(s) rouge(s)","shopGroup":"Légumes","qte":"300","unit":"g","step":"","order":6},{"label":"Topinambour(s)","shopGroup":"Légumes","qte":"300","unit":"g","step":"","order":7},{"label":"Panais","shopGroup":"Légumes","qte":"300","unit":"g","step":"","order":8},{"label":"Huile d'olive","shopGroup":"Epicerie","qte":"5","unit":"cl","step":"","order":9},{"label":"Cerfeuil","shopGroup":"Herbes aromatiques","qte":"0.5","unit":"botte(s)","step":"","order":10},{"label":"Figue(s) sèche(s)","shopGroup":"Epicerie","qte":"40","unit":"g","step":"","order":11},{"label":"Eau","shopGroup":"","qte":"1","unit":"l","step":"","order":12},{"label":"Fleur de sel","shopGroup":"Epicerie","qte":"3","unit":"pincée(s)","step":"","order":13}],"chiefTip":"Pour connaître la température du bouillon, vous pouvez utiliser une sonde de cuisson.","id":10161}