{"title":"Glace à la cardamome","description":"Faire bouillir le lait avec les gousses de cardamome fendues en 2. Blanchir les jaunes d'oeufs avec le sucre.<br />Verser le lait sur les oeufs, puis remettre le tout dans la casserole. Cuire jusqu'à 84 °C sans cesser de remuer.<br /><br />Passer la préparation dans une passette puis la mettre dans la turbine à glace.<br />","summary":"Une glace maison parfumée aux épices, à réaliser avec une turbine à glace.","timePreparation":"30mn","timeBaking":"0mn","timeRest":"0mn","picture":"","ingredients":[{"label":"Lait 1/2 écrémé","shopGroup":"Crèmerie  hors fromage","qte":"1","unit":"l","step":"","order":0},{"label":"Jaune(s) d'oeuf(s)","shopGroup":"Crèmerie  hors fromage","qte":"8","unit":"pièce(s)","step":"","order":1},{"label":"Sucre en poudre","shopGroup":"Epicerie","qte":"200","unit":"g","step":"","order":2},{"label":"Cardamome verte","shopGroup":"Epicerie","qte":"10","unit":"g","step":"","order":3}],"chiefTip":"Cette glace à la cardamome sera très agréable pour accompagner une salade de fruits rouges.","id":1013}