{"title":"Glace à la cardamome","description":"","summary":"Une glace maison parfumée aux épices, à réaliser avec une turbine à glace.","timePreparation":"30mn","timeBaking":"0mn","timeRest":"0mn","picture":"","ingredients":[{"label":"Lait 1/2 écrémé","shopGroup":"Crèmerie  hors fromage","qte":"1","unit":"l","step":"","order":0},{"label":"Jaune(s) d'oeuf(s)","shopGroup":"Crèmerie  hors fromage","qte":"8","unit":"pièce(s)","step":"","order":1},{"label":"Sucre en poudre","shopGroup":"Epicerie","qte":"200","unit":"g","step":"","order":2},{"label":"Cardamome verte","shopGroup":"Epicerie","qte":"10","unit":"g","step":"","order":3}],"chiefTip":"Cette glace à la cardamome sera très agréable pour accompagner une salade de fruits rouges.","id":1013}