{"id":10159,"title":"Recette de Cupcake à la myrtille","description":"","summary":"Mini-cakes moelleux glacés avec une crème sucre/beurre. Ils sont très appréciés en Amérique du Nord.","timePreparation":"20mn","timeBaking":"15mn","timeRest":"1h30mn","picture":"http://1.media.atelierdeschefs.com/recette-e10159-cupcake-a-la-myrtille.jpg","ingredients":[{"label":"Beurre doux","shopGroup":"","qte":"180","unit":"g","step":"Pour le(s) biscuit(s)","order":0},{"label":"Sucre en poudre","shopGroup":"Epicerie","qte":"200","unit":"g","step":"Pour le(s) biscuit(s)","order":1},{"label":"Oeuf(s)","shopGroup":"Crèmerie  hors fromage","qte":"4","unit":"pièce(s)","step":"Pour le(s) biscuit(s)","order":2},{"label":"Farine de blé","shopGroup":"Epicerie","qte":"200","unit":"g","step":"Pour le(s) biscuit(s)","order":3},{"label":"Sachet(s) de levure chimique (11g)","shopGroup":"Epicerie","qte":"1","unit":"pièce(s)","step":"Pour le(s) biscuit(s)","order":4},{"label":"Citron(s) jaune(s) non traités","shopGroup":"Fruits","qte":"2","unit":"pièce(s)","step":"Pour le(s) biscuit(s)","order":5},{"label":"Myrtille(s)","shopGroup":"Fruits","qte":"100","unit":"g","step":"Pour le(s) biscuit(s)","order":6},{"label":"Sucre glace","shopGroup":"Epicerie","qte":"170","unit":"g","step":"Pour le glaçage","order":7},{"label":"Beurre doux","shopGroup":"Crèmerie  hors fromage","qte":"110","unit":"g","step":"Pour le glaçage","order":8},{"label":"Colorant alimentaire bleu","shopGroup":"Epicerie","qte":"5","unit":"goutte(s)","step":"Pour le glaçage","order":9}]}