{"title":"Cupcake à la myrtille","description":"<br /><b>Pour les cupcakes</b><br />Préchauffer le four à 180 °C.<br />Mélanger la farine et la levure. Râper le zeste des citrons et le mélanger au sucre. Disposer des caissettes en papier dans des moules à muffins. <br />Fouetter le beurre pour le rendre pommade avec le sucre. Incorporer les oeufs 1 à 1 tout en fouettant pour obtenir une pâte claire, légère et homogène. Ajouter ensuite le mélange farine/levure et les myrtilles en mélangeant doucement. Remplir les caissettes en papier (ou les moules en silicone) à moitié, puis les enfourner pendant 15 min environ (la pointe d'un couteau doit ressortir sèche). Laisser ensuite refroidir sur grille.<br /><br />Pour le glaçage, battre le beurre pommade et le sucre glace avec le colorant pour obtenir  un mélange homogène, souple et de couleur bleu nuit. Le verser ensuite dans une poche à pâtisserie munie d'une petite douille cannelée. Lorsque les cupcakes sont froids, les décorer avec le glaçage et disposer quelques myrtilles dessus.<br /><br />Réserver 1 h 30 au frais avant de servir.<br />","summary":"Mini-cakes moelleux glacés avec une crème sucre/beurre. Ils sont très appréciés en Amérique du Nord.","timePreparation":"20mn","timeBaking":"15mn","timeRest":"1h30mn","picture":"","ingredients":[{"label":"Beurre doux","shopGroup":"","qte":"180","unit":"g","step":"Pour le(s) biscuit(s)","order":0},{"label":"Sucre en poudre","shopGroup":"Epicerie","qte":"200","unit":"g","step":"Pour le(s) biscuit(s)","order":1},{"label":"Oeuf(s)","shopGroup":"Crèmerie  hors fromage","qte":"4","unit":"pièce(s)","step":"Pour le(s) biscuit(s)","order":2},{"label":"Farine de blé","shopGroup":"Epicerie","qte":"200","unit":"g","step":"Pour le(s) biscuit(s)","order":3},{"label":"Sachet(s) de levure chimique (11g)","shopGroup":"Epicerie","qte":"1","unit":"pièce(s)","step":"Pour le(s) biscuit(s)","order":4},{"label":"Citron(s) jaune(s) non traités","shopGroup":"Fruits","qte":"2","unit":"pièce(s)","step":"Pour le(s) biscuit(s)","order":5},{"label":"Myrtille(s)","shopGroup":"Fruits","qte":"100","unit":"g","step":"Pour le(s) biscuit(s)","order":6},{"label":"Sucre glace","shopGroup":"Epicerie","qte":"170","unit":"g","step":"Pour le glaçage","order":7},{"label":"Beurre doux","shopGroup":"Crèmerie  hors fromage","qte":"110","unit":"g","step":"Pour le glaçage","order":8},{"label":"Colorant alimentaire bleu","shopGroup":"Epicerie","qte":"5","unit":"goutte(s)","step":"Pour le glaçage","order":9}],"chiefTip":"Les cupcakes peuvent se conserver 2 jours au réfrigérateur dans une boîte hermétique.","id":10159}