{"title":"Filet de rouget à l'huile d'olive et cocotte d'artichauts au miel","description":"Ôter les arêtes des filets de rouget, disposer une branche de thym au centre, puis les rouler sur eux-mêmes et les piquer avec une brochette en bois.<br />Éplucher les artichauts en conserver la queue, enlever les poils dans le coeur, puis les couper en 2. Les maintenir ensuite dans une eau citronnée pour leur éviter de noircir.<br />Éplucher les oignons nouveaux et les laver, puis les couper en 2.<br /><br />Dans une cocotte, faire chauffer l'huile d'olive et colorer vivement les artichauts et les oignons. Ajouter le miel,  baisser le feu et ajouter les aromates. Couvrir et cuire 10 min.<br /><br />Juste avant de servir, faire fortement chauffer une poêle, verser un filet d'huile d'olive et colorer les filets de rouget sur chaque face pendant 3 min. Saler et poivrer.<br /><br />Servir les artichauts au centre de l'assiette et disposer le filet de rouget dessus, puis le parsemer de fleur de thym.<br />","summary":"Un filet de rouget cuit à l'huile d'olive et parfumé à la fleur de thym, accompagné d'une cocotte de poivrades et d'oignons nouveaux au miel.","timePreparation":"45mn","timeBaking":"0mn","timeRest":"0mn","picture":"","ingredients":[{"label":"Filet(s) de rouget (140 g)","shopGroup":"Poissonnerie","qte":"6","unit":"pièce(s)","step":"","order":0},{"label":"Huile d'olive","shopGroup":"Epicerie","qte":"4","unit":"cl","step":"","order":1},{"label":"Fleur de Thym","shopGroup":"Epicerie","qte":"5","unit":"g","step":"","order":2},{"label":"Artichaut(s) poivrade","shopGroup":"Légumes","qte":"18","unit":"pièce(s)","step":"","order":3},{"label":"Oignon(s) nouveau(x)","shopGroup":"Légumes","qte":"12","unit":"pièce(s)","step":"","order":4},{"label":"Miel","shopGroup":"Epicerie","qte":"20","unit":"g","step":"","order":5},{"label":"Sel fin","shopGroup":"","qte":"6","unit":"pincée(s)","step":"","order":6},{"label":"Moulin à poivre","shopGroup":"","qte":"6","unit":"tour(s)","step":"","order":7},{"label":"Citron(s) jaune(s)","shopGroup":"Fruits","qte":"1","unit":"pièce(s)","step":"","order":8},{"label":"Courgette(s)","shopGroup":"Légumes","qte":"3","unit":"pièce(s)","step":"","order":9},{"label":"Poivron(s) rouge(s)","shopGroup":"Légumes","qte":"2","unit":"pièce(s)","step":"","order":10}],"chiefTip":"Accompagnez cette recette d'une salade de roquette assaisonnée avec un simple filet d'huile d'olive et un peu de fleur de sel.","id":10054}