{"id":10380,"title":"Recette de Spaghettoni aux calamars et encre de seiche, persillade et gorgonzola","description":"","summary":"Des spaghettoni aux calamars sautés en crème de persillade, encre de seiche et gorgonzola.","timePreparation":"20mn","timeBaking":"15mn","timeRest":"0mn","picture":"http://1.media.atelierdeschefs.com/recette-e10380-spaghettoni-aux-calamars-et-encre-de-seiche-persillade-et-gorgonzola.jpg","ingredients":[{"label":"Blanc(s) de calamars","shopGroup":"Poissonnerie","qte":"1.2","unit":"kg","step":"","order":0},{"label":"Spaghettoni","shopGroup":"Epicerie","qte":"480","unit":"g","step":"","order":1},{"label":"Sachet d'encre de seiche","shopGroup":"Poissonnerie","qte":"1","unit":"pièce(s)","step":"","order":2},{"label":"Gorgonzola","shopGroup":"Fromage(s)","qte":"50","unit":"g","step":"","order":3},{"label":"Persil plat","shopGroup":"Herbes aromatiques","qte":"0.25","unit":"botte(s)","step":"","order":4},{"label":"Gousse(s) d'ail","shopGroup":"Légumes","qte":"1","unit":"gousse(s)","step":"","order":5},{"label":"Crème liquide entière","shopGroup":"Crèmerie  hors fromage","qte":"10","unit":"cl","step":"","order":6},{"label":"Cerneau(x) de noix","shopGroup":"Epicerie","qte":"50","unit":"g","step":"","order":7},{"label":"Sel fin","shopGroup":"","qte":"3","unit":"pincée(s)","step":"","order":8},{"label":"Piment d'Espelette","shopGroup":"Epicerie","qte":"3","unit":"pincée(s)","step":"","order":9},{"label":"Huile d'olive","shopGroup":"Epicerie","qte":"5","unit":"cl","step":"","order":10},{"label":"Gros sel","shopGroup":"","qte":"35","unit":"g","step":"","order":11},{"label":"Eau","shopGroup":"","qte":"5","unit":"l","step":"","order":12}]}