{"title":"Spaghettoni aux calamars et encre de seiche, persillade et gorgonzola","description":"Laver tous les légumes. Effeuiller et hacher le persil plat. Peler, dégermer, hacher la gousse d'ail et la mélanger avec le persil (persillade). Tailler le gorgonzola en petits cubes. Concasser les noix.<br />Si besoin, retirer les fines peaux blanches des calamars, puis tailler ceux-ci très finement en biais.<br /><br />Cuire les spaghettoni \"al dente\" dans 5 litres d'eau salée. Les égoutter après la cuisson, les débarrasser dans un plat et les arroser d'un filet d'huile d'olive.<br /><br />Dans un wok, disposer un filet d'huile d'olive et saisir vivement les calamars, les assaisonner de sel fin et de piment d'Espelette. Colorer et ajouter la persillade, la crème et l'eau. Bien mélanger et terminer avec l'encre de seiche et le gorgonzola.<br />Réchauffer les pâtes dans la sauce.<br /><br />Dresser en assiette creuse et saupoudrer de noix concassées.<br />","summary":"Des spaghettoni aux calamars sautés en crème de persillade, encre de seiche et gorgonzola.","timePreparation":"20mn","timeBaking":"15mn","timeRest":"0mn","picture":"","ingredients":[{"label":"Blanc(s) de calamars","shopGroup":"Poissonnerie","qte":"1.2","unit":"kg","step":"","order":0},{"label":"Spaghettoni","shopGroup":"Epicerie","qte":"480","unit":"g","step":"","order":1},{"label":"Sachet d'encre de seiche","shopGroup":"Poissonnerie","qte":"1","unit":"pièce(s)","step":"","order":2},{"label":"Gorgonzola","shopGroup":"Fromage(s)","qte":"50","unit":"g","step":"","order":3},{"label":"Persil plat","shopGroup":"Herbes aromatiques","qte":"0.25","unit":"botte(s)","step":"","order":4},{"label":"Gousse(s) d'ail","shopGroup":"Légumes","qte":"1","unit":"gousse(s)","step":"","order":5},{"label":"Crème liquide entière","shopGroup":"Crèmerie  hors fromage","qte":"10","unit":"cl","step":"","order":6},{"label":"Cerneau(x) de noix","shopGroup":"Epicerie","qte":"50","unit":"g","step":"","order":7},{"label":"Sel fin","shopGroup":"","qte":"3","unit":"pincée(s)","step":"","order":8},{"label":"Piment d'Espelette","shopGroup":"Epicerie","qte":"3","unit":"pincée(s)","step":"","order":9},{"label":"Huile d'olive","shopGroup":"Epicerie","qte":"5","unit":"cl","step":"","order":10},{"label":"Gros sel","shopGroup":"","qte":"35","unit":"g","step":"","order":11},{"label":"Eau","shopGroup":"","qte":"5","unit":"l","step":"","order":12}],"chiefTip":"Vous pouvez compléter cette recette avec des brochettes de gambas que vous ferez cuire au four.","id":10380}