{"title":"Cubes de saumon flambés, courgettes et vinaigrette aux agrumes","description":"","summary":"De petites brochettes de saumon flambées par combustion directe et accompagnées d'une julienne de courgettes taillées à la minute et assaisonnées d'une vinaigrette d'agrumes.","timePreparation":"30mn","timeBaking":"0mn","timeRest":"0mn","picture":"","ingredients":[{"label":"Pavé(s) de saumon (150g)","shopGroup":"Poissonnerie","qte":"6","unit":"pièce(s)","step":"","order":0},{"label":"Moutarde forte","shopGroup":"Epicerie","qte":"10","unit":"g","step":"","order":1},{"label":"Jus d'orange","shopGroup":"Boissons sans alcool","qte":"15","unit":"cl","step":"","order":2},{"label":"Beurre de cacao Mycryo","shopGroup":"Epicerie","qte":"10","unit":"g","step":"","order":3},{"label":"Sel fin","shopGroup":"","qte":"6","unit":"pincée(s)","step":"","order":4},{"label":"Moulin à poivre","shopGroup":"","qte":"6","unit":"tour(s)","step":"","order":5},{"label":"Gros sel","shopGroup":"","qte":"2","unit":"kg","step":"","order":6},{"label":"Courgette(s)","shopGroup":"Légumes","qte":"2","unit":"pièce(s)","step":"","order":7},{"label":"Cognac","shopGroup":"Boissons alcoolisées","qte":"2","unit":"cl","step":"","order":8},{"label":"Huile d'olive","shopGroup":"Epicerie","qte":"2","unit":"cl","step":"","order":9}],"chiefTip":"Vous pouvez remplacer le saumon par de petites gambas.Utilisez le légume de votre choix.","id":10581}