{"title":"Cubes de saumon flambés, courgettes et vinaigrette aux agrumes","description":"Faire tremper des pics à brochette dans de l'eau froide pendant au moins 10 min.<br /><br />Réaliser la vinaigrette : réduire le jus d'orange à l'état sirupeux, puis le verser dans un blender. Ajouter la moutarde, l'huile d'olive, le sel et le poivre, puis mixer.<br /><br />Laver les courgettes et les couper en fine julienne à l'aide d'une mandoline japonaise, puis réserver.<br /><br />Ôter les arêtes du saumon, le couper en petits cubes puis monter des mini-brochettes avec. Saler et poivrer.<br />Saupoudrer une crêpière de beurre de cacao Mycryo puis colorer les brochettes. Arroser ensuite de cognac et flamber.<br /><br />Dans une assiette, déposer un lit de courgettes, arroser de vinaigrette et servir les brochettes.<br />","summary":"De petites brochettes de saumon flambées par combustion directe et accompagnées d'une julienne de courgettes taillées à la minute et assaisonnées d'une vinaigrette d'agrumes.","timePreparation":"30mn","timeBaking":"0mn","timeRest":"0mn","picture":"","ingredients":[{"label":"Pavé(s) de saumon (150g)","shopGroup":"Poissonnerie","qte":"6","unit":"pièce(s)","step":"","order":0},{"label":"Moutarde forte","shopGroup":"Epicerie","qte":"10","unit":"g","step":"","order":1},{"label":"Jus d'orange","shopGroup":"Boissons sans alcool","qte":"15","unit":"cl","step":"","order":2},{"label":"Beurre de cacao Mycryo","shopGroup":"Epicerie","qte":"10","unit":"g","step":"","order":3},{"label":"Sel fin","shopGroup":"","qte":"6","unit":"pincée(s)","step":"","order":4},{"label":"Moulin à poivre","shopGroup":"","qte":"6","unit":"tour(s)","step":"","order":5},{"label":"Gros sel","shopGroup":"","qte":"2","unit":"kg","step":"","order":6},{"label":"Courgette(s)","shopGroup":"Légumes","qte":"2","unit":"pièce(s)","step":"","order":7},{"label":"Cognac","shopGroup":"Boissons alcoolisées","qte":"2","unit":"cl","step":"","order":8},{"label":"Huile d'olive","shopGroup":"Epicerie","qte":"2","unit":"cl","step":"","order":9}],"chiefTip":"Vous pouvez remplacer le saumon par de petites gambas.Utilisez le légume de votre choix.","id":10581}