{"title":"Allumettes à l'ananas","description":"","summary":"Petites allumettes de pâte feuilletée, garnies de chantilly et de morceaux d'ananas frais.","timePreparation":"30mn","timeBaking":"25mn","timeRest":"0mn","picture":"","ingredients":[{"label":"Pâte feuilletée","shopGroup":"Traiteur","qte":"200","unit":"g","step":"Pour l'étape 1","order":0},{"label":"Blanc(s) d'oeuf","shopGroup":"Crèmerie  hors fromage","qte":"1","unit":"pièce(s)","step":"Pour l'étape 1","order":1},{"label":"Jus de citron","shopGroup":"Boissons sans alcool","qte":"5","unit":"cl","step":"Pour l'étape 1","order":2},{"label":"Sucre glace","shopGroup":"Epicerie","qte":"100","unit":"g","step":"Pour l'étape 1","order":3},{"label":"Ananas","shopGroup":"Fruits","qte":"1","unit":"pièce(s)","step":"Pour l'étape 2","order":4},{"label":"Citron(s) jaune(s)","shopGroup":"Fruits","qte":"1","unit":"pièce(s)","step":"Pour l'étape 2","order":5},{"label":"Cassonade","shopGroup":"Epicerie","qte":"50","unit":"g","step":"Pour l'étape 2","order":6},{"label":"Crème liquide entière","shopGroup":"Crèmerie  hors fromage","qte":"25","unit":"cl","step":"Pour l'étape 2","order":7}],"chiefTip":"Les allumettes peuvent être réalisées avec d'autres fruits exotiques tels que des mangues, des kiwis...","id":10007}