{"title":"Allumettes à l'ananas","description":"<br /><b>Pour les alumettes :</b><br />Préchauffer le four à 200 °C.<br />Dans la pâte feuilletée, tailler des rectangles de 5 cm sur 2,5 cm, puis les cuire pendant 15 min entre 2 plaques, dans un four à 200 °C. <br /><br />Zester et presser le jus de citron. Préchauffer le four à 150 °C.<br />Pour la glace royale : dans un bol, mettre le sucre glace et ajouter un peu de blanc d'oeuf, ainsi que quelques gouttes de jus de citron, jusqu'à obtenir un mélange homogène, fluide mais relativement épais. Rectifier la texture si nécessaire en ajoutant un peu de jus de citron. Masquer le dessus des allumettes avec de la glace royale et enfourner une dizaine de minutes environ,  jusqu'à coloration. Laisser ensuite refroidir.<br /><br /><b>Pour le reste de la recette :</b><br />A l'aide d'un couteau à dents, enlever la peau de l'ananas, le couper en 6 quartiers, ôter le coeur et couper chaque morceau en fines lamelles.<br />Mettre la crème liquide, la cassonade et les zestes de citron dans un bol, puis monter la crème en chantilly dense à l'aide d'un fouet électrique.<br /><br />Pour le dressage : lorsque les allumettes sont froides, les couper en 2 dans la largeur, les garnir de crème puis de lamelles d'ananas, et finir en les refermant avec le deuxième morceau de feuilletage. Déguster aussitôt.<br />","summary":"Petites allumettes de pâte feuilletée, garnies de chantilly et de morceaux d'ananas frais.","timePreparation":"30mn","timeBaking":"25mn","timeRest":"0mn","picture":"","ingredients":[{"label":"Pâte feuilletée","shopGroup":"Traiteur","qte":"200","unit":"g","step":"Pour l'étape 1","order":0},{"label":"Blanc(s) d'oeuf","shopGroup":"Crèmerie  hors fromage","qte":"1","unit":"pièce(s)","step":"Pour l'étape 1","order":1},{"label":"Jus de citron","shopGroup":"Boissons sans alcool","qte":"5","unit":"cl","step":"Pour l'étape 1","order":2},{"label":"Sucre glace","shopGroup":"Epicerie","qte":"100","unit":"g","step":"Pour l'étape 1","order":3},{"label":"Ananas","shopGroup":"Fruits","qte":"1","unit":"pièce(s)","step":"Pour l'étape 2","order":4},{"label":"Citron(s) jaune(s)","shopGroup":"Fruits","qte":"1","unit":"pièce(s)","step":"Pour l'étape 2","order":5},{"label":"Cassonade","shopGroup":"Epicerie","qte":"50","unit":"g","step":"Pour l'étape 2","order":6},{"label":"Crème liquide entière","shopGroup":"Crèmerie  hors fromage","qte":"25","unit":"cl","step":"Pour l'étape 2","order":7}],"chiefTip":"Les allumettes peuvent être réalisées avec d'autres fruits exotiques tels que des mangues, des kiwis...","id":10007}