{"title":"Fondant de pommes de terre et saint-marcellin, petite salade frisée et chips de lard fumé","description":"","summary":"Gratin de pommes de terre au coeur de saint-marcellin coulant, décoré d'une tranche de lard croustillante.","timePreparation":"20mn","timeBaking":"30mn","timeRest":"0mn","picture":"http://1.media.atelierdeschefs.com/recette-c10197-fondant-de-pommes-de-terre-et-saint-marcellin-petite-salade-frisee-et-chips-de-lard-fume.jpg","ingredients":[{"label":"Pomme(s) de terre primeur(s)","shopGroup":"Légumes","qte":"500","unit":"g","step":"","order":0},{"label":"Gousse(s) d'ail","shopGroup":"Légumes","qte":"1","unit":"gousse(s)","step":"","order":1},{"label":"Noix de muscade râpée","shopGroup":"Epicerie","qte":"1","unit":"pincée(s)","step":"","order":2},{"label":"Crème liquide entière","shopGroup":"Crèmerie  hors fromage","qte":"25","unit":"cl","step":"","order":3},{"label":"Tranche(s) de lard fumé","shopGroup":"Charcuterie","qte":"6","unit":"pièce(s)","step":"","order":4},{"label":"Salade(s) frisée(s)","shopGroup":"Légumes","qte":"1","unit":"pièce(s)","step":"","order":5},{"label":"Huile d'olive","shopGroup":"Epicerie","qte":"5","unit":"cl","step":"","order":6},{"label":"Vinaigre de Xérès","shopGroup":"Epicerie","qte":"3","unit":"cl","step":"","order":7},{"label":"Sel fin","shopGroup":"","qte":"3","unit":"pincée(s)","step":"","order":8},{"label":"Moulin à poivre","shopGroup":"","qte":"3","unit":"tour(s)","step":"","order":9},{"label":"Saint-Marcellin","shopGroup":"Fromage(s)","qte":"3","unit":"pièce(s)","step":"","order":10}],"chiefTip":"Ce plat peut se manger aussi bien en entrée qu'au fromage.Si ce n'est plus la saison remplacer la pomme de terre primeur par une variété de pomme de terre à chair ferme.","id":10197}