{"title":"Fondant au chocolat et truffe, crème anglaise à la vanille bourbon","description":"<br /><b>POUR LE FONDANT</b><br />Hacher la truffe noire. Battre les oeufs avec le sucre (sabayon à froid) pour obtenir une texture mousseuse. Mettre le beurre et le chocolat à fondre. Dans le sabayon, ajouter progressivement la farine, le chocolat et la truffe hachée.<br /><br />Disposer des rubans de papier sulfurisé à l'intérieur des cercles à pâtisserie. Verser le fondant jusqu'aux 3/4. Enfourner à 200 °C pendant 8 min.<br /><br /><b>POUR LA CREME ANGLAISE</b><br />Mettre à bouillir le lait avec la gousse de vanille fendue en deux. Blanchir les jaunes d'oeuf avec le sucre. Verser le lait dans les oeufs, puis remettre dans la casserole. Cuire jusqu'à 84 °C sans cesser de remuer à l'aide d'une spatule (cuisson à la nappe : le doigt laisse une marque de séparation sur la spatule lorsque la crème est cuite).<br /><br />Refroidir rapidement et servir avec le fondant.<br />","summary":"Un fondant au chocolat noir et à la truffe, accompagné d'une crème anglaise à la vanille.","timePreparation":"30mn","timeBaking":"0mn","timeRest":"0mn","picture":"","ingredients":[{"label":"Chocolat noir","shopGroup":"Epicerie","qte":"110","unit":"g","step":"Pour le(s) biscuit(s)","order":0},{"label":"Beurre doux","shopGroup":"Crèmerie  hors fromage","qte":"115","unit":"g","step":"Pour le(s) biscuit(s)","order":1},{"label":"Oeuf(s)","shopGroup":"Crèmerie  hors fromage","qte":"2","unit":"pièce(s)","step":"Pour le(s) biscuit(s)","order":2},{"label":"Sucre en poudre","shopGroup":"","qte":"80","unit":"g","step":"Pour le(s) biscuit(s)","order":3},{"label":"Farine de blé","shopGroup":"Epicerie","qte":"60","unit":"g","step":"Pour le(s) biscuit(s)","order":4},{"label":"Truffe noire","shopGroup":"Légumes","qte":"5","unit":"g","step":"Pour le(s) biscuit(s)","order":5},{"label":"Lait 1/2 écrémé","shopGroup":"Crèmerie  hors fromage","qte":"0.5","unit":"l","step":"Pour la crème","order":6},{"label":"Sucre en poudre","shopGroup":"Epicerie","qte":"100","unit":"g","step":"Pour la crème","order":7},{"label":"Gousse(s) de vanille","shopGroup":"Epicerie","qte":"1","unit":"pièce(s)","step":"Pour la crème","order":8},{"label":"Jaune(s) d'oeuf(s)","shopGroup":"Crèmerie  hors fromage","qte":"80","unit":"g","step":"Pour la crème","order":9}],"chiefTip":"La crème anglaise va épaissir en refroidissant. Il est nécessaire de la laisser reposer au frais : elle va gagner en velouté.","id":941}