{"title":"Fondant au chocolat et truffe, crème anglaise à la vanille bourbon","description":"","summary":"Un fondant au chocolat noir et à la truffe, accompagné d'une crème anglaise à la vanille.","timePreparation":"30mn","timeBaking":"0mn","timeRest":"0mn","picture":"","ingredients":[{"label":"Chocolat noir","shopGroup":"Epicerie","qte":"110","unit":"g","step":"Pour le(s) biscuit(s)","order":0},{"label":"Beurre doux","shopGroup":"Crèmerie  hors fromage","qte":"115","unit":"g","step":"Pour le(s) biscuit(s)","order":1},{"label":"Oeuf(s)","shopGroup":"Crèmerie  hors fromage","qte":"2","unit":"pièce(s)","step":"Pour le(s) biscuit(s)","order":2},{"label":"Sucre en poudre","shopGroup":"","qte":"80","unit":"g","step":"Pour le(s) biscuit(s)","order":3},{"label":"Farine de blé","shopGroup":"Epicerie","qte":"60","unit":"g","step":"Pour le(s) biscuit(s)","order":4},{"label":"Truffe noire","shopGroup":"Légumes","qte":"5","unit":"g","step":"Pour le(s) biscuit(s)","order":5},{"label":"Lait 1/2 écrémé","shopGroup":"Crèmerie  hors fromage","qte":"0.5","unit":"l","step":"Pour la crème","order":6},{"label":"Sucre en poudre","shopGroup":"Epicerie","qte":"100","unit":"g","step":"Pour la crème","order":7},{"label":"Gousse(s) de vanille","shopGroup":"Epicerie","qte":"1","unit":"pièce(s)","step":"Pour la crème","order":8},{"label":"Jaune(s) d'oeuf(s)","shopGroup":"Crèmerie  hors fromage","qte":"80","unit":"g","step":"Pour la crème","order":9}],"chiefTip":"La crème anglaise va épaissir en refroidissant. Il est nécessaire de la laisser reposer au frais : elle va gagner en velouté.","id":941}