{"id":9040,"title":"Recette de Kaiserschmarrn","description":"","summary":"Spécialité autrichienne : le \"Dessert de l'Empereur\". Ce sont de petits beignets sucrés et parfumés aux raisins et au rhum, accompagné de confiture.","timePreparation":"30mn","timeBaking":"0mn","timeRest":"0mn","picture":"http://1.media.atelierdeschefs.com/recette-e9040-kaiserschmarrn.jpg","ingredients":[{"label":"Sucre en poudre","shopGroup":"Epicerie","qte":"100","unit":"g","step":"","order":0},{"label":"Oeuf(s)","shopGroup":"Crèmerie  hors fromage","qte":"5","unit":"pièce(s)","step":"","order":1},{"label":"Farine de blé","shopGroup":"Epicerie","qte":"125","unit":"g","step":"","order":2},{"label":"Lait 1/2 écrémé","shopGroup":"Crèmerie  hors fromage","qte":"12.5","unit":"cl","step":"","order":3},{"label":"Raisin(s) sec(s) noir(s)","shopGroup":"Epicerie","qte":"100","unit":"g","step":"","order":4},{"label":"Rhum blanc","shopGroup":"Boissons alcoolisées","qte":"5","unit":"cl","step":"","order":5},{"label":"Beurre doux","shopGroup":"Crèmerie  hors fromage","qte":"30","unit":"g","step":"","order":6},{"label":"Sucre glace","shopGroup":"Epicerie","qte":"50","unit":"g","step":"","order":7},{"label":"Confiture spéciale ou traditionnelle","shopGroup":"Epicerie","qte":"100","unit":"g","step":"","order":8}]}