{"title":"Kaiserschmarrn","description":"Mettre les raisins à tremper dans le rhum.  <br /><br />Séparer les jaunes des blancs d'oeufs.<br />Blanchir les jaunes et le sucre, puis monter les blancs en neige. Ajouter la farine au mélange jaunes/sucre, puis verser le lait petit à petit. Incorporer ensuite les raisins au rhum, puis les blancs en neige délicatement. <br /><br />Dans une poêle chaude, disposer le beurre et le laisser fondre. Verser plusieurs louches de pâte puis, à l'aide d'une Maryse, couper la pâte en plusieurs petits morceaux et former de petits beignets tout en continuant la cuisson.  <br /><br />Saupoudrer de sucre glace et déguster avec de la confiture de prunes.<br />","summary":"Spécialité autrichienne : le \"Dessert de l'Empereur\". Ce sont de petits beignets sucrés et parfumés aux raisins et au rhum, accompagné de confiture.","timePreparation":"30mn","timeBaking":"0mn","timeRest":"0mn","picture":"","ingredients":[{"label":"Sucre en poudre","shopGroup":"Epicerie","qte":"100","unit":"g","step":"","order":0},{"label":"Oeuf(s)","shopGroup":"Crèmerie  hors fromage","qte":"5","unit":"pièce(s)","step":"","order":1},{"label":"Farine de blé","shopGroup":"Epicerie","qte":"125","unit":"g","step":"","order":2},{"label":"Lait 1/2 écrémé","shopGroup":"Crèmerie  hors fromage","qte":"12.5","unit":"cl","step":"","order":3},{"label":"Raisin(s) sec(s) noir(s)","shopGroup":"Epicerie","qte":"100","unit":"g","step":"","order":4},{"label":"Rhum blanc","shopGroup":"Boissons alcoolisées","qte":"5","unit":"cl","step":"","order":5},{"label":"Beurre doux","shopGroup":"Crèmerie  hors fromage","qte":"30","unit":"g","step":"","order":6},{"label":"Sucre glace","shopGroup":"Epicerie","qte":"50","unit":"g","step":"","order":7},{"label":"Confiture spéciale ou traditionnelle","shopGroup":"Epicerie","qte":"100","unit":"g","step":"","order":8}],"chiefTip":"Les beignets sont meilleurs chauds, pensez à les faire au dernier moment.","id":9040}