{"id":937,"title":"Recette de Pavé de thon rôti, calins de radis roses","description":"","summary":"Un dos de thon saisi à l'huile d'olive et cuit rosé, accompagné de radis râpés et sautés : un délice... surtout quand on voit la vie en rose !","timePreparation":"30mn","timeBaking":"0mn","timeRest":"0mn","picture":"http://1.media.atelierdeschefs.com/recette-e937-pave-de-thon-roti-calins-de-radis-roses.jpg","ingredients":[{"label":"Pavé(s) de thon rouge","shopGroup":"Poissonnerie","qte":"6","unit":"pièce(s)","step":"","order":0},{"label":"Radis rose(s)","shopGroup":"Légumes","qte":"2","unit":"botte(s)","step":"","order":1},{"label":"Radis rouge(s)","shopGroup":"Légumes","qte":"1","unit":"botte(s)","step":"","order":2},{"label":"Pois gourmand(s)","shopGroup":"Légumes","qte":"250","unit":"g","step":"","order":3},{"label":"Huile d'olive","shopGroup":"","qte":"5","unit":"cl","step":"","order":4},{"label":"Vinaigre balsamique blanc","shopGroup":"Epicerie","qte":"2","unit":"cl","step":"","order":5},{"label":"Baie(s) rose(s)","shopGroup":"Epicerie","qte":"10","unit":"g","step":"","order":6},{"label":"Huile d'olive","shopGroup":"Epicerie","qte":"3","unit":"cl","step":"","order":7},{"label":"Sel fin","shopGroup":"","qte":"6","unit":"pincée(s)","step":"","order":8},{"label":"Piment d'Espelette","shopGroup":"Epicerie","qte":"2","unit":"g","step":"","order":9}]}