{"id":10681,"title":"Recette de Tajine de fruits d'automne au Ras el hanout et abricots secs","description":"","summary":"Une recette de pommes et de poires cuisinées à l'orientale, avec des fruits secs et des abricots trempés aux épices.","timePreparation":"15mn","timeBaking":"25mn","timeRest":"0mn","picture":"http://1.media.atelierdeschefs.com/recette-e10681-tajine-de-fruits-d-automne-au-ras-el-hanout-et-abricots-secs.jpg","ingredients":[{"label":"Pomme(s)","shopGroup":"Fruits","qte":"3","unit":"pièce(s)","step":"","order":0},{"label":"Poire(s)","shopGroup":"Fruits","qte":"3","unit":"pièce(s)","step":"","order":1},{"label":"Orange(s)","shopGroup":"Fruits","qte":"2","unit":"pièce(s)","step":"","order":2},{"label":"Abricot(s) sec(s)","shopGroup":"Epicerie","qte":"12","unit":"pièce(s)","step":"","order":3},{"label":"Sachet(s) de thé","shopGroup":"Epicerie","qte":"1","unit":"pièce(s)","step":"","order":4},{"label":"Bâton(s) de cannelle","shopGroup":"Epicerie","qte":"1","unit":"pièce(s)","step":"","order":5},{"label":"Etoile(s) de badiane","shopGroup":"Epicerie","qte":"2","unit":"pièce(s)","step":"","order":6},{"label":"Capsule(s) de cardamome verte","shopGroup":"Epicerie","qte":"3","unit":"pièce(s)","step":"","order":7},{"label":"Sucre en poudre","shopGroup":"Epicerie","qte":"50","unit":"g","step":"","order":8},{"label":"Eau","shopGroup":"","qte":"10","unit":"cl","step":"","order":9},{"label":"Miel","shopGroup":"Epicerie","qte":"50","unit":"g","step":"","order":10},{"label":"Ras el hanout","shopGroup":"Epicerie","qte":"15","unit":"g","step":"","order":11},{"label":"Amande(s) effilée(s)","shopGroup":"Epicerie","qte":"80","unit":"g","step":"Pour le reste de la recette","order":12},{"label":"Sucre glace","shopGroup":"Epicerie","qte":"20","unit":"g","step":"Pour le reste de la recette","order":13},{"label":"Eau","shopGroup":"","qte":"2","unit":"cl","step":"Pour le reste de la recette","order":14}]}