{"title":"Tajine de fruits d'automne au Ras el hanout et abricots secs","description":"Porter à ébullition 10 cl d'eau et 50 g de sucre. Ajouter le sachet de thé, la cannelle, l'anis étoilé et la cardamome, puis stopper le feu. Mettre les abricots secs et les laisser gonfler.<br />Couper les oranges en quartiers puis les ébouillanter de 5 à 8 min dans un grand volume d'eau.<br /><br />Éplucher les pommes et les poires, puis les couper en cubes de 3 cm de côté.<br />Dans un tajine ou un plat à fond épais, verser le miel et le laisser chauffer pour le caraméliser légèrement. Ajouter les pommes et les poires, laisser cuire pendant 3 min puis ajouter les oranges et les abricots secs. Assaisonner avec le Ras el hanout et couvrir à moitié, puis laisser cuire à feu doux pendant 10 à 15 min.<br />En cours de cuisson, remuer légèrement sans écraser les fruits.<br /><br />Mélanger les amandes effilées avec le sucre glace et l'eau, puis les répartir sur une plaque de cuisson et les enfourner durant 5 à 8 min. Dès qu'elles ont une jolie couleur caramel, les sortir et les laisser refroidir avant d'en parsemer le tajine.<br />Servir le tajine légèrement tiède.<br />","summary":"Une recette de pommes et de poires cuisinées à l'orientale, avec des fruits secs et des abricots trempés aux épices.","timePreparation":"15mn","timeBaking":"25mn","timeRest":"0mn","picture":"http://1.media.atelierdeschefs.com/recette-c10681-tajine-de-fruits-d-automne-au-ras-el-hanout-et-abricots-secs.jpg","ingredients":[{"label":"Pomme(s)","shopGroup":"Fruits","qte":"3","unit":"pièce(s)","step":"","order":0},{"label":"Poire(s)","shopGroup":"Fruits","qte":"3","unit":"pièce(s)","step":"","order":1},{"label":"Orange(s)","shopGroup":"Fruits","qte":"2","unit":"pièce(s)","step":"","order":2},{"label":"Abricot(s) sec(s)","shopGroup":"Epicerie","qte":"12","unit":"pièce(s)","step":"","order":3},{"label":"Sachet(s) de thé","shopGroup":"Epicerie","qte":"1","unit":"pièce(s)","step":"","order":4},{"label":"Bâton(s) de cannelle","shopGroup":"Epicerie","qte":"1","unit":"pièce(s)","step":"","order":5},{"label":"Etoile(s) de badiane","shopGroup":"Epicerie","qte":"2","unit":"pièce(s)","step":"","order":6},{"label":"Capsule(s) de cardamome verte","shopGroup":"Epicerie","qte":"3","unit":"pièce(s)","step":"","order":7},{"label":"Sucre en poudre","shopGroup":"Epicerie","qte":"50","unit":"g","step":"","order":8},{"label":"Eau","shopGroup":"","qte":"10","unit":"cl","step":"","order":9},{"label":"Miel","shopGroup":"Epicerie","qte":"50","unit":"g","step":"","order":10},{"label":"Ras el hanout","shopGroup":"Epicerie","qte":"15","unit":"g","step":"","order":11},{"label":"Amande(s) effilée(s)","shopGroup":"Epicerie","qte":"80","unit":"g","step":"Pour le reste de la recette","order":12},{"label":"Sucre glace","shopGroup":"Epicerie","qte":"20","unit":"g","step":"Pour le reste de la recette","order":13},{"label":"Eau","shopGroup":"","qte":"2","unit":"cl","step":"Pour le reste de la recette","order":14}],"chiefTip":"Si le feu est trop fort, vous pouvez ajouter un peu de sirop des abricots en cours de cuisson.","id":10681}