{"id":10471,"title":"Recette de Duo de daurade et de saumon mi-cuit, vinaigrette aux baies roses","description":"","summary":"Des lanières de saumon et de daurade cuites très rapidement sous le gril, servies avec une vinaigrette aux baies roses.","timePreparation":"30mn","timeBaking":"0mn","timeRest":"0mn","picture":"http://1.media.atelierdeschefs.com/recette-e10471-duo-de-daurade-et-de-saumon-mi-cuit-vinaigrette-aux-baies-roses.jpg","ingredients":[{"label":"Filet(s) de daurade de 140 g","shopGroup":"Poissonnerie","qte":"3","unit":"pièce(s)","step":"","order":0},{"label":"Filet(s)de saumon","shopGroup":"Poissonnerie","qte":"300","unit":"g","step":"","order":1},{"label":"Vinaigre balsamique blanc","shopGroup":"Epicerie","qte":"3","unit":"cl","step":"Pour la sauce","order":2},{"label":"Huile d'olive","shopGroup":"Epicerie","qte":"8","unit":"cl","step":"Pour la sauce","order":3},{"label":"Baie(s) rose(s)","shopGroup":"Epicerie","qte":"3","unit":"g","step":"Pour la sauce","order":4},{"label":"Aneth","shopGroup":"Herbes aromatiques","qte":"0.25","unit":"botte(s)","step":"Pour la sauce","order":5},{"label":"Sel fin","shopGroup":"","qte":"6","unit":"pincée(s)","step":"Pour la sauce","order":6},{"label":"Piment d'Espelette","shopGroup":"Epicerie","qte":"6","unit":"pincée(s)","step":"Pour la sauce","order":7}]}