{"title":"Duo de daurade et de saumon mi-cuit, vinaigrette aux baies roses","description":"Pré chauffer le gril du four.<br /><br />Pour la vinaigrette : réunir tous les ingrédients, bien mélanger, saler et poivrer.<br /><br />Désarêter les filets de poisson et enlever la peau des daurades. Couper la chair en bandes de 8 cm sur 1.<br />Découper 6 rectangles de papier sulfurisé de 6 cm sur 8. A l'aide d'un pinceau, les huiler légèrement et disposer les bandes de poisson dessus en intercalant les blanches et les roses.<br />Poser les 6 rectangles sur une plaque allant au four, assaisonner de sel et de piment d'Espelette, verser un trait d'huile d'olive et cuire 2 min sous le gril.<br /><br />Déguster dès la sortie du four après avoir assaisonné le duo avec une cuillerée de vinaigrette.<br />","summary":"Des lanières de saumon et de daurade cuites très rapidement sous le gril, servies avec une vinaigrette aux baies roses.","timePreparation":"30mn","timeBaking":"0mn","timeRest":"0mn","picture":"","ingredients":[{"label":"Filet(s) de daurade de 140 g","shopGroup":"Poissonnerie","qte":"3","unit":"pièce(s)","step":"","order":0},{"label":"Filet(s)de saumon","shopGroup":"Poissonnerie","qte":"300","unit":"g","step":"","order":1},{"label":"Vinaigre balsamique blanc","shopGroup":"Epicerie","qte":"3","unit":"cl","step":"Pour la sauce","order":2},{"label":"Huile d'olive","shopGroup":"Epicerie","qte":"8","unit":"cl","step":"Pour la sauce","order":3},{"label":"Baie(s) rose(s)","shopGroup":"Epicerie","qte":"3","unit":"g","step":"Pour la sauce","order":4},{"label":"Aneth","shopGroup":"Herbes aromatiques","qte":"0.25","unit":"botte(s)","step":"Pour la sauce","order":5},{"label":"Sel fin","shopGroup":"","qte":"6","unit":"pincée(s)","step":"Pour la sauce","order":6},{"label":"Piment d'Espelette","shopGroup":"Epicerie","qte":"6","unit":"pincée(s)","step":"Pour la sauce","order":7}],"chiefTip":"Vous pouvez utiliser d'autres poissons à chair blanche tels que la lotte, le bar, le merlan, le colin....","id":10471}