{"title":"Gratin de chou-fleur au curry","description":"","summary":"Un gratin de chou-fleur nappé d'une sauce béchamel parfumée au curry doux.","timePreparation":"45mn","timeBaking":"0mn","timeRest":"0mn","picture":"","ingredients":[{"label":"Chou(x) fleur","shopGroup":"Légumes","qte":"1","unit":"pièce(s)","step":"","order":0},{"label":"Comté","shopGroup":"Fromage(s)","qte":"100","unit":"g","step":"","order":1},{"label":"Lait entier","shopGroup":"Crèmerie  hors fromage","qte":"50","unit":"cl","step":"","order":2},{"label":"Curry doux","shopGroup":"Epicerie","qte":"10","unit":"g","step":"","order":3},{"label":"Beurre doux","shopGroup":"Crèmerie  hors fromage","qte":"50","unit":"g","step":"","order":4},{"label":"Farine de blé","shopGroup":"Epicerie","qte":"50","unit":"g","step":"","order":5},{"label":"Chapelure de pain","shopGroup":"Epicerie","qte":"50","unit":"g","step":"","order":6},{"label":"Sel fin","shopGroup":"","qte":"6","unit":"pincée(s)","step":"","order":7},{"label":"Moulin à poivre","shopGroup":"","qte":"6","unit":"tour(s)","step":"","order":8}],"chiefTip":"Vous pouvez aussi utiliser du chou romanesco à la place du chou-fleur afin de varier la recette.","id":10122}