{"title":"Oeufs au lait au chocolat.","description":"Mettre le lait à bouillir dans une casserole avec le chocolat noir.<br />Préchauffez le four à 170°<br />Dans un bol, battre les oeufs avec le sucre jusqu'à faire blanchir le mélange.<br />Verser le lait chocolaté bouillant sur le mélange blanchi et homogénéiser le tout à l'aide d'un fouet.<br />Disposer la préparation dans des petits ramequin et les mettre à cuire au bain-marie, au four chaud pendant 30 minutes ensuite dans un plat contenant de l'eau pour le bain marie.<br />Les oeufs au lait sont cuits lorsque le dessus commence à dorer. <br />","summary":"Une crème onctueuse que l'on peut adapter à son propre gout , vanille, chocolat, praliné...","timePreparation":"15mn","timeBaking":"30mn","timeRest":"1h","picture":"","ingredients":[{"label":"Lait entier","shopGroup":"Crèmerie  hors fromage","qte":"80","unit":"cl","step":"","order":0},{"label":"Oeuf(s)","shopGroup":"Crèmerie  hors fromage","qte":"4","unit":"pièce(s)","step":"","order":1},{"label":"Sucre en poudre","shopGroup":"Epicerie","qte":"150","unit":"g","step":"","order":2},{"label":"Chocolat noir","shopGroup":"Epicerie","qte":"150","unit":"g","step":"","order":3}],"chiefTip":"Vous pouvez vérifier la cuisson en piquant un couteau, si la lame reste sèche, c'est cuit.","id":10156}