{"id":10156,"title":"Recette de Oeufs au lait au chocolat.","description":"","summary":"Une crème onctueuse que l'on peut adapter à son propre gout , vanille, chocolat, praliné...","timePreparation":"15mn","timeBaking":"30mn","timeRest":"1h","picture":"http://1.media.atelierdeschefs.com/recette-e10156-oeufs-au-lait-au-chocolat.jpg","ingredients":[{"label":"Lait entier","shopGroup":"Crèmerie  hors fromage","qte":"80","unit":"cl","step":"","order":0},{"label":"Oeuf(s)","shopGroup":"Crèmerie  hors fromage","qte":"4","unit":"pièce(s)","step":"","order":1},{"label":"Sucre en poudre","shopGroup":"Epicerie","qte":"150","unit":"g","step":"","order":2},{"label":"Chocolat noir","shopGroup":"Epicerie","qte":"150","unit":"g","step":"","order":3}]}