{"id":10771,"title":"Recette de Brouillade d'oeufs au caviar","description":"","summary":"Œufs battus et cuits lentement pour un résultat crémeux, servis avec une belle cuillerée de caviar au centre.","timePreparation":"5mn","timeBaking":"15mn","timeRest":"0mn","picture":"http://1.media.atelierdeschefs.com/recette-e10771-brouillade-d-oeufs-au-caviar.jpg","ingredients":[{"label":"Oeuf(s)","shopGroup":"Crèmerie  hors fromage","qte":"12","unit":"pièce(s)","step":"","order":0},{"label":"Caviar","shopGroup":"Poissonnerie","qte":"50","unit":"g","step":"","order":1},{"label":"Beurre doux","shopGroup":"Crèmerie  hors fromage","qte":"50","unit":"g","step":"","order":2},{"label":"Crème liquide entière","shopGroup":"Crèmerie  hors fromage","qte":"3","unit":"cl","step":"","order":3},{"label":"Sel fin","shopGroup":"","qte":"6","unit":"pincée(s)","step":"","order":4},{"label":"Moulin à poivre","shopGroup":"","qte":"6","unit":"tour(s)","step":"","order":5}]}