{"id":10175,"title":"Recette de Filet mignon de porc à la sauge, purée de carottes beurre noisette","description":"","summary":"Filet mignon de porc coupé en médaillons, piqué à la sauge, servi avec une purée de pommes de terre et de carottes parfumée avec un beurre noisette.","timePreparation":"10mn","timeBaking":"20mn","timeRest":"0mn","picture":"http://1.media.atelierdeschefs.com/recette-e10175-filet-mignon-de-porc-a-la-sauge-puree-de-carottes-beurre-noisette.jpg","ingredients":[{"label":"Filet(s) mignon de porc","shopGroup":"Boucherie","qte":"2","unit":"pièce(s)","step":"","order":0},{"label":"Sauge","shopGroup":"Herbes aromatiques","qte":"0.5","unit":"botte(s)","step":"","order":1},{"label":"Vin blanc sec","shopGroup":"Boissons alcoolisées","qte":"10","unit":"cl","step":"","order":2},{"label":"Beurre doux","shopGroup":"","qte":"50","unit":"g","step":"","order":3},{"label":"Pomme(s) de terre  à chair farineuse","shopGroup":"Légumes","qte":"300","unit":"g","step":"Pour la garniture","order":4},{"label":"Carotte(s)","shopGroup":"Légumes","qte":"500","unit":"g","step":"Pour la garniture","order":5},{"label":"Cerfeuil","shopGroup":"Herbes aromatiques","qte":"1","unit":"botte(s)","step":"Pour la garniture","order":6},{"label":"Lait entier","shopGroup":"Crèmerie  hors fromage","qte":"10","unit":"cl","step":"Pour la garniture","order":7},{"label":"Beurre doux","shopGroup":"Crèmerie  hors fromage","qte":"100","unit":"g","step":"Pour la garniture","order":8},{"label":"Gousse(s) d'ail","shopGroup":"Légumes","qte":"1","unit":"gousse(s)","step":"Pour la garniture","order":9},{"label":"Sel fin","shopGroup":"","qte":"3","unit":"pincée(s)","step":"Pour la garniture","order":10},{"label":"Moulin à poivre","shopGroup":"","qte":"3","unit":"tour(s)","step":"Pour la garniture","order":11},{"label":"Gros sel","shopGroup":"","qte":"10","unit":"g","step":"Pour la garniture","order":12},{"label":"Huile d'olive","shopGroup":"Epicerie","qte":"4","unit":"cl","step":"Pour la garniture","order":13}]}