{"title":"Filet mignon de porc à la sauge, purée de carottes beurre noisette","description":"Couper les filets mignons en 18 médaillons, puis les inciser avec la pointe d'un couteau et insérer les feuilles de sauge.<br />Laver le cerfeuil et le hacher.<br /><br />Éplucher les carottes et les pommes de terre, les couper en gros morceaux réguliers, puis les laver et les mettre dans une grande casserole. Couvrir d'eau froide et saler (10 g de gros sel/litre), ajouter la gousse d'ail, puis cuire environ 15 à 20 min. <br /><br />Dans une petite casserole, réaliser le beurre noisette : le cuire jusqu'à ce qu'il n'y ait plus de mousse et qu'il prenne une couleur rousse, puis réserver. <br />Réduire ensuite la pulpe en purée, la remettre à feu doux et la dessécher légèrement tout en remuant. Ajouter alors progressivement le lait et le beurre, mélanger et rectifier l'assaisonnement en sel et en poivre, puis ajouter le cerfeuil.<br /><br />Dans une poêle avec de l'huile d'olive, saisir sur toutes les faces les médaillons salés et poivrés, puis déglacer au vin blanc. Laisser réduire aux 3/4, puis ajouter le beurre et cuire doucement pendant 2 min, tout en arrosant la viande avec son jus.<br /><br />Dresser les médaillons sur assiettes, les arroser de sauce et les servir avec la purée présentée à part dans des petits bols.<br />","summary":"Filet mignon de porc coupé en médaillons, piqué à la sauge, servi avec une purée de pommes de terre et de carottes parfumée avec un beurre noisette.","timePreparation":"10mn","timeBaking":"20mn","timeRest":"0mn","picture":"","ingredients":[{"label":"Filet(s) mignon de porc","shopGroup":"Boucherie","qte":"2","unit":"pièce(s)","step":"","order":0},{"label":"Sauge","shopGroup":"Herbes aromatiques","qte":"0.5","unit":"botte(s)","step":"","order":1},{"label":"Vin blanc sec","shopGroup":"Boissons alcoolisées","qte":"10","unit":"cl","step":"","order":2},{"label":"Beurre doux","shopGroup":"","qte":"50","unit":"g","step":"","order":3},{"label":"Pomme(s) de terre  à chair farineuse","shopGroup":"Légumes","qte":"300","unit":"g","step":"Pour la garniture","order":4},{"label":"Carotte(s)","shopGroup":"Légumes","qte":"500","unit":"g","step":"Pour la garniture","order":5},{"label":"Cerfeuil","shopGroup":"Herbes aromatiques","qte":"1","unit":"botte(s)","step":"Pour la garniture","order":6},{"label":"Lait entier","shopGroup":"Crèmerie  hors fromage","qte":"10","unit":"cl","step":"Pour la garniture","order":7},{"label":"Beurre doux","shopGroup":"Crèmerie  hors fromage","qte":"100","unit":"g","step":"Pour la garniture","order":8},{"label":"Gousse(s) d'ail","shopGroup":"Légumes","qte":"1","unit":"gousse(s)","step":"Pour la garniture","order":9},{"label":"Sel fin","shopGroup":"","qte":"3","unit":"pincée(s)","step":"Pour la garniture","order":10},{"label":"Moulin à poivre","shopGroup":"","qte":"3","unit":"tour(s)","step":"Pour la garniture","order":11},{"label":"Gros sel","shopGroup":"","qte":"10","unit":"g","step":"Pour la garniture","order":12},{"label":"Huile d'olive","shopGroup":"Epicerie","qte":"4","unit":"cl","step":"Pour la garniture","order":13}],"chiefTip":"Les filets mignons peuvent être colorés à l'avance dans la poêle, puis vous finirez leur cuisson pendant 5 min dans un four préchauffé à 200 °C, juste avant de passer à table.","id":10175}