{"title":"Zuccotto au chocolat","description":"","summary":"Onctueux et moelleux, ce dessert italien est un mélange subtil entre un gâteau et une mousse au chocolat.","timePreparation":"30mn","timeBaking":"10mn","timeRest":"4h","picture":"","ingredients":[{"label":"Oeuf(s)","shopGroup":"Crèmerie  hors fromage","qte":"3","unit":"pièce(s)","step":"Pour le(s) biscuit(s)","order":0},{"label":"Sucre en poudre","shopGroup":"","qte":"80","unit":"g","step":"Pour le(s) biscuit(s)","order":1},{"label":"Farine de blé","shopGroup":"Epicerie","qte":"80","unit":"g","step":"Pour le(s) biscuit(s)","order":2},{"label":"Cognac","shopGroup":"Boissons alcoolisées","qte":"12","unit":"cl","step":"Pour le(s) biscuit(s)","order":3},{"label":"Crème liquide entière","shopGroup":"Crèmerie  hors fromage","qte":"25","unit":"cl","step":"Pour la mousse","order":4},{"label":"Sucre glace","shopGroup":"Epicerie","qte":"50","unit":"g","step":"Pour la mousse","order":5},{"label":"Feuille(s) de gélatine de 2 g","shopGroup":"Epicerie","qte":"3","unit":"pièce(s)","step":"Pour la mousse","order":6},{"label":"Pépite(s) de chocolat noir","shopGroup":"Epicerie","qte":"100","unit":"g","step":"Pour la mousse","order":7},{"label":"Cerise(s) confite(s)","shopGroup":"Epicerie","qte":"10","unit":"pièce(s)","step":"Pour la mousse","order":8},{"label":"Cacao en poudre non sucré","shopGroup":"Epicerie","qte":"10","unit":"g","step":"Pour la sauce","order":9},{"label":"Sucre en poudre","shopGroup":"Epicerie","qte":"100","unit":"g","step":"Pour la sauce","order":10},{"label":"Eau","shopGroup":"","qte":"10","unit":"cl","step":"Pour la sauce","order":11},{"label":"Beurre doux","shopGroup":"Crèmerie  hors fromage","qte":"10","unit":"g","step":"Pour la sauce","order":12}],"chiefTip":"Il est préférable de préparer ce dessert la veille pour un meilleur résultat.","id":10392}