{"title":"Zuccotto au chocolat","description":"<br /><b>Pour le biscuit :</b><br />Préchauffer le four à 200 °C (th. 6-7).<br /><br />Réaliser la génoise en séparant les blancs des jaunes. Dans un bol, battre les blancs en neige puis ajouter 80 g de sucre pour les serrer. Ajouter ensuite les jaunes d'oeufs et la farine.<br />Étaler la pâte sur une feuille de cuisson et l'enfourner pendant environ 10 min.<br /><br />Dès la sortie du four, retourner le biscuit et décoller la feuille. Imbiber le biscuit de cognac à l'aide d'un pinceau. Tailler ensuite 12 ronds avec un emporte-pièce du diamètre des moules afin d'en tapisser le fond.<br /><br /><b>Pour le reste de la recette :</b><br />Réaliser la sauce chocolat en faisant fondre tous les ingrédients dans une casserole.<br /><br />Faire ramollir la gélatine dans de l'eau tiède, puis la faire fondre dans la sauce chocolat.<br />Hacher grossièrement les cerises confites.<br /><br />Monter au batteur la crème liquide et le sucre glace en chantilly, puis incorporer délicatement la moitié de la sauce chocolat tiède. Ajouter les cerises confites et les pépites de chocolat. Verser la préparation sur la génoise dans les moules. Recouvrir avec le rond de génoise restant, puis mettre au frais pendant au moins 4 h.<br /><br /><b>Pour le dressage :</b><br />Démouler chaque zuccotto sur une assiette plate et finir avec un trait de sauce chocolat restante.<br />","summary":"Onctueux et moelleux, ce dessert italien est un mélange subtil entre un gâteau et une mousse au chocolat.","timePreparation":"30mn","timeBaking":"10mn","timeRest":"4h","picture":"","ingredients":[{"label":"Oeuf(s)","shopGroup":"Crèmerie  hors fromage","qte":"3","unit":"pièce(s)","step":"Pour le(s) biscuit(s)","order":0},{"label":"Sucre en poudre","shopGroup":"","qte":"80","unit":"g","step":"Pour le(s) biscuit(s)","order":1},{"label":"Farine de blé","shopGroup":"Epicerie","qte":"80","unit":"g","step":"Pour le(s) biscuit(s)","order":2},{"label":"Cognac","shopGroup":"Boissons alcoolisées","qte":"12","unit":"cl","step":"Pour le(s) biscuit(s)","order":3},{"label":"Crème liquide entière","shopGroup":"Crèmerie  hors fromage","qte":"25","unit":"cl","step":"Pour la mousse","order":4},{"label":"Sucre glace","shopGroup":"Epicerie","qte":"50","unit":"g","step":"Pour la mousse","order":5},{"label":"Feuille(s) de gélatine de 2 g","shopGroup":"Epicerie","qte":"3","unit":"pièce(s)","step":"Pour la mousse","order":6},{"label":"Pépite(s) de chocolat noir","shopGroup":"Epicerie","qte":"100","unit":"g","step":"Pour la mousse","order":7},{"label":"Cerise(s) confite(s)","shopGroup":"Epicerie","qte":"10","unit":"pièce(s)","step":"Pour la mousse","order":8},{"label":"Cacao en poudre non sucré","shopGroup":"Epicerie","qte":"10","unit":"g","step":"Pour la sauce","order":9},{"label":"Sucre en poudre","shopGroup":"Epicerie","qte":"100","unit":"g","step":"Pour la sauce","order":10},{"label":"Eau","shopGroup":"","qte":"10","unit":"cl","step":"Pour la sauce","order":11},{"label":"Beurre doux","shopGroup":"Crèmerie  hors fromage","qte":"10","unit":"g","step":"Pour la sauce","order":12}],"chiefTip":"Il est préférable de préparer ce dessert la veille pour un meilleur résultat.","id":10392}