{"id":10013,"title":"Recette de Wok de sauté de canard au jus de pomme et carottes jaunes","description":"","summary":"Filet de canette et carottes jaunes coupés en fines lamelles et cuits rapidement au wok, puis glacés au jus de pomme.","timePreparation":"30mn","timeBaking":"0mn","timeRest":"0mn","picture":"http://1.media.atelierdeschefs.com/recette-e10013-wok-de-saute-de-canard-au-jus-de-pomme-et-carottes-jaunes.jpg","ingredients":[{"label":"Filet(s) de canard","shopGroup":"Volaille(s)","qte":"3","unit":"pièce(s)","step":"","order":0},{"label":"Carotte(s) jaune(s)","shopGroup":"Légumes","qte":"6","unit":"pièce(s)","step":"","order":1},{"label":"Oignon(s) nouveau(x)","shopGroup":"Légumes","qte":"3","unit":"pièce(s)","step":"","order":2},{"label":"Jus de pomme","shopGroup":"Boissons sans alcool","qte":"25","unit":"cl","step":"","order":3},{"label":"Huile d'olive","shopGroup":"Epicerie","qte":"5","unit":"cl","step":"","order":4},{"label":"Pignon(s) de pin","shopGroup":"Epicerie","qte":"30","unit":"g","step":"","order":5},{"label":"Sel fin","shopGroup":"","qte":"3","unit":"pincée(s)","step":"","order":6},{"label":"Moulin à poivre","shopGroup":"","qte":"3","unit":"tour(s)","step":"","order":7}]}