{"title":"Wok de sauté de canard au jus de pomme et carottes jaunes","description":"Dénerver et dégraisser le canard, le couper en tranches d'environ 0,5 cm d'épaisseur.<br />Laver les oignons nouveaux et les éplucher, puis les émincer en fines lamelles. Éplucher les carottes et les couper en 2 dans la longueur, enlever ensuite le bois à l'aide d'un couteau, puis les émincer en fines lamelles de 3 mm d'épaisseur.<br /><br />Dans un wok très chaud, mettre un filet d'huile d'olive, ajouter les oignons et les carottes, du sel fin et 1 verre d'eau, puis cuire à feu vif tout en remuant constamment. Lorsque l'eau s'est totalement évaporée, débarrasser.<br />Dans le même wok, mettre le canard et le colorer des 2 côtés, ajouter les pignons de pin, le jus de pomme et faire réduire (on doit obtenir un jus sirupeux).<br /><br />Dresser aussitôt en assiette creuse.<br />","summary":"Filet de canette et carottes jaunes coupés en fines lamelles et cuits rapidement au wok, puis glacés au jus de pomme.","timePreparation":"30mn","timeBaking":"0mn","timeRest":"0mn","picture":"","ingredients":[{"label":"Filet(s) de canard","shopGroup":"Volaille(s)","qte":"3","unit":"pièce(s)","step":"","order":0},{"label":"Carotte(s) jaune(s)","shopGroup":"Légumes","qte":"6","unit":"pièce(s)","step":"","order":1},{"label":"Oignon(s) nouveau(x)","shopGroup":"Légumes","qte":"3","unit":"pièce(s)","step":"","order":2},{"label":"Jus de pomme","shopGroup":"Boissons sans alcool","qte":"25","unit":"cl","step":"","order":3},{"label":"Huile d'olive","shopGroup":"Epicerie","qte":"5","unit":"cl","step":"","order":4},{"label":"Pignon(s) de pin","shopGroup":"Epicerie","qte":"30","unit":"g","step":"","order":5},{"label":"Sel fin","shopGroup":"","qte":"3","unit":"pincée(s)","step":"","order":6},{"label":"Moulin à poivre","shopGroup":"","qte":"3","unit":"tour(s)","step":"","order":7}],"chiefTip":"Vous pouvez bien entendu remplacer les carottes jaunes par des carottes classiques.","id":10013}