{"title":"Poêlée de marrons aux fruits secs","description":"Caraméliser le sucre. Lorsqu'il a pris une belle teinte caramel, ajouter le beurre et les fruits secs. Verser la crème petit à petit, puis cuire les marrons dans ce caramel aux fruits secs pendant 3 min.<br /><br />Servir avec une boule de glace vanille.<br />","summary":"Une poêlée automnale pleine de saveurs : des marrons cuits dans un caramel.","timePreparation":"5mn","timeBaking":"10mn","timeRest":"0mn","picture":"","ingredients":[{"label":"Marron(s) cuit(s)","shopGroup":"Conserve","qte":"400","unit":"g","step":"","order":0},{"label":"Sucre en poudre","shopGroup":"Epicerie","qte":"200","unit":"g","step":"","order":1},{"label":"Crème liquide entière","shopGroup":"Crèmerie  hors fromage","qte":"10","unit":"cl","step":"","order":2},{"label":"Pistache(s) émondée(s)","shopGroup":"Epicerie","qte":"100","unit":"g","step":"","order":3},{"label":"Beurre doux","shopGroup":"Crèmerie  hors fromage","qte":"20","unit":"g","step":"","order":4},{"label":"Glace vanille","shopGroup":"Surgelés","qte":"1","unit":"l","step":"","order":5}],"chiefTip":"Vous pouvez ajouter une gousse de vanille pour parfumer votre caramel.","id":948}