{"title":"Macaron sucre cuit à l'orange et éclats de nougatine","description":"","summary":"Un macaron aux zestes d'orange, garni d'une crème légère à l'orange.","timePreparation":"30mn","timeBaking":"15mn","timeRest":"0mn","picture":"","ingredients":[{"label":"Poudre d'amande","shopGroup":"Epicerie","qte":"200","unit":"g","step":"Pour les macarons","order":0},{"label":"Sucre glace","shopGroup":"Epicerie","qte":"200","unit":"g","step":"Pour les macarons","order":1},{"label":"Blanc(s) d'oeuf","shopGroup":"Crèmerie  hors fromage","qte":"150","unit":"g","step":"Pour les macarons","order":2},{"label":"Sucre en poudre","shopGroup":"","qte":"200","unit":"g","step":"Pour les macarons","order":3},{"label":"Eau","shopGroup":"","qte":"5","unit":"cl","step":"Pour les macarons","order":4},{"label":"Colorant poudre orange","shopGroup":"Epicerie","qte":"2","unit":"g","step":"Pour l'étape 1","order":5},{"label":"Orange(s) non traitée(s)","shopGroup":"Fruits","qte":"2","unit":"pièce(s)","step":"Pour l'étape 1","order":6},{"label":"Sucre en poudre","shopGroup":"","qte":"120","unit":"g","step":"Pour l'étape 1","order":7},{"label":"Beurre doux","shopGroup":"Crèmerie  hors fromage","qte":"125","unit":"g","step":"Pour l'étape 1","order":8},{"label":"Feuille(s) de gélatine de 2 g","shopGroup":"Epicerie","qte":"2","unit":"pièce(s)","step":"Pour l'étape 1","order":9},{"label":"Oeuf(s)","shopGroup":"Crèmerie  hors fromage","qte":"3","unit":"pièce(s)","step":"Pour l'étape 1","order":10},{"label":"Sucre en poudre","shopGroup":"Epicerie","qte":"100","unit":"g","step":"Pour l'étape 2","order":11},{"label":"Amande(s) effilée(s)","shopGroup":"Epicerie","qte":"30","unit":"g","step":"Pour l'étape 2","order":12}],"chiefTip":"Vous pouvez mettre un extrait d'orange amère dans le sucre cuit afin de donner plus de goût à la coque.Utilisez de préférence des colorants en poudre.Diamètre de 4 cm pour les coques.","id":10136}