{"title":"Macaron sucre cuit à l'orange et éclats de nougatine","description":"<br /><b>Pour les coques de macaron </b><br />Préchauffer le four à 160 °C (th. 5). <br /><br />Verser la poudre d'amande et le sucre glace dans un mixeur. Faire tourner 30 secondes pour affiner le mélange (tant pour tant), puis tamiser. <br />Zester les oranges.<br /><br />Dans une casserole, mélanger l'eau et le sucre semoule avec une spatule. Cuire à 118-119 °C. Avant d'atteindre cette température, verser 75 g de blancs dans la cuve d'un batteur et les monter. Lorsque le sucre a atteint la bonne température, le verser sur les blancs montés. Fouetter ensuite jusqu'à refroidissement de la meringue et ajouter le colorant.<br /><br />Verser le reste de blancs d'oeufs sur le tant pour tant. Incorporer une petite partie de la meringue froide à ce mélange, puis ajouter le reste. Mélanger pour avoir une pâte lisse et homogène, légèrement coulante.<br /><br />Remplir une poche à douille avec cette préparation et dresser les macarons sur un tapis de cuisson ou sur une feuille de papier sulfurisé. Tapoter légèrement la plaque, ajouter quelques zestes d'orange sur les coques, puis les enfourner de 12 à 14 min en tournant la plaque à mi-cuisson.<br />Laisser ensuite refroidir les coques avant le démoulage.<br /><br /><b>Pour les garnitures </b><br />Pour la partie 1, réaliser la crème à l'orange : zester et presser le jus des oranges. Ramollir les feuilles de gélatine dans un bol d'eau froide. <br />Dans une casserole, faire bouillir le zeste et le jus d'orange, 60 g de sucre et le beurre. Blanchir les oeufs et 60 g de sucre, puis les verser sur l'appareil à l'orange et faire bouillir le tout. Ajouter alors la gélatine ramollie. Réserver ensuite au réfrigérateur pendant 30 min. <br /><br />Pour la partie 2, réaliser la nougatine : faire fondre le sucre semoule jusqu'à obtention d'un caramel, puis ajouter les amandes effilées. Étaler ensuite la préparation entre 2 feuilles de cuisson à l'aide d'un rouleau à pâtisserie. Une fois qu'elle a refroidi, la mixer afin d'obtenir de petits éclats de nougatine.<br /><br />Après refroidissement des macarons, garnir une coque de crème à l'orange à l'aide d'une poche à douille, déposer au centre des éclats de nougatine puis recouvrir la crème d'un macaron vide.<br /><br />Conserver les macarons au frais pendant 24 h, puis les sortir 2 h avant la dégustation.<br />","summary":"Un macaron aux zestes d'orange, garni d'une crème légère à l'orange.","timePreparation":"30mn","timeBaking":"15mn","timeRest":"0mn","picture":"","ingredients":[{"label":"Poudre d'amande","shopGroup":"Epicerie","qte":"200","unit":"g","step":"Pour les macarons","order":0},{"label":"Sucre glace","shopGroup":"Epicerie","qte":"200","unit":"g","step":"Pour les macarons","order":1},{"label":"Blanc(s) d'oeuf","shopGroup":"Crèmerie  hors fromage","qte":"150","unit":"g","step":"Pour les macarons","order":2},{"label":"Sucre en poudre","shopGroup":"","qte":"200","unit":"g","step":"Pour les macarons","order":3},{"label":"Eau","shopGroup":"","qte":"5","unit":"cl","step":"Pour les macarons","order":4},{"label":"Colorant poudre orange","shopGroup":"Epicerie","qte":"2","unit":"g","step":"Pour l'étape 1","order":5},{"label":"Orange(s) non traitée(s)","shopGroup":"Fruits","qte":"2","unit":"pièce(s)","step":"Pour l'étape 1","order":6},{"label":"Sucre en poudre","shopGroup":"","qte":"120","unit":"g","step":"Pour l'étape 1","order":7},{"label":"Beurre doux","shopGroup":"Crèmerie  hors fromage","qte":"125","unit":"g","step":"Pour l'étape 1","order":8},{"label":"Feuille(s) de gélatine de 2 g","shopGroup":"Epicerie","qte":"2","unit":"pièce(s)","step":"Pour l'étape 1","order":9},{"label":"Oeuf(s)","shopGroup":"Crèmerie  hors fromage","qte":"3","unit":"pièce(s)","step":"Pour l'étape 1","order":10},{"label":"Sucre en poudre","shopGroup":"Epicerie","qte":"100","unit":"g","step":"Pour l'étape 2","order":11},{"label":"Amande(s) effilée(s)","shopGroup":"Epicerie","qte":"30","unit":"g","step":"Pour l'étape 2","order":12}],"chiefTip":"Vous pouvez mettre un extrait d'orange amère dans le sucre cuit afin de donner plus de goût à la coque.Utilisez de préférence des colorants en poudre.Diamètre de 4 cm pour les coques.","id":10136}