{"id":10266,"title":"Recette de Brochettes d'agneau marinées, purée de semoule fine épicée aux noix et coriandre","description":"","summary":"Tous les parfums se mélangent dans ce plat typiquement oriental.","timePreparation":"30mn","timeBaking":"0mn","timeRest":"0mn","picture":"http://1.media.atelierdeschefs.com/recette-e10266-brochettes-d-agneau-marinees-puree-de-semoule-fine-epicee-aux-noix-et-coriandre.jpg","ingredients":[{"label":"Gigot(s) d'agneau paré(s)","shopGroup":"Boucherie","qte":"800","unit":"g","step":"","order":0},{"label":"Semoule de blé fine","shopGroup":"Epicerie","qte":"250","unit":"g","step":"","order":1},{"label":"Eau","shopGroup":"","qte":"90","unit":"cl","step":"","order":2},{"label":"Coriandre fraîche","shopGroup":"Herbes aromatiques","qte":"0.5","unit":"botte(s)","step":"","order":3},{"label":"Tomate(s) séchée(s)","shopGroup":"Epicerie","qte":"100","unit":"g","step":"","order":4},{"label":"Cerneau(x) de noix","shopGroup":"Epicerie","qte":"60","unit":"g","step":"","order":5},{"label":"Cannelle en poudre","shopGroup":"Epicerie","qte":"10","unit":"g","step":"","order":6},{"label":"Curcuma en poudre","shopGroup":"Epicerie","qte":"10","unit":"g","step":"","order":7},{"label":"Mélange 5 épices","shopGroup":"Epicerie","qte":"10","unit":"g","step":"","order":8},{"label":"Huile d'olive","shopGroup":"Epicerie","qte":"15","unit":"cl","step":"","order":9},{"label":"Fleur de sel","shopGroup":"Epicerie","qte":"6","unit":"pincée(s)","step":"","order":10}]}