{"title":"Brochettes d'agneau marinées, purée de semoule fine épicée aux noix et coriandre","description":"Pour la marinade : dans un bol, réunir le curcuma, les 5 épices et 10 cl d'huile d'olive. Tailler le gigot en cubes de 50 g et les monter en brochettes avec des pics en bois. Mettre ensuite la viande à mariner pendant 10 min.<br /><br />Laver et effeuiller la coriandre, ciseler finement les feuilles.<br />Dans une casserole, faire bouillir l'eau avec une pincée de sel, la cannelle et 5 cl d'huile d'olive. Verser la semoule fine en pluie et cuire 2 min. Finir la purée avec les noix, la coriandre ciselée et les pétales de tomates.<br /><br />Dans une poêle chaude, saisir les brochettes pendant 1 min de chaque côté.<br /><br />Pour le dressage : à l'aide d'un pinceau, réaliser un décor au fond des assiettes avec le reste de marinade. Dans un cercle à pâtisserie, tasser la purée et finir avec les brochettes. Déguster bien chaud.<br />","summary":"Tous les parfums se mélangent dans ce plat typiquement oriental.","timePreparation":"30mn","timeBaking":"0mn","timeRest":"0mn","picture":"","ingredients":[{"label":"Gigot(s) d'agneau paré(s)","shopGroup":"Boucherie","qte":"800","unit":"g","step":"","order":0},{"label":"Semoule de blé fine","shopGroup":"Epicerie","qte":"250","unit":"g","step":"","order":1},{"label":"Eau","shopGroup":"","qte":"90","unit":"cl","step":"","order":2},{"label":"Coriandre fraîche","shopGroup":"Herbes aromatiques","qte":"0.5","unit":"botte(s)","step":"","order":3},{"label":"Tomate(s) séchée(s)","shopGroup":"Epicerie","qte":"100","unit":"g","step":"","order":4},{"label":"Cerneau(x) de noix","shopGroup":"Epicerie","qte":"60","unit":"g","step":"","order":5},{"label":"Cannelle en poudre","shopGroup":"Epicerie","qte":"10","unit":"g","step":"","order":6},{"label":"Curcuma en poudre","shopGroup":"Epicerie","qte":"10","unit":"g","step":"","order":7},{"label":"Mélange 5 épices","shopGroup":"Epicerie","qte":"10","unit":"g","step":"","order":8},{"label":"Huile d'olive","shopGroup":"Epicerie","qte":"15","unit":"cl","step":"","order":9},{"label":"Fleur de sel","shopGroup":"Epicerie","qte":"6","unit":"pincée(s)","step":"","order":10}],"chiefTip":"Taillez votre gigot la veille pour le laisser mariner au frais pendant une nuit.","id":10266}