{"title":"Parmentier d'escargots à la vitelotte","description":"","summary":"Escargots crémés et accompagnés d'herbes fraîches, pris dans une purée de vitelottes gratinée.","timePreparation":"30mn","timeBaking":"0mn","timeRest":"0mn","picture":"","ingredients":[{"label":"Pomme(s) de terre Vitelotte","shopGroup":"Légumes","qte":"700","unit":"g","step":"Pour l'étape 1","order":0},{"label":"Beurre doux","shopGroup":"Crèmerie  hors fromage","qte":"150","unit":"g","step":"Pour l'étape 1","order":1},{"label":"Crème liquide entière","shopGroup":"","qte":"20","unit":"cl","step":"Pour l'étape 1","order":2},{"label":"Noix de muscade râpée","shopGroup":"Epicerie","qte":"2","unit":"g","step":"Pour l'étape 1","order":3},{"label":"Chapelure de pain","shopGroup":"Epicerie","qte":"150","unit":"g","step":"Pour l'étape 1","order":4},{"label":"Gros sel","shopGroup":"","qte":"10","unit":"g","step":"Pour l'étape 1","order":5},{"label":"Escargot(s) cuit(s) au bouillon","shopGroup":"Epicerie","qte":"36","unit":"pièce(s)","step":"Pour l'étape 2","order":6},{"label":"Gousse(s) d'ail","shopGroup":"Légumes","qte":"1","unit":"gousse(s)","step":"Pour l'étape 2","order":7},{"label":"Cerfeuil","shopGroup":"Herbes aromatiques","qte":"0.25","unit":"botte(s)","step":"Pour l'étape 2","order":8},{"label":"Ciboulette","shopGroup":"Herbes aromatiques","qte":"0.25","unit":"botte(s)","step":"Pour l'étape 2","order":9},{"label":"Persil plat","shopGroup":"Herbes aromatiques","qte":"0.25","unit":"botte(s)","step":"Pour l'étape 2","order":10},{"label":"Crème liquide entière","shopGroup":"Crèmerie  hors fromage","qte":"5","unit":"cl","step":"Pour l'étape 2","order":11},{"label":"Sel fin","shopGroup":"","qte":"6","unit":"pincée(s)","step":"Pour l'étape 2","order":12},{"label":"Moulin à poivre","shopGroup":"","qte":"6","unit":"tour(s)","step":"Pour l'étape 2","order":13}],"chiefTip":"Vous pouvez accompagner ce plat d'un mesclun avec une vinaigrette classique ou à la truffe.","id":10628}