{"title":"Parmentier d'escargots à la vitelotte","description":"Préchauffer le four en mode gril.<br /><br />Laver les vitelottes et les éplucher, puis les tailler en petits cubes. Les mettre dans une casserole d'eau froide avec du gros sel et les cuire, puis les égoutter et les passer au presse-purée. Placer ensuite la pulpe dans une casserole, ajouter le beurre et la crème, assaisonner de muscade, de sel et de poivre.<br /><br />Effeuiller le cerfeuil et le persil plat, puis les ciseler finement avec la ciboulette.<br />Dans une casserole, mettre les escargots avec leur bouillon et la gousse d'ail écrasée. Crémer et faire réduire jusqu'à épaississement. Ajouter alors les herbes ciselées.<br /><br />Remplir un cercle à moitié, faire un puits et disposer 6 escargots avec la crème. Compléter le cercle avec la purée et saupoudrer le tout de chapelure. Enfourner ensuite pendant 5 min (la chapelure doit être colorée).<br /><br />Sortir le cercle du four et l'ôter en passant la pointe d'un petit couteau sur le pourtour.<br />","summary":"Escargots crémés et accompagnés d'herbes fraîches, pris dans une purée de vitelottes gratinée.","timePreparation":"30mn","timeBaking":"0mn","timeRest":"0mn","picture":"","ingredients":[{"label":"Pomme(s) de terre Vitelotte","shopGroup":"Légumes","qte":"700","unit":"g","step":"Pour l'étape 1","order":0},{"label":"Beurre doux","shopGroup":"Crèmerie  hors fromage","qte":"150","unit":"g","step":"Pour l'étape 1","order":1},{"label":"Crème liquide entière","shopGroup":"","qte":"20","unit":"cl","step":"Pour l'étape 1","order":2},{"label":"Noix de muscade râpée","shopGroup":"Epicerie","qte":"2","unit":"g","step":"Pour l'étape 1","order":3},{"label":"Chapelure de pain","shopGroup":"Epicerie","qte":"150","unit":"g","step":"Pour l'étape 1","order":4},{"label":"Gros sel","shopGroup":"","qte":"10","unit":"g","step":"Pour l'étape 1","order":5},{"label":"Escargot(s) cuit(s) au bouillon","shopGroup":"Epicerie","qte":"36","unit":"pièce(s)","step":"Pour l'étape 2","order":6},{"label":"Gousse(s) d'ail","shopGroup":"Légumes","qte":"1","unit":"gousse(s)","step":"Pour l'étape 2","order":7},{"label":"Cerfeuil","shopGroup":"Herbes aromatiques","qte":"0.25","unit":"botte(s)","step":"Pour l'étape 2","order":8},{"label":"Ciboulette","shopGroup":"Herbes aromatiques","qte":"0.25","unit":"botte(s)","step":"Pour l'étape 2","order":9},{"label":"Persil plat","shopGroup":"Herbes aromatiques","qte":"0.25","unit":"botte(s)","step":"Pour l'étape 2","order":10},{"label":"Crème liquide entière","shopGroup":"Crèmerie  hors fromage","qte":"5","unit":"cl","step":"Pour l'étape 2","order":11},{"label":"Sel fin","shopGroup":"","qte":"6","unit":"pincée(s)","step":"Pour l'étape 2","order":12},{"label":"Moulin à poivre","shopGroup":"","qte":"6","unit":"tour(s)","step":"Pour l'étape 2","order":13}],"chiefTip":"Vous pouvez accompagner ce plat d'un mesclun avec une vinaigrette classique ou à la truffe.","id":10628}