{"id":10329,"title":"Recette de Martini Bianco Basiltini","description":"","summary":"Redécouvrez l'incontournable Martini BIANCO \"on the rocks\" avec ses notes florales sublimées par celles d'agrumes finement pressés.","timePreparation":"10mn","timeBaking":"15mn","timeRest":"0mn","picture":"http://1.media.atelierdeschefs.com/recette-e10329-martini-bianco-basiltini.jpg","ingredients":[{"label":"Citron(s) vert(s)","shopGroup":"Fruits","qte":"0.5","unit":"pièce(s)","step":"","order":0},{"label":"Basilic","shopGroup":"Herbes aromatiques","qte":"4","unit":"f","step":"","order":1},{"label":"Sucre roux","shopGroup":"Epicerie","qte":"10","unit":"g","step":"","order":2},{"label":"Martini Bianco","shopGroup":"Boissons alcoolisées","qte":"7","unit":"cl","step":"","order":3},{"label":"Glace pilée","shopGroup":"Surgelés","qte":"0.1","unit":"l","step":"","order":4}]}