{"title":"Martini Bianco Basiltini","description":"Découper une rondelle dans le demi citron puis le reste en dés de 2cm de coté.<br />A l'aide d'un pilon, presser 4 dés de citrons verts. Verser le jus dans un verre short drink MARTINI, puis ajouter  3 feuilles de basilic frais et 2 cuillères à café de sucre roux.<br />Écraser délicatement les agrumes et le basilic avec un pilon. Ajouter 7 cl de MARTINI BIANCO et compléter avec de la glace pilée.<br /><br />Décorer le verre avec 1/4 de rondelle de citron vert et une feuille de basilic.<br />","summary":"Redécouvrez l'incontournable Martini BIANCO \"on the rocks\" avec ses notes florales sublimées par celles d'agrumes finement pressés.","timePreparation":"10mn","timeBaking":"15mn","timeRest":"0mn","picture":"","ingredients":[{"label":"Citron(s) vert(s)","shopGroup":"Fruits","qte":"0.5","unit":"pièce(s)","step":"","order":0},{"label":"Basilic","shopGroup":"Herbes aromatiques","qte":"4","unit":"f","step":"","order":1},{"label":"Sucre roux","shopGroup":"Epicerie","qte":"10","unit":"g","step":"","order":2},{"label":"Martini Bianco","shopGroup":"Boissons alcoolisées","qte":"7","unit":"cl","step":"","order":3},{"label":"Glace pilée","shopGroup":"Surgelés","qte":"0.1","unit":"l","step":"","order":4}],"chiefTip":"L'Atelier des Chefs s'engage à promouvoir une consommation responsable. Pour plus d'informations : www.2340.fr","id":10329}