{"title":"Râble de lapin farci au foie gras et asperges vertes","description":"Préchauffer le four à 180 °C (th. 6).<br /><br />Parer et désosser les râbles de lapin et les réserver au réfrigérateur.<br /><br />Éplucher les échalotes et l'oignon. Éplucher et hacher l'ail.<br />Hacher la volaille dans un hachoir avec l'oignon et les échalotes. Mélanger le tout avec la chair à saucisse et les pistaches, puis saler, poivrer et ajouter l'armagnac.<br /><br />Couper le foie gras en bâtonnets de 1 cm de large.<br />Ouvrir les râbles de lapin bien à plat sur le plan de travail. Sur l'un des côtés, poser des bâtonnets de foie gras, puis enduire de farce tout le reste du râble. Fermer en rabattant la peau fine du thorax. <br />Poser les râbles dans un plat allant au four, les assaisonner de sel, de poivre et d'un filet d'huile d'olive. Enfourner pendant environ 1 h.<br /><br />Pendant ce temps, faire bouillir un grand volume d'eau salée (10 g de gros sel/litre).<br />Écussonner les asperges, couper les pieds et les botter. Les plonger ensuite dans l'eau bouillante pendant 8 min.<br /><br />Servir les râbles coupés en médaillons avec les asperges vertes assaisonnées de fleur de sel, et décorer de vinaigre balsamique réduit.<br />","summary":"Râble de lapin désossé, garni d'une farce à base de filets de volaille, de chair à saucisse, de foie gras et de pistaches, accompagné d'asperges vertes.","timePreparation":"30mn","timeBaking":"1h","timeRest":"0mn","picture":"http://1.media.atelierdeschefs.com/recette-c10477-rable-de-lapin-farci-au-foie-gras-et-asperges-vertes.jpg","ingredients":[{"label":"Râble(s) de lapin","shopGroup":"Volaille(s)","qte":"6","unit":"pièce(s)","step":"","order":0},{"label":"Blanc(s) de poulet","shopGroup":"Volaille(s)","qte":"200","unit":"g","step":"Pour la farce","order":1},{"label":"Chair à saucisse","shopGroup":"Charcuterie","qte":"200","unit":"g","step":"Pour la farce","order":2},{"label":"Foie(s) gras de canard cru(s)","shopGroup":"Volaille(s)","qte":"250","unit":"g","step":"Pour la farce","order":3},{"label":"Armagnac","shopGroup":"Boissons alcoolisées","qte":"10","unit":"cl","step":"Pour la farce","order":4},{"label":"Oignon(s)","shopGroup":"Légumes","qte":"1","unit":"pièce(s)","step":"Pour la farce","order":5},{"label":"Echalote(s) cuisse de poulet","shopGroup":"Légumes","qte":"2","unit":"pièce(s)","step":"Pour la farce","order":6},{"label":"Gousse(s) d'ail","shopGroup":"Légumes","qte":"2","unit":"gousse(s)","step":"Pour la farce","order":7},{"label":"Huile d'olive","shopGroup":"Epicerie","qte":"5","unit":"cl","step":"Pour la farce","order":8},{"label":"Sel fin","shopGroup":"","qte":"7","unit":"g","step":"Pour la farce","order":9},{"label":"Pistache(s) émondée(s)","shopGroup":"Epicerie","qte":"30","unit":"g","step":"Pour la farce","order":10},{"label":"Asperge(s) vertes(s)","shopGroup":"Légumes","qte":"1","unit":"botte(s)","step":"Pour la garniture","order":11},{"label":"Moulin à poivre","shopGroup":"","qte":"6","unit":"tour(s)","step":"Pour la garniture","order":12},{"label":"Fleur de sel","shopGroup":"Epicerie","qte":"6","unit":"pincée(s)","step":"Pour la garniture","order":13},{"label":"Vinaigre balsamique réduit","shopGroup":"Epicerie","qte":"3","unit":"cl","step":"Pour la garniture","order":14},{"label":"Gros sel","shopGroup":"","qte":"20","unit":"g","step":"Pour la garniture","order":15}],"chiefTip":"Pour vérifier la cuisson des râbles, piquez-les à coeur avec un couteau : s'il ressort net, la terrine est cuite.","id":10477}