{"title":"Filet de canard aux mangues poivrées","description":"Presser l'orange pour en extraire le jus. Mélanger les baies et les poivres. Dégraisser les filets et les assaisonner de sel et du mélange de poivres. Éplucher l'oignon et le ciseler en petits dés. Éplucher la mangue puis la couper en fines lamelles. <br /><br />Rincer le riz basmati à l'eau pour enlever l'amidon. Dans une casserole avec un trait d'huile d'olive, faire suer les oignons sans coloration, puis ajouter le riz, l'eau, la badiane et le sel. Faire bouillir puis cuire à couvert pendant 5 min. Laisser ensuite étuver 10 min. <br /><br />Colorer les magrets côté peau pendant 5 min dans une poêle sans matière grasse, puis les retourner et finir la cuisson 4 min. Dégraisser ensuite la poêle, ajouter une cuillère à soupe de miel puis la mangue, laisser caraméliser 2 min puis déglacer avec le jus d'orange.<br /><br />Tasser le riz dans un cercle et le placer sur le haut de l'assiette, mettre les lamelles de mangue au fond de l'assiette ou sur le canard, disposer le magret en-dessous et décorer avec un beau filet de sauce.<br />","summary":"Filet de canard rôti au miel épicé et à la mangue, servi avec du riz basmati à l'anis étoilé.","timePreparation":"30mn","timeBaking":"0mn","timeRest":"0mn","picture":"","ingredients":[{"label":"Filet(s) de canard","shopGroup":"Volaille(s)","qte":"6","unit":"pièce(s)","step":"","order":0},{"label":"Mangue(s)","shopGroup":"Fruits","qte":"1","unit":"pièce(s)","step":"","order":1},{"label":"Baie(s) rose(s)","shopGroup":"Epicerie","qte":"3","unit":"g","step":"","order":2},{"label":"Poivre de Sichuan","shopGroup":"Epicerie","qte":"2","unit":"g","step":"","order":3},{"label":"Miel","shopGroup":"Epicerie","qte":"10","unit":"g","step":"","order":4},{"label":"Orange(s)","shopGroup":"Fruits","qte":"1","unit":"pièce(s)","step":"","order":5},{"label":"Oignon(s)","shopGroup":"Légumes","qte":"1","unit":"pièce(s)","step":"","order":6},{"label":"Riz basmati","shopGroup":"Epicerie","qte":"300","unit":"g","step":"","order":7},{"label":"Eau","shopGroup":"","qte":"75","unit":"cl","step":"","order":8},{"label":"Etoile(s) de badiane","shopGroup":"Epicerie","qte":"1","unit":"pièce(s)","step":"","order":9},{"label":"Sel fin","shopGroup":"","qte":"6","unit":"pincée(s)","step":"","order":10},{"label":"Moulin à poivre","shopGroup":"","qte":"6","unit":"tour(s)","step":"","order":11},{"label":"Huile d'olive","shopGroup":"Epicerie","qte":"2","unit":"cl","step":"","order":12}],"chiefTip":"Vous pouvez corser la sauce en ajoutant un mélange d'épices ou un peu de fond de volaille.","id":102}