{"title":"Penne au roquefort, radis et noix","description":"","summary":"Des Penne servies avec des cubes de Roquefort, des rondelles d'oignons nouveaux et de radis.","timePreparation":"30mn","timeBaking":"0mn","timeRest":"0mn","picture":"","ingredients":[{"label":"Penne","shopGroup":"Epicerie","qte":"800","unit":"g","step":"","order":0},{"label":"Roquefort","shopGroup":"Fromage(s)","qte":"200","unit":"g","step":"","order":1},{"label":"Cerneau(x) de noix","shopGroup":"Epicerie","qte":"80","unit":"g","step":"","order":2},{"label":"Beurre doux","shopGroup":"Crèmerie  hors fromage","qte":"20","unit":"g","step":"","order":3},{"label":"Radis rose(s)","shopGroup":"Légumes","qte":"0.25","unit":"botte(s)","step":"","order":4},{"label":"Oignon(s) nouveau(x)","shopGroup":"Légumes","qte":"2","unit":"pièce(s)","step":"","order":5},{"label":"Gros sel","shopGroup":"","qte":"10","unit":"g","step":"","order":6}],"chiefTip":"Vous pouvez aussi faire fondre le fromage dans de la crème liquide pour obtenir une crème onctueuse.","id":10036}