{"title":"Crème de lait à la fleur d'oranger, samoussas de patate douce aux épices","description":"<br /><b>Pour la crème :</b><br />Dans une casserole, faire bouillir le lait et le sucre. Délayer la fécule dans un peu d'eau afin de la liquéfier, puis l'ajouter au lait bouillant en remuant énergiquement et aromatiser le tout avec l'eau de fleur d'oranger. Répartir ensuite le mélange épaissi ainsi obtenu dans des verrines et réserver au frais pendant au moins 2 h.<br /><br />Laver l'orange et la zester. Mettre les zestes dans une casserole avec de l'eau froide et porter à ébullition, puis les égoutter et les rafraîchir. Renouveler l'opération 3 fois.<br />Dans une casserole, porter 15 cl d'eau à ébullition avec le sucre, puis ajouter les zestes d'orange et laisser refroidir. Verser ensuite le sirop et les quelques zestes sur les crèmes.<br /><br /><b>Pour les gâteaux :</b><br />Laver la patate douce et l'éplucher, puis la détailler en petits cubes.<br />Dans une casserole, caraméliser le sucre avec 20 g de miel, puis ajouter la patate douce et mouiller avec de l'eau à hauteur. Laisser cuire à feu doux et à couvert pendant environ 20 min. Écraser ensuite la patate douce et ajouter les raisins secs, la cannelle et l'eau de fleur d'oranger. Laisser refroidir à température ambiante.<br /><br />Préchauffer le four à 180 °C.<br />Faire fondre le beurre avec le miel restant au micro-ondes.<br />Détailler les feuilles de brick en 3 bandelettes de largeur équivalente, en prenant soin d'enlever les bords. Badigeonner les bandes de mélange beurre/miel à l'aide d'un pinceau, déposer une noix de patate douce sur le bord, puis replier en réalisant à chaque fois un triangle. Déposer les bandes sur un tapis de cuisson et les enfourner à 180 °C pendant 10 min. <br /><br />Servir avec les crèmes froides.<br />","summary":"Une crème légère au lait aromatisé à la fleur d'oranger, accompagnée de samoussas croustillants à la patate douce.","timePreparation":"45mn","timeBaking":"15mn","timeRest":"2h","picture":"","ingredients":[{"label":"Lait entier","shopGroup":"Crèmerie  hors fromage","qte":"60","unit":"cl","step":"Pour la crème","order":0},{"label":"Sucre en poudre","shopGroup":"","qte":"60","unit":"g","step":"Pour la crème","order":1},{"label":"Fécule de maïs","shopGroup":"Epicerie","qte":"30","unit":"g","step":"Pour la crème","order":2},{"label":"Eau de fleur d'oranger","shopGroup":"","qte":"3","unit":"cl","step":"Pour la crème","order":3},{"label":"Patate(s) douce(s) rouge(s)","shopGroup":"Légumes","qte":"2","unit":"pièce(s)","step":"Pour les gâteaux","order":4},{"label":"Feuille(s) de brick","shopGroup":"Traiteur","qte":"6","unit":"pièce(s)","step":"Pour les gâteaux","order":5},{"label":"Beurre doux","shopGroup":"Crèmerie  hors fromage","qte":"20","unit":"g","step":"Pour les gâteaux","order":6},{"label":"Miel","shopGroup":"Epicerie","qte":"40","unit":"g","step":"Pour les gâteaux","order":7},{"label":"Sucre en poudre","shopGroup":"","qte":"40","unit":"g","step":"Pour les gâteaux","order":8},{"label":"Raisin(s) sec(s) blond(s)","shopGroup":"Epicerie","qte":"40","unit":"g","step":"Pour les gâteaux","order":9},{"label":"Cannelle en poudre","shopGroup":"Epicerie","qte":"3","unit":"g","step":"Pour les gâteaux","order":10},{"label":"Eau de fleur d'oranger","shopGroup":"Epicerie","qte":"2","unit":"cl","step":"Pour les gâteaux","order":11},{"label":"Orange(s)","shopGroup":"Fruits","qte":"1","unit":"pièce(s)","step":"Pour le reste de la recette","order":12},{"label":"Sucre en poudre","shopGroup":"Epicerie","qte":"100","unit":"g","step":"Pour le reste de la recette","order":13}],"chiefTip":"Vous pouvez remplacer la feuille de brick par de la pâte filo.","id":10215}