{"id":10215,"title":"Recette de Crème de lait à la fleur d'oranger, samoussas de patate douce aux épices","description":"","summary":"Une crème légère au lait aromatisé à la fleur d'oranger, accompagnée de samoussas croustillants à la patate douce.","timePreparation":"45mn","timeBaking":"15mn","timeRest":"2h","picture":"http://1.media.atelierdeschefs.com/recette-e10215-creme-de-lait-a-la-fleur-d-oranger-samoussas-de-patate-douce-aux-epices.jpg","ingredients":[{"label":"Lait entier","shopGroup":"Crèmerie  hors fromage","qte":"60","unit":"cl","step":"Pour la crème","order":0},{"label":"Sucre en poudre","shopGroup":"","qte":"60","unit":"g","step":"Pour la crème","order":1},{"label":"Fécule de maïs","shopGroup":"Epicerie","qte":"30","unit":"g","step":"Pour la crème","order":2},{"label":"Eau de fleur d'oranger","shopGroup":"","qte":"3","unit":"cl","step":"Pour la crème","order":3},{"label":"Patate(s) douce(s) rouge(s)","shopGroup":"Légumes","qte":"2","unit":"pièce(s)","step":"Pour les gâteaux","order":4},{"label":"Feuille(s) de brick","shopGroup":"Traiteur","qte":"6","unit":"pièce(s)","step":"Pour les gâteaux","order":5},{"label":"Beurre doux","shopGroup":"Crèmerie  hors fromage","qte":"20","unit":"g","step":"Pour les gâteaux","order":6},{"label":"Miel","shopGroup":"Epicerie","qte":"40","unit":"g","step":"Pour les gâteaux","order":7},{"label":"Sucre en poudre","shopGroup":"","qte":"40","unit":"g","step":"Pour les gâteaux","order":8},{"label":"Raisin(s) sec(s) blond(s)","shopGroup":"Epicerie","qte":"40","unit":"g","step":"Pour les gâteaux","order":9},{"label":"Cannelle en poudre","shopGroup":"Epicerie","qte":"3","unit":"g","step":"Pour les gâteaux","order":10},{"label":"Eau de fleur d'oranger","shopGroup":"Epicerie","qte":"2","unit":"cl","step":"Pour les gâteaux","order":11},{"label":"Orange(s)","shopGroup":"Fruits","qte":"1","unit":"pièce(s)","step":"Pour le reste de la recette","order":12},{"label":"Sucre en poudre","shopGroup":"Epicerie","qte":"100","unit":"g","step":"Pour le reste de la recette","order":13}]}