{"title":"Macaron au sucre cuit à la gelée de framboises et fève de Tonka","description":"Préchauffer le four à 160 °C (th. 5).<br /><br />Pour les coques de macaron : verser la poudre d'amande et le sucre glace dans un mixeur et le faire tourner pendant 30 secondes pour affiner le mélange (tant pour tant). <br /><br />Dans une casserole, mélanger l'eau et le sucre semoule avec une spatule, puis cuire à 118-119 °C. Avant d'atteindre cette température, verser 75 g de blancs dans la cuve d'un batteur et les monter. Lorsque le sucre a atteint la bonne température, le verser sur les blancs montés et fouetter jusqu'à refroidissement de la meringue. Ajouter alors le colorant rouge en poudre.<br /><br />Verser le reste de blancs d'oeufs sur le tant pour tant. Incorporer une petite partie de la meringue froide à ce mélange, puis ajouter le reste. Mélanger pour obtenir une pâte lisse et homogène, légèrement coulante. Remplir ensuite une poche à douille avec cette préparation, dresser les macarons sur un tapis de cuisson ou sur une feuille de papier sulfurisé. Tapoter légèrement la plaque puis saupoudrer de fève de Tonka râpée. Cuire 12 à 14 min en tournant la plaque à mi-cuisson.<br /><br />Pour la garniture : disposer le sucre dans une poêle, laisser colorer jusqu'à obtention d'un caramel, puis ajouter les fruits rouges. Laisser évaporer l'eau jusqu'à obtenir une marmelade. Lorsque vous obtenez un mélange homogène, mixer dans un blender avec le reste de la fève de tonka râpée. Remettre le tout dans une casserole puis porter à ébullition 1 minute avec l'agar-agar. Laisser prendre au réfrigérateur.<br /><br />Coller ensuite les macarons 2 par 2 grâce à la marmelade de framboises disposée au centre.<br /><br />Conserver les macarons au frais pendant 24 h, puis les sortir 2 h avant la dégustation.<br />","summary":"Technique des coques de macaron réalisée avec un sucre cuit à 118 °C. Macaron garni d'une gelée de framboises surgelées.","timePreparation":"30mn","timeBaking":"15mn","timeRest":"0mn","picture":"","ingredients":[{"label":"Poudre d'amande","shopGroup":"Epicerie","qte":"200","unit":"g","step":"Pour les macarons","order":0},{"label":"Sucre glace","shopGroup":"Epicerie","qte":"200","unit":"g","step":"Pour les macarons","order":1},{"label":"Sucre en poudre","shopGroup":"","qte":"200","unit":"g","step":"Pour les macarons","order":2},{"label":"Eau","shopGroup":"","qte":"5","unit":"cl","step":"Pour les macarons","order":3},{"label":"Blanc(s) d'oeuf","shopGroup":"Crèmerie  hors fromage","qte":"150","unit":"g","step":"Pour les macarons","order":4},{"label":"Colorant poudre rouge","shopGroup":"Epicerie","qte":"2","unit":"g","step":"Pour les macarons","order":5},{"label":"Framboise(s) surgelée(s)","shopGroup":"Surgelés","qte":"300","unit":"g","step":"Pour la garniture","order":6},{"label":"Sucre en poudre","shopGroup":"Epicerie","qte":"120","unit":"g","step":"Pour la garniture","order":7},{"label":"Agar Agar","shopGroup":"Epicerie","qte":"1","unit":"g","step":"Pour la garniture","order":8},{"label":"Fève(s) tonka","shopGroup":"Epicerie","qte":"1","unit":"pièce(s)","step":"Pour la garniture","order":9}],"chiefTip":"Le poids des blancs d'oeufs est important, et il correspond à 5 blancs.Diamètre de 4 cm pour les coques.","id":10133}