{"id":10133,"title":"Recette de Macaron au sucre cuit à la gelée de framboises et fève de Tonka","description":"","summary":"Technique des coques de macaron réalisée avec un sucre cuit à 118 °C. Macaron garni d'une gelée de framboises surgelées.","timePreparation":"30mn","timeBaking":"15mn","timeRest":"0mn","picture":"http://1.media.atelierdeschefs.com/recette-e10133-macaron-au-sucre-cuit-a-la-gelee-de-framboises-et-feve-de-tonka.jpg","ingredients":[{"label":"Poudre d'amande","shopGroup":"Epicerie","qte":"200","unit":"g","step":"Pour les macarons","order":0},{"label":"Sucre glace","shopGroup":"Epicerie","qte":"200","unit":"g","step":"Pour les macarons","order":1},{"label":"Sucre en poudre","shopGroup":"","qte":"200","unit":"g","step":"Pour les macarons","order":2},{"label":"Eau","shopGroup":"","qte":"5","unit":"cl","step":"Pour les macarons","order":3},{"label":"Blanc(s) d'oeuf","shopGroup":"Crèmerie  hors fromage","qte":"150","unit":"g","step":"Pour les macarons","order":4},{"label":"Colorant poudre rouge","shopGroup":"Epicerie","qte":"2","unit":"g","step":"Pour les macarons","order":5},{"label":"Framboise(s) surgelée(s)","shopGroup":"Surgelés","qte":"300","unit":"g","step":"Pour la garniture","order":6},{"label":"Sucre en poudre","shopGroup":"Epicerie","qte":"120","unit":"g","step":"Pour la garniture","order":7},{"label":"Agar Agar","shopGroup":"Epicerie","qte":"1","unit":"g","step":"Pour la garniture","order":8},{"label":"Fève(s) tonka","shopGroup":"Epicerie","qte":"1","unit":"pièce(s)","step":"Pour la garniture","order":9}]}