{"title":"Carpaccio de Saint Jacques, vinaigrette au jus de coques et à l'orange","description":"Éplucher les carottes. Puis, à l'aide d'un économe, les tailler pour obtenir des tagliatelle. Les laisser tremper dans l'eau froide et les réserver au frais pour qu'elles soient croquantes. Nettoyer les coques dans un grand volume d'eau froide salée. Les mettre dans une grande casserole avec un trait d'huile d'olive. Couvrir et cuire jusqu'à ce qu'elles soient toutes ouvertes.Les décoquiller et filtrer le jus de cuisson.<br /><br />Mettre le jus des oranges pressées dans une casserole avec le cumin. Ajouter le jus de cuisson des coques, faire bouillir et réduire de moitié. Monter le jus à l'huile d'olive. Réserver.<br /><br />Couper les noix de Saint-Jacques en très fines lamelles et les étaler dans le fond des assiettes froides. Assaisonner de fleur de sel et de piment d'Espelette. Les arroser du mélange de vinaigrette à l'orange.<br /><br />Poser au centre les tagliatelle de carottes égouttées et assaisonnées de jus d'orange au cumin, ajouter les coques, décorer de quelques feuilles de roquette et servir aussitôt.<br />","summary":"De fines tranches de noix de Saint-Jacques crues, assaisonnées d'une vinaigrette à l'orange et au cumin, accompagnées de coques.","timePreparation":"15mn","timeBaking":"15mn","timeRest":"0mn","picture":"http://1.media.atelierdeschefs.com/recette-c10395-carpaccio-de-saint-jacques-vinaigrette-au-jus-de-coques-et-a-l-orange.jpg","ingredients":[{"label":"Noix de Saint Jacques","shopGroup":"Poissonnerie","qte":"24","unit":"pièce(s)","step":"","order":0},{"label":"Carotte(s)","shopGroup":"Légumes","qte":"6","unit":"pièce(s)","step":"","order":1},{"label":"Graine(s) de cumin","shopGroup":"Epicerie","qte":"5","unit":"g","step":"","order":2},{"label":"Orange(s)","shopGroup":"Fruits","qte":"2","unit":"pièce(s)","step":"","order":3},{"label":"Coque(s)","shopGroup":"Poissonnerie","qte":"250","unit":"g","step":"","order":4},{"label":"Piment d'Espelette","shopGroup":"Epicerie","qte":"3","unit":"pincée(s)","step":"","order":5},{"label":"Fleur de sel","shopGroup":"Epicerie","qte":"3","unit":"pincée(s)","step":"","order":6},{"label":"Huile d'olive","shopGroup":"Epicerie","qte":"10","unit":"cl","step":"","order":7},{"label":"Roquette","shopGroup":"Légumes","qte":"100","unit":"g","step":"","order":8}],"chiefTip":"Vous pouvez remplacer les noix de Saint-Jacques par des queues de gambas crues, ou par des filets de daurade crue.","id":10395}