{"id":10395,"title":"Recette de Carpaccio de Saint Jacques, vinaigrette au jus de coques et à l'orange","description":"","summary":"De fines tranches de noix de Saint-Jacques crues, assaisonnées d'une vinaigrette à l'orange et au cumin, accompagnées de coques.","timePreparation":"15mn","timeBaking":"15mn","timeRest":"0mn","picture":"http://1.media.atelierdeschefs.com/recette-e10395-carpaccio-de-saint-jacques-vinaigrette-au-jus-de-coques-et-a-l-orange.jpg","ingredients":[{"label":"Noix de Saint Jacques","shopGroup":"Poissonnerie","qte":"24","unit":"pièce(s)","step":"","order":0},{"label":"Carotte(s)","shopGroup":"Légumes","qte":"6","unit":"pièce(s)","step":"","order":1},{"label":"Graine(s) de cumin","shopGroup":"Epicerie","qte":"5","unit":"g","step":"","order":2},{"label":"Orange(s)","shopGroup":"Fruits","qte":"2","unit":"pièce(s)","step":"","order":3},{"label":"Coque(s)","shopGroup":"Poissonnerie","qte":"250","unit":"g","step":"","order":4},{"label":"Piment d'Espelette","shopGroup":"Epicerie","qte":"3","unit":"pincée(s)","step":"","order":5},{"label":"Fleur de sel","shopGroup":"Epicerie","qte":"3","unit":"pincée(s)","step":"","order":6},{"label":"Huile d'olive","shopGroup":"Epicerie","qte":"10","unit":"cl","step":"","order":7},{"label":"Roquette","shopGroup":"Légumes","qte":"100","unit":"g","step":"","order":8}]}