{"title":"Salade de pamplemousse au crabe","description":"","summary":"Une entrée très simple et très fraîche pour l'été : de la chair de crabe et de la pulpe de pamplemousse accompagnées de poivron et de pomme verte, le tout assaisonné de mayonnaise.","timePreparation":"30mn","timeBaking":"0mn","timeRest":"15mn","picture":"","ingredients":[{"label":"Jaune(s) d'oeuf(s)","shopGroup":"Crèmerie  hors fromage","qte":"2","unit":"pièce(s)","step":"Pour la sauce","order":0},{"label":"Moutarde forte","shopGroup":"Epicerie","qte":"30","unit":"g","step":"Pour la sauce","order":1},{"label":"Huile d'arachide","shopGroup":"Epicerie","qte":"40","unit":"cl","step":"Pour la sauce","order":2},{"label":"Vinaigre alcool blanc","shopGroup":"Epicerie","qte":"1","unit":"cl","step":"Pour la sauce","order":3},{"label":"Sel fin","shopGroup":"","qte":"1","unit":"pincée(s)","step":"Pour la sauce","order":4},{"label":"Moulin à poivre","shopGroup":"","qte":"1","unit":"tour(s)","step":"Pour la sauce","order":5},{"label":"Pamplemousse(s) rose(s)","shopGroup":"Fruits","qte":"3","unit":"pièce(s)","step":"Pour la garniture","order":6},{"label":"Chair de crabe","shopGroup":"Poissonnerie","qte":"500","unit":"g","step":"Pour la garniture","order":7},{"label":"Poivron(s) rouge(s)","shopGroup":"Légumes","qte":"1","unit":"pièce(s)","step":"Pour la garniture","order":8},{"label":"Pomme(s) granny smith","shopGroup":"Fruits","qte":"1","unit":"pièce(s)","step":"Pour la garniture","order":9},{"label":"Sel fin","shopGroup":"","qte":"6","unit":"pincée(s)","step":"Pour la garniture","order":10},{"label":"Piment d'Espelette","shopGroup":"Epicerie","qte":"6","unit":"pincée(s)","step":"Pour la garniture","order":11}],"chiefTip":"Ne laissez pas la moutarde au contact des jaunes d'oeufs, sinon ils vont cuire...","id":10089}