{"title":"Pain aux olives","description":"Délayer la levure dans l'eau. Faire un puits avec la farine, verser le sel sur la farine et l'eau au milieu. Commencer à mélanger en incorporant petit à petit la farine, puis ajouter l'huile d'olive.<br />Lorsque le mélange obtenu est plus ou moins homogène, pétrir la pâte en la claquant sur le plan de travail. L'étirer en la soulevant et la replier sur elle-même.<br />Renouveler l'opération pendant environ 10 min.<br />Dénoyauter les olives et les hacher grossièrement, puis les disposer dans la pâte et la retravailler pendant 5 min. <br /><br />Laisser la pâte reposer durant 30 min sur le plan de travail fariné, dans un endroit tiède. La recouvrir d'un sac plastique (vous pouvez utiliser un sac poubelle ouvert en 2).<br />Détailler 6 pièces en forme de petits pains longs sans serrer la pâte. Couvrir d'un papier film huilé et laisser pousser à nouveau pendant 1 h 30 dans un endroit tiède.<br />Badigeonner la surface du pain d'huile d'olive.<br />Recouvrir d'un plastique et laisser pousser pendant 1 h.<br /><br />Préchauffer le four à 240 °C (th. 8) en plaçant une plaque ou un récipient métallique en bas afin de générer de la vapeur d'eau. Mettre la lèchefrite au milieu du four.<br />Faire glisser la feuille de papier cuisson sur la lèchefrite chaude. Verser ½ verre d'eau dans le plat métallique, refermer la porte et attendre 30 secondes avant d'enfourner les pains.<br /><br />Dès l'enfournement, abaisser la température à 210 °C (th. 7). Laisser cuire environ 15 min.<br /><br />Sortir du four, décoller les pains et les laisser refroidir sur une grille.<br />","summary":"Voici une recette de pain aux olives. A partir de celle-ci, vous pourrez réaliser de petites baguettes ou lui donner la forme que vous souhaitez.","timePreparation":"2h","timeBaking":"0mn","timeRest":"0mn","picture":"http://1.media.atelierdeschefs.com/recette-c10495-pain-aux-olives.jpg","ingredients":[{"label":"Farine de blé","shopGroup":"Epicerie","qte":"350","unit":"g","step":"","order":0},{"label":"Eau","shopGroup":"","qte":"15","unit":"cl","step":"","order":1},{"label":"Sel fin","shopGroup":"","qte":"3","unit":"pincée(s)","step":"","order":2},{"label":"Levure de boulanger","shopGroup":"Epicerie","qte":"15","unit":"g","step":"","order":3},{"label":"Olive(s) noire(s)","shopGroup":"Epicerie","qte":"175","unit":"g","step":"","order":4},{"label":"Huile d'olive","shopGroup":"Epicerie","qte":"4","unit":"cl","step":"","order":5}],"chiefTip":"Le coup de buée (mettre de l'eau dans le four) est essentiel pour ramollir la croûte, afin de permettre au gluten de se développer grâce au gaz carbonique qu'il emprisonne et de faire briller le pain.","id":10495}