{"id":10495,"title":"Recette de Pain aux olives","description":"","summary":"Voici une recette de pain aux olives. A partir de celle-ci, vous pourrez réaliser de petites baguettes ou lui donner la forme que vous souhaitez.","timePreparation":"2h","timeBaking":"0mn","timeRest":"0mn","picture":"http://1.media.atelierdeschefs.com/recette-e10495-pain-aux-olives.jpg","ingredients":[{"label":"Farine de blé","shopGroup":"Epicerie","qte":"350","unit":"g","step":"","order":0},{"label":"Eau","shopGroup":"","qte":"15","unit":"cl","step":"","order":1},{"label":"Sel fin","shopGroup":"","qte":"3","unit":"pincée(s)","step":"","order":2},{"label":"Levure de boulanger","shopGroup":"Epicerie","qte":"15","unit":"g","step":"","order":3},{"label":"Olive(s) noire(s)","shopGroup":"Epicerie","qte":"175","unit":"g","step":"","order":4},{"label":"Huile d'olive","shopGroup":"Epicerie","qte":"4","unit":"cl","step":"","order":5}]}