{"id":92,"title":"Recette de Ravioles de légumes verts à la menthe","description":"","summary":"Une entrée légère et originale : une farce à base de petits pois, de fèves et de haricots verts mêlés à du fromage ricotta.","timePreparation":"25mn","timeBaking":"5mn","timeRest":"0mn","picture":"http://1.media.atelierdeschefs.com/recette-e92-ravioles-de-legumes-verts-a-la-menthe.jpg","ingredients":[{"label":"Ricotta","shopGroup":"Fromage(s)","qte":"150","unit":"g","step":"","order":0},{"label":"Roquette","shopGroup":"Légumes","qte":"100","unit":"g","step":"","order":1},{"label":"Petits pois avec cosse","shopGroup":"Légumes","qte":"600","unit":"g","step":"","order":2},{"label":"Haricot(s) vert(s)","shopGroup":"Légumes","qte":"150","unit":"g","step":"","order":3},{"label":"Fève(s) avec Cosse","shopGroup":"Légumes","qte":"600","unit":"g","step":"","order":4},{"label":"Piment d'Espelette","shopGroup":"Epicerie","qte":"4","unit":"pincée(s)","step":"","order":5},{"label":"Blanc(s) d'oeuf","shopGroup":"Crèmerie  hors fromage","qte":"1","unit":"pièce(s)","step":"","order":6},{"label":"Menthe fraîche","shopGroup":"Herbes aromatiques","qte":"1","unit":"botte(s)","step":"","order":7},{"label":"Feuille(s) de pâte à raviole","shopGroup":"Traiteur","qte":"30","unit":"pièce(s)","step":"","order":8},{"label":"Gros sel","shopGroup":"","qte":"20","unit":"g","step":"","order":9},{"label":"Huile d'olive","shopGroup":"Epicerie","qte":"5","unit":"cl","step":"","order":10}]}