{"title":"Ravioles de légumes verts à la menthe","description":"Tailler les haricots verts en brunoise, c'est-à-dire en tout petits cubes. Écosser les petits pois et les fèves.<br />Blanchir tous les légumes dans de l'eau bouillante salée (14 g de gros sel/litre) pendant 2 min (ils doivent rester fermes). Les égoutter puis les refroidir dans de l'eau glacée.<br />Blanchir également la roquette pendant 30 secondes, puis l'égoutter et la concasser.<br /><br />Dans un saladier, mélanger la ricotta, le blanc d'oeuf et les légumes verts, puis assaisonner de sel, de poivre et de piment.<br /><br />Étaler les feuilles de ravioles et à l'aide d'un pinceau, badigeonner le bord de la pâte avec un peu d'eau. Déposer une cuillerée de mélange au centre, puis fermer la raviole en la repliant sur elle-même.<br /><br />Faire bouillir une grosse quantité d'eau salée puis blanchir la menthe pendant 1 min. L'égoutter, puis la mixer avec 2 cuillères à soupe d'huile d'olive et saler.<br />Cuire les ravioles dans un grand volume d'eau salée pendant 2 à 3 min.<br /><br />Servir aussitôt dans une assiette creuse avec un beau filet d'huile à la menthe.<br />","summary":"Une entrée légère et originale : une farce à base de petits pois, de fèves et de haricots verts mêlés à du fromage ricotta.","timePreparation":"25mn","timeBaking":"5mn","timeRest":"0mn","picture":"","ingredients":[{"label":"Ricotta","shopGroup":"Fromage(s)","qte":"150","unit":"g","step":"","order":0},{"label":"Roquette","shopGroup":"Légumes","qte":"100","unit":"g","step":"","order":1},{"label":"Petits pois avec cosse","shopGroup":"Légumes","qte":"600","unit":"g","step":"","order":2},{"label":"Haricot(s) vert(s)","shopGroup":"Légumes","qte":"150","unit":"g","step":"","order":3},{"label":"Fève(s) avec Cosse","shopGroup":"Légumes","qte":"600","unit":"g","step":"","order":4},{"label":"Piment d'Espelette","shopGroup":"Epicerie","qte":"4","unit":"pincée(s)","step":"","order":5},{"label":"Blanc(s) d'oeuf","shopGroup":"Crèmerie  hors fromage","qte":"1","unit":"pièce(s)","step":"","order":6},{"label":"Menthe fraîche","shopGroup":"Herbes aromatiques","qte":"1","unit":"botte(s)","step":"","order":7},{"label":"Feuille(s) de pâte à raviole","shopGroup":"Traiteur","qte":"30","unit":"pièce(s)","step":"","order":8},{"label":"Gros sel","shopGroup":"","qte":"20","unit":"g","step":"","order":9},{"label":"Huile d'olive","shopGroup":"Epicerie","qte":"5","unit":"cl","step":"","order":10}],"chiefTip":"Refroidissez rapidement vos légumes verts pour qu'ils conservent leur couleur et ne deviennent pas marron.","id":92}