{"title":"Soupe de crème de maïs, raviole de gambas et tofu","description":"<br /><b>Pour les ravioles :</b><br />Faire chauffer une grande casserole d'eau pour pocher les ravioles.<br /><br />Éplucher et râper le gingembre. Ciseler finement la citronnelle. Presser le tofu entre 2 plaques pour le faire dégorger. Décortiquer les gambas et à l'aide d'un couteau, inciser le dos pour enlever le boyau.<br />Dans le bol du robot, réduire la chair de gambas, la moitié du gingembre et de la citronnelle. Ajouter le tofu bien égoutté et mixer de nouveau, puis saler et poivrer.<br /><br />Sur le plan de travail bien sec, étaler les feuilles de raviole et disposer une cuillère à café de farce sur chacune. Replier en triangle, puis cuire les ravioles dans l'eau frémissante pendant 2 min (il n'est pas nécessaire de coller les feuilles de raviole avec de l'eau ou de l'oeuf car la farce ne fond pas pendant la cuisson).<br /><br /><b>Pour la soupe de maïs :</b><br />Tailler la cive en fines lamelles (garder séparément le blanc et le vert).<br />Faire suer la partie blanche pendant 2 min dans une grande casserole avec un peu d'huile d'arachide. Ajouter le reste de gingembre et de citronnelle, puis mouiller avec le bouillon de volaille. Ajouter ensuite le maïs et rectifier l'assaisonnement en sel et en poivre.<br />Cuire 8 minutes et mixer finement.<br /><br />Dans des bols, servir la soupe bien chaude avec les ravioles pochées, puis parsemer le tout de vert de cive.<br />","summary":"Une soupe goûteuse de maïs aux saveurs de citronnelle et de gingembre, servie avec des ravioles moelleuses de gambas et de tofu.","timePreparation":"30mn","timeBaking":"10mn","timeRest":"0mn","picture":"","ingredients":[{"label":"Feuille(s) de pâte à raviole","shopGroup":"Traiteur","qte":"30","unit":"pièce(s)","step":"","order":0},{"label":"Gambas surgelée(s)","shopGroup":"Surgelés","qte":"18","unit":"pièce(s)","step":"","order":1},{"label":"Tofu","shopGroup":"Epicerie","qte":"100","unit":"g","step":"","order":2},{"label":"Gingembre frais","shopGroup":"Légumes","qte":"20","unit":"g","step":"","order":3},{"label":"Bâton(s) de citronnelle","shopGroup":"Herbes aromatiques","qte":"1","unit":"pièce(s)","step":"","order":4},{"label":"Bouillon de volaille","shopGroup":"Epicerie","qte":"1","unit":"l","step":"","order":5},{"label":"Maïs en grain","shopGroup":"Légumes","qte":"400","unit":"g","step":"","order":6},{"label":"Sel fin","shopGroup":"","qte":"6","unit":"pincée(s)","step":"","order":7},{"label":"Cive","shopGroup":"Légumes","qte":"0.5","unit":"botte(s)","step":"","order":8},{"label":"Moulin à poivre","shopGroup":"","qte":"6","unit":"tour(s)","step":"","order":9},{"label":"Huile d'arachide","shopGroup":"Epicerie","qte":"3","unit":"cl","step":"","order":10}],"chiefTip":"Utiliser un blender pour mixer la crème, au besoin vous pouvez la filtrer pour obtenir une crème bien lisse.","id":10727}