{"title":"Soupe de crème de maïs, raviole de gambas et tofu","description":"","summary":"Une soupe goûteuse de maïs aux saveurs de citronnelle et de gingembre, servie avec des ravioles moelleuses de gambas et de tofu.","timePreparation":"30mn","timeBaking":"10mn","timeRest":"0mn","picture":"","ingredients":[{"label":"Feuille(s) de pâte à raviole","shopGroup":"Traiteur","qte":"30","unit":"pièce(s)","step":"","order":0},{"label":"Gambas surgelée(s)","shopGroup":"Surgelés","qte":"18","unit":"pièce(s)","step":"","order":1},{"label":"Tofu","shopGroup":"Epicerie","qte":"100","unit":"g","step":"","order":2},{"label":"Gingembre frais","shopGroup":"Légumes","qte":"20","unit":"g","step":"","order":3},{"label":"Bâton(s) de citronnelle","shopGroup":"Herbes aromatiques","qte":"1","unit":"pièce(s)","step":"","order":4},{"label":"Bouillon de volaille","shopGroup":"Epicerie","qte":"1","unit":"l","step":"","order":5},{"label":"Maïs en grain","shopGroup":"Légumes","qte":"400","unit":"g","step":"","order":6},{"label":"Sel fin","shopGroup":"","qte":"6","unit":"pincée(s)","step":"","order":7},{"label":"Cive","shopGroup":"Légumes","qte":"0.5","unit":"botte(s)","step":"","order":8},{"label":"Moulin à poivre","shopGroup":"","qte":"6","unit":"tour(s)","step":"","order":9},{"label":"Huile d'arachide","shopGroup":"Epicerie","qte":"3","unit":"cl","step":"","order":10}],"chiefTip":"Utiliser un blender pour mixer la crème, au besoin vous pouvez la filtrer pour obtenir une crème bien lisse.","id":10727}