{"title":"Carré d'agneau et légumes glacés","description":"","summary":"Carré d'agneau rôti et servi avec des légumes glacés au beurre.","timePreparation":"45mn","timeBaking":"0mn","timeRest":"0mn","picture":"","ingredients":[{"label":"Carré(s) d'agneau 3 côtes","shopGroup":"Boucherie","qte":"6","unit":"pièce(s)","step":"","order":0},{"label":"Huile d'arachide","shopGroup":"Epicerie","qte":"3","unit":"cl","step":"","order":1},{"label":"Carotte(s)","shopGroup":"Légumes","qte":"6","unit":"pièce(s)","step":"Pour la garniture","order":2},{"label":"Navet(s)","shopGroup":"Légumes","qte":"4","unit":"pièce(s)","step":"Pour la garniture","order":3},{"label":"Oignon(s) nouveau(x)","shopGroup":"Légumes","qte":"12","unit":"pièce(s)","step":"Pour la garniture","order":4},{"label":"Radis noir(s)","shopGroup":"Légumes","qte":"1","unit":"pièce(s)","step":"Pour la garniture","order":5},{"label":"Beurre doux","shopGroup":"Crèmerie  hors fromage","qte":"40","unit":"g","step":"Pour la garniture","order":6},{"label":"Sucre en poudre","shopGroup":"Epicerie","qte":"20","unit":"g","step":"Pour la garniture","order":7},{"label":"Sel fin","shopGroup":"","qte":"6","unit":"pincée(s)","step":"Pour la garniture","order":8},{"label":"Moulin à poivre","shopGroup":"","qte":"6","unit":"tour(s)","step":"Pour la garniture","order":9},{"label":"Fleur de sel","shopGroup":"Epicerie","qte":"6","unit":"pincée(s)","step":"Pour la garniture","order":10},{"label":"Cerfeuil","shopGroup":"","qte":"0.25","unit":"botte(s)","step":"Pour la garniture","order":11}],"chiefTip":"Différents temps de cuisson : 6 min pour une viande rosée, 8 pour une viande à point, 10 pour une viande très cuite.Variez les légumes en fonction des saisons.","id":10464}