{"id":10529,"title":"Recette de Salade Petit Bouquet, saumon mariné et pousses d'alfalfa","description":"","summary":"Un bouquet de salade garni de légumes crus, servi avec un saumon frais salé puis mariné dans une préparation à base d'huile d'olive, de jus de citron vert et d'aneth haché.","timePreparation":"15mn","timeBaking":"0mn","timeRest":"0mn","picture":"http://1.media.atelierdeschefs.com/recette-e10529-salade-petit-bouquet-saumon-marine-et-pousses-d-alfalfa.jpg","ingredients":[{"label":"Filet(s)de saumon","shopGroup":"Poissonnerie","qte":"600","unit":"g","step":"Pour l'étape 1","order":0},{"label":"Aneth","shopGroup":"Herbes aromatiques","qte":"1","unit":"botte(s)","step":"Pour l'étape 1","order":1},{"label":"Menthe fraîche","shopGroup":"Herbes aromatiques","qte":"1","unit":"botte(s)","step":"Pour l'étape 1","order":2},{"label":"Gros sel","shopGroup":"","qte":"100","unit":"g","step":"Pour l'étape 1","order":3},{"label":"Citron(s) jaune(s)","shopGroup":"","qte":"1","unit":"pièce(s)","step":"Pour l'étape 1","order":4},{"label":"Huile d'olive","shopGroup":"Epicerie","qte":"20","unit":"cl","step":"Pour l'étape 1","order":5},{"label":"Radis rose(s)","shopGroup":"Légumes","qte":"0.5","unit":"botte(s)","step":"Pour l'étape 2","order":6},{"label":"Tomate(s) cerise(s)","shopGroup":"Fruits","qte":"200","unit":"g","step":"Pour l'étape 2","order":7},{"label":"Champignon(s) de Paris","shopGroup":"Légumes","qte":"200","unit":"g","step":"Pour l'étape 2","order":8},{"label":"Pousse(s) d'alfalfa","shopGroup":"Légumes","qte":"100","unit":"g","step":"Pour l'étape 2","order":9},{"label":"Citron(s) jaune(s)","shopGroup":"Fruits","qte":"1","unit":"pièce(s)","step":"Pour l'étape 2","order":10},{"label":"Fleur de sel","shopGroup":"Epicerie","qte":"6","unit":"pincée(s)","step":"Pour l'étape 2","order":11},{"label":"Moulin à poivre","shopGroup":"","qte":"6","unit":"tour(s)","step":"Pour l'étape 2","order":12}]}