{"title":"Salade Petit Bouquet, saumon mariné et pousses d'alfalfa","description":"Enrober le saumon de gros sel, puis le recouvrir d'un papier film et le mettre au frais pendant 1/2 h.<br />Effeuiller et hacher les herbes, les mélanger avec le jus de citron et 10 cl d'huile d'olive.<br />Rincer le saumon sous l'eau froide, puis l'éponger et le tailler en gros cubes. L'arroser ensuite de marinade, puis le  conserver au frais.<br /><br />Pendant ce temps, éplucher les champignons et les émincer en fines lamelles (les citronner afin d'éviter qu'ils ne s'oxydent). Laver les tomates cerises et les radis, couper les radis en rondelles et les tomates en 4.<br />Réunir les éléments dans un saladier, les arroser d'huile d'olive, les assaisonner de fleur de sel et de poivre du moulin.<br /><br />Répartir la salade dans des bols évasés et la parsemer de cubes de saumon marinés. Ajouter le bouquet d'alfalfa et déguster.<br />","summary":"Un bouquet de salade garni de légumes crus, servi avec un saumon frais salé puis mariné dans une préparation à base d'huile d'olive, de jus de citron vert et d'aneth haché.","timePreparation":"15mn","timeBaking":"0mn","timeRest":"0mn","picture":"http://1.media.atelierdeschefs.com/recette-c10529-salade-petit-bouquet-saumon-marine-et-pousses-d-alfalfa.jpg","ingredients":[{"label":"Filet(s)de saumon","shopGroup":"Poissonnerie","qte":"600","unit":"g","step":"Pour l'étape 1","order":0},{"label":"Aneth","shopGroup":"Herbes aromatiques","qte":"1","unit":"botte(s)","step":"Pour l'étape 1","order":1},{"label":"Menthe fraîche","shopGroup":"Herbes aromatiques","qte":"1","unit":"botte(s)","step":"Pour l'étape 1","order":2},{"label":"Gros sel","shopGroup":"","qte":"100","unit":"g","step":"Pour l'étape 1","order":3},{"label":"Citron(s) jaune(s)","shopGroup":"","qte":"1","unit":"pièce(s)","step":"Pour l'étape 1","order":4},{"label":"Huile d'olive","shopGroup":"Epicerie","qte":"20","unit":"cl","step":"Pour l'étape 1","order":5},{"label":"Radis rose(s)","shopGroup":"Légumes","qte":"0.5","unit":"botte(s)","step":"Pour l'étape 2","order":6},{"label":"Tomate(s) cerise(s)","shopGroup":"Fruits","qte":"200","unit":"g","step":"Pour l'étape 2","order":7},{"label":"Champignon(s) de Paris","shopGroup":"Légumes","qte":"200","unit":"g","step":"Pour l'étape 2","order":8},{"label":"Pousse(s) d'alfalfa","shopGroup":"Légumes","qte":"100","unit":"g","step":"Pour l'étape 2","order":9},{"label":"Citron(s) jaune(s)","shopGroup":"Fruits","qte":"1","unit":"pièce(s)","step":"Pour l'étape 2","order":10},{"label":"Fleur de sel","shopGroup":"Epicerie","qte":"6","unit":"pincée(s)","step":"Pour l'étape 2","order":11},{"label":"Moulin à poivre","shopGroup":"","qte":"6","unit":"tour(s)","step":"Pour l'étape 2","order":12}],"chiefTip":"Remplacez le saumon par un poisson à chair blanche comme le bar.","id":10529}