{"title":"Boeuf vapeur à la purée de tomates séchées, chou et morilles","description":"Détendre la purée de tomates confites avec de l'huile d'olive. Ajouter le curcuma et le poivre, puis badigeonner les pièces de boeuf de ce mélange à l'aide d'un pinceau.<br />Éplucher l'oignon blanc et le ciseler finement. Couper le chou chinois en 2, puis en lamelles de 1 cm d'épaisseur.<br /><br />Dans un wok chaud, mettre un filet d'huile d'olive, ajouter l'oignon et le faire suer avec une pincée de sel fin pendant 2 à 3 min. Ajouter ensuite les aromates, puis les morilles, et laisser cuire 1 min. Ajouter enfin le chou chinois, saler et verser 1 verre d'eau, puis mélanger et laisser cuire 2 min.<br />Poser une grille sur le chou et disposer les pièces de boeuf dessus, saler et poivrer, puis couvrir et laisser cuire 6 à 8 min à feu moyen. Débarrasser ensuite la viande et la trancher en fines lamelles. Égoutter rapidement le chou.<br /><br />Dans une assiette, disposer la garniture, poser les lamelles de boeuf dessus et servir aussitôt.<br />","summary":"Filet de boeuf enduit d'une purée de tomates séchées, cuit à la vapeur dans un wok avec du chou chinois et des morilles.","timePreparation":"30mn","timeBaking":"15mn","timeRest":"0mn","picture":"","ingredients":[{"label":"Pavé(s) de boeuf de 150g","shopGroup":"Boucherie","qte":"6","unit":"pièce(s)","step":"","order":0},{"label":"Chou(x) chinois","shopGroup":"Légumes","qte":"1","unit":"pièce(s)","step":"","order":1},{"label":"Morille(s)","shopGroup":"Légumes","qte":"200","unit":"g","step":"","order":2},{"label":"Purée de tomate confite","shopGroup":"Epicerie","qte":"50","unit":"g","step":"","order":3},{"label":"Huile d'olive","shopGroup":"Epicerie","qte":"5","unit":"cl","step":"","order":4},{"label":"Curcuma en poudre","shopGroup":"Epicerie","qte":"3","unit":"g","step":"","order":5},{"label":"Oignon(s) blanc(s)","shopGroup":"Légumes","qte":"1","unit":"pièce(s)","step":"","order":6},{"label":"Aromate(s) ail, thym, laurier","shopGroup":"Herbes aromatiques","qte":"1","unit":"pièce(s)","step":"","order":7},{"label":"Sel fin","shopGroup":"","qte":"6","unit":"pincée(s)","step":"","order":8},{"label":"Moulin à poivre","shopGroup":"","qte":"6","unit":"tour(s)","step":"","order":9}],"chiefTip":"Variez le temps de cuisson du boeuf en fonction de la texture désirée : pour un boeuf de 3 cm d'épaisseur, comptez 6 min pour \"saignant\", 8 min pour \"à point\" et 10 min pour \"bien cuit\".","id":10016}