{"id":10121,"title":"Recette de Tatin de rattes au brie de Meaux, champignons et noix","description":"","summary":"Un fond de rondelles de rattes en rosace garni d'un mélange de champignons aillés et agrémenté de brie de Meaux et de noix concassées. Le tout recouvert d'une pâte feuilletée.","timePreparation":"15mn","timeBaking":"30mn","timeRest":"0mn","picture":"http://1.media.atelierdeschefs.com/recette-e10121-tatin-de-rattes-au-brie-de-meaux-champignons-et-noix.jpg","ingredients":[{"label":"Pomme(s) de terre ratte","shopGroup":"Légumes","qte":"250","unit":"g","step":"","order":0},{"label":"Brie de Meaux","shopGroup":"Fromage(s)","qte":"100","unit":"g","step":"","order":1},{"label":"Champignon(s) de saison","shopGroup":"Légumes","qte":"250","unit":"g","step":"","order":2},{"label":"Cerneau(x) de noix","shopGroup":"Epicerie","qte":"50","unit":"g","step":"","order":3},{"label":"Beurre doux","shopGroup":"Crèmerie  hors fromage","qte":"50","unit":"g","step":"","order":4},{"label":"Echalote(s)","shopGroup":"Légumes","qte":"1","unit":"pièce(s)","step":"","order":5},{"label":"Ciboulette","shopGroup":"Herbes aromatiques","qte":"0.5","unit":"botte(s)","step":"","order":6},{"label":"Gousse(s) d'ail","shopGroup":"Légumes","qte":"1","unit":"gousse(s)","step":"","order":7},{"label":"Rouleau(x) de pâte feuilletée","shopGroup":"Traiteur","qte":"1","unit":"pièce(s)","step":"","order":8},{"label":"Mesclun de salade","shopGroup":"Légumes","qte":"100","unit":"g","step":"","order":9},{"label":"Huile d'olive","shopGroup":"Epicerie","qte":"3","unit":"cl","step":"","order":10},{"label":"Sel fin","shopGroup":"","qte":"3","unit":"pincée(s)","step":"","order":11},{"label":"Moulin à poivre","shopGroup":"","qte":"3","unit":"tour(s)","step":"","order":12}]}