{"title":"Gambas grillées, semoule à l'encre de seiche et huile de truffe","description":"","summary":"A l'occasion de la Biennale d'Art Contemporain, nous vous proposons une cuisine vue par Andy Warhol : une poêlée de gambas accompagnées d'une semoule à l'huile de truffe et à l'encre de seiche.","timePreparation":"30mn","timeBaking":"0mn","timeRest":"0mn","picture":"","ingredients":[{"label":"Queue(s) de Gambas surgelées","shopGroup":"Surgelés","qte":"24","unit":"pièce(s)","step":"","order":0},{"label":"Semoule de blé moyenne","shopGroup":"Epicerie","qte":"200","unit":"g","step":"","order":1},{"label":"Sachet d'encre de seiche","shopGroup":"Poissonnerie","qte":"1","unit":"pièce(s)","step":"","order":2},{"label":"Eau","shopGroup":"","qte":"4","unit":"cl","step":"","order":3},{"label":"Huile de truffe blanche","shopGroup":"Epicerie","qte":"0.5","unit":"cl","step":"","order":4},{"label":"Sel fin","shopGroup":"","qte":"6","unit":"pincée(s)","step":"","order":5},{"label":"Piment d'Espelette","shopGroup":"Epicerie","qte":"6","unit":"pincée(s)","step":"","order":6},{"label":"Huile d'olive","shopGroup":"Epicerie","qte":"0.3","unit":"cl","step":"","order":7}],"chiefTip":"Évitez de mélanger la semoule lorsqu'elle se réhydrate pour ne pas l'écraser et en faire de la purée ! Égrainez-la plutôt en fin de réhydratation à l'aide d'une fourchette.","id":10704}