{"title":"Autour du siphon : 2 recettes simples et efficaces","description":"<br /><b>Pour le siphon : la chantilly</b><br />Dans un récipient froid, mélanger tous les ingrédients à l'aide d'un fouet. Verser ensuite le tout dans le corps du siphon, puis le fermer et injecter le gaz. Mélanger énergiquement et faire sortir l'émulsion chantilly.<br /><br /><b>Pour le siphon : émulsion de chèvre mielée</b><br />Réaliser les mêmes étapes que pour la recette sucrée.<br />","summary":"Apprenez les techniques basiques pour utiliser un siphon à base de crèmes salée et sucrée.","timePreparation":"15mn","timeBaking":"0mn","timeRest":"0mn","picture":"","ingredients":[{"label":"Crème liquide entière","shopGroup":"","qte":"30","unit":"cl","step":"Pour le siphon","order":0},{"label":"Lait 1/2 écrémé","shopGroup":"Crèmerie  hors fromage","qte":"10","unit":"cl","step":"Pour le siphon","order":1},{"label":"Sucre glace","shopGroup":"Epicerie","qte":"50","unit":"g","step":"Pour le siphon","order":2},{"label":"Faisselle(s) de chèvre","shopGroup":"Fromage(s)","qte":"2","unit":"pièce(s)","step":"Pour le siphon","order":3},{"label":"Miel","shopGroup":"Epicerie","qte":"30","unit":"g","step":"Pour le siphon","order":4},{"label":"Crème liquide entière","shopGroup":"Crèmerie  hors fromage","qte":"15","unit":"cl","step":"Pour le siphon","order":5},{"label":"Sel fin","shopGroup":"","qte":"3","unit":"pincée(s)","step":"Pour le siphon","order":6},{"label":"Piment d'Espelette","shopGroup":"Epicerie","qte":"3","unit":"pincée(s)","step":"Pour le siphon","order":7}],"chiefTip":"Veillez bien à ce qu'il n'y ait pas de morceaux dans la préparation : n'hésitez pas à utiliser un chinois.Remplissez les siphons au minimum (et au maximum aux 3/4).","id":10371}