{"id":10634,"title":"Recette de Cocktail violet vitaminé au chou rouge, betterave et gingembre","description":"","summary":"Cocktail froid de légumes au chou rouge servi en verrine pour stimuler l'intestin, agrémenté de betterave, orange et gingembre pour l'énergie.","timePreparation":"1h","timeBaking":"0mn","timeRest":"0mn","picture":"http://1.media.atelierdeschefs.com/recette-e10634-cocktail-violet-vitamine-au-chou-rouge-betterave-et-gingembre.jpg","ingredients":[{"label":"Chou(x) rouge(s)","shopGroup":"Légumes","qte":"0.5","unit":"pièce(s)","step":"","order":0},{"label":"Eau","shopGroup":"","qte":"1","unit":"l","step":"","order":1},{"label":"Betterave(s) rouge(s) cuite(s)","shopGroup":"Légumes","qte":"1","unit":"pièce(s)","step":"","order":2},{"label":"Cube(s) de bouillon de légumes","shopGroup":"Epicerie","qte":"1","unit":"pièce(s)","step":"","order":3},{"label":"Gingembre frais","shopGroup":"Légumes","qte":"15","unit":"g","step":"","order":4},{"label":"Orange(s)","shopGroup":"Fruits","qte":"3","unit":"pièce(s)","step":"","order":5},{"label":"Sel de céleri","shopGroup":"Epicerie","qte":"6","unit":"pincée(s)","step":"","order":6},{"label":"Vinaigre alcool blanc","shopGroup":"Epicerie","qte":"10","unit":"cl","step":"","order":7},{"label":"Gousse(s) d'ail","shopGroup":"Légumes","qte":"1","unit":"gousse(s)","step":"","order":8}]}