{"title":"Oeufs \"défaits\" puis cuits en omelette façon basquaise","description":"","summary":"Les blancs sont cuits comme une omelette avec des poivrons, des oignons, des tomates et du jambon de Bayonne, puis décorés avec des jaunes d'oeufs entiers et crus qui sont posés dessus.","timePreparation":"30mn","timeBaking":"5mn","timeRest":"0mn","picture":"","ingredients":[{"label":"Tomate(s)","shopGroup":"Fruits","qte":"2","unit":"pièce(s)","step":"Pour la garniture","order":0},{"label":"Poivron(s) rouge(s)","shopGroup":"Légumes","qte":"1","unit":"pièce(s)","step":"Pour la garniture","order":1},{"label":"Poivron(s) vert(s)","shopGroup":"Légumes","qte":"1","unit":"pièce(s)","step":"Pour la garniture","order":2},{"label":"Jambon sec","shopGroup":"Charcuterie","qte":"100","unit":"g","step":"Pour la garniture","order":3},{"label":"Gousse(s) d'ail","shopGroup":"Légumes","qte":"1","unit":"gousse(s)","step":"Pour la garniture","order":4},{"label":"Oignon(s)","shopGroup":"Légumes","qte":"1","unit":"pièce(s)","step":"Pour la garniture","order":5},{"label":"Basilic","shopGroup":"Herbes aromatiques","qte":"0.5","unit":"botte(s)","step":"Pour la garniture","order":6},{"label":"Oeuf(s)","shopGroup":"Crèmerie  hors fromage","qte":"12","unit":"pièce(s)","step":"Pour le reste de la recette","order":7},{"label":"Sel fin","shopGroup":"","qte":"6","unit":"pincée(s)","step":"Pour le reste de la recette","order":8},{"label":"Moulin à poivre","shopGroup":"","qte":"6","unit":"tour(s)","step":"Pour le reste de la recette","order":9},{"label":"Huile d'olive","shopGroup":"Epicerie","qte":"3","unit":"cl","step":"Pour le reste de la recette","order":10},{"label":"Fleur de sel","shopGroup":"Epicerie","qte":"6","unit":"pincée(s)","step":"Pour le reste de la recette","order":11}],"chiefTip":"Vous pouvez varier la garniture de l'omelette avec des asperges vertes. Elle sera tout aussi délicieuse !","id":10155}