{"title":"Oeufs \"défaits\" puis cuits en omelette façon basquaise","description":"Éplucher les oignons et les émincer finement. Peler les poivrons et les tomates, les épépiner puis les tailler en julienne (fins bâtonnets). Couper le jambon en chiffonnade. Effeuiller et ciseler le basilic.<br /><br />Dans une poêle chaude, faire suer les oignons et les poivrons avec 2 cuillères à soupe d'huile d'olive et 1 pincée de sel. Les laisser cuire 2 min, puis ajouter les tomates et la gousse d'ail. Cuire à petit feu et sans couvrir pendant 3 min pour laisser l'eau de végétation s'évaporer. Ôter ensuite la gousse d'ail, ajouter la julienne de jambon ainsi que le basilic ciselé. Rectifier l'assaisonnement et laisser refroidir.<br /><br />Clarifier 6 oeufs et réserver les jaunes en veillant à ne pas les crever.<br />Dans un bol, battre les blancs à l'aide d'une fourchette, les assaisonner de sel fin et de poivre du moulin. Ajouter ensuite les blancs d'oeufs à la garniture « basquaise ».<br />Dans une poêle chaude antiadhésive, verser 2 cuillères à soupe d'huile d'olive et ajouter le mélange légumes/blancs d'oeufs, puis cuire en remuant à l'aide d'une spatule. Lorsque les blancs ont coagulé, cesser de mélanger et laisser l'omelette se colorer, puis la retourner afin de colorer l'autre face.<br /><br />Faire glisser délicatement l'omelette sur une assiette, la couper en 6 et disposer un jaune d'oeuf sur chaque part. Assaisonner de fleur de sel et de poivre du moulin. Servir aussitôt.<br />","summary":"Les blancs sont cuits comme une omelette avec des poivrons, des oignons, des tomates et du jambon de Bayonne, puis décorés avec des jaunes d'oeufs entiers et crus qui sont posés dessus.","timePreparation":"30mn","timeBaking":"5mn","timeRest":"0mn","picture":"","ingredients":[{"label":"Tomate(s)","shopGroup":"Fruits","qte":"2","unit":"pièce(s)","step":"Pour la garniture","order":0},{"label":"Poivron(s) rouge(s)","shopGroup":"Légumes","qte":"1","unit":"pièce(s)","step":"Pour la garniture","order":1},{"label":"Poivron(s) vert(s)","shopGroup":"Légumes","qte":"1","unit":"pièce(s)","step":"Pour la garniture","order":2},{"label":"Jambon sec","shopGroup":"Charcuterie","qte":"100","unit":"g","step":"Pour la garniture","order":3},{"label":"Gousse(s) d'ail","shopGroup":"Légumes","qte":"1","unit":"gousse(s)","step":"Pour la garniture","order":4},{"label":"Oignon(s)","shopGroup":"Légumes","qte":"1","unit":"pièce(s)","step":"Pour la garniture","order":5},{"label":"Basilic","shopGroup":"Herbes aromatiques","qte":"0.5","unit":"botte(s)","step":"Pour la garniture","order":6},{"label":"Oeuf(s)","shopGroup":"Crèmerie  hors fromage","qte":"12","unit":"pièce(s)","step":"Pour le reste de la recette","order":7},{"label":"Sel fin","shopGroup":"","qte":"6","unit":"pincée(s)","step":"Pour le reste de la recette","order":8},{"label":"Moulin à poivre","shopGroup":"","qte":"6","unit":"tour(s)","step":"Pour le reste de la recette","order":9},{"label":"Huile d'olive","shopGroup":"Epicerie","qte":"3","unit":"cl","step":"Pour le reste de la recette","order":10},{"label":"Fleur de sel","shopGroup":"Epicerie","qte":"6","unit":"pincée(s)","step":"Pour le reste de la recette","order":11}],"chiefTip":"Vous pouvez varier la garniture de l'omelette avec des asperges vertes. Elle sera tout aussi délicieuse !","id":10155}