{"title":"Cupcake \"Forêt Noire\"","description":"","summary":"Petits cakes moelleux au chocolat, garnis de chantilly, de griottes et de copeaux de chocolat.","timePreparation":"15mn","timeBaking":"20mn","timeRest":"15mn","picture":"","ingredients":[{"label":"Oeuf(s)","shopGroup":"Crèmerie  hors fromage","qte":"2","unit":"pièce(s)","step":"Pour les gâteaux","order":0},{"label":"Sucre en poudre","shopGroup":"Epicerie","qte":"125","unit":"g","step":"Pour les gâteaux","order":1},{"label":"Farine avec levure","shopGroup":"Epicerie","qte":"125","unit":"g","step":"Pour les gâteaux","order":2},{"label":"Beurre doux","shopGroup":"Crèmerie  hors fromage","qte":"125","unit":"g","step":"Pour les gâteaux","order":3},{"label":"Cacao en poudre non sucré","shopGroup":"Epicerie","qte":"10","unit":"g","step":"Pour les gâteaux","order":4},{"label":"Kirsch","shopGroup":"Boissons alcoolisées","qte":"5","unit":"cl","step":"Pour les gâteaux","order":5},{"label":"Griotte(s)","shopGroup":"","qte":"100","unit":"g","step":"Pour les gâteaux","order":6},{"label":"Crème liquide entière","shopGroup":"Crèmerie  hors fromage","qte":"12","unit":"cl","step":"Pour le reste de la recette","order":7},{"label":"Sucre glace","shopGroup":"Epicerie","qte":"50","unit":"g","step":"Pour le reste de la recette","order":8},{"label":"Griotte(s)","shopGroup":"Fruits","qte":"30","unit":"g","step":"Pour le reste de la recette","order":9},{"label":"Chocolat noir","shopGroup":"Epicerie","qte":"50","unit":"g","step":"Pour le reste de la recette","order":10}],"chiefTip":"Ne remplissez pas trop les caissettes pour laisser de la place au glaçage.Les cupcakes se conservent très bien pendant plusieurs jours dans une boîte hermétique. Si vous ne disposez pas de farine avec levure, mélangez 120 g de farine avec 5 g de levure chimique.","id":10515}