{"title":"Compote de poires et fraises","description":"","summary":"Poires fraîches cuites doucement puis réduites en compote et servies avec des morceaux de fraises fraîches.","timePreparation":"30mn","timeBaking":"0mn","timeRest":"0mn","picture":"","ingredients":[{"label":"Poire(s)","shopGroup":"Fruits","qte":"2","unit":"kg","step":"","order":0},{"label":"Eau","shopGroup":"","qte":"20","unit":"cl","step":"","order":1},{"label":"Sucre en poudre","shopGroup":"Epicerie","qte":"100","unit":"g","step":"","order":2},{"label":"Sucre à la vanille","shopGroup":"Epicerie","qte":"10","unit":"g","step":"","order":3},{"label":"Fraise(s)","shopGroup":"Fruits","qte":"250","unit":"g","step":"","order":4},{"label":"Citron(s) jaune(s)","shopGroup":"Fruits","qte":"1","unit":"pièce(s)","step":"","order":5},{"label":"Menthe fraîche","shopGroup":"Herbes aromatiques","qte":"6","unit":"f","step":"","order":6}],"chiefTip":"Vous pouvez parfumer cette compote avec des épices telles que la cannelle ou la vanille.","id":10440}