{"title":"Quiche au chèvre, comté et menthe","description":"<br /><b>Pour la pâte :</b><br />Mélanger la farine avec le beurre jusqu'à obtenir la consistance d'un sable grossier. Ajouter alors le jaune d'oeuf, la pincée de sel et le lait, puis mélanger sans trop travailler la pâte. Laisser ensuite reposer au frais pendant 1 h.<br /><br /><b>Pour la garniture :</b><br />Préchauffer le four à 200 °C.<br /><br />Étaler la pâte et foncer le cercle préalablement beurré. Recouvrir d'une feuille de papier cuisson, puis garnir de lentilles ou de légumes secs. Cuire ensuite la pâte à blanc (c'est-à-dire sans garniture) à 200 °C pendant 10 min.<br /><br />Couper la buche de chèvre en petits cubes. Râper le comté.<br />Dans un récipient, mélanger les oeufs et le jaune, ajouter la crème et le fromage râpé, puis assaisonner et mélanger. Effeuiller la menthe et la ciseler, puis l'incorporer au mélange, ainsi que les cubes de fromage.<br />Verser l'appareil sur la pâte et enfourner la quiche pendant environ 30 min jusqu'à ce qu'elle soit bien dorée.<br />","summary":"Recette simple traditionnelle, avec un fromage parfumé à la menthe cuit dans un flan à base d'oeuf et de crème, et une pâte croustillante.","timePreparation":"30mn","timeBaking":"30mn","timeRest":"1h","picture":"http://1.media.atelierdeschefs.com/recette-c10105-quiche-au-chevre-comte-et-menthe.jpg","ingredients":[{"label":"Jaune(s) d'oeuf(s)","shopGroup":"","qte":"1","unit":"pièce(s)","step":"Pour la pâte","order":0},{"label":"Farine de blé","shopGroup":"Epicerie","qte":"200","unit":"g","step":"Pour la pâte","order":1},{"label":"Beurre doux","shopGroup":"Crèmerie  hors fromage","qte":"100","unit":"g","step":"Pour la pâte","order":2},{"label":"Sel fin","shopGroup":"","qte":"6","unit":"pincée(s)","step":"Pour la pâte","order":3},{"label":"Lait 1/2 écrémé","shopGroup":"Crèmerie  hors fromage","qte":"2","unit":"cl","step":"Pour la pâte","order":4},{"label":"Buche(s) de chèvre","shopGroup":"Fromage(s)","qte":"1","unit":"pièce(s)","step":"Pour la garniture","order":5},{"label":"Oeuf(s)","shopGroup":"Crèmerie  hors fromage","qte":"2","unit":"pièce(s)","step":"Pour la garniture","order":6},{"label":"Jaune(s) d'oeuf(s)","shopGroup":"Crèmerie  hors fromage","qte":"2","unit":"pièce(s)","step":"Pour la garniture","order":7},{"label":"Crème fraîche épaisse","shopGroup":"Crèmerie  hors fromage","qte":"500","unit":"g","step":"Pour la garniture","order":8},{"label":"Comté","shopGroup":"Fromage(s)","qte":"50","unit":"g","step":"Pour la garniture","order":9},{"label":"Menthe fraîche","shopGroup":"Herbes aromatiques","qte":"0.25","unit":"botte(s)","step":"Pour la garniture","order":10},{"label":"Sel fin","shopGroup":"","qte":"6","unit":"pincée(s)","step":"Pour la garniture","order":11},{"label":"Piment d'Espelette","shopGroup":"Epicerie","qte":"6","unit":"pincée(s)","step":"Pour la garniture","order":12},{"label":"Noix de muscade râpée","shopGroup":"Epicerie","qte":"2","unit":"g","step":"Pour la garniture","order":13}],"chiefTip":"Vous pouvez utiliser une pâte prête à l'emploi, mais pensez toujours à bien cuire la pâte à blanc.","id":10105}