{"id":10588,"title":"Recette de Fondue de chocolat noir grand cru, fruits de saison","description":"","summary":"De délicieuses brochettes de fruits trempées dans un bain de chocolat aux origines rares.","timePreparation":"20mn","timeBaking":"0mn","timeRest":"0mn","picture":"http://1.media.atelierdeschefs.com/recette-e10588-fondue-de-chocolat-noir-grand-cru-fruits-de-saison.jpg","ingredients":[{"label":"Ananas victoria","shopGroup":"Fruits","qte":"1","unit":"pièce(s)","step":"","order":0},{"label":"Pomme(s)","shopGroup":"Fruits","qte":"500","unit":"g","step":"","order":1},{"label":"Poire(s)","shopGroup":"Fruits","qte":"500","unit":"g","step":"","order":2},{"label":"Mangue(s)","shopGroup":"Fruits","qte":"1","unit":"pièce(s)","step":"","order":3},{"label":"Chamallow","shopGroup":"Epicerie","qte":"18","unit":"pièce(s)","step":"","order":4}]}