{"title":"Fondue de chocolat noir grand cru, fruits de saison","description":"Faire fondre le chocolat au bain-marie ou au micro-ondes.<br /><br />Éplucher les fruits de saison et les tailler en fines lamelles ou en quartiers. Réaliser ensuite des brochettes de fruits à l'aide de pics en bois.<br /><br />Verser le chocolat sur la fontaine à chocolat puis tremper les fruits et les Chamalow dedans.<br />A Déguster sans modération.<br />","summary":"De délicieuses brochettes de fruits trempées dans un bain de chocolat aux origines rares.","timePreparation":"20mn","timeBaking":"0mn","timeRest":"0mn","picture":"","ingredients":[{"label":"Ananas victoria","shopGroup":"Fruits","qte":"1","unit":"pièce(s)","step":"","order":0},{"label":"Pomme(s)","shopGroup":"Fruits","qte":"500","unit":"g","step":"","order":1},{"label":"Poire(s)","shopGroup":"Fruits","qte":"500","unit":"g","step":"","order":2},{"label":"Mangue(s)","shopGroup":"Fruits","qte":"1","unit":"pièce(s)","step":"","order":3},{"label":"Chamallow","shopGroup":"Epicerie","qte":"18","unit":"pièce(s)","step":"","order":4}],"chiefTip":"Vous pouvez ajouter un peu d'huile de noisette dans la fontaine à chocolat pour donner du caractère à votre fondue.","id":10588}