{"title":"Saumon vapeur sauce thé vert et fondue de poireaux aux raisins","description":"Couper les poireaux en 2 pour bien les laver. Couper ensuite le blanc en fines lamelles. Éplucher les oignons et les émincer également en fines lamelles.<br />Dans une casserole, mettre la moitié du beurre et faire revenir les oignons à feu doux pendant 2 min avec le sel fin. Ajouter ensuite les raisins secs et poursuivre la cuisson pendant 2 min, avant d'ajouter les poireaux. Mettre de l'eau à mi-hauteur des poireaux, couvrir et laisser cuire jusqu'à complète évaporation de l'eau.<br /><br />Éplucher les échalotes et les émincer en fines lamelles. Éplucher la pomme et la couper en petits cubes.<br />Faire revenir les échalotes à feu très doux pendant 2 min avec le reste de beurre et du sel fin. Ajouter ensuite la farine et les dés de pomme, cuire encore durant 2 min. Mettre le lait de coco et porter à ébullition, puis laisser frémir pendant 5 min. Stopper le feu et mettre le thé à infuser. Mixer ensuite la sauce et la filtrer si besoin, puis la garder au chaud.<br /><br />Dans un cuiseur vapeur, mettre les pavés de saumon assaisonnés de fleur de sel et de piment d'Espelette, et les cuire pendant 10 min.<br /> <br />Répartir harmonieusement la fondue de poireaux dans les assiettes, poser les pavés de saumon à côté et ajouter un cordon de sauce.<br />","summary":"Apprenez la cuisson d'un pavé de saumon vapeur riche en Oméga 3, servi avec une sauce au lait de coco et au thé vert Macha anti-oxydant, le tout accompagné d'une fondue de poireaux aux propriétés diurétiques.","timePreparation":"45mn","timeBaking":"0mn","timeRest":"0mn","picture":"","ingredients":[{"label":"Pavé(s) de saumon (150g)","shopGroup":"Poissonnerie","qte":"6","unit":"pièce(s)","step":"","order":0},{"label":"Poireau(x)","shopGroup":"Légumes","qte":"12","unit":"pièce(s)","step":"","order":1},{"label":"Oignon(s)","shopGroup":"Légumes","qte":"2","unit":"pièce(s)","step":"","order":2},{"label":"Raisin(s) sec(s) blond(s)","shopGroup":"Epicerie","qte":"50","unit":"g","step":"","order":3},{"label":"Echalote(s)","shopGroup":"Légumes","qte":"2","unit":"pièce(s)","step":"","order":4},{"label":"Pomme(s)","shopGroup":"Fruits","qte":"1","unit":"pièce(s)","step":"","order":5},{"label":"Lait de coco non sucré","shopGroup":"Epicerie","qte":"25","unit":"cl","step":"","order":6},{"label":"Beurre doux","shopGroup":"Crèmerie  hors fromage","qte":"10","unit":"g","step":"","order":7},{"label":"Thé matcha","shopGroup":"Epicerie","qte":"10","unit":"g","step":"","order":8},{"label":"Sel fin","shopGroup":"","qte":"6","unit":"pincée(s)","step":"","order":9},{"label":"Fleur de sel","shopGroup":"Epicerie","qte":"6","unit":"pincée(s)","step":"","order":10},{"label":"Piment d'Espelette","shopGroup":"Epicerie","qte":"6","unit":"pincée(s)","step":"","order":11},{"label":"Farine de blé","shopGroup":"Epicerie","qte":"10","unit":"g","step":"","order":12}],"chiefTip":"Vous pouvez remplacer le saumon par un autre poisson comme le cabillaud.","id":10633}