{"id":10275,"title":"Recette de Bonbon de caramel au beurre demi-sel","description":"","summary":"Réalisez les classiques bonbons au caramel au beurre demi-sel qui vous ferons faire un retour en enfance.","timePreparation":"1h","timeBaking":"30mn","timeRest":"0mn","picture":"http://1.media.atelierdeschefs.com/recette-e10275-bonbon-de-caramel-au-beurre-demi-sel.jpg","ingredients":[{"label":"Crème liquide entière","shopGroup":"Crèmerie  hors fromage","qte":"50","unit":"cl","step":"","order":0},{"label":"Sucre en poudre","shopGroup":"Epicerie","qte":"500","unit":"g","step":"","order":1},{"label":"Sirop de glucose","shopGroup":"Epicerie","qte":"75","unit":"g","step":"","order":2},{"label":"Gousse(s) de vanille","shopGroup":"Epicerie","qte":"1","unit":"pièce(s)","step":"","order":3},{"label":"Beurre demi-sel","shopGroup":"Crèmerie  hors fromage","qte":"30","unit":"g","step":"","order":4},{"label":"Beurre de cacao","shopGroup":"Epicerie","qte":"5","unit":"g","step":"","order":5},{"label":"Amande(s) hachée(s)","shopGroup":"Epicerie","qte":"25","unit":"g","step":"","order":6}]}