{"id":10206,"title":"Recette de Pavé de boeuf piqué au cognac, pommes de terre écrasées et échalotes confites","description":"","summary":"Pavé de boeuf rôti piqué au cognac, accompagné de pommes de terre écrasées et d'échalotes confites.","timePreparation":"25mn","timeBaking":"25mn","timeRest":"0mn","picture":"http://1.media.atelierdeschefs.com/recette-e10206-pave-de-boeuf-pique-au-cognac-pommes-de-terre-ecrasees-et-echalotes-confites.jpg","ingredients":[{"label":"Pavé(s) de rumsteck de 200 g","shopGroup":"Boucherie","qte":"6","unit":"pièce(s)","step":"","order":0},{"label":"Huile d'arachide","shopGroup":"Epicerie","qte":"5","unit":"cl","step":"","order":1},{"label":"Fleur de sel","shopGroup":"Epicerie","qte":"3","unit":"pincée(s)","step":"","order":2},{"label":"Moulin à poivre","shopGroup":"","qte":"3","unit":"tour(s)","step":"","order":3},{"label":"Cognac","shopGroup":"Boissons alcoolisées","qte":"6","unit":"cl","step":"","order":4},{"label":"Pomme(s) de terre à chair fondante","shopGroup":"Légumes","qte":"600","unit":"g","step":"Pour la garniture","order":5},{"label":"Gros sel","shopGroup":"","qte":"10","unit":"g","step":"Pour la garniture","order":6},{"label":"Lait 1/2 écrémé","shopGroup":"Crèmerie  hors fromage","qte":"5","unit":"cl","step":"Pour la garniture","order":7},{"label":"Beurre doux","shopGroup":"Crèmerie  hors fromage","qte":"50","unit":"g","step":"Pour la garniture","order":8},{"label":"Echalote(s)","shopGroup":"Légumes","qte":"6","unit":"pièce(s)","step":"Pour le reste de la recette","order":9},{"label":"Huile d'olive","shopGroup":"Epicerie","qte":"3","unit":"cl","step":"Pour le reste de la recette","order":10},{"label":"Réduction de vinaigre Balsamique","shopGroup":"Epicerie","qte":"5","unit":"cl","step":"Pour le reste de la recette","order":11}]}