{"title":"Poêlée de pommes de terre et champignons frais, filet de daurade persillé","description":"","summary":"Appréciez des pommes grenailles non épluchées, rôties au beurre et accompagnées de champignons de saison.","timePreparation":"45mn","timeBaking":"0mn","timeRest":"0mn","picture":"","ingredients":[{"label":"Pomme(s) de terre grenaille","shopGroup":"Légumes","qte":"600","unit":"g","step":"","order":0},{"label":"Girolle(s)","shopGroup":"Légumes","qte":"200","unit":"g","step":"","order":1},{"label":"Trompettes de la mort","shopGroup":"Légumes","qte":"200","unit":"g","step":"","order":2},{"label":"Echalote(s)","shopGroup":"Légumes","qte":"2","unit":"pièce(s)","step":"","order":3},{"label":"Huile d'olive","shopGroup":"","qte":"10","unit":"cl","step":"","order":4},{"label":"Beurre doux","shopGroup":"Crèmerie  hors fromage","qte":"20","unit":"g","step":"","order":5},{"label":"Aromate(s) ail, thym, laurier","shopGroup":"Herbes aromatiques","qte":"1","unit":"pièce(s)","step":"","order":6},{"label":"Filet(s) de daurade de 140 g","shopGroup":"Poissonnerie","qte":"6","unit":"pièce(s)","step":"Pour l'étape 2","order":7},{"label":"Persil plat","shopGroup":"Herbes aromatiques","qte":"1","unit":"botte(s)","step":"Pour l'étape 2","order":8},{"label":"Chapelure de pain","shopGroup":"Epicerie","qte":"200","unit":"g","step":"Pour l'étape 2","order":9},{"label":"Gousse(s) d'ail","shopGroup":"Légumes","qte":"6","unit":"gousse(s)","step":"Pour l'étape 2","order":10},{"label":"Huile d'olive","shopGroup":"Epicerie","qte":"10","unit":"cl","step":"Pour l'étape 2","order":11},{"label":"Moulin à poivre","shopGroup":"","qte":"6","unit":"tour(s)","step":"Pour l'étape 2","order":12},{"label":"Sel fin","shopGroup":"","qte":"6","unit":"pincée(s)","step":"Pour l'étape 2","order":13},{"label":"Piment d'Espelette","shopGroup":"Epicerie","qte":"6","unit":"pincée(s)","step":"Pour l'étape 2","order":14}],"chiefTip":"Cette poêlée de pommes de terre peut très bien accompagner une viande rouge.","id":10660}