{"title":"Gougères farcies au mascarpone à la truffe","description":"<br /><b>Pour les gougères</b><br />Préchauffer le four à 200°C.<br /><br />Faire fondre le beurre dans une casserole avec l'eau. <br />Ajouter la farine et remuer rapidement avec une cuillère en bois jusqu'à ce que le mélange se détache des côtés de la casserole et qu'il soit lisse. <br />Laisser refroidir quelques minutes, puis y incorporer les oeufs un par un. Ajouter ensuite le fromage et assaisonner de sel et de poivre noir fraîchement moulu. <br />Mettre la pâte dans une poche à douille et former des petits choux sur une plaque à pâtisserie antiadhésive. <br /><br />Les faire cuire 12 minutes au four jusqu'à ce qu'ils soient bien gonflés et dorés.<br /><br /><b>Pour la farce</b><br />Mélanger le mascarpone avec le sel et l'huile de truffe. <br />Hacher très finement la ciboulette et l'ajouter au mélange. Rectifier l'assaisonnement et mettre le mélange dans une poche à douille.<br /><br />Pour remplir les gougères, faire un petit trou au niveau de leur base et les farcir du mélange. <br /><br />Servir en amuse bouche.<br />","summary":"Des profiteroles salées, farcies au mascarpone à la truffe et à la ciboulette.","timePreparation":"30mn","timeBaking":"12mn","timeRest":"0mn","picture":"","ingredients":[{"label":"Eau","shopGroup":"","qte":"22","unit":"cl","step":"","order":0},{"label":"Beurre doux","shopGroup":"Crèmerie  hors fromage","qte":"85","unit":"g","step":"","order":1},{"label":"Farine de blé","shopGroup":"Epicerie","qte":"105","unit":"g","step":"","order":2},{"label":"Oeuf(s)","shopGroup":"Crèmerie  hors fromage","qte":"3","unit":"pièce(s)","step":"","order":3},{"label":"Gruyère râpé","shopGroup":"Fromage(s)","qte":"100","unit":"g","step":"","order":4},{"label":"Sel fin","shopGroup":"","qte":"1","unit":"pincée(s)","step":"","order":5},{"label":"Moulin à poivre","shopGroup":"","qte":"3","unit":"tour(s)","step":"","order":6},{"label":"Mascarpone","shopGroup":"Fromage(s)","qte":"250","unit":"g","step":"Pour la crème","order":7},{"label":"Ciboulette","shopGroup":"Herbes aromatiques","qte":"0.25","unit":"botte(s)","step":"Pour la crème","order":8},{"label":"Huile de truffe blanche","shopGroup":"Epicerie","qte":"2","unit":"cl","step":"Pour la crème","order":9},{"label":"Sel fin","shopGroup":"","qte":"2","unit":"pincée(s)","step":"Pour la crème","order":10}],"chiefTip":"Ajoutez un peu de gruyère râpé sur les gougères pendant qu'elles cuisent.","id":10335}