{"id":10335,"title":"Recette de Gougères farcies au mascarpone à la truffe","description":"","summary":"Des profiteroles salées, farcies au mascarpone à la truffe et à la ciboulette.","timePreparation":"30mn","timeBaking":"12mn","timeRest":"0mn","picture":"http://1.media.atelierdeschefs.com/recette-e10335-gougeres-farcies-au-mascarpone-a-la-truffe.jpg","ingredients":[{"label":"Eau","shopGroup":"","qte":"22","unit":"cl","step":"","order":0},{"label":"Beurre doux","shopGroup":"Crèmerie  hors fromage","qte":"85","unit":"g","step":"","order":1},{"label":"Farine de blé","shopGroup":"Epicerie","qte":"105","unit":"g","step":"","order":2},{"label":"Oeuf(s)","shopGroup":"Crèmerie  hors fromage","qte":"3","unit":"pièce(s)","step":"","order":3},{"label":"Gruyère râpé","shopGroup":"Fromage(s)","qte":"100","unit":"g","step":"","order":4},{"label":"Sel fin","shopGroup":"","qte":"1","unit":"pincée(s)","step":"","order":5},{"label":"Moulin à poivre","shopGroup":"","qte":"3","unit":"tour(s)","step":"","order":6},{"label":"Mascarpone","shopGroup":"Fromage(s)","qte":"250","unit":"g","step":"Pour la crème","order":7},{"label":"Ciboulette","shopGroup":"Herbes aromatiques","qte":"0.25","unit":"botte(s)","step":"Pour la crème","order":8},{"label":"Huile de truffe blanche","shopGroup":"Epicerie","qte":"2","unit":"cl","step":"Pour la crème","order":9},{"label":"Sel fin","shopGroup":"","qte":"2","unit":"pincée(s)","step":"Pour la crème","order":10}]}