{"id":10673,"title":"Recette de Clémentines caramélisées au poivre long, écume de Champagne","description":"","summary":"Clémentines caramélisées au poivre long indonésien, servies avec une écume virtuelle au champagne.","timePreparation":"30mn","timeBaking":"0mn","timeRest":"0mn","picture":"http://1.media.atelierdeschefs.com/recette-e10673-clementines-caramelisees-au-poivre-long-ecume-de-champagne.jpg","ingredients":[{"label":"Clémentine(s)","shopGroup":"Fruits","qte":"12","unit":"pièce(s)","step":"Pour la garniture","order":0},{"label":"Sucre en poudre","shopGroup":"","qte":"50","unit":"g","step":"Pour la garniture","order":1},{"label":"Beurre doux","shopGroup":"Crèmerie  hors fromage","qte":"20","unit":"g","step":"Pour la garniture","order":2},{"label":"Poivre long","shopGroup":"Epicerie","qte":"2","unit":"pièce(s)","step":"Pour la garniture","order":3},{"label":"Champagne","shopGroup":"Boissons alcoolisées","qte":"30","unit":"cl","step":"Pour le siphon","order":4},{"label":"Sucre en poudre","shopGroup":"Epicerie","qte":"50","unit":"g","step":"Pour le siphon","order":5},{"label":"Feuille(s) de gélatine de 2 g","shopGroup":"Epicerie","qte":"2","unit":"pièce(s)","step":"Pour le siphon","order":6},{"label":"Lait 1/2 écrémé","shopGroup":"Crèmerie  hors fromage","qte":"10","unit":"cl","step":"Pour le siphon","order":7},{"label":"Eau","shopGroup":"","qte":"10","unit":"cl","step":"Pour le siphon","order":8}]}