{"title":"Clémentines caramélisées au poivre long, écume de Champagne","description":"<br /><b>Pour le siphon au champagne :</b><br />Faire ramollir la gélatine dans de l'eau froide. Mettre l'eau à bouillir avec le sucre, puis ajouter la gélatine égouttée pour la dissoudre, et verser le lait. Laisser le mélange tiédir, puis ajouter le champagne sans trop remuer (sinon, beaucoup de mousse en perspective...). Verser ensuite le tout dans le siphon et laisser au frais pendant au moins 1 h.<br /><br />Injecter le gaz dans le siphon et bien mélanger.<br /><br /><b>Pour les clémentines :</b><br />Peler les clémentines à vif pour récupérer les segments (ou pour les plus pressés, séparer simplement les segments à la main).<br /><br />Dans une poêle chaude, verser le sucre et le laisser caraméliser sans le remuer. Quand il prend une jolie teinte, ajouter le beurre pour arrêter la coloration, puis mettre les segments de clémentines. Râper le poivre long et laisser cuire pendant 2 min avant de débarrasser.<br /><br />Dresser les clémentines dans des verrines et au dernier moment, ajouter par-dessus l'émulsion au siphon.<br />","summary":"Clémentines caramélisées au poivre long indonésien, servies avec une écume virtuelle au champagne.","timePreparation":"30mn","timeBaking":"0mn","timeRest":"0mn","picture":"","ingredients":[{"label":"Clémentine(s)","shopGroup":"Fruits","qte":"12","unit":"pièce(s)","step":"Pour la garniture","order":0},{"label":"Sucre en poudre","shopGroup":"","qte":"50","unit":"g","step":"Pour la garniture","order":1},{"label":"Beurre doux","shopGroup":"Crèmerie  hors fromage","qte":"20","unit":"g","step":"Pour la garniture","order":2},{"label":"Poivre long","shopGroup":"Epicerie","qte":"2","unit":"pièce(s)","step":"Pour la garniture","order":3},{"label":"Champagne","shopGroup":"Boissons alcoolisées","qte":"30","unit":"cl","step":"Pour le siphon","order":4},{"label":"Sucre en poudre","shopGroup":"Epicerie","qte":"50","unit":"g","step":"Pour le siphon","order":5},{"label":"Feuille(s) de gélatine de 2 g","shopGroup":"Epicerie","qte":"2","unit":"pièce(s)","step":"Pour le siphon","order":6},{"label":"Lait 1/2 écrémé","shopGroup":"Crèmerie  hors fromage","qte":"10","unit":"cl","step":"Pour le siphon","order":7},{"label":"Eau","shopGroup":"","qte":"10","unit":"cl","step":"Pour le siphon","order":8}],"chiefTip":"Vous pouvez remplacer le champagne par n'importe quel vin de votre choix.","id":10673}