{"title":"Ananas caramélisé à la vanille, mousse légère à la mangue et tuiles au sésame","description":"<br /><b>Pour la mousse :</b><br />Éplucher la mangue et la couper en dés.<br />Dans une casserole, faire bouillir l'eau et le sucre, puis verser le liquide dans un mixeur avec 175 g de chair de mangue, le zeste et le jus du citron vert. Mixer puis ajouter la crème liquide. Verser ensuite dans un siphon, laisser refroidir et incorporer le gaz.<br /><br /><b>Pour les tuiles :</b><br />Préchauffer le four à 200 °C (th. 6-7). <br />Faire fondre le beurre. Dans un bol, mélanger la farine, le sucre glace et les graines de sésame. Ajouter le beurre fondu et le jus d'orange. Déposer ensuite la pâte en petits tas sur une plaque allant au four garnie de papier cuisson. Puis enfourner 5 à 6 min pour obtenir une belle couleur dorée. A la sortie du four, laisser refroidir 1 min.<br /><br /><b>Pour le reste de la recette :</b><br />A l'aide d'un couteau à dents, éplucher l'ananas, puis le couper en petits dés. Dans une poêle, verser le sucre, puis le laisser caraméliser. Lorsque le caramel a une belle couleur rousse homogène, ajouter les dés d'ananas, la gousse de vanille fendue en deux et laisser cuire à feu vif pendant 3 minutes. Débarrasser et laisser refroidir.<br /><br />Pour le dressage : Répartir les dés d'ananas dans des verrines, ajouter la mousse à la mangue et finir par un morceau de tuile.<br />","summary":"Des dés d'ananas caramélisés et parfumés à la vanille, servis avec une mousse à base de pulpe de mangue et de crème et servis avec un biscuit croquant aux graines de sésames.","timePreparation":"15mn","timeBaking":"15mn","timeRest":"1h","picture":"","ingredients":[{"label":"Ananas victoria","shopGroup":"Fruits","qte":"2","unit":"pièce(s)","step":"","order":0},{"label":"Gousse(s) de vanille","shopGroup":"Epicerie","qte":"1","unit":"pièce(s)","step":"","order":1},{"label":"Sucre en poudre","shopGroup":"","qte":"100","unit":"g","step":"","order":2},{"label":"Mangue(s)","shopGroup":"Fruits","qte":"0.5","unit":"pièce(s)","step":"Pour la mousse","order":3},{"label":"Crème liquide entière","shopGroup":"Crèmerie  hors fromage","qte":"20","unit":"cl","step":"Pour la mousse","order":4},{"label":"Citron(s) vert(s)","shopGroup":"Fruits","qte":"0.5","unit":"pièce(s)","step":"Pour la mousse","order":5},{"label":"Eau","shopGroup":"","qte":"10","unit":"cl","step":"Pour la mousse","order":6},{"label":"Sucre en poudre","shopGroup":"Epicerie","qte":"45","unit":"g","step":"Pour la mousse","order":7},{"label":"Farine de blé","shopGroup":"Epicerie","qte":"35","unit":"g","step":"Pour les tuiles","order":8},{"label":"Sucre glace","shopGroup":"Epicerie","qte":"140","unit":"g","step":"Pour les tuiles","order":9},{"label":"Beurre doux","shopGroup":"Crèmerie  hors fromage","qte":"35","unit":"g","step":"Pour les tuiles","order":10},{"label":"Jus d'orange","shopGroup":"Boissons sans alcool","qte":"5","unit":"cl","step":"Pour les tuiles","order":11},{"label":"Graines de sésame blanches","shopGroup":"Epicerie","qte":"30","unit":"g","step":"Pour les tuiles","order":12}],"chiefTip":"Vous pouvez remplacer les graines de sésame par des amandes hachées, ou d'autres fruits secs.","id":10399}