{"id":10399,"title":"Recette de Ananas caramélisé à la vanille, mousse légère à la mangue et tuiles au sésame","description":"","summary":"Des dés d'ananas caramélisés et parfumés à la vanille, servis avec une mousse à base de pulpe de mangue et de crème et servis avec un biscuit croquant aux graines de sésames.","timePreparation":"15mn","timeBaking":"15mn","timeRest":"1h","picture":"http://1.media.atelierdeschefs.com/recette-e10399-ananas-caramelise-a-la-vanille-mousse-legere-a-la-mangue-et-tuiles-au-sesame.jpg","ingredients":[{"label":"Ananas victoria","shopGroup":"Fruits","qte":"2","unit":"pièce(s)","step":"","order":0},{"label":"Gousse(s) de vanille","shopGroup":"Epicerie","qte":"1","unit":"pièce(s)","step":"","order":1},{"label":"Sucre en poudre","shopGroup":"","qte":"100","unit":"g","step":"","order":2},{"label":"Mangue(s)","shopGroup":"Fruits","qte":"0.5","unit":"pièce(s)","step":"Pour la mousse","order":3},{"label":"Crème liquide entière","shopGroup":"Crèmerie  hors fromage","qte":"20","unit":"cl","step":"Pour la mousse","order":4},{"label":"Citron(s) vert(s)","shopGroup":"Fruits","qte":"0.5","unit":"pièce(s)","step":"Pour la mousse","order":5},{"label":"Eau","shopGroup":"","qte":"10","unit":"cl","step":"Pour la mousse","order":6},{"label":"Sucre en poudre","shopGroup":"Epicerie","qte":"45","unit":"g","step":"Pour la mousse","order":7},{"label":"Farine de blé","shopGroup":"Epicerie","qte":"35","unit":"g","step":"Pour les tuiles","order":8},{"label":"Sucre glace","shopGroup":"Epicerie","qte":"140","unit":"g","step":"Pour les tuiles","order":9},{"label":"Beurre doux","shopGroup":"Crèmerie  hors fromage","qte":"35","unit":"g","step":"Pour les tuiles","order":10},{"label":"Jus d'orange","shopGroup":"Boissons sans alcool","qte":"5","unit":"cl","step":"Pour les tuiles","order":11},{"label":"Graines de sésame blanches","shopGroup":"Epicerie","qte":"30","unit":"g","step":"Pour les tuiles","order":12}]}