{"id":10040,"title":"Recette de Brandade de morue, pomme de terre et courgette marinée","description":"","summary":"Une brandade moelleuse et délicatement parfumée, réalisée dans les règles de l'art culinaire.","timePreparation":"30mn","timeBaking":"40mn","timeRest":"0mn","picture":"http://1.media.atelierdeschefs.com/recette-e10040-brandade-de-morue-pomme-de-terre-et-courgette-marinee.jpg","ingredients":[{"label":"Pavé(s) de cabillaud de 150 g","shopGroup":"Poissonnerie","qte":"6","unit":"pièce(s)","step":"","order":0},{"label":"Pomme(s) de Terre charlotte","shopGroup":"Légumes","qte":"800","unit":"g","step":"","order":1},{"label":"Lait 1/2 écrémé","shopGroup":"Crèmerie  hors fromage","qte":"50","unit":"cl","step":"","order":2},{"label":"Eau","shopGroup":"","qte":"50","unit":"cl","step":"","order":3},{"label":"Aromate(s) ail, thym, laurier","shopGroup":"Herbes aromatiques","qte":"1","unit":"pièce(s)","step":"","order":4},{"label":"Pousse(s) d'épinard","shopGroup":"Légumes","qte":"100","unit":"g","step":"","order":5},{"label":"Courgette(s)","shopGroup":"Légumes","qte":"2","unit":"pièce(s)","step":"","order":6},{"label":"Huile d'olive","shopGroup":"Epicerie","qte":"15","unit":"cl","step":"","order":7},{"label":"Vinaigre balsamique blanc","shopGroup":"Epicerie","qte":"3","unit":"cl","step":"","order":8},{"label":"Fleur de sel","shopGroup":"Epicerie","qte":"6","unit":"pincée(s)","step":"","order":9},{"label":"Gros sel","shopGroup":"","qte":"100","unit":"g","step":"","order":10}]}