{"title":"Macaron au sucre cuit au potiron et au gingembre","description":"","summary":"Technique des coques de macaron réalisées avec un sucre cuit à 118 °C et garnies d'une purée de potiron au miel et gingembre frais.","timePreparation":"20mn","timeBaking":"30mn","timeRest":"1h30mn","picture":"","ingredients":[{"label":"Sucre en poudre","shopGroup":"Epicerie","qte":"200","unit":"g","step":"Pour les macarons","order":0},{"label":"Colorant alimentaire orange","shopGroup":"Epicerie","qte":"3","unit":"cl","step":"Pour les macarons","order":1},{"label":"Sucre glace","shopGroup":"Epicerie","qte":"200","unit":"g","step":"Pour les macarons","order":2},{"label":"Blanc(s) d'oeuf","shopGroup":"Crèmerie  hors fromage","qte":"150","unit":"g","step":"Pour les macarons","order":3},{"label":"Eau","shopGroup":"","qte":"5","unit":"cl","step":"Pour les macarons","order":4},{"label":"Poudre d'amande","shopGroup":"Epicerie","qte":"200","unit":"g","step":"Pour les macarons","order":5},{"label":"Potiron","shopGroup":"Légumes","qte":"200","unit":"g","step":"Pour la garniture","order":6},{"label":"Miel","shopGroup":"Epicerie","qte":"60","unit":"g","step":"Pour la garniture","order":7},{"label":"Gingembre frais","shopGroup":"Légumes","qte":"20","unit":"g","step":"Pour la garniture","order":8}],"chiefTip":"Le poids des blancs d'oeufs est important, mais il correspond à peu près à 5 blancs.","id":10400}