{"title":"Macaron au sucre cuit au potiron et au gingembre","description":"Préchauffer le four à 160 °C.<br /><br />Mixer la poudre d'amande et le sucre glace pendant 30 secondes, ajouter le colorant, puis tamiser.<br /><br />Dans une casserole, mélanger l'eau et le sucre semoule avec une spatule. Cuire à 118-119 °C et incorporer le colorant orange. Avant d'atteindre cette température, verser 75 g de blancs dans la cuve d'un batteur et les monter. Lorsque le sucre atteint la bonne température, le verser sur les blancs montés, puis fouetter jusqu'à refroidissement de la meringue. <br /><br />Verser le reste de blancs d'oeufs sur le tant pour tant. Incorporer une petite partie de la meringue froide à ce mélange, puis ajouter le reste. A l'aide d'une corne en plastique ou d'une spatule \"macaroner\" la préparation (rabattre délicatement la préparation sur elle-même en prenant l'ensemble de la masse, l'appareil doit devenir moelleux et brillant et réaliser un ruban).<br /><br />Remplir une poche à douille de cette préparation et dresser les macarons sur un tapis de cuisson ou sur une feuille de papier sulfurisé. Tapoter légèrement la plaque pour enlever les bulles d'air. Cuire 12 à 15 min en ouvrant 2 à 3 fois le four à mi-cuisson afin de chasser l'humidité.<br /><br />Éplucher le potiron et le couper  en morceaux. Éplucher et hacher le gingembre.<br />Dans une casserole, faire chauffer le miel. Ajouter le potiron, 1/2 verre d'eau et le gingembre. Laisser cuire 15 min, puis écraser la pulpe afin d'obtenir une purée bien sèche. Réserver ensuite au réfrigérateur.<br /><br />Après refroidissement des macarons, garnir une coque de purée de potiron puis recouvrir d'une autre coque vide.<br /><br />Conserver les macarons au frais pendant au moins 1 heure avant de les consommer.<br />","summary":"Technique des coques de macaron réalisées avec un sucre cuit à 118 °C et garnies d'une purée de potiron au miel et gingembre frais.","timePreparation":"20mn","timeBaking":"30mn","timeRest":"1h30mn","picture":"","ingredients":[{"label":"Sucre en poudre","shopGroup":"Epicerie","qte":"200","unit":"g","step":"Pour les macarons","order":0},{"label":"Colorant alimentaire orange","shopGroup":"Epicerie","qte":"3","unit":"cl","step":"Pour les macarons","order":1},{"label":"Sucre glace","shopGroup":"Epicerie","qte":"200","unit":"g","step":"Pour les macarons","order":2},{"label":"Blanc(s) d'oeuf","shopGroup":"Crèmerie  hors fromage","qte":"150","unit":"g","step":"Pour les macarons","order":3},{"label":"Eau","shopGroup":"","qte":"5","unit":"cl","step":"Pour les macarons","order":4},{"label":"Poudre d'amande","shopGroup":"Epicerie","qte":"200","unit":"g","step":"Pour les macarons","order":5},{"label":"Potiron","shopGroup":"Légumes","qte":"200","unit":"g","step":"Pour la garniture","order":6},{"label":"Miel","shopGroup":"Epicerie","qte":"60","unit":"g","step":"Pour la garniture","order":7},{"label":"Gingembre frais","shopGroup":"Légumes","qte":"20","unit":"g","step":"Pour la garniture","order":8}],"chiefTip":"Le poids des blancs d'oeufs est important, mais il correspond à peu près à 5 blancs.","id":10400}