{"title":"Sauté d'agneau, carotte assaisonnée comme un couscous","description":"","summary":"Agneau cuit dans un bouillon parfumé à la tomate et au ras el hanout.","timePreparation":"20mn","timeBaking":"30mn","timeRest":"0mn","picture":"","ingredients":[{"label":"Epaule(s) d'agneau parée(s)","shopGroup":"Boucherie","qte":"800","unit":"g","step":"","order":0},{"label":"Carotte(s)","shopGroup":"Légumes","qte":"12","unit":"pièce(s)","step":"","order":1},{"label":"Gousse(s) d'ail","shopGroup":"Légumes","qte":"2","unit":"gousse(s)","step":"","order":2},{"label":"Ras el hanout","shopGroup":"Epicerie","qte":"5","unit":"g","step":"","order":3},{"label":"Oignon(s)","shopGroup":"Légumes","qte":"1","unit":"pièce(s)","step":"","order":4},{"label":"Tomate(s)","shopGroup":"Fruits","qte":"2","unit":"pièce(s)","step":"","order":5},{"label":"Persil plat","shopGroup":"Herbes aromatiques","qte":"0.25","unit":"botte(s)","step":"","order":6},{"label":"Sel fin","shopGroup":"","qte":"6","unit":"pincée(s)","step":"","order":7},{"label":"Moulin à poivre","shopGroup":"","qte":"6","unit":"tour(s)","step":"","order":8},{"label":"Huile d'olive","shopGroup":"Epicerie","qte":"5","unit":"cl","step":"","order":9}],"chiefTip":"Le ras el hanout est le mélange d'épices qui caractérise le couscous.Vous pouvez réaliser cette recette avec un mélange d'épices un peu plus douces, comme un curry jaune par exemple.","id":10041}