{"id":10601,"title":"Recette de Les risotto multicolores","description":"","summary":"A l'occasion de la Biennale d'Art Contemporain, nous vous proposons une cuisine vue par Andy Warhol, avec un assortiment de quatre risottos : un risotto aux calamars et encre de seiche, un risotto au safran, un risotto aux champignons aillés et un risotto au vin rouge et chorizo.","timePreparation":"30mn","timeBaking":"0mn","timeRest":"0mn","picture":"http://1.media.atelierdeschefs.com/recette-e10601-les-risotto-multicolores.jpg","ingredients":[{"label":"Riz carnaroli","shopGroup":"","qte":"100","unit":"g","step":"Pour l'étape 1","order":0},{"label":"Oignon(s)","shopGroup":"","qte":"0.5","unit":"pièce(s)","step":"Pour l'étape 1","order":1},{"label":"Sachet d'encre de seiche","shopGroup":"Poissonnerie","qte":"1","unit":"pièce(s)","step":"Pour l'étape 1","order":2},{"label":"Vin blanc sec","shopGroup":"","qte":"10","unit":"cl","step":"Pour l'étape 1","order":3},{"label":"Beurre doux","shopGroup":"","qte":"15","unit":"g","step":"Pour l'étape 1","order":4},{"label":"Parmigiano Reggiano râpé","shopGroup":"","qte":"30","unit":"g","step":"Pour l'étape 1","order":5},{"label":"Blanc(s) de calamars","shopGroup":"Poissonnerie","qte":"150","unit":"g","step":"Pour l'étape 1","order":6},{"label":"Riz carnaroli","shopGroup":"","qte":"100","unit":"g","step":"Pour l'étape 2","order":7},{"label":"Oignon(s)","shopGroup":"","qte":"0.5","unit":"pièce(s)","step":"Pour l'étape 2","order":8},{"label":"Safran en poudre","shopGroup":"Epicerie","qte":"3","unit":"g","step":"Pour l'étape 2","order":9},{"label":"Vin blanc sec","shopGroup":"","qte":"10","unit":"cl","step":"Pour l'étape 2","order":10},{"label":"Beurre doux","shopGroup":"","qte":"15","unit":"g","step":"Pour l'étape 2","order":11},{"label":"Parmigiano Reggiano râpé","shopGroup":"","qte":"30","unit":"g","step":"Pour l'étape 2","order":12},{"label":"Riz carnaroli","shopGroup":"","qte":"100","unit":"g","step":"Pour l'étape 3","order":13},{"label":"Oignon(s)","shopGroup":"","qte":"0.5","unit":"pièce(s)","step":"Pour l'étape 3","order":14},{"label":"Vin blanc sec","shopGroup":"Boissons alcoolisées","qte":"10","unit":"cl","step":"Pour l'étape 3","order":15},{"label":"Champignon(s) de saison","shopGroup":"Légumes","qte":"200","unit":"g","step":"Pour l'étape 3","order":16},{"label":"Beurre doux","shopGroup":"","qte":"15","unit":"g","step":"Pour l'étape 3","order":17},{"label":"Parmigiano Reggiano râpé","shopGroup":"","qte":"30","unit":"g","step":"Pour l'étape 3","order":18},{"label":"Gousse(s) d'ail","shopGroup":"Légumes","qte":"2","unit":"gousse(s)","step":"Pour l'étape 3","order":19},{"label":"Riz carnaroli","shopGroup":"Epicerie","qte":"100","unit":"g","step":"Pour le reste de la recette","order":20},{"label":"Oignon(s)","shopGroup":"Légumes","qte":"0.5","unit":"pièce(s)","step":"Pour le reste de la recette","order":21},{"label":"Vin rouge","shopGroup":"Boissons alcoolisées","qte":"20","unit":"cl","step":"Pour le reste de la recette","order":22},{"label":"Chorizo doux","shopGroup":"Charcuterie","qte":"50","unit":"g","step":"Pour le reste de la recette","order":23},{"label":"Beurre doux","shopGroup":"Crèmerie  hors fromage","qte":"15","unit":"g","step":"Pour le reste de la recette","order":24},{"label":"Parmigiano Reggiano râpé","shopGroup":"Fromage(s)","qte":"30","unit":"g","step":"Pour le reste de la recette","order":25},{"label":"Sel fin","shopGroup":"","qte":"12","unit":"pincée(s)","step":"Pour le reste de la recette","order":26},{"label":"Moulin à poivre","shopGroup":"","qte":"12","unit":"tour(s)","step":"Pour le reste de la recette","order":27},{"label":"Huile d'olive","shopGroup":"Epicerie","qte":"5","unit":"cl","step":"Pour le reste de la recette","order":28}]}