{"title":"Les risotto multicolores","description":"<br /><b>Pour le risotto à l'encre de seiche :</b><br />Éplucher puis ciseler l'oignon. Laver et éponger les blancs de calamar, puis les couper en fines lamelles.<br /><br />Dans une cocotte chaude, faire suer l'oignon à l'huile d'olive, ajouter le riz et le nacrer. Verser le vin blanc, puis le laisser s'évaporer. Ajouter ensuite de l'eau à hauteur du riz autant de fois que nécessaire, jusqu'à cuisson complète. Ajoute l'encre de seiche, assaisonner et en fin de cuisson, ajouter le beurre et le parmesan.<br /><br />Dans une poêle chaude avec de l'huile d'olive, faire sauter les lamelles de calamar à feu vif. Les déposer ensuite sur le risotto.<br /><br /><b>Pour le risotto au safran :</b><br />Éplucher puis ciseler l'oignon. <br /><br />Dans une cocotte chaude, faire suer l'oignon à l'huile d'olive, ajouter le riz et le nacrer. Verser le vin blanc, puis le laisser s'évaporer. Ajouter ensuite le safran, puis verser de l'eau à hauteur du riz autant de fois que nécessaire, jusqu'à cuisson complète. Assaisonner et en fin de cuisson, ajouter le beurre et le parmesan.<br /><br /><b>Pour le risotto aux champignons :</b><br />Éplucher puis ciseler l'oignon. Laver et essorer les champignons, puis couper les plus gros en petits morceaux. Éplucher puis écraser les gousses d'ail.<br /><br />Dans une cocotte chaude, faire suer l'oignon à l'huile d'olive, ajouter le riz et le nacrer. Verser le vin blanc, puis le laisser s'évaporer. Ajouter ensuite de l'eau à hauteur du riz autant de fois que nécessaire, jusqu'à cuisson complète. Assaisonner et en fin de cuisson, ajouter le beurre et le parmesan.<br /><br />Dans une poêle chaude, faire sauter les champignons à feu vif et ajouter au dernier moment les gousses d'ail écrasées.<br />Incorporer les champignons au risotto juste avant de servir.<br /><br /><b>Pour le risotto au vin rouge et chorizo :</b><br />Éplucher puis ciseler l'oignon. Couper le chorizo en petits morceaux.<br /><br />Dans une cocotte chaude, faire suer l'oignon à l'huile d'olive, ajouter le riz et le nacrer. Verser le vin rouge, puis le laisser s'évaporer. Ajouter ensuite de l'eau à hauteur du riz autant de fois que nécessaire, jusqu'à cuisson complète. Assaisonner et en fin de cuisson, ajouter le beurre, le parmesan et les cubes de chorizo.<br /><br />Dresser les risottos multicolores dans une assiette compartimentée.<br />","summary":"A l'occasion de la Biennale d'Art Contemporain, nous vous proposons une cuisine vue par Andy Warhol, avec un assortiment de quatre risottos : un risotto aux calamars et encre de seiche, un risotto au safran, un risotto aux champignons aillés et un risotto au vin rouge et chorizo.","timePreparation":"30mn","timeBaking":"0mn","timeRest":"0mn","picture":"","ingredients":[{"label":"Riz carnaroli","shopGroup":"","qte":"100","unit":"g","step":"Pour l'étape 1","order":0},{"label":"Oignon(s)","shopGroup":"","qte":"0.5","unit":"pièce(s)","step":"Pour l'étape 1","order":1},{"label":"Sachet d'encre de seiche","shopGroup":"Poissonnerie","qte":"1","unit":"pièce(s)","step":"Pour l'étape 1","order":2},{"label":"Vin blanc sec","shopGroup":"","qte":"10","unit":"cl","step":"Pour l'étape 1","order":3},{"label":"Beurre doux","shopGroup":"","qte":"15","unit":"g","step":"Pour l'étape 1","order":4},{"label":"Parmigiano Reggiano râpé","shopGroup":"","qte":"30","unit":"g","step":"Pour l'étape 1","order":5},{"label":"Blanc(s) de calamars","shopGroup":"Poissonnerie","qte":"150","unit":"g","step":"Pour l'étape 1","order":6},{"label":"Riz carnaroli","shopGroup":"","qte":"100","unit":"g","step":"Pour l'étape 2","order":7},{"label":"Oignon(s)","shopGroup":"","qte":"0.5","unit":"pièce(s)","step":"Pour l'étape 2","order":8},{"label":"Safran en poudre","shopGroup":"Epicerie","qte":"3","unit":"g","step":"Pour l'étape 2","order":9},{"label":"Vin blanc sec","shopGroup":"","qte":"10","unit":"cl","step":"Pour l'étape 2","order":10},{"label":"Beurre doux","shopGroup":"","qte":"15","unit":"g","step":"Pour l'étape 2","order":11},{"label":"Parmigiano Reggiano râpé","shopGroup":"","qte":"30","unit":"g","step":"Pour l'étape 2","order":12},{"label":"Riz carnaroli","shopGroup":"","qte":"100","unit":"g","step":"Pour l'étape 3","order":13},{"label":"Oignon(s)","shopGroup":"","qte":"0.5","unit":"pièce(s)","step":"Pour l'étape 3","order":14},{"label":"Vin blanc sec","shopGroup":"Boissons alcoolisées","qte":"10","unit":"cl","step":"Pour l'étape 3","order":15},{"label":"Champignon(s) de saison","shopGroup":"Légumes","qte":"200","unit":"g","step":"Pour l'étape 3","order":16},{"label":"Beurre doux","shopGroup":"","qte":"15","unit":"g","step":"Pour l'étape 3","order":17},{"label":"Parmigiano Reggiano râpé","shopGroup":"","qte":"30","unit":"g","step":"Pour l'étape 3","order":18},{"label":"Gousse(s) d'ail","shopGroup":"Légumes","qte":"2","unit":"gousse(s)","step":"Pour l'étape 3","order":19},{"label":"Riz carnaroli","shopGroup":"Epicerie","qte":"100","unit":"g","step":"Pour le reste de la recette","order":20},{"label":"Oignon(s)","shopGroup":"Légumes","qte":"0.5","unit":"pièce(s)","step":"Pour le reste de la recette","order":21},{"label":"Vin rouge","shopGroup":"Boissons alcoolisées","qte":"20","unit":"cl","step":"Pour le reste de la recette","order":22},{"label":"Chorizo doux","shopGroup":"Charcuterie","qte":"50","unit":"g","step":"Pour le reste de la recette","order":23},{"label":"Beurre doux","shopGroup":"Crèmerie  hors fromage","qte":"15","unit":"g","step":"Pour le reste de la recette","order":24},{"label":"Parmigiano Reggiano râpé","shopGroup":"Fromage(s)","qte":"30","unit":"g","step":"Pour le reste de la recette","order":25},{"label":"Sel fin","shopGroup":"","qte":"12","unit":"pincée(s)","step":"Pour le reste de la recette","order":26},{"label":"Moulin à poivre","shopGroup":"","qte":"12","unit":"tour(s)","step":"Pour le reste de la recette","order":27},{"label":"Huile d'olive","shopGroup":"Epicerie","qte":"5","unit":"cl","step":"Pour le reste de la recette","order":28}],"chiefTip":"Attention : le risotto devient fragile lorsqu'il est cuit. Il faut donc le mélanger délicatement avec une cuillère en silicone et non une cuillère en inox, car cette dernière risque de couper les grains de riz et de faire de la purée.","id":10601}