{"title":"Crêpe roulée au citron","description":"<br /><b>Pour les crêpes</b><br />Réaliser la pâte à crêpes : dans un bol, disposer la farine, le sel et le sucre en forme de puits et casser les oeufs entiers au milieu. Battre délicatement et ajouter le lait au fur et à mesure pour obtenir une pâte homogène.<br /><br />Réaliser 3 crêpes par personne : dans une poêle antiadhésive (en prenant la précaution de passer un morceau de papier huilé sur la poêle entre chaque crêpe), déposer une petite louche de pâte, bien la disperser sur toute la surface et dorer la crêpe sur chaque face.<br /><br /><br /><b>Pour la crème</b><br />Dans le bol du batteur, placer les jaunes d'oeufs et le sucre, puis monter le sabayon (le mélange doit tripler de volume). Ajouter ensuite le zeste et jus de citron et le beurre fondu.<br /><br />Préchauffer le four à 200 °C (th. 7).<br /><br />Fouetter la crème liquide pour qu'elle devienne bien ferme et l'incorporer au sabayon. <br /><br />Avec une poche à douille, mettre la crème sur les crêpes et les rouler, puis les saupoudrer de sucre glace et les passer au four à 200 °C pendant 2 min pour qu'elles deviennent bien dorées. Les servir tièdes.<br />","summary":"Une crêpe garnie d'une crème au citron puis caramélisée au four.","timePreparation":"30mn","timeBaking":"0mn","timeRest":"0mn","picture":"http://1.media.atelierdeschefs.com/recette-c96-crepe-roulee-au-citron.jpg","ingredients":[{"label":"Lait 1/2 écrémé","shopGroup":"Crèmerie  hors fromage","qte":"0.5","unit":"l","step":"Pour la pâte","order":0},{"label":"Farine de blé","shopGroup":"Epicerie","qte":"250","unit":"g","step":"Pour la pâte","order":1},{"label":"Oeuf(s)","shopGroup":"Crèmerie  hors fromage","qte":"4","unit":"pièce(s)","step":"Pour la pâte","order":2},{"label":"Sel fin","shopGroup":"","qte":"2","unit":"pincée(s)","step":"Pour la pâte","order":3},{"label":"Sucre en poudre","shopGroup":"Epicerie","qte":"150","unit":"g","step":"Pour la pâte","order":4},{"label":"Citron(s) jaune(s)","shopGroup":"Fruits","qte":"2","unit":"pièce(s)","step":"Pour la crème","order":5},{"label":"Beurre doux","shopGroup":"Crèmerie  hors fromage","qte":"50","unit":"g","step":"Pour la crème","order":6},{"label":"Crème liquide entière","shopGroup":"Crèmerie  hors fromage","qte":"20","unit":"cl","step":"Pour la crème","order":7},{"label":"Jaune(s) d'oeuf(s)","shopGroup":"Crèmerie  hors fromage","qte":"6","unit":"pièce(s)","step":"Pour la crème","order":8},{"label":"Sucre glace","shopGroup":"Epicerie","qte":"50","unit":"g","step":"Pour la crème","order":9}],"chiefTip":"Vous pouvez accompagner vos crêpes d'un coulis de fruits rouges.","id":96}