{"title":"Crêpe roulée au citron","description":"","summary":"Une crêpe garnie d'une crème au citron puis caramélisée au four.","timePreparation":"30mn","timeBaking":"0mn","timeRest":"0mn","picture":"http://1.media.atelierdeschefs.com/recette-c96-crepe-roulee-au-citron.jpg","ingredients":[{"label":"Lait 1/2 écrémé","shopGroup":"Crèmerie  hors fromage","qte":"0.5","unit":"l","step":"Pour la pâte","order":0},{"label":"Farine de blé","shopGroup":"Epicerie","qte":"250","unit":"g","step":"Pour la pâte","order":1},{"label":"Oeuf(s)","shopGroup":"Crèmerie  hors fromage","qte":"4","unit":"pièce(s)","step":"Pour la pâte","order":2},{"label":"Sel fin","shopGroup":"","qte":"2","unit":"pincée(s)","step":"Pour la pâte","order":3},{"label":"Sucre en poudre","shopGroup":"Epicerie","qte":"150","unit":"g","step":"Pour la pâte","order":4},{"label":"Citron(s) jaune(s)","shopGroup":"Fruits","qte":"2","unit":"pièce(s)","step":"Pour la crème","order":5},{"label":"Beurre doux","shopGroup":"Crèmerie  hors fromage","qte":"50","unit":"g","step":"Pour la crème","order":6},{"label":"Crème liquide entière","shopGroup":"Crèmerie  hors fromage","qte":"20","unit":"cl","step":"Pour la crème","order":7},{"label":"Jaune(s) d'oeuf(s)","shopGroup":"Crèmerie  hors fromage","qte":"6","unit":"pièce(s)","step":"Pour la crème","order":8},{"label":"Sucre glace","shopGroup":"Epicerie","qte":"50","unit":"g","step":"Pour la crème","order":9}],"chiefTip":"Vous pouvez accompagner vos crêpes d'un coulis de fruits rouges.","id":96}