{"id":10232,"title":"Recette de Blésotto de petits légumes au poulet pour bébé","description":"","summary":"Recette équilibrée pour bébé, associant des céréales, des légumes et de la viande... que demander de plus quand on est parent ?","timePreparation":"30mn","timeBaking":"0mn","timeRest":"0mn","picture":"http://1.media.atelierdeschefs.com/recette-e10232-blesotto-de-petits-legumes-au-poulet-pour-bebe.jpg","ingredients":[{"label":"Filet(s) de poulet (150 g)","shopGroup":"Volaille(s)","qte":"2","unit":"pièce(s)","step":"","order":0},{"label":"Blé","shopGroup":"Epicerie","qte":"100","unit":"g","step":"","order":1},{"label":"Eau","shopGroup":"","qte":"30","unit":"cl","step":"","order":2},{"label":"Pousse(s) de soja","shopGroup":"Légumes","qte":"50","unit":"g","step":"","order":3},{"label":"Pois gourmand(s)","shopGroup":"Légumes","qte":"50","unit":"g","step":"","order":4},{"label":"Oignon(s) nouveau(x)","shopGroup":"Légumes","qte":"2","unit":"pièce(s)","step":"","order":5},{"label":"Radis rose(s)","shopGroup":"Légumes","qte":"30","unit":"g","step":"","order":6},{"label":"Mini maïs","shopGroup":"Légumes","qte":"3","unit":"pièce(s)","step":"","order":7},{"label":"Parmesan Parmigiano Reggiano","shopGroup":"Fromage(s)","qte":"20","unit":"g","step":"","order":8},{"label":"Chapelure de pain","shopGroup":"Epicerie","qte":"10","unit":"g","step":"","order":9},{"label":"Lait 1/2 écrémé","shopGroup":"Crèmerie  hors fromage","qte":"3","unit":"cl","step":"","order":10},{"label":"Beurre doux","shopGroup":"Crèmerie  hors fromage","qte":"10","unit":"g","step":"","order":11},{"label":"Sel fin","shopGroup":"","qte":"1","unit":"pincée(s)","step":"","order":12},{"label":"Huile d'olive","shopGroup":"Epicerie","qte":"3","unit":"cl","step":"","order":13}]}