{"title":"Blésotto de petits légumes au poulet pour bébé","description":"Laver les légumes (pois gourmands, soja et radis) et les couper en brunoise, c'est-à-dire en petits cubes de 3 mm environ. Émincer les mini-maïs et la cive d'oignon, ciseler les blancs d'oignons.<br />Hacher les filets de poulet au hachoir ou au robot-coupe.<br /><br />Dans un bol, mélanger la chapelure de pain et le lait, ajouter le poulet haché et bien travailler le tout. Saler, puis réaliser des boulettes de poulet à la main ou à l'aide d'une cuillère.<br /><br />Dans une casserole, faire suer les légumes avec un filet d'huile d'olive. Ajouter le blé et l'eau, puis porter à ébullition et mettre les boulettes de poulet. Laisser cuire jusqu'à absorption de tout le liquide (environ 15 min). Ajouter le beurre et le parmesan à la fin de cuisson et rectifier l'assaisonnement.<br />","summary":"Recette équilibrée pour bébé, associant des céréales, des légumes et de la viande... que demander de plus quand on est parent ?","timePreparation":"30mn","timeBaking":"0mn","timeRest":"0mn","picture":"","ingredients":[{"label":"Filet(s) de poulet (150 g)","shopGroup":"Volaille(s)","qte":"2","unit":"pièce(s)","step":"","order":0},{"label":"Blé","shopGroup":"Epicerie","qte":"100","unit":"g","step":"","order":1},{"label":"Eau","shopGroup":"","qte":"30","unit":"cl","step":"","order":2},{"label":"Pousse(s) de soja","shopGroup":"Légumes","qte":"50","unit":"g","step":"","order":3},{"label":"Pois gourmand(s)","shopGroup":"Légumes","qte":"50","unit":"g","step":"","order":4},{"label":"Oignon(s) nouveau(x)","shopGroup":"Légumes","qte":"2","unit":"pièce(s)","step":"","order":5},{"label":"Radis rose(s)","shopGroup":"Légumes","qte":"30","unit":"g","step":"","order":6},{"label":"Mini maïs","shopGroup":"Légumes","qte":"3","unit":"pièce(s)","step":"","order":7},{"label":"Parmesan Parmigiano Reggiano","shopGroup":"Fromage(s)","qte":"20","unit":"g","step":"","order":8},{"label":"Chapelure de pain","shopGroup":"Epicerie","qte":"10","unit":"g","step":"","order":9},{"label":"Lait 1/2 écrémé","shopGroup":"Crèmerie  hors fromage","qte":"3","unit":"cl","step":"","order":10},{"label":"Beurre doux","shopGroup":"Crèmerie  hors fromage","qte":"10","unit":"g","step":"","order":11},{"label":"Sel fin","shopGroup":"","qte":"1","unit":"pincée(s)","step":"","order":12},{"label":"Huile d'olive","shopGroup":"Epicerie","qte":"3","unit":"cl","step":"","order":13}],"chiefTip":"Vous pouvez utiliser de la dinde dans cette recette, la viande restera moelleuse.","id":10232}