{"title":"Harira Marrakchia de Ramadan (soupe traditionnelle)","description":"","summary":"La soupe traditionnelle marocaine que l'on mange plus particulièrement pendant le Ramadan.","timePreparation":"1h","timeBaking":"0mn","timeRest":"0mn","picture":"","ingredients":[{"label":"Epaule(s) d'agneau parée(s)","shopGroup":"Boucherie","qte":"350","unit":"g","step":"","order":0},{"label":"Lentille(s)","shopGroup":"Légumes","qte":"100","unit":"g","step":"","order":1},{"label":"Pois chiche","shopGroup":"Epicerie","qte":"100","unit":"g","step":"","order":2},{"label":"Riz basmati","shopGroup":"Epicerie","qte":"30","unit":"g","step":"","order":3},{"label":"Tomate(s)","shopGroup":"Fruits","qte":"500","unit":"g","step":"","order":4},{"label":"Purée de tomate confite","shopGroup":"Epicerie","qte":"20","unit":"g","step":"","order":5},{"label":"Oignon(s)","shopGroup":"Légumes","qte":"4","unit":"pièce(s)","step":"","order":6},{"label":"Farine de blé","shopGroup":"Epicerie","qte":"75","unit":"g","step":"","order":7},{"label":"Beurre demi-sel","shopGroup":"Crèmerie  hors fromage","qte":"50","unit":"g","step":"","order":8},{"label":"Persil plat","shopGroup":"Herbes aromatiques","qte":"0.5","unit":"botte(s)","step":"","order":9},{"label":"Coriandre fraîche","shopGroup":"Herbes aromatiques","qte":"1","unit":"botte(s)","step":"","order":10},{"label":"Pistils de safran","shopGroup":"Epicerie","qte":"3","unit":"g","step":"","order":11},{"label":"Eau","shopGroup":"","qte":"3","unit":"l","step":"","order":12},{"label":"Sel fin","shopGroup":"","qte":"6","unit":"pincée(s)","step":"","order":13},{"label":"Moulin à poivre","shopGroup":"","qte":"6","unit":"tour(s)","step":"","order":14},{"label":"Huile d'olive","shopGroup":"Epicerie","qte":"5","unit":"cl","step":"","order":15}],"chiefTip":"Il est de coutume d'accompagner cette soupe de dattes fraîches et d'oeufs durs.","id":10146}