{"title":"Pavé de boeuf beurre maître d'hôtel, poêlée de haricots verts","description":"","summary":"Pavé de boeuf sauté, servi avec des haricots verts frais et un beurre aromatisé au jus de citron et au persil haché... un grand classique des bistrots français !","timePreparation":"20mn","timeBaking":"10mn","timeRest":"0mn","picture":"http://1.media.atelierdeschefs.com/recette-c10457-pave-de-boeuf-beurre-maitre-d-hotel-poelee-de-haricots-verts.jpg","ingredients":[{"label":"Pavé(s) de boeuf de 150g","shopGroup":"Boucherie","qte":"6","unit":"pièce(s)","step":"","order":0},{"label":"Oignon(s) nouveau(x)","shopGroup":"Légumes","qte":"3","unit":"pièce(s)","step":"","order":1},{"label":"Haricot(s) vert(s)","shopGroup":"Légumes","qte":"800","unit":"g","step":"","order":2},{"label":"Huile d'arachide","shopGroup":"Epicerie","qte":"3","unit":"cl","step":"","order":3},{"label":"Beurre doux","shopGroup":"","qte":"10","unit":"g","step":"","order":4},{"label":"Sel fin","shopGroup":"","qte":"3","unit":"pincée(s)","step":"","order":5},{"label":"Moulin à poivre","shopGroup":"","qte":"3","unit":"tour(s)","step":"","order":6},{"label":"Beurre doux","shopGroup":"Crèmerie  hors fromage","qte":"100","unit":"g","step":"Pour la sauce","order":7},{"label":"Persil plat","shopGroup":"Herbes aromatiques","qte":"0.5","unit":"botte(s)","step":"Pour la sauce","order":8},{"label":"Citron(s) jaune(s)","shopGroup":"Fruits","qte":"1","unit":"pièce(s)","step":"Pour la sauce","order":9},{"label":"Sel fin","shopGroup":"","qte":"6","unit":"pincée(s)","step":"Pour la sauce","order":10}],"chiefTip":"Vous pouvez colorer les pavés de boeuf, puis finir leur cuisson au dernier moment au four à 200 °C pendant 3 min.","id":10457}