{"title":"Pavé de boeuf beurre maître d'hôtel, poêlée de haricots verts","description":"Laver tous les légumes. Éplucher les oignons nouveaux et les émincer en fines lamelles. Laver et hacher le persil. Presser le citron.<br /><br />Travailler le beurre pour qu'il prenne une texture \"pommade\", puis ajouter le persil, le jus de citron et saler. Rouler ensuite le mélange dans un papier film en formant un boudin, puis le conserver au réfrigérateur.<br /><br />Tailler les haricots verts en 2 ou en 3 biseaux. <br />Dans un wok chaud, mettre une noisette de beurre et faire suer les oignons avec 1 pincée de sel. Ajouter les haricots verts, assaisonner et mouiller d'eau à mi-hauteur. Couvrir et laisser cuire jusqu'à évaporation de l'eau. <br /><br />Dans une poêle chaude avec un trait d'huile d'arachide, colorer les filets de boeuf 1 minute de chaque côté, puis poursuivre sur le feu en fonction de la cuisson désirée.<br /><br />Dresser les haricots verts en assiettes creuses, poser un pavé de boeuf et mettre dessus une tranche de beurre maître d'hôtel.<br />Servir aussitôt.<br />","summary":"Pavé de boeuf sauté, servi avec des haricots verts frais et un beurre aromatisé au jus de citron et au persil haché... un grand classique des bistrots français !","timePreparation":"20mn","timeBaking":"10mn","timeRest":"0mn","picture":"http://1.media.atelierdeschefs.com/recette-c10457-pave-de-boeuf-beurre-maitre-d-hotel-poelee-de-haricots-verts.jpg","ingredients":[{"label":"Pavé(s) de boeuf de 150g","shopGroup":"Boucherie","qte":"6","unit":"pièce(s)","step":"","order":0},{"label":"Oignon(s) nouveau(x)","shopGroup":"Légumes","qte":"3","unit":"pièce(s)","step":"","order":1},{"label":"Haricot(s) vert(s)","shopGroup":"Légumes","qte":"800","unit":"g","step":"","order":2},{"label":"Huile d'arachide","shopGroup":"Epicerie","qte":"3","unit":"cl","step":"","order":3},{"label":"Beurre doux","shopGroup":"","qte":"10","unit":"g","step":"","order":4},{"label":"Sel fin","shopGroup":"","qte":"3","unit":"pincée(s)","step":"","order":5},{"label":"Moulin à poivre","shopGroup":"","qte":"3","unit":"tour(s)","step":"","order":6},{"label":"Beurre doux","shopGroup":"Crèmerie  hors fromage","qte":"100","unit":"g","step":"Pour la sauce","order":7},{"label":"Persil plat","shopGroup":"Herbes aromatiques","qte":"0.5","unit":"botte(s)","step":"Pour la sauce","order":8},{"label":"Citron(s) jaune(s)","shopGroup":"Fruits","qte":"1","unit":"pièce(s)","step":"Pour la sauce","order":9},{"label":"Sel fin","shopGroup":"","qte":"6","unit":"pincée(s)","step":"Pour la sauce","order":10}],"chiefTip":"Vous pouvez colorer les pavés de boeuf, puis finir leur cuisson au dernier moment au four à 200 °C pendant 3 min.","id":10457}