{"title":"Spaghettoni au poulet, basilic et potiron à la bresaola","description":"","summary":"Un wok de spaghettoni mêlant de belles saveurs : potiron, poulet et châtaignes.","timePreparation":"15mn","timeBaking":"15mn","timeRest":"0mn","picture":"","ingredients":[{"label":"Suprême(s) de poulet","shopGroup":"Volaille(s)","qte":"6","unit":"pièce(s)","step":"","order":0},{"label":"Spaghettoni","shopGroup":"Epicerie","qte":"300","unit":"g","step":"","order":1},{"label":"Oignon(s)","shopGroup":"Légumes","qte":"1","unit":"pièce(s)","step":"","order":2},{"label":"Potiron","shopGroup":"Légumes","qte":"200","unit":"g","step":"","order":3},{"label":"Vin blanc sec","shopGroup":"Boissons alcoolisées","qte":"5","unit":"cl","step":"","order":4},{"label":"Eau","shopGroup":"","qte":"5","unit":"l","step":"","order":5},{"label":"Crème liquide entière","shopGroup":"Crèmerie  hors fromage","qte":"10","unit":"cl","step":"","order":6},{"label":"Basilic","shopGroup":"Herbes aromatiques","qte":"0.25","unit":"botte(s)","step":"","order":7},{"label":"Châtaigne(s) cuite(s)","shopGroup":"Epicerie","qte":"60","unit":"g","step":"","order":8},{"label":"Sel fin","shopGroup":"","qte":"6","unit":"pincée(s)","step":"","order":9},{"label":"Huile d'olive","shopGroup":"Epicerie","qte":"5","unit":"cl","step":"","order":10},{"label":"Bresaola","shopGroup":"","qte":"30","unit":"g","step":"","order":11},{"label":"Gros sel","shopGroup":"","qte":"50","unit":"g","step":"","order":12},{"label":"Eau","shopGroup":"","qte":"5","unit":"l","step":"","order":13}],"chiefTip":"Vous pouvez remplacer la bresaola par du jambon de Parme ou du chorizo.Complétez cette recette avec quelques copeaux de parmesan.","id":10381}