{"title":"Tiramisu marrons, patates douces et clémentines","description":"","summary":"Un tiramisu de clémentines et une mousse onctueuse aux marrons et patates douces.","timePreparation":"30mn","timeBaking":"0mn","timeRest":"0mn","picture":"","ingredients":[{"label":"Clémentine(s)","shopGroup":"Fruits","qte":"6","unit":"pièce(s)","step":"","order":0},{"label":"Biscuit(s) à la cuillère","shopGroup":"Epicerie","qte":"90","unit":"g","step":"Pour l'étape 1","order":1},{"label":"Eau","shopGroup":"","qte":"10","unit":"cl","step":"Pour l'étape 1","order":2},{"label":"Sucre en poudre","shopGroup":"Epicerie","qte":"50","unit":"g","step":"Pour l'étape 1","order":3},{"label":"Whisky","shopGroup":"Boissons alcoolisées","qte":"2","unit":"cl","step":"Pour l'étape 1","order":4},{"label":"Patate(s) douce(s) rouge(s)","shopGroup":"Légumes","qte":"3","unit":"pièce(s)","step":"Pour la mousse","order":5},{"label":"Sucre glace","shopGroup":"Epicerie","qte":"100","unit":"g","step":"Pour la mousse","order":6},{"label":"Crème de marron non sucrée","shopGroup":"Epicerie","qte":"100","unit":"g","step":"Pour la mousse","order":7},{"label":"Feuille(s) de gélatine de 2 g","shopGroup":"Epicerie","qte":"2","unit":"pièce(s)","step":"Pour la mousse","order":8},{"label":"Gousse(s) de vanille","shopGroup":"Epicerie","qte":"1","unit":"pièce(s)","step":"Pour la mousse","order":9},{"label":"Crème liquide entière","shopGroup":"Crèmerie  hors fromage","qte":"100","unit":"cl","step":"Pour la mousse","order":10}],"chiefTip":"Vous pouvez au préalable poêler les quartiers de clémentine dans du caramel.","id":10688}