{"title":"Clafoutis de légumes croquants et fromage blanc à l'estragon","description":"Préchauffer le four à 180 °C. Laver les poivrons et les éplucher, enlever le pédoncule et les graines blanches. Couper tous les légumes en dés de 1,5 cm de côté. Beurrer et fariner un moule.<br /><br />Dans un bol, battre les oeufs avec la crème fraîche, ajouter doucement la farine et le lait (la pâte doit être bien lisse). Assaisonner de sel, de poivre et de muscade. Mettre ensuite les légumes (poivrons et tomates) dans un plat allant au four et verser la pâte par-dessus, en mélangeant bien pour que ce soit uniforme. Enfourner alors à 180 °C durant 50 min environ.<br /><br />Mélanger le fromage avec le sel et le poivre, ajouter l'estragon.<br /><br />Tailler des portions dans le clafoutis tiède et servir le fromage à côté dans des verrines.<br />","summary":"Un clafoutis original qui saura surprendre les petits comme les grands à l'heure du repas, à la maison ou lors d'un pique-nique.A servir accompagné de fromage blanc assaisonné avec de l'estragon.","timePreparation":"20mn","timeBaking":"50mn","timeRest":"0mn","picture":"","ingredients":[{"label":"Tomate(s) cerise(s)","shopGroup":"Fruits","qte":"125","unit":"g","step":"","order":0},{"label":"Poivron(s) rouge(s)","shopGroup":"Légumes","qte":"1","unit":"pièce(s)","step":"","order":1},{"label":"Poivron(s) jaune(s)","shopGroup":"Légumes","qte":"1","unit":"pièce(s)","step":"","order":2},{"label":"Oeuf(s)","shopGroup":"Crèmerie  hors fromage","qte":"3","unit":"pièce(s)","step":"","order":3},{"label":"Lait 1/2 écrémé","shopGroup":"Crèmerie  hors fromage","qte":"15","unit":"cl","step":"","order":4},{"label":"Crème liquide entière","shopGroup":"Crèmerie  hors fromage","qte":"30","unit":"cl","step":"","order":5},{"label":"Farine de blé","shopGroup":"","qte":"20","unit":"g","step":"","order":6},{"label":"Noix de muscade râpée","shopGroup":"Epicerie","qte":"2","unit":"g","step":"","order":7},{"label":"Sel fin","shopGroup":"","qte":"3","unit":"pincée(s)","step":"Pour la sauce","order":8},{"label":"Moulin à poivre","shopGroup":"","qte":"3","unit":"tour(s)","step":"Pour la sauce","order":9},{"label":"Fromage blanc fermier","shopGroup":"Fromage(s)","qte":"150","unit":"g","step":"Pour la sauce","order":10},{"label":"Estragon déshydraté","shopGroup":"Epicerie","qte":"2","unit":"g","step":"Pour la sauce","order":11},{"label":"Farine de blé","shopGroup":"Epicerie","qte":"10","unit":"g","step":"Pour le(s) moule(s)","order":12},{"label":"Beurre doux","shopGroup":"Crèmerie  hors fromage","qte":"10","unit":"g","step":"Pour le(s) moule(s)","order":13}],"chiefTip":"Vous pouvez aussi réaliser cette recette avec des légumes confits à l'huile : tomates confites et artichauts.","id":10035}