{"id":10035,"title":"Recette de Clafoutis de légumes croquants et fromage blanc à l'estragon","description":"","summary":"Un clafoutis original qui saura surprendre les petits comme les grands à l'heure du repas, à la maison ou lors d'un pique-nique.A servir accompagné de fromage blanc assaisonné avec de l'estragon.","timePreparation":"20mn","timeBaking":"50mn","timeRest":"0mn","picture":"http://1.media.atelierdeschefs.com/recette-e10035-clafoutis-de-legumes-croquants-et-fromage-blanc-a-l-estragon.jpg","ingredients":[{"label":"Tomate(s) cerise(s)","shopGroup":"Fruits","qte":"125","unit":"g","step":"","order":0},{"label":"Poivron(s) rouge(s)","shopGroup":"Légumes","qte":"1","unit":"pièce(s)","step":"","order":1},{"label":"Poivron(s) jaune(s)","shopGroup":"Légumes","qte":"1","unit":"pièce(s)","step":"","order":2},{"label":"Oeuf(s)","shopGroup":"Crèmerie  hors fromage","qte":"3","unit":"pièce(s)","step":"","order":3},{"label":"Lait 1/2 écrémé","shopGroup":"Crèmerie  hors fromage","qte":"15","unit":"cl","step":"","order":4},{"label":"Crème liquide entière","shopGroup":"Crèmerie  hors fromage","qte":"30","unit":"cl","step":"","order":5},{"label":"Farine de blé","shopGroup":"","qte":"20","unit":"g","step":"","order":6},{"label":"Noix de muscade râpée","shopGroup":"Epicerie","qte":"2","unit":"g","step":"","order":7},{"label":"Sel fin","shopGroup":"","qte":"3","unit":"pincée(s)","step":"Pour la sauce","order":8},{"label":"Moulin à poivre","shopGroup":"","qte":"3","unit":"tour(s)","step":"Pour la sauce","order":9},{"label":"Fromage blanc fermier","shopGroup":"Fromage(s)","qte":"150","unit":"g","step":"Pour la sauce","order":10},{"label":"Estragon déshydraté","shopGroup":"Epicerie","qte":"2","unit":"g","step":"Pour la sauce","order":11},{"label":"Farine de blé","shopGroup":"Epicerie","qte":"10","unit":"g","step":"Pour le(s) moule(s)","order":12},{"label":"Beurre doux","shopGroup":"Crèmerie  hors fromage","qte":"10","unit":"g","step":"Pour le(s) moule(s)","order":13}]}