{"id":10110,"title":"Recette de Comme une limonade de lait à l'huile de vanille","description":"","summary":"Une version originale d'un milk-shake au lait entier aromatisé à l'huile d'olive.","timePreparation":"15mn","timeBaking":"0mn","timeRest":"0mn","picture":"http://1.media.atelierdeschefs.com/recette-e10110-comme-une-limonade-de-lait-a-l-huile-de-vanille.jpg","ingredients":[{"label":"Lait entier","shopGroup":"Crèmerie  hors fromage","qte":"40","unit":"cl","step":"","order":0},{"label":"Huile d'olive","shopGroup":"Epicerie","qte":"5","unit":"cl","step":"","order":1},{"label":"Gousse(s) de vanille","shopGroup":"Epicerie","qte":"1","unit":"pièce(s)","step":"","order":2},{"label":"Blanc(s) d'oeuf","shopGroup":"Crèmerie  hors fromage","qte":"2","unit":"pièce(s)","step":"","order":3},{"label":"Sucre glace","shopGroup":"Epicerie","qte":"20","unit":"g","step":"","order":4}]}