{"title":"Comme une limonade de lait à l'huile de vanille","description":"Dans un bol, réunir le lait avec le sucre. Ajouter la gousse de vanille grattée et l'huile d'olive. Filtrer ensuite la préparation au travers d'une fine passette et réunir le tout dans le corps d'un siphon. Terminer avec les blancs d'oeufs, puis injecter une cartouche de gaz. Bien mélanger, puis verser l'émulsion dans des verres et déguster aussitôt.<br />","summary":"Une version originale d'un milk-shake au lait entier aromatisé à l'huile d'olive.","timePreparation":"15mn","timeBaking":"0mn","timeRest":"0mn","picture":"","ingredients":[{"label":"Lait entier","shopGroup":"Crèmerie  hors fromage","qte":"40","unit":"cl","step":"","order":0},{"label":"Huile d'olive","shopGroup":"Epicerie","qte":"5","unit":"cl","step":"","order":1},{"label":"Gousse(s) de vanille","shopGroup":"Epicerie","qte":"1","unit":"pièce(s)","step":"","order":2},{"label":"Blanc(s) d'oeuf","shopGroup":"Crèmerie  hors fromage","qte":"2","unit":"pièce(s)","step":"","order":3},{"label":"Sucre glace","shopGroup":"Epicerie","qte":"20","unit":"g","step":"","order":4}],"chiefTip":"Au moment d'injecter le gaz, il est préférable de mettre la tête du siphon vers le bas afin qu'il traverse tout le mélange.","id":10110}