{"title":"Soufflé au chocolat et caramel","description":"","summary":"Un soufflé aux saveurs de chocolat, servi chaud et moelleux.","timePreparation":"30mn","timeBaking":"0mn","timeRest":"0mn","picture":"","ingredients":[{"label":"Lait 1/2 écrémé","shopGroup":"Crèmerie  hors fromage","qte":"20","unit":"cl","step":"Pour l'étape 1","order":0},{"label":"Fécule de maïs","shopGroup":"Epicerie","qte":"10","unit":"g","step":"Pour l'étape 1","order":1},{"label":"Jaune(s) d'oeuf(s)","shopGroup":"Crèmerie  hors fromage","qte":"2","unit":"pièce(s)","step":"Pour l'étape 1","order":2},{"label":"Blanc(s) d'oeuf","shopGroup":"Crèmerie  hors fromage","qte":"135","unit":"g","step":"Pour l'étape 1","order":3},{"label":"Sucre en poudre","shopGroup":"","qte":"55","unit":"g","step":"Pour l'étape 2","order":4},{"label":"Beurre doux","shopGroup":"Crèmerie  hors fromage","qte":"10","unit":"g","step":"Pour l'étape 2","order":5},{"label":"Sucre en poudre","shopGroup":"Epicerie","qte":"30","unit":"g","step":"Pour l'étape 2","order":6}],"chiefTip":"Pensez à sortir vos blancs d'oeufs à l'avance, cela vous permettra de les monter plus facilement.","id":10591}