{"title":"Soufflé au chocolat et caramel","description":"<br /><b>Pour la base de chocolat :</b><br />Préchauffer le four à 240 °C.<br /><br />Faire bouillir les 4/5e du lait (le reste va servir à diluer la fécule). Lorsque le lait est bien chaud, y verser la fécule, puis porter à ébullition et laisser cuire pendant 30 secondes.<br /><br />Faire fondre le chocolat au bain-marie. <br />Mélanger les jaunes d'oeufs avec le lait épaissi tiède, puis incorporer le chocolat fondu et fouetter pour bien l'incorporer.<br />Beurrer les moules 2 fois dans le sens de la hauteur, puis les sucrer.<br /> <br />Dans un batteur, monter les blancs d'oeufs en neige et quand ils sont bien fermes, ajouter le sucre. Continuer alors de fouetter pendant 2 min. <br /><br />Incorporer 1/3 des blancs d'oeufs à la masse chocolatée et mélanger, puis incorporer le tout au reste de blancs et mélanger délicatement. Verser ensuite l'appareil dans les moules beurrés et sucrés, puis enfourner à 240 °C pendant 8 min.<br /><br />Mettre du caramel Fill par-dessus le soufflé et servir aussitôt.<br />","summary":"Un soufflé aux saveurs de chocolat, servi chaud et moelleux.","timePreparation":"30mn","timeBaking":"0mn","timeRest":"0mn","picture":"","ingredients":[{"label":"Lait 1/2 écrémé","shopGroup":"Crèmerie  hors fromage","qte":"20","unit":"cl","step":"Pour l'étape 1","order":0},{"label":"Fécule de maïs","shopGroup":"Epicerie","qte":"10","unit":"g","step":"Pour l'étape 1","order":1},{"label":"Jaune(s) d'oeuf(s)","shopGroup":"Crèmerie  hors fromage","qte":"2","unit":"pièce(s)","step":"Pour l'étape 1","order":2},{"label":"Blanc(s) d'oeuf","shopGroup":"Crèmerie  hors fromage","qte":"135","unit":"g","step":"Pour l'étape 1","order":3},{"label":"Sucre en poudre","shopGroup":"","qte":"55","unit":"g","step":"Pour l'étape 2","order":4},{"label":"Beurre doux","shopGroup":"Crèmerie  hors fromage","qte":"10","unit":"g","step":"Pour l'étape 2","order":5},{"label":"Sucre en poudre","shopGroup":"Epicerie","qte":"30","unit":"g","step":"Pour l'étape 2","order":6}],"chiefTip":"Pensez à sortir vos blancs d'oeufs à l'avance, cela vous permettra de les monter plus facilement.","id":10591}