{"id":10785,"title":"Recette de Macaron marmelade clémentine","description":"","summary":"Des macarons classiques accompagnés de clémentines caramélisées et parfumées au Cointreau.","timePreparation":"1h30mn","timeBaking":"15mn","timeRest":"15mn","picture":"http://1.media.atelierdeschefs.com/recette-e10785-macaron-marmelade-clementine.jpg","ingredients":[{"label":"Blanc(s) d'oeuf","shopGroup":"Crèmerie  hors fromage","qte":"215","unit":"g","step":"Pour les macarons","order":0},{"label":"Sucre en poudre","shopGroup":"","qte":"150","unit":"g","step":"Pour les macarons","order":1},{"label":"Poudre d'amande","shopGroup":"Epicerie","qte":"250","unit":"g","step":"Pour les macarons","order":2},{"label":"Sucre glace","shopGroup":"Epicerie","qte":"350","unit":"g","step":"Pour les macarons","order":3},{"label":"Colorant poudre orange","shopGroup":"Epicerie","qte":"2","unit":"g","step":"Pour les macarons","order":4},{"label":"Sucre en poudre","shopGroup":"Epicerie","qte":"150","unit":"g","step":"Pour la garniture","order":5},{"label":"Cointreau","shopGroup":"Boissons alcoolisées","qte":"5","unit":"cl","step":"Pour la garniture","order":6},{"label":"Eau","shopGroup":"","qte":"10","unit":"cl","step":"Pour la garniture","order":7},{"label":"Clémentine(s)","shopGroup":"Fruits","qte":"12","unit":"pièce(s)","step":"Pour la garniture","order":8}]}