{"id":10789,"title":"Recette de Lentilles confites à la badiane, au gingembre et à la vanille, émulsion chocolat blanc","description":"","summary":"Lentilles aromatisées et cuites dans un sirop vanillé : un dessert étonnant accompagné d'une chantilly légère au chocolat blanc.","timePreparation":"1h","timeBaking":"0mn","timeRest":"0mn","picture":"http://1.media.atelierdeschefs.com/recette-e10789-lentilles-confites-a-la-badiane-au-gingembre-et-a-la-vanille-emulsion-chocolat-blanc.jpg","ingredients":[{"label":"Lentille(s) verte(s)","shopGroup":"Légumes","qte":"150","unit":"g","step":"","order":0},{"label":"Eau","shopGroup":"","qte":"35","unit":"cl","step":"Pour le sirop","order":1},{"label":"Sucre en poudre","shopGroup":"Epicerie","qte":"175","unit":"g","step":"Pour le sirop","order":2},{"label":"Gousse(s) de vanille","shopGroup":"Epicerie","qte":"1","unit":"pièce(s)","step":"Pour le sirop","order":3},{"label":"Etoile(s) de badiane","shopGroup":"Epicerie","qte":"1","unit":"pièce(s)","step":"Pour le sirop","order":4},{"label":"Gingembre frais","shopGroup":"Légumes","qte":"20","unit":"g","step":"Pour le sirop","order":5},{"label":"Chocolat blanc","shopGroup":"Epicerie","qte":"150","unit":"g","step":"Pour l'émulsion","order":6},{"label":"Crème liquide entière","shopGroup":"Crèmerie  hors fromage","qte":"0.5","unit":"l","step":"Pour l'émulsion","order":7}]}