{"title":"Capellini au citron et gingembre, cabillaud minute","description":"","summary":"Un pavé de cabillaud lardé de citron confit, accompagné de fins capellini cuits dans une sauce citron, gingembre et champagne.","timePreparation":"30mn","timeBaking":"0mn","timeRest":"0mn","picture":"http://1.media.atelierdeschefs.com/recette-c10379-capellini-au-citron-et-gingembre-cabillaud-minute.jpg","ingredients":[{"label":"Pavé(s) de cabillaud de 150 g","shopGroup":"Poissonnerie","qte":"6","unit":"pièce(s)","step":"","order":0},{"label":"Capellini","shopGroup":"Epicerie","qte":"480","unit":"g","step":"","order":1},{"label":"Citronnelle","shopGroup":"Légumes","qte":"1","unit":"branche(s)","step":"","order":2},{"label":"Gingembre frais","shopGroup":"Légumes","qte":"20","unit":"g","step":"","order":3},{"label":"Oignon(s) nouveau(x)","shopGroup":"Légumes","qte":"2","unit":"pièce(s)","step":"","order":4},{"label":"Citron(s) jaune(s)","shopGroup":"Fruits","qte":"1","unit":"pièce(s)","step":"","order":5},{"label":"Citron(s) confit au sel","shopGroup":"Epicerie","qte":"0.5","unit":"pièce(s)","step":"","order":6},{"label":"Champagne","shopGroup":"Boissons alcoolisées","qte":"15","unit":"cl","step":"","order":7},{"label":"Crème liquide entière","shopGroup":"Crèmerie  hors fromage","qte":"5","unit":"cl","step":"","order":8},{"label":"Huile d'olive","shopGroup":"Epicerie","qte":"5","unit":"cl","step":"","order":9},{"label":"Sel fin","shopGroup":"","qte":"6","unit":"pincée(s)","step":"","order":10},{"label":"Piment d'Espelette","shopGroup":"Epicerie","qte":"6","unit":"pincée(s)","step":"","order":11},{"label":"Gros sel","shopGroup":"","qte":"35","unit":"g","step":"","order":12},{"label":"Eau","shopGroup":"","qte":"5","unit":"l","step":"","order":13}],"chiefTip":"Vous pouvez terminer cette recette avec quelques arachides légèrement torréfiées pour apporter du croquant.","id":10379}