{"title":"Capellini au citron et gingembre, cabillaud minute","description":"Laver tous les légumes. Tailler finement la citronnelle. Peler le gingembre et le tailler en fine brunoise. Tailler l'oignon blanc en brunoise et émincer la cive (partie verte). Zester le citron, presser le jus. Retirer la chair du citron confit et tailler des petits bâtonnets dans la peau. Retirer la peau et couper les pavés de cabillaud en trois ou quatre. Piquer chaque morceaux d'une lanière de citron confit.<br /><br />Cuire les capellini \"al dente\" dans 5 litres d'eau salée. Les égoutter après la cuisson, puis les débarrasser dans un plat et les arroser d'un filet d'huile d'olive.<br /><br /><br />Dans un wok, faire suer à l'huile d'olive le blanc des oignons avec une pincée de sel fin, puis ajouter le gingembre et la citronnelle. Déglacer avec le zeste et le jus de citron, le champagne, puis faire légèrement réduire et lier avec la crème. Réduire le feu et pocher quelques minutes les morceaux de cabillaud, ajouter les capellini dans la sauce afin de les réchauffer et bien mélanger.<br /><br />Disposer les capellini en assiette creuse et terminer avec la cive.<br />","summary":"Un pavé de cabillaud lardé de citron confit, accompagné de fins capellini cuits dans une sauce citron, gingembre et champagne.","timePreparation":"30mn","timeBaking":"0mn","timeRest":"0mn","picture":"http://1.media.atelierdeschefs.com/recette-c10379-capellini-au-citron-et-gingembre-cabillaud-minute.jpg","ingredients":[{"label":"Pavé(s) de cabillaud de 150 g","shopGroup":"Poissonnerie","qte":"6","unit":"pièce(s)","step":"","order":0},{"label":"Capellini","shopGroup":"Epicerie","qte":"480","unit":"g","step":"","order":1},{"label":"Citronnelle","shopGroup":"Légumes","qte":"1","unit":"branche(s)","step":"","order":2},{"label":"Gingembre frais","shopGroup":"Légumes","qte":"20","unit":"g","step":"","order":3},{"label":"Oignon(s) nouveau(x)","shopGroup":"Légumes","qte":"2","unit":"pièce(s)","step":"","order":4},{"label":"Citron(s) jaune(s)","shopGroup":"Fruits","qte":"1","unit":"pièce(s)","step":"","order":5},{"label":"Citron(s) confit au sel","shopGroup":"Epicerie","qte":"0.5","unit":"pièce(s)","step":"","order":6},{"label":"Champagne","shopGroup":"Boissons alcoolisées","qte":"15","unit":"cl","step":"","order":7},{"label":"Crème liquide entière","shopGroup":"Crèmerie  hors fromage","qte":"5","unit":"cl","step":"","order":8},{"label":"Huile d'olive","shopGroup":"Epicerie","qte":"5","unit":"cl","step":"","order":9},{"label":"Sel fin","shopGroup":"","qte":"6","unit":"pincée(s)","step":"","order":10},{"label":"Piment d'Espelette","shopGroup":"Epicerie","qte":"6","unit":"pincée(s)","step":"","order":11},{"label":"Gros sel","shopGroup":"","qte":"35","unit":"g","step":"","order":12},{"label":"Eau","shopGroup":"","qte":"5","unit":"l","step":"","order":13}],"chiefTip":"Vous pouvez terminer cette recette avec quelques arachides légèrement torréfiées pour apporter du croquant.","id":10379}