{"title":"Tajine de kefta de boeuf aux petits pois et fenouil","description":"Peler les oignons rouges et les ciseler très finement. Laver les oignons nouveaux et le fenouil, puis les émincer. Ciseler la coriandre. Passer les pavés de boeuf au hachoir.<br /><br />Dans un récipient, déposer la viande hachée, ajouter les oignons nouveaux et les épices, puis bien mélanger l'ensemble. Façonner ensuite la viande en formant des boulettes de la taille d'un abricot. <br />Dans une cocotte, disposer un filet d'huile d'olive et faire suer les oignons rouge avec une pincée de sel fin. Ajouter les boulettes de viande et les colorer rapidement, puis les retirer et les réserver au chaud.<br />Dans la même cocotte, mettre les petits pois, le fenouil, la purée de tomate et le safran. Mouiller avec de l'eau à hauteur et faire réduire. Remettre les boulettes de viande, ajouter la coriandre et faire réchauffer quelques instants.<br /><br />Déposer les boulettes et les légumes dans un tajine, puis napper de sauce et servir.<br />","summary":"Un tajine de kefta (viande hachée) de boeuf aux épices, servi avec une garniture à base de petits pois et fenouil.","timePreparation":"15mn","timeBaking":"30mn","timeRest":"0mn","picture":"","ingredients":[{"label":"Boeuf haché","shopGroup":"Boucherie","qte":"800","unit":"g","step":"","order":0},{"label":"Oignon(s) rouge(s)","shopGroup":"Légumes","qte":"2","unit":"pièce(s)","step":"","order":1},{"label":"Sel fin","shopGroup":"","qte":"3","unit":"pincée(s)","step":"","order":2},{"label":"Moulin à poivre","shopGroup":"","qte":"3","unit":"tour(s)","step":"","order":3},{"label":"Noix de muscade râpée","shopGroup":"Epicerie","qte":"1","unit":"g","step":"","order":4},{"label":"Paprika","shopGroup":"Epicerie","qte":"5","unit":"g","step":"","order":5},{"label":"Cumin en poudre","shopGroup":"Epicerie","qte":"5","unit":"g","step":"","order":6},{"label":"Petit(s) pois surgelé(s)","shopGroup":"Surgelés","qte":"200","unit":"g","step":"","order":7},{"label":"Fenouil(s)","shopGroup":"Légumes","qte":"1","unit":"pièce(s)","step":"","order":8},{"label":"Oignon(s) nouveau(x)","shopGroup":"Légumes","qte":"2","unit":"pièce(s)","step":"","order":9},{"label":"Purée de tomate confite","shopGroup":"Epicerie","qte":"20","unit":"g","step":"","order":10},{"label":"Pistils de safran","shopGroup":"Epicerie","qte":"2","unit":"pincée(s)","step":"","order":11},{"label":"Coriandre fraîche","shopGroup":"Herbes aromatiques","qte":"0.5","unit":"botte(s)","step":"","order":12},{"label":"Huile d'olive","shopGroup":"Epicerie","qte":"1","unit":"cl","step":"","order":13}],"chiefTip":"Vous pouvez également utiliser de la viande d'agneau hachée pour cette recette.","id":10117}