{"title":"Moelleux au chocolat en verrine de caramel et mousseux café","description":"","summary":"Sauce caramel, fondant au chocolat, espuma café et croustillant à base de pâte sablée.","timePreparation":"20mn","timeBaking":"25mn","timeRest":"30mn","picture":"","ingredients":[{"label":"Chocolat noir","shopGroup":"Epicerie","qte":"110","unit":"g","step":"Pour les gâteaux","order":0},{"label":"Beurre doux","shopGroup":"","qte":"115","unit":"g","step":"Pour les gâteaux","order":1},{"label":"Oeuf(s)","shopGroup":"Crèmerie  hors fromage","qte":"2","unit":"pièce(s)","step":"Pour les gâteaux","order":2},{"label":"Sucre en poudre","shopGroup":"","qte":"80","unit":"g","step":"Pour les gâteaux","order":3},{"label":"Farine de blé","shopGroup":"","qte":"60","unit":"g","step":"Pour les gâteaux","order":4},{"label":"Sucre en poudre","shopGroup":"","qte":"100","unit":"g","step":"Pour la sauce","order":5},{"label":"Beurre doux","shopGroup":"","qte":"15","unit":"g","step":"Pour la sauce","order":6},{"label":"Crème liquide entière","shopGroup":"","qte":"30","unit":"cl","step":"Pour la sauce","order":7},{"label":"1851 moulu de Legal le goût","shopGroup":"Epicerie","qte":"10","unit":"g","step":"Pour l'émulsion","order":8},{"label":"Crème liquide entière","shopGroup":"Crèmerie  hors fromage","qte":"25","unit":"cl","step":"Pour l'émulsion","order":9},{"label":"Sucre glace","shopGroup":"Epicerie","qte":"15","unit":"g","step":"Pour l'émulsion","order":10},{"label":"Sucre en poudre","shopGroup":"Epicerie","qte":"30","unit":"g","step":"Pour la pâte","order":11},{"label":"Jaune(s) d'oeuf(s)","shopGroup":"Crèmerie  hors fromage","qte":"1","unit":"pièce(s)","step":"Pour la pâte","order":12},{"label":"Farine de blé","shopGroup":"Epicerie","qte":"50","unit":"g","step":"Pour la pâte","order":13},{"label":"Beurre doux","shopGroup":"Crèmerie  hors fromage","qte":"40","unit":"g","step":"Pour la pâte","order":14}],"chiefTip":"Pour ce dessert, l'utilisation d'un verre de type cocktail permettra de laisser un vide entre la sauce caramel et le sablé.","id":10188}