{"title":"Moelleux au chocolat en verrine de caramel et mousseux café","description":"<br /><b>Pour les fondants au chocolat :</b><br />Préchauffer le four à 200 °C (th. 6-7).<br />Fouetter les oeufs et le sucre au batteur jusqu'à obtenir une mousse compacte et blanche. Faire fondre le chocolat et le beurre au bain-marie, puis ajouter délicatement la farine. Mélanger les 2 masses (chocolat/beurre/farine + sabayon).<br />Réaliser des bandelettes dans le papier cuisson, puis les rouler à l'intérieur de cercles en inox. Verser l'appareil à fondant aux 3/4 des moules et cuire à 200 °C pendant 6 min.<br /><br /><b>Pour le caramel :</b><br />Dans une poêle, faire fondre le sucre pour obtenir un caramel. Ajouter alors le beurre, puis la crème petit à petit. Débarrasser et faire refroidir.<br /><br /><b>Pour l'émulsion café :</b><br />Dans un bol, mélanger l'expresso, la crème et le sucre. Mettre l'ensemble dans un siphon et faire refroidir. Ajouter le gaz.<br /><br /><b>Pour la pâte :</b><br />Préchauffer le four à 180 °C (th. 6).<br />Dans un bol, malaxer du bout des doigts tous les ingrédients de la pâte sablée. Placer ensuite la pâte entre 2 feuilles de papier sulfurisé et l'étaler sur 3 mm d'épaisseur, puis la cuire au four à 180 °C pendant 15 à 20 min. Choisir un emporte-pièce d'un diamètre égal à la moitié de la hauteur de la verrine et découper les sablés dès la sortie du four.<br /><br />Au dernier moment, verser le caramel dans la verrine et placer le sablé dessus, puis poser le fondant au chocolat et recouvrir le tout d'émulsion café.<br />","summary":"Sauce caramel, fondant au chocolat, espuma café et croustillant à base de pâte sablée.","timePreparation":"20mn","timeBaking":"25mn","timeRest":"30mn","picture":"","ingredients":[{"label":"Chocolat noir","shopGroup":"Epicerie","qte":"110","unit":"g","step":"Pour les gâteaux","order":0},{"label":"Beurre doux","shopGroup":"","qte":"115","unit":"g","step":"Pour les gâteaux","order":1},{"label":"Oeuf(s)","shopGroup":"Crèmerie  hors fromage","qte":"2","unit":"pièce(s)","step":"Pour les gâteaux","order":2},{"label":"Sucre en poudre","shopGroup":"","qte":"80","unit":"g","step":"Pour les gâteaux","order":3},{"label":"Farine de blé","shopGroup":"","qte":"60","unit":"g","step":"Pour les gâteaux","order":4},{"label":"Sucre en poudre","shopGroup":"","qte":"100","unit":"g","step":"Pour la sauce","order":5},{"label":"Beurre doux","shopGroup":"","qte":"15","unit":"g","step":"Pour la sauce","order":6},{"label":"Crème liquide entière","shopGroup":"","qte":"30","unit":"cl","step":"Pour la sauce","order":7},{"label":"1851 moulu de Legal le goût","shopGroup":"Epicerie","qte":"10","unit":"g","step":"Pour l'émulsion","order":8},{"label":"Crème liquide entière","shopGroup":"Crèmerie  hors fromage","qte":"25","unit":"cl","step":"Pour l'émulsion","order":9},{"label":"Sucre glace","shopGroup":"Epicerie","qte":"15","unit":"g","step":"Pour l'émulsion","order":10},{"label":"Sucre en poudre","shopGroup":"Epicerie","qte":"30","unit":"g","step":"Pour la pâte","order":11},{"label":"Jaune(s) d'oeuf(s)","shopGroup":"Crèmerie  hors fromage","qte":"1","unit":"pièce(s)","step":"Pour la pâte","order":12},{"label":"Farine de blé","shopGroup":"Epicerie","qte":"50","unit":"g","step":"Pour la pâte","order":13},{"label":"Beurre doux","shopGroup":"Crèmerie  hors fromage","qte":"40","unit":"g","step":"Pour la pâte","order":14}],"chiefTip":"Pour ce dessert, l'utilisation d'un verre de type cocktail permettra de laisser un vide entre la sauce caramel et le sablé.","id":10188}