{"title":"Fricassée de champignons des bois, oeuf mollet et pousses d'épinard au jus vinaigré","description":"","summary":"Un mélange de champignons des bois aux échalotes accompagnés d'un oeuf écalé au coeur coulant et d'un jus vinaigré.","timePreparation":"30mn","timeBaking":"20mn","timeRest":"0mn","picture":"http://1.media.atelierdeschefs.com/recette-c10138-fricassee-de-champignons-des-bois-oeuf-mollet-et-pousses-d-epinard-au-jus-vinaigre.jpg","ingredients":[{"label":"Echalote(s)","shopGroup":"Légumes","qte":"2","unit":"pièce(s)","step":"","order":0},{"label":"Tranche(s) de lard fumé","shopGroup":"Charcuterie","qte":"3","unit":"pièce(s)","step":"","order":1},{"label":"Girolle(s)","shopGroup":"Légumes","qte":"300","unit":"g","step":"","order":2},{"label":"Cèpe(s)","shopGroup":"Légumes","qte":"250","unit":"g","step":"","order":3},{"label":"Trompettes de la mort","shopGroup":"Légumes","qte":"250","unit":"g","step":"","order":4},{"label":"Chanterelle(s)","shopGroup":"Légumes","qte":"250","unit":"g","step":"","order":5},{"label":"Oeuf(s)","shopGroup":"Crèmerie  hors fromage","qte":"6","unit":"pièce(s)","step":"","order":6},{"label":"Vinaigre de Xérès","shopGroup":"Epicerie","qte":"5","unit":"cl","step":"","order":7},{"label":"Pousse(s) d'épinard","shopGroup":"Légumes","qte":"200","unit":"g","step":"","order":8},{"label":"Ciboulette","shopGroup":"Herbes aromatiques","qte":"0.5","unit":"botte(s)","step":"","order":9},{"label":"Huile d'olive","shopGroup":"Epicerie","qte":"5","unit":"cl","step":"","order":10},{"label":"Beurre doux","shopGroup":"Crèmerie  hors fromage","qte":"20","unit":"g","step":"","order":11},{"label":"Sel fin","shopGroup":"","qte":"3","unit":"pincée(s)","step":"","order":12},{"label":"Piment d'Espelette","shopGroup":"Epicerie","qte":"3","unit":"pincée(s)","step":"","order":13},{"label":"Gros sel","shopGroup":"","qte":"10","unit":"g","step":"","order":14}],"chiefTip":"Vous pouvez servir l'oeuf froid, ou juste réchauffé dans de l'eau bouillante pendant 2 min.Utilisez les variétés de champignons selon la saison.","id":10138}