{"title":"Fricassée de champignons des bois, oeuf mollet et pousses d'épinard au jus vinaigré","description":"Laver tous les champignons. Émincer les cèpes. Couper les girolles en 2 dans le sens de la hauteur. Éplucher les échalotes puis les ciseler finement. Couper la ciboulette en gros tronçons. <br />Dégraisser les tranches de lard fumé puis les couper en lardons.<br /><br />Dans une poêle, faire dégorger dans un premier temps tous les champignons avec un trait d'huile d'olive et une pincée de sel fin. Les mettre ensuite à égoutter.<br /><br />Dans une casserole d'eau bouillante, ajouter le gros sel (10 g/litre) et  2 cl de vinaigre de Xérès, puis plonger délicatement les oeufs dedans et les cuire 4 min 30 à la reprise de l'ébullition. Refroidir ensuite les oeufs, puis les écaler.<br /><br />Dans une poêle, faire fondre les lardons, ajouter les champignons et les échalotes. Saler et poivrer. En fin de cuisson, ajouter la ciboulette et une noisette de beurre. Mettre les champignons de côté, puis déglacer la poêle avec le reste de vinaigre de Xérès.<br /><br />Sur une assiette, disposer un petit tas de fricassée de champignons et réaliser un petit puits pour y déposer l'oeuf mollet. Terminer avec un peu de pousses d'épinard assaisonnées de jus de déglaçage.<br />","summary":"Un mélange de champignons des bois aux échalotes accompagnés d'un oeuf écalé au coeur coulant et d'un jus vinaigré.","timePreparation":"30mn","timeBaking":"20mn","timeRest":"0mn","picture":"http://1.media.atelierdeschefs.com/recette-c10138-fricassee-de-champignons-des-bois-oeuf-mollet-et-pousses-d-epinard-au-jus-vinaigre.jpg","ingredients":[{"label":"Echalote(s)","shopGroup":"Légumes","qte":"2","unit":"pièce(s)","step":"","order":0},{"label":"Tranche(s) de lard fumé","shopGroup":"Charcuterie","qte":"3","unit":"pièce(s)","step":"","order":1},{"label":"Girolle(s)","shopGroup":"Légumes","qte":"300","unit":"g","step":"","order":2},{"label":"Cèpe(s)","shopGroup":"Légumes","qte":"250","unit":"g","step":"","order":3},{"label":"Trompettes de la mort","shopGroup":"Légumes","qte":"250","unit":"g","step":"","order":4},{"label":"Chanterelle(s)","shopGroup":"Légumes","qte":"250","unit":"g","step":"","order":5},{"label":"Oeuf(s)","shopGroup":"Crèmerie  hors fromage","qte":"6","unit":"pièce(s)","step":"","order":6},{"label":"Vinaigre de Xérès","shopGroup":"Epicerie","qte":"5","unit":"cl","step":"","order":7},{"label":"Pousse(s) d'épinard","shopGroup":"Légumes","qte":"200","unit":"g","step":"","order":8},{"label":"Ciboulette","shopGroup":"Herbes aromatiques","qte":"0.5","unit":"botte(s)","step":"","order":9},{"label":"Huile d'olive","shopGroup":"Epicerie","qte":"5","unit":"cl","step":"","order":10},{"label":"Beurre doux","shopGroup":"Crèmerie  hors fromage","qte":"20","unit":"g","step":"","order":11},{"label":"Sel fin","shopGroup":"","qte":"3","unit":"pincée(s)","step":"","order":12},{"label":"Piment d'Espelette","shopGroup":"Epicerie","qte":"3","unit":"pincée(s)","step":"","order":13},{"label":"Gros sel","shopGroup":"","qte":"10","unit":"g","step":"","order":14}],"chiefTip":"Vous pouvez servir l'oeuf froid, ou juste réchauffé dans de l'eau bouillante pendant 2 min.Utilisez les variétés de champignons selon la saison.","id":10138}