{"id":10650,"title":"Recette de Dos de cabillaud piqué au jambon ibérique, purée façon Grand Chef","description":"","summary":"Un dos de cabillaud au délicat parfum de jambon espagnol, accompagné d'une purée Grand Chef qui est une purée largement montée au beurre.","timePreparation":"30mn","timeBaking":"0mn","timeRest":"0mn","picture":"http://1.media.atelierdeschefs.com/recette-e10650-dos-de-cabillaud-pique-au-jambon-iberique-puree-facon-grand-chef.jpg","ingredients":[{"label":"Pavé(s) de cabillaud de 150 g","shopGroup":"Poissonnerie","qte":"6","unit":"pièce(s)","step":"","order":0},{"label":"Pomme(s) de terre  à chair farineuse","shopGroup":"Légumes","qte":"600","unit":"g","step":"","order":1},{"label":"Beurre doux","shopGroup":"Crèmerie  hors fromage","qte":"250","unit":"g","step":"","order":2},{"label":"Lait 1/2 écrémé","shopGroup":"Crèmerie  hors fromage","qte":"10","unit":"cl","step":"","order":3},{"label":"Copeau(x)de Jambon Ibérique","shopGroup":"Charcuterie","qte":"100","unit":"g","step":"","order":4},{"label":"Huile d'olive","shopGroup":"Epicerie","qte":"4","unit":"cl","step":"","order":5},{"label":"Sel fin","shopGroup":"","qte":"6","unit":"pincée(s)","step":"","order":6},{"label":"Piment d'Espelette","shopGroup":"Epicerie","qte":"6","unit":"pincée(s)","step":"","order":7},{"label":"Gros sel","shopGroup":"","qte":"10","unit":"g","step":"","order":8}]}