{"title":"Dos de cabillaud piqué au jambon ibérique, purée façon Grand Chef","description":"Éplucher les pommes de terre et les tailler en cubes. Les rincer dans un grand volume d'eau froide, puis les mettre dans une casserole remplie d'eau salée (10 g de gros sel/litre). Porter à ébullition, puis cuire pendant 10 à 12 min (vérifier la cuisson en piquant la pointe d'un couteau dans un cube).<br /><br />Tailler le jambon en fines lamelles.<br />Piquer les cabillauds à l'aide d'un couteau et insérer sous la peau des lamelles de jambon.<br />Dans une poêle très chaude, verser un filet d'huile d'olive et faire sauter les poissons côté peau, les assaisonner de sel et de piment d'Espelette. Les retourner après 3 min, puis finir la cuisson pendant 1 min.<br /><br />Remettre les pommes de terre dans la casserole sur le feu, puis incorporer délicatement le beurre petit à petit, en utilisant un fouet. Fouetter ensuite vivement pour émulsionner la purée et stabiliser (empêcher le beurre de se dissocier) avec quelques gouttes de lait.<br /><br />Servir la purée au centre de l'assiette avec le poisson posé dessus, et terminer par quelques copeaux de jambon.<br />","summary":"Un dos de cabillaud au délicat parfum de jambon espagnol, accompagné d'une purée Grand Chef qui est une purée largement montée au beurre.","timePreparation":"30mn","timeBaking":"0mn","timeRest":"0mn","picture":"","ingredients":[{"label":"Pavé(s) de cabillaud de 150 g","shopGroup":"Poissonnerie","qte":"6","unit":"pièce(s)","step":"","order":0},{"label":"Pomme(s) de terre  à chair farineuse","shopGroup":"Légumes","qte":"600","unit":"g","step":"","order":1},{"label":"Beurre doux","shopGroup":"Crèmerie  hors fromage","qte":"250","unit":"g","step":"","order":2},{"label":"Lait 1/2 écrémé","shopGroup":"Crèmerie  hors fromage","qte":"10","unit":"cl","step":"","order":3},{"label":"Copeau(x)de Jambon Ibérique","shopGroup":"Charcuterie","qte":"100","unit":"g","step":"","order":4},{"label":"Huile d'olive","shopGroup":"Epicerie","qte":"4","unit":"cl","step":"","order":5},{"label":"Sel fin","shopGroup":"","qte":"6","unit":"pincée(s)","step":"","order":6},{"label":"Piment d'Espelette","shopGroup":"Epicerie","qte":"6","unit":"pincée(s)","step":"","order":7},{"label":"Gros sel","shopGroup":"","qte":"10","unit":"g","step":"","order":8}],"chiefTip":"Pour gagner du temps, vous pouvez colorer vos poissons à la poêle et finir leur cuisson au four.","id":10650}