{"id":10258,"title":"Recette de Tagliatelle Primavera","description":"","summary":"Des tagliatelle fraîches avec une sauce Primavera aux asperges et champignons.","timePreparation":"20mn","timeBaking":"10mn","timeRest":"0mn","picture":"http://1.media.atelierdeschefs.com/recette-e10258-tagliatelle-primavera.jpg","ingredients":[{"label":"Tagliatelle(s)","shopGroup":"Epicerie","qte":"700","unit":"g","step":"","order":0},{"label":"Asperge(s) vertes(s)","shopGroup":"Légumes","qte":"1","unit":"botte(s)","step":"","order":1},{"label":"Champignon(s) de Paris","shopGroup":"Légumes","qte":"150","unit":"g","step":"","order":2},{"label":"Tomate(s) cerise(s)","shopGroup":"Fruits","qte":"100","unit":"g","step":"","order":3},{"label":"Petit(s) pois frais écossé(s)","shopGroup":"Légumes","qte":"100","unit":"g","step":"","order":4},{"label":"Courgette(s)","shopGroup":"Légumes","qte":"2","unit":"pièce(s)","step":"","order":5},{"label":"Basilic","shopGroup":"Herbes aromatiques","qte":"0.5","unit":"botte(s)","step":"","order":6},{"label":"Persil plat","shopGroup":"Herbes aromatiques","qte":"0.5","unit":"botte(s)","step":"","order":7},{"label":"Sel fin","shopGroup":"","qte":"1","unit":"pincée(s)","step":"","order":8},{"label":"Moulin à poivre","shopGroup":"","qte":"1","unit":"tour(s)","step":"","order":9},{"label":"Echalote(s)","shopGroup":"Légumes","qte":"1","unit":"pièce(s)","step":"","order":10},{"label":"Huile d'olive","shopGroup":"Epicerie","qte":"5","unit":"cl","step":"","order":11},{"label":"Gousse(s) d'ail","shopGroup":"Légumes","qte":"2","unit":"pièce(s)","step":"","order":12},{"label":"Parmesan Parmigiano Reggiano","shopGroup":"Fromage(s)","qte":"50","unit":"g","step":"","order":13},{"label":"Roquette","shopGroup":"Légumes","qte":"1","unit":"botte(s)","step":"","order":14}]}