{"title":"Pavé de biche rôti et cèpes en branche de romarin","description":"","summary":"Pavé de biche rôti à la poêle, servi avec une sauce au vin rouge et des brochettes de cèpes poêlés.","timePreparation":"30mn","timeBaking":"0mn","timeRest":"0mn","picture":"","ingredients":[{"label":"Pavé(s) de biche de 160 g","shopGroup":"Boucherie","qte":"6","unit":"pièce(s)","step":"","order":0},{"label":"Cèpe(s) gros","shopGroup":"Légumes","qte":"6","unit":"pièce(s)","step":"","order":1},{"label":"Gousse(s) d'ail","shopGroup":"Légumes","qte":"2","unit":"gousse(s)","step":"","order":2},{"label":"Vin rouge","shopGroup":"Boissons alcoolisées","qte":"20","unit":"cl","step":"","order":3},{"label":"Gelée de groseille","shopGroup":"Epicerie","qte":"10","unit":"g","step":"","order":4},{"label":"Branche(s) de romarin","shopGroup":"Herbes aromatiques","qte":"6","unit":"pièce(s)","step":"","order":5},{"label":"Beurre doux","shopGroup":"Crèmerie  hors fromage","qte":"100","unit":"g","step":"","order":6},{"label":"Huile d'olive","shopGroup":"Epicerie","qte":"10","unit":"cl","step":"","order":7},{"label":"Sel fin","shopGroup":"","qte":"6","unit":"pincée(s)","step":"","order":8},{"label":"Moulin à poivre","shopGroup":"","qte":"6","unit":"tour(s)","step":"","order":9}],"chiefTip":"Pour obtenir une sauce très brune, brillante et onctueuse, vous pouvez mettre 10 g de chocolat à la place du beurre.","id":10000}