{"title":"Pavé de biche rôti et cèpes en branche de romarin","description":"Nettoyer les cèpes, les couper en 2 dans la longueur, et à l'aide de la pointe d'un couteau, inciser la face plate en quadrillant. Éplucher les gousses d'ail et les dégermer. Dénuder les branches de romarin en tirant sur les feuilles et en ne laissant qu'un plumeau à l'une des extrémités.<br /><br />Dans une poêle chaude, mettre 30 g de beurre et colorer les cèpes avec les gousses d 'ail. Saler et poivrer, puis laisser cuire à feu doux pendant 3 min d'un côté. Retourner les champignons et cuire à nouveau 3 min. Piquer ensuite les cèpes sur des brochettes et les réserver au chaud.<br /><br />Dans une poêle chaude, mettre 1 filet d'huile d'olive et colorer la biche à feu vif sur toutes ses faces pendant 30 secondes. Saler et poivrer, puis réserver.<br />Déglacer la poêle avec le vin rouge, ajouter la gelée de groseille et laisser réduire de 3/4, jusqu'à ce que la sauce devienne sirupeuse. Remettre les pavés de biche dans la sauce et finir la cuisson à feu doux pendant 2 min, en les arrosant constamment. Enlever les morceaux de biche, finir la sauce en ajoutant 30 g de beurre, mélanger doucement et dresser aussitôt.<br /><br />Dans une assiette plate, disposer un pavé de biche, une brochette de cèpes et arroser d'un filet de sauce.<br />","summary":"Pavé de biche rôti à la poêle, servi avec une sauce au vin rouge et des brochettes de cèpes poêlés.","timePreparation":"30mn","timeBaking":"0mn","timeRest":"0mn","picture":"","ingredients":[{"label":"Pavé(s) de biche de 160 g","shopGroup":"Boucherie","qte":"6","unit":"pièce(s)","step":"","order":0},{"label":"Cèpe(s) gros","shopGroup":"Légumes","qte":"6","unit":"pièce(s)","step":"","order":1},{"label":"Gousse(s) d'ail","shopGroup":"Légumes","qte":"2","unit":"gousse(s)","step":"","order":2},{"label":"Vin rouge","shopGroup":"Boissons alcoolisées","qte":"20","unit":"cl","step":"","order":3},{"label":"Gelée de groseille","shopGroup":"Epicerie","qte":"10","unit":"g","step":"","order":4},{"label":"Branche(s) de romarin","shopGroup":"Herbes aromatiques","qte":"6","unit":"pièce(s)","step":"","order":5},{"label":"Beurre doux","shopGroup":"Crèmerie  hors fromage","qte":"100","unit":"g","step":"","order":6},{"label":"Huile d'olive","shopGroup":"Epicerie","qte":"10","unit":"cl","step":"","order":7},{"label":"Sel fin","shopGroup":"","qte":"6","unit":"pincée(s)","step":"","order":8},{"label":"Moulin à poivre","shopGroup":"","qte":"6","unit":"tour(s)","step":"","order":9}],"chiefTip":"Pour obtenir une sauce très brune, brillante et onctueuse, vous pouvez mettre 10 g de chocolat à la place du beurre.","id":10000}