{"title":"Soupe aux ravioles de gambas et légumes chinois","description":"Décortiquer les gambas et enlever le boyau sur le dos avec la pointe d'un couteau. Éplucher et émincer le gingembre et la citronnelle.<br />Laver les légumes et les émincer en fines lamelles (garder les feuilles de pak choï royal séparées), puis ajouter une pincée de sel fin et les laisser dégorger pendant 10 min.<br /><br />Dans un robot-coupe, mixer les gambas, le gingembre et la citronnelle et ajouter le blanc d'oeuf (garder le jaune). Presser les légumes et les ajouter à la farce de gambas. Saler et poivrer.<br /><br />A l'aide d'un pinceau, badigeonner la moitié de la surface des carrés de pâte à raviole avec de la dorure (jaune d'oeuf battu). Déposer ensuite une cuillerée de farce au centre, puis fermer les ravioles en les repliant sur elles-mêmes (veiller à ne pas laisser de bulles d'air).<br /><br />Dans un wok, faire chauffer le bouillon de volaille, ajouter les feuilles vertes de pak choï royal et assaisonner de sauce soja, de sel et de poivre.<br />Pocher les ravioles dans le bouillon pendant 2 min.<br /><br />Déguster bien chaud.<br />","summary":"Des ravioles de gambas pochées dans un bouillon de volaille.","timePreparation":"25mn","timeBaking":"5mn","timeRest":"10mn","picture":"","ingredients":[{"label":"Feuille(s) de pâte à raviole","shopGroup":"Traiteur","qte":"36","unit":"pièce(s)","step":"","order":0},{"label":"Gambas surgelée(s)","shopGroup":"Surgelés","qte":"18","unit":"pièce(s)","step":"","order":1},{"label":"Gingembre frais","shopGroup":"Légumes","qte":"20","unit":"g","step":"","order":2},{"label":"Bâton(s) de citronnelle","shopGroup":"Herbes aromatiques","qte":"1","unit":"pièce(s)","step":"","order":3},{"label":"Chou(x) pak choï","shopGroup":"Légumes","qte":"500","unit":"g","step":"","order":4},{"label":"Cu chai","shopGroup":"Légumes","qte":"0.5","unit":"botte(s)","step":"","order":5},{"label":"Sel fin","shopGroup":"","qte":"6","unit":"pincée(s)","step":"","order":6},{"label":"Sauce Soja","shopGroup":"Epicerie","qte":"1","unit":"cl","step":"","order":7},{"label":"Oeuf(s)","shopGroup":"Crèmerie  hors fromage","qte":"1","unit":"pièce(s)","step":"","order":8},{"label":"Bouillon de volaille","shopGroup":"Epicerie","qte":"1","unit":"l","step":"","order":9},{"label":"Moulin à poivre","shopGroup":"","qte":"3","unit":"tour(s)","step":"","order":10}],"chiefTip":"La pâte à raviole se conserve très bien au congélateur.Cu chai est une herbe à feuilles fines comme la ciboulette, mais plate et légèrement aillée.","id":10428}