{"title":"Soupe aux ravioles de gambas et légumes chinois","description":"","summary":"Des ravioles de gambas pochées dans un bouillon de volaille.","timePreparation":"25mn","timeBaking":"5mn","timeRest":"10mn","picture":"","ingredients":[{"label":"Feuille(s) de pâte à raviole","shopGroup":"Traiteur","qte":"36","unit":"pièce(s)","step":"","order":0},{"label":"Gambas surgelée(s)","shopGroup":"Surgelés","qte":"18","unit":"pièce(s)","step":"","order":1},{"label":"Gingembre frais","shopGroup":"Légumes","qte":"20","unit":"g","step":"","order":2},{"label":"Bâton(s) de citronnelle","shopGroup":"Herbes aromatiques","qte":"1","unit":"pièce(s)","step":"","order":3},{"label":"Chou(x) pak choï","shopGroup":"Légumes","qte":"500","unit":"g","step":"","order":4},{"label":"Cu chai","shopGroup":"Légumes","qte":"0.5","unit":"botte(s)","step":"","order":5},{"label":"Sel fin","shopGroup":"","qte":"6","unit":"pincée(s)","step":"","order":6},{"label":"Sauce Soja","shopGroup":"Epicerie","qte":"1","unit":"cl","step":"","order":7},{"label":"Oeuf(s)","shopGroup":"Crèmerie  hors fromage","qte":"1","unit":"pièce(s)","step":"","order":8},{"label":"Bouillon de volaille","shopGroup":"Epicerie","qte":"1","unit":"l","step":"","order":9},{"label":"Moulin à poivre","shopGroup":"","qte":"3","unit":"tour(s)","step":"","order":10}],"chiefTip":"La pâte à raviole se conserve très bien au congélateur.Cu chai est une herbe à feuilles fines comme la ciboulette, mais plate et légèrement aillée.","id":10428}