{"title":"Macédoine de légumes","description":"Éplucher les carottes, le céleri et les navets, puis les laver. A l'aide d'une mandoline, les couper ensuite en tranches de 1 cm, puis en bâtonnets de 1 cm de large, et enfin en petits dés réguliers. Égoutter les haricots verts et les couper en tronçons de 1 cm. Écosser les petits pois.<br /><br />Dans une casserole, porter un grand volume d'eau salée à ébullition. Ajouter les carottes et les navets, les cuire 1 min. Ajouter le céleri et les haricots verts, les cuire 2 min. Terminer avec les petits pois et continuer la cuisson encore 4 min. Égoutter les légumes et les refroidir avec de l'eau froide pour arrêter la cuisson, puis les réserver.<br /><br />Pour la mayonnaise : à l'aide d'un fouet, mélanger dans un saladier le jaune d'oeuf, le sel, le poivre et la moutarde, puis ajouter l'huile de tournesol au fur et à mesure. Ajouter ensuite les légumes, bien mélanger et dresser dans un plat de service.<br />","summary":"Salade de légumes frais cuits à l'eau salée et assaisonnés de mayonnaise.","timePreparation":"1h","timeBaking":"0mn","timeRest":"0mn","picture":"","ingredients":[{"label":"Carotte(s)","shopGroup":"Légumes","qte":"4","unit":"g","step":"","order":0},{"label":"Haricot(s) vert(s)","shopGroup":"Légumes","qte":"200","unit":"g","step":"","order":1},{"label":"Navet(s) long","shopGroup":"Légumes","qte":"0.5","unit":"pièce(s)","step":"","order":2},{"label":"Petit(s) pois frais écossé(s)","shopGroup":"Légumes","qte":"200","unit":"g","step":"","order":3},{"label":"Céleri(s) rave","shopGroup":"Légumes","qte":"0.5","unit":"pièce(s)","step":"","order":4},{"label":"Jaune(s) d'oeuf(s)","shopGroup":"Crèmerie  hors fromage","qte":"1","unit":"pièce(s)","step":"","order":5},{"label":"Moutarde forte","shopGroup":"Epicerie","qte":"5","unit":"g","step":"","order":6},{"label":"Sel fin","shopGroup":"","qte":"3","unit":"pincée(s)","step":"","order":7},{"label":"Moulin à poivre","shopGroup":"","qte":"3","unit":"tour(s)","step":"","order":8},{"label":"Huile de tournesol","shopGroup":"Epicerie","qte":"20","unit":"cl","step":"","order":9}],"chiefTip":"La macédoine peut être préparée avec d'autres légumes de saison, et vous pouvez ajouter des épices à la mayonnaise pour lui donner une touche exotique.","id":10003}