{"title":"Macédoine de légumes","description":"","summary":"Salade de légumes frais cuits à l'eau salée et assaisonnés de mayonnaise.","timePreparation":"1h","timeBaking":"0mn","timeRest":"0mn","picture":"","ingredients":[{"label":"Carotte(s)","shopGroup":"Légumes","qte":"4","unit":"g","step":"","order":0},{"label":"Haricot(s) vert(s)","shopGroup":"Légumes","qte":"200","unit":"g","step":"","order":1},{"label":"Navet(s) long","shopGroup":"Légumes","qte":"0.5","unit":"pièce(s)","step":"","order":2},{"label":"Petit(s) pois frais écossé(s)","shopGroup":"Légumes","qte":"200","unit":"g","step":"","order":3},{"label":"Céleri(s) rave","shopGroup":"Légumes","qte":"0.5","unit":"pièce(s)","step":"","order":4},{"label":"Jaune(s) d'oeuf(s)","shopGroup":"Crèmerie  hors fromage","qte":"1","unit":"pièce(s)","step":"","order":5},{"label":"Moutarde forte","shopGroup":"Epicerie","qte":"5","unit":"g","step":"","order":6},{"label":"Sel fin","shopGroup":"","qte":"3","unit":"pincée(s)","step":"","order":7},{"label":"Moulin à poivre","shopGroup":"","qte":"3","unit":"tour(s)","step":"","order":8},{"label":"Huile de tournesol","shopGroup":"Epicerie","qte":"20","unit":"cl","step":"","order":9}],"chiefTip":"La macédoine peut être préparée avec d'autres légumes de saison, et vous pouvez ajouter des épices à la mayonnaise pour lui donner une touche exotique.","id":10003}