{"title":"Gaufre liégeoise aux épices, foie gras et chutney d'oignons rouges","description":"<br /><b>Pour la pâte à gaufre :</b><br />Dissoudre la levure dans le lait tiède avec le mélange 5 épices. Couper le beurre en petits dés et le laisser à température ambiante.<br />Dans le bol du robot avec la feuille, mélanger la farine, les oeufs, le jaune d'oeuf, le sel, la levure et le lait tiède. Recouvrir ensuite d'un linge humide et laisser pousser à température ambiante pendant 30 min.<br /><br /><b>Pour le chutney :</b><br />Pendant ce temps, préparer le chutney d'oignons rouges : émincer les oignons en fines lamelles.<br />Dans une casserole, faire bouillir le miel, ajouter les oignons, saler et poivrer. Déglacer au vinaigre balsamique, ajouter l'eau, puis couvrir et laisser cuire pendant 40 min.<br /><br /><br /><br /><b>Pour le reste de la recette :</b><br />Ajouter le beurre et le sucre en grains à la pâte à gaufres, puis faire tourner dans le bol du robot avec la feuille.<br /><br />Préchauffer le gaufrier à la température maximum. <br />Faire des boules de pâte puis cuire les gaufres jusqu'à ce qu'elles aient une couleur légèrement brune. Une fois cuites, les entreposer sur une grille pour éviter qu'elles ne ramollissent.<br /><br />Couper de fines tranches de foie gras. Couper chaque gaufre en 2 et en biais. Poser le chutney dessus, ajouter les tranches de fois gras et parsemer le tout de cerfeuil.<br />","summary":"Une pâte à gaufre très croustillante et épaisse, parfumée aux 5 épices, servie avec un chutney d'oignons rouges et de la terrine de foie gras.","timePreparation":"20mn","timeBaking":"40mn","timeRest":"30mn","picture":"","ingredients":[{"label":"Farine de blé","shopGroup":"Epicerie","qte":"190","unit":"g","step":"Pour la pâte","order":0},{"label":"Lait 1/2 écrémé","shopGroup":"Crèmerie  hors fromage","qte":"8","unit":"cl","step":"Pour la pâte","order":1},{"label":"Levure de boulanger","shopGroup":"Epicerie","qte":"20","unit":"g","step":"Pour la pâte","order":2},{"label":"Oeuf(s)","shopGroup":"Crèmerie  hors fromage","qte":"1","unit":"pièce(s)","step":"Pour la pâte","order":3},{"label":"Jaune(s) d'oeuf(s)","shopGroup":"Crèmerie  hors fromage","qte":"1","unit":"pièce(s)","step":"Pour la pâte","order":4},{"label":"Sel fin","shopGroup":"","qte":"1","unit":"pincée(s)","step":"Pour la pâte","order":5},{"label":"Sucre perlé ou en grain","shopGroup":"Epicerie","qte":"100","unit":"g","step":"Pour la pâte","order":6},{"label":"Beurre doux","shopGroup":"Crèmerie  hors fromage","qte":"30","unit":"g","step":"Pour la pâte","order":7},{"label":"Mélange 5 épices","shopGroup":"Epicerie","qte":"5","unit":"g","step":"Pour la pâte","order":8},{"label":"Oignon(s) rouge(s)","shopGroup":"Légumes","qte":"2","unit":"pièce(s)","step":"Pour le reste de la recette","order":9},{"label":"Miel","shopGroup":"Epicerie","qte":"20","unit":"g","step":"Pour le reste de la recette","order":10},{"label":"Vinaigre balsamique","shopGroup":"Epicerie","qte":"5","unit":"cl","step":"Pour le reste de la recette","order":11},{"label":"Eau","shopGroup":"","qte":"3","unit":"cl","step":"Pour le reste de la recette","order":12},{"label":"Sel fin","shopGroup":"","qte":"6","unit":"pincée(s)","step":"Pour le reste de la recette","order":13},{"label":"Moulin à poivre","shopGroup":"","qte":"6","unit":"tour(s)","step":"Pour le reste de la recette","order":14},{"label":"Foie gras de canard mi-cuit","shopGroup":"Traiteur","qte":"150","unit":"g","step":"Pour le reste de la recette","order":15},{"label":"Cerfeuil","shopGroup":"Herbes aromatiques","qte":"0.25","unit":"botte(s)","step":"Pour le reste de la recette","order":16}],"chiefTip":"Vous pouvez aussi réaliser cette recette avec des copeaux de foie gras cru prélevés à l'aide d'un économe.","id":10648}