{"id":10648,"title":"Recette de Gaufre liégeoise aux épices, foie gras et chutney d'oignons rouges","description":"","summary":"Une pâte à gaufre très croustillante et épaisse, parfumée aux 5 épices, servie avec un chutney d'oignons rouges et de la terrine de foie gras.","timePreparation":"20mn","timeBaking":"40mn","timeRest":"30mn","picture":"http://1.media.atelierdeschefs.com/recette-e10648-gaufre-liegeoise-aux-epices-foie-gras-et-chutney-d-oignons-rouges.jpg","ingredients":[{"label":"Farine de blé","shopGroup":"Epicerie","qte":"190","unit":"g","step":"Pour la pâte","order":0},{"label":"Lait 1/2 écrémé","shopGroup":"Crèmerie  hors fromage","qte":"8","unit":"cl","step":"Pour la pâte","order":1},{"label":"Levure de boulanger","shopGroup":"Epicerie","qte":"20","unit":"g","step":"Pour la pâte","order":2},{"label":"Oeuf(s)","shopGroup":"Crèmerie  hors fromage","qte":"1","unit":"pièce(s)","step":"Pour la pâte","order":3},{"label":"Jaune(s) d'oeuf(s)","shopGroup":"Crèmerie  hors fromage","qte":"1","unit":"pièce(s)","step":"Pour la pâte","order":4},{"label":"Sel fin","shopGroup":"","qte":"1","unit":"pincée(s)","step":"Pour la pâte","order":5},{"label":"Sucre perlé ou en grain","shopGroup":"Epicerie","qte":"100","unit":"g","step":"Pour la pâte","order":6},{"label":"Beurre doux","shopGroup":"Crèmerie  hors fromage","qte":"30","unit":"g","step":"Pour la pâte","order":7},{"label":"Mélange 5 épices","shopGroup":"Epicerie","qte":"5","unit":"g","step":"Pour la pâte","order":8},{"label":"Oignon(s) rouge(s)","shopGroup":"Légumes","qte":"2","unit":"pièce(s)","step":"Pour le reste de la recette","order":9},{"label":"Miel","shopGroup":"Epicerie","qte":"20","unit":"g","step":"Pour le reste de la recette","order":10},{"label":"Vinaigre balsamique","shopGroup":"Epicerie","qte":"5","unit":"cl","step":"Pour le reste de la recette","order":11},{"label":"Eau","shopGroup":"","qte":"3","unit":"cl","step":"Pour le reste de la recette","order":12},{"label":"Sel fin","shopGroup":"","qte":"6","unit":"pincée(s)","step":"Pour le reste de la recette","order":13},{"label":"Moulin à poivre","shopGroup":"","qte":"6","unit":"tour(s)","step":"Pour le reste de la recette","order":14},{"label":"Foie gras de canard mi-cuit","shopGroup":"Traiteur","qte":"150","unit":"g","step":"Pour le reste de la recette","order":15},{"label":"Cerfeuil","shopGroup":"Herbes aromatiques","qte":"0.25","unit":"botte(s)","step":"Pour le reste de la recette","order":16}]}