{"title":"Macaron sucre cuit au poivre de Sichuan, mousseline menthe blanche","description":"Préchauffer le four à 160 °C (th. 5). <br /><br />Pour les macarons : dans un mixeur, verser la poudre d'amande, le sucre glace et le colorant en poudre. Faire tourner 30 secondes pour affiner le mélange (tant pour tant), puis tamiser. <br /><br />Dans une casserole, mélanger l'eau, le sucre semoule et le poivre avec une spatule. Cuire à 118 °C à l'aide d'une sonde. Avant d'atteindre cette température, verser 75 g de blancs dans la cuve d'un batteur et les monter. Lorsque le sucre a atteint la bonne température, le filtrer puis le verser sur les blancs montés. Fouetter ensuite jusqu'à refroidissement de la meringue.<br /><br />Verser le reste des blancs d'oeufs sur le tant pour tant. Incorporer une petite partie de la meringue froide à ce mélange, puis ajouter le reste. Mélanger afin d'obtenir une pâte lisse et homogène, légèrement coulante.<br /><br />Remplir une poche à douille avec cette préparation, puis dresser les macarons sur un tapis de cuisson ou sur une feuille de papier sulfurisé. Tapoter légèrement la plaque, puis enfourner 12 à 14 min en tournant la plaque à mi-cuisson.<br /><br />Pour la garniture : dans la cuve du batteur, monter la crème en chantilly. Dans un bain-marie, faire fondre le chocolat puis ajouter le colorant et quelques gouttes d'alcool de menthe. Laisser tiédir, puis ajouter une petite partie de la crème. Fouetter énergiquement puis incorporer le reste délicatement en s'aidant d'une spatule. Réserver au frais.<br /><br />Garnir les coques à l'aide d'une poche à douille.<br /><br />Conserver les macarons au frais pendant 24 h, puis les sortir 2 h avant la dégustation.<br />","summary":"Un macaron au sucre cuit, très frais et légèrement piquant.","timePreparation":"30mn","timeBaking":"15mn","timeRest":"0mn","picture":"","ingredients":[{"label":"Blanc(s) d'oeuf","shopGroup":"Crèmerie  hors fromage","qte":"150","unit":"g","step":"Pour les macarons","order":0},{"label":"Sucre en poudre","shopGroup":"Epicerie","qte":"200","unit":"g","step":"Pour les macarons","order":1},{"label":"Poivre de Sichuan","shopGroup":"Epicerie","qte":"3","unit":"g","step":"Pour les macarons","order":2},{"label":"Eau","shopGroup":"","qte":"5","unit":"cl","step":"Pour les macarons","order":3},{"label":"Sucre glace","shopGroup":"Epicerie","qte":"200","unit":"g","step":"Pour les macarons","order":4},{"label":"Poudre d'amande","shopGroup":"Epicerie","qte":"200","unit":"g","step":"Pour les macarons","order":5},{"label":"Colorant poudre vert","shopGroup":"","qte":"3","unit":"g","step":"Pour les macarons","order":6},{"label":"Chocolat blanc","shopGroup":"Epicerie","qte":"100","unit":"g","step":"Pour la garniture","order":7},{"label":"Crème liquide entière","shopGroup":"Crèmerie  hors fromage","qte":"25","unit":"cl","step":"Pour la garniture","order":8},{"label":"Alcool de menthe","shopGroup":"Boissons alcoolisées","qte":"6","unit":"goutte(s)","step":"Pour la garniture","order":9},{"label":"Colorant poudre vert","shopGroup":"Epicerie","qte":"2","unit":"g","step":"Pour la garniture","order":10}],"chiefTip":"Vous pouvez remplacer le poivre de Sichuan par d'autres poivres rares, l'idée est de parfumer le sirop en le laissant infuser.","id":10372}