{"id":10372,"title":"Recette de Macaron sucre cuit au poivre de Sichuan, mousseline menthe blanche","description":"","summary":"Un macaron au sucre cuit, très frais et légèrement piquant.","timePreparation":"30mn","timeBaking":"15mn","timeRest":"0mn","picture":"http://1.media.atelierdeschefs.com/recette-e10372-macaron-sucre-cuit-au-poivre-de-sichuan-mousseline-menthe-blanche.jpg","ingredients":[{"label":"Blanc(s) d'oeuf","shopGroup":"Crèmerie  hors fromage","qte":"150","unit":"g","step":"Pour les macarons","order":0},{"label":"Sucre en poudre","shopGroup":"Epicerie","qte":"200","unit":"g","step":"Pour les macarons","order":1},{"label":"Poivre de Sichuan","shopGroup":"Epicerie","qte":"3","unit":"g","step":"Pour les macarons","order":2},{"label":"Eau","shopGroup":"","qte":"5","unit":"cl","step":"Pour les macarons","order":3},{"label":"Sucre glace","shopGroup":"Epicerie","qte":"200","unit":"g","step":"Pour les macarons","order":4},{"label":"Poudre d'amande","shopGroup":"Epicerie","qte":"200","unit":"g","step":"Pour les macarons","order":5},{"label":"Colorant poudre vert","shopGroup":"","qte":"3","unit":"g","step":"Pour les macarons","order":6},{"label":"Chocolat blanc","shopGroup":"Epicerie","qte":"100","unit":"g","step":"Pour la garniture","order":7},{"label":"Crème liquide entière","shopGroup":"Crèmerie  hors fromage","qte":"25","unit":"cl","step":"Pour la garniture","order":8},{"label":"Alcool de menthe","shopGroup":"Boissons alcoolisées","qte":"6","unit":"goutte(s)","step":"Pour la garniture","order":9},{"label":"Colorant poudre vert","shopGroup":"Epicerie","qte":"2","unit":"g","step":"Pour la garniture","order":10}]}