{"title":"Samoussa de pigeon","description":"Éplucher l'oignon et le gingembre. Ciseler l'oignon et la coriandre. Hacher le gingembre. Vider le pigeon.<br /> <br />Dans une cocotte chaude avec un filet d'huile d'olive, colorer sur toutes les faces les pigeons préalablement salés et poivrés. Les retirer, ajouter l'oignon et le faire suer avec une pincée de sel. Ajouter ensuite le Ras el Hanout, la coriandre et le gingembre. Remettre alors les pigeons et mouiller avec de l'eau à mi-hauteur. Cuire doucement à couvert pendant 30 min. Enlever les pigeons et les désosser, puis hacher le tout.<br /><br />Réduire le bouillon aux 3/4, puis le lier avec l'oeuf en fouettant énergiquement. Mélanger la sauce épaisse avec le pigeon haché. Ajouter le miel, la cannelle, l'eau de fleur d'oranger et les amandes effilées.<br /><br />Tailler les feuilles de brick en 4 bandes et les badigeonner d'huile d'olive. Poser une cuillère à soupe de farce de pigeon sur un côté de la bande, puis la replier de façon à obtenir un triangle.<br />dans une poêle ou sur un gril, colorer les samoussas de chaque côté puis les déguster aussitôt.<br />","summary":"Farce de pigeon parfumée avec différentes épices, puis roulée et cuite dans des feuilles de brick.","timePreparation":"30mn","timeBaking":"40mn","timeRest":"0mn","picture":"","ingredients":[{"label":"Pigeon(s) de 450 g","shopGroup":"Volaille(s)","qte":"2","unit":"pièce(s)","step":"","order":0},{"label":"Oignon(s)","shopGroup":"Légumes","qte":"1","unit":"pièce(s)","step":"","order":1},{"label":"Gingembre frais","shopGroup":"Légumes","qte":"10","unit":"g","step":"","order":2},{"label":"Coriandre fraîche","shopGroup":"Herbes aromatiques","qte":"0.25","unit":"botte(s)","step":"","order":3},{"label":"Ras el hanout","shopGroup":"Epicerie","qte":"2","unit":"g","step":"","order":4},{"label":"Oeuf(s)","shopGroup":"Crèmerie  hors fromage","qte":"1","unit":"pièce(s)","step":"","order":5},{"label":"Miel","shopGroup":"Epicerie","qte":"10","unit":"g","step":"","order":6},{"label":"Amande(s) effilée(s)","shopGroup":"Epicerie","qte":"10","unit":"g","step":"","order":7},{"label":"Cannelle en poudre","shopGroup":"Epicerie","qte":"1","unit":"g","step":"","order":8},{"label":"Eau de fleur d'oranger","shopGroup":"Epicerie","qte":"3","unit":"cl","step":"","order":9},{"label":"Feuille(s) de brick","shopGroup":"Traiteur","qte":"6","unit":"pièce(s)","step":"","order":10},{"label":"Sel fin","shopGroup":"","qte":"3","unit":"pincée(s)","step":"","order":11},{"label":"Moulin à poivre","shopGroup":"","qte":"3","unit":"tour(s)","step":"","order":12},{"label":"Huile d'olive","shopGroup":"Epicerie","qte":"5","unit":"cl","step":"","order":13}],"chiefTip":"Pour vous servir de cette recette en plat principal, utilisez une feuille de brick entière et optez pour une cuisson au four à 200 °C pendant 10 min.","id":10618}