{"title":"Yaourt maison à la marmelade de fraise vanillée","description":"","summary":"Réalisez ce dessert simple à la maison, avec ou sans yaourtière.","timePreparation":"30mn","timeBaking":"0mn","timeRest":"0mn","picture":"","ingredients":[{"label":"Yaourt(s) nature(s)","shopGroup":"Crèmerie  hors fromage","qte":"1","unit":"pièce(s)","step":"","order":0},{"label":"Lait entier","shopGroup":"Crèmerie  hors fromage","qte":"1","unit":"l","step":"","order":1},{"label":"Lait en poudre","shopGroup":"Epicerie","qte":"40","unit":"g","step":"","order":2},{"label":"Gousse(s) de vanille","shopGroup":"Epicerie","qte":"1","unit":"pièce(s)","step":"","order":3},{"label":"Fraise(s)","shopGroup":"Fruits","qte":"300","unit":"g","step":"","order":4},{"label":"Sucre en poudre","shopGroup":"Epicerie","qte":"80","unit":"g","step":"","order":5}],"chiefTip":"Les yaourts se raffermissent après 2 jours au réfrigérateur.Le premier yaourt sert de ferment, ensuite pensez à conserver 1 yaourt de votre production maison pour établir un roulement.","id":10182}