{"id":10558,"title":"Recette de Terrine de foie gras, sauternes et poivre rare","description":"","summary":"Apprenez à déveiner votre lobe de foie gras, à l'assaisonner et à le cuire dans une terrine, à filtrer sa graisse. Emportez-le à la maison pour le déguster 3 ou 4 jours plus tard.","timePreparation":"30mn","timeBaking":"20mn","timeRest":"0mn","picture":"http://1.media.atelierdeschefs.com/recette-e10558-terrine-de-foie-gras-sauternes-et-poivre-rare.jpg","ingredients":[{"label":"Lobe(s) de foie gras de canard","shopGroup":"Volaille(s)","qte":"1","unit":"pièce(s)","step":"","order":0},{"label":"Sauternes","shopGroup":"Boissons alcoolisées","qte":"3","unit":"cl","step":"","order":1},{"label":"Sel fin","shopGroup":"","qte":"7","unit":"g","step":"","order":2},{"label":"Moulin à poivre","shopGroup":"","qte":"6","unit":"tour(s)","step":"","order":3},{"label":"Poivre de Sichuan","shopGroup":"Epicerie","qte":"1","unit":"g","step":"","order":4},{"label":"Poivre long","shopGroup":"Epicerie","qte":"1","unit":"pièce(s)","step":"","order":5}]}