{"title":"Terrine de foie gras, sauternes et poivre rare","description":"Préchauffer le four à 160 °C (th. 5).<br />Préparer l'assaisonnement du foie gras : écraser le poivre de Sichuan et le poivre long, puis mélanger le tout avec le sel et le poivre du moulin.<br /><br />Sortir le foie gras du réfrigérateur 1 h avant de le travailler (le mettre à dégorger dans un mélange de lait et d'eau s'il est très sanguin).<br />Séparer les 2 lobes. Pour le gros lobe, l'ouvrir en 2 avec les doigts dans le sens de la longueur, tout en écartant le foie gras sur les bords. Enlever le nerf principal en forme de Y en partant de la base du foie, et finir avec le 2e nerf qui se trouve sous le premier.<br />Pour le sous-lobe, les 2 nerfs sont également l'un au-dessus de l'autre, mais en forme de X. Progresser de la même manière que pour le premier lobe.<br /><br />Assaisonner les lobes de foie avec le mélange et dissoudre celui-ci avec le sauternes. Laisser mariner plus ou moins longtemps selon la force souhaitée (retenez 16g d'assaisonnement au Kg de foie gras).<br /><br />Tasser les lobes dans la terrine et les cuire au bain-marie (48 °C à coeur) dans un four à 160 °C pendant 15 à 20 min environ. <br />Vérifier la cuisson avec la pointe d'un couteau qui doit être tiède au toucher. Laisser ensuite refroidir à température ambiante, enlever la graisse et laisser refroidir complètement au réfrigérateur en disposant un poids sur le foie.<br /><br />Lisser le foie et faire couler la graisse filtrée dessus.Conserver au frais 48h.<br />","summary":"Apprenez à déveiner votre lobe de foie gras, à l'assaisonner et à le cuire dans une terrine, à filtrer sa graisse. Emportez-le à la maison pour le déguster 3 ou 4 jours plus tard.","timePreparation":"30mn","timeBaking":"20mn","timeRest":"0mn","picture":"","ingredients":[{"label":"Lobe(s) de foie gras de canard","shopGroup":"Volaille(s)","qte":"1","unit":"pièce(s)","step":"","order":0},{"label":"Sauternes","shopGroup":"Boissons alcoolisées","qte":"3","unit":"cl","step":"","order":1},{"label":"Sel fin","shopGroup":"","qte":"7","unit":"g","step":"","order":2},{"label":"Moulin à poivre","shopGroup":"","qte":"6","unit":"tour(s)","step":"","order":3},{"label":"Poivre de Sichuan","shopGroup":"Epicerie","qte":"1","unit":"g","step":"","order":4},{"label":"Poivre long","shopGroup":"Epicerie","qte":"1","unit":"pièce(s)","step":"","order":5}],"chiefTip":"Remplacez le sauternes par l'alcool de votre choix : armagnac, cognac...Vous pouvez utiliser une sonde électronique pour contrôler la température à coeur des foies gras.Pour une dégustation parfaite, conserver la terrine au frais 5 jours pour maturation avant de consommer..","id":10558}