{"id":10096,"title":"Recette de Crème Dubarry et saumon fumé","description":"","summary":"Crème de chou-fleur très onctueuse, accompagnée d'une julienne de saumon fumé.","timePreparation":"15mn","timeBaking":"20mn","timeRest":"0mn","picture":"http://1.media.atelierdeschefs.com/recette-e10096-creme-dubarry-et-saumon-fume.jpg","ingredients":[{"label":"Chou(x) fleur","shopGroup":"Légumes","qte":"1","unit":"pièce(s)","step":"","order":0},{"label":"Blanc(s) de poireau(x)","shopGroup":"Légumes","qte":"1","unit":"pièce(s)","step":"","order":1},{"label":"Beurre doux","shopGroup":"Crèmerie  hors fromage","qte":"40","unit":"g","step":"","order":2},{"label":"Farine de blé","shopGroup":"Epicerie","qte":"40","unit":"g","step":"","order":3},{"label":"Bouillon de volaille","shopGroup":"Epicerie","qte":"1","unit":"l","step":"","order":4},{"label":"Crème liquide entière","shopGroup":"Crèmerie  hors fromage","qte":"15","unit":"cl","step":"","order":5},{"label":"Tranche(s) de saumon fumé","shopGroup":"Poissonnerie","qte":"4","unit":"pièce(s)","step":"","order":6},{"label":"Sel fin","shopGroup":"","qte":"3","unit":"pincée(s)","step":"","order":7},{"label":"Moulin à poivre","shopGroup":"","qte":"3","unit":"tour(s)","step":"","order":8},{"label":"Gros sel","shopGroup":"","qte":"10","unit":"g","step":"","order":9},{"label":"Lait entier","shopGroup":"Crèmerie  hors fromage","qte":"20","unit":"cl","step":"","order":10}]}