{"title":"Filet de bar et curry de coco","description":"","summary":"Un délicieux curry composé de filets de bar, oignons, piments  et lait de coco.","timePreparation":"15mn","timeBaking":"15mn","timeRest":"0mn","picture":"","ingredients":[{"label":"Filet(s) de bar portion","shopGroup":"Poissonnerie","qte":"6","unit":"pièce(s)","step":"","order":0},{"label":"Sel fin","shopGroup":"","qte":"6","unit":"pincée(s)","step":"","order":1},{"label":"Curcuma en poudre","shopGroup":"","qte":"5","unit":"g","step":"","order":2},{"label":"Riz basmati","shopGroup":"Epicerie","qte":"200","unit":"g","step":"","order":3},{"label":"Eau","shopGroup":"","qte":"40","unit":"cl","step":"","order":4},{"label":"Lait de coco non sucré","shopGroup":"Epicerie","qte":"30","unit":"cl","step":"Pour la sauce","order":5},{"label":"Oignon(s)","shopGroup":"Légumes","qte":"1","unit":"pièce(s)","step":"Pour la sauce","order":6},{"label":"Piment(s) rouge(s)","shopGroup":"Epicerie","qte":"1","unit":"pièce(s)","step":"Pour la sauce","order":7},{"label":"Gousse(s) d'ail","shopGroup":"Légumes","qte":"2","unit":"pièce(s)","step":"Pour la sauce","order":8},{"label":"Feuille(s) de curry","shopGroup":"Herbes aromatiques","qte":"30","unit":"pièce(s)","step":"Pour la sauce","order":9},{"label":"Coriandre en poudre","shopGroup":"Epicerie","qte":"10","unit":"g","step":"Pour la sauce","order":10},{"label":"Curcuma en poudre","shopGroup":"Epicerie","qte":"5","unit":"g","step":"Pour la sauce","order":11},{"label":"Poudre de piment rouge","shopGroup":"Epicerie","qte":"5","unit":"g","step":"Pour la sauce","order":12},{"label":"Graine(s) de fenugrec","shopGroup":"Epicerie","qte":"10","unit":"g","step":"Pour la sauce","order":13},{"label":"Sel fin","shopGroup":"","qte":"6","unit":"pincée(s)","step":"Pour la sauce","order":14},{"label":"Huile de friture","shopGroup":"Epicerie","qte":"3","unit":"cl","step":"Pour la sauce","order":15},{"label":"Coriandre fraîche","shopGroup":"Herbes aromatiques","qte":"0.5","unit":"botte(s)","step":"Pour la sauce","order":16}],"chiefTip":"Vous pouvez ajouter plus de piment si vous appréciez les curry épicés !","id":10722}