{"title":"Canard sauvage en deux cuissons, purée de topinambours","description":"","summary":"Un canard sauvage découpé : cuisses cuites au vin rouge et filets juste saisis.","timePreparation":"1h","timeBaking":"0mn","timeRest":"0mn","picture":"","ingredients":[{"label":"Canard(s) sauvage(s) (900g)","shopGroup":"Volaille(s)","qte":"3","unit":"pièce(s)","step":"","order":0},{"label":"Beurre doux","shopGroup":"Crèmerie  hors fromage","qte":"30","unit":"g","step":"","order":1},{"label":"Topinambour(s)","shopGroup":"Légumes","qte":"800","unit":"g","step":"","order":2},{"label":"Echalote(s)","shopGroup":"Légumes","qte":"100","unit":"g","step":"","order":3},{"label":"Gousse(s) d'ail","shopGroup":"Légumes","qte":"6","unit":"pièce(s)","step":"","order":4},{"label":"Vin rouge","shopGroup":"Boissons alcoolisées","qte":"50","unit":"cl","step":"","order":5},{"label":"Champignon(s) de Paris","shopGroup":"Légumes","qte":"150","unit":"g","step":"","order":6},{"label":"Farine de blé","shopGroup":"Epicerie","qte":"20","unit":"g","step":"","order":7},{"label":"Aromate(s) ail, thym, laurier","shopGroup":"Herbes aromatiques","qte":"1","unit":"pièce(s)","step":"","order":8},{"label":"Tranche(s) de pain d'épice","shopGroup":"Epicerie","qte":"1","unit":"pièce(s)","step":"","order":9},{"label":"Huile d'arachide","shopGroup":"Epicerie","qte":"5","unit":"cl","step":"","order":10},{"label":"Sel fin","shopGroup":"","qte":"6","unit":"pincée(s)","step":"","order":11},{"label":"Moulin à poivre","shopGroup":"","qte":"6","unit":"tour(s)","step":"","order":12}],"chiefTip":"Lorsque vous poêlez les filets de canard, déglacez la poêle avec un peu d'eau et ajoutez-la à la cuisson des cuisses.","id":1025}