{"title":"Clafoutis aux abricots","description":"","summary":"Un dessert au fruits délicieux, préparé avec des abricots frais et des amandes en poudre.","timePreparation":"15mn","timeBaking":"35mn","timeRest":"0mn","picture":"","ingredients":[{"label":"Farine de blé","shopGroup":"","qte":"30","unit":"g","step":"","order":0},{"label":"Poudre d'amande","shopGroup":"Epicerie","qte":"70","unit":"g","step":"","order":1},{"label":"Sucre en poudre","shopGroup":"Epicerie","qte":"100","unit":"g","step":"","order":2},{"label":"Oeuf(s)","shopGroup":"Crèmerie  hors fromage","qte":"2","unit":"pièce(s)","step":"","order":3},{"label":"Jaune(s) d'oeuf(s)","shopGroup":"Crèmerie  hors fromage","qte":"2","unit":"pièce(s)","step":"","order":4},{"label":"Crème liquide entière","shopGroup":"Crèmerie  hors fromage","qte":"25","unit":"cl","step":"","order":5},{"label":"Abricot(s)","shopGroup":"Fruits","qte":"400","unit":"g","step":"","order":6},{"label":"Beurre doux","shopGroup":"Crèmerie  hors fromage","qte":"10","unit":"g","step":"","order":7},{"label":"Farine de blé","shopGroup":"Epicerie","qte":"10","unit":"g","step":"","order":8}],"chiefTip":"Si vous ne trouvez pas d'abricots frais, prenez les en conserve. Egouttez les bien avant de les utiliser.","id":10300}