{"title":"Clafoutis aux abricots","description":"Préchauffer le four à 180°C.<br /><br />Mettre les amandes en poudre, la farine et le sucre dans un bol et creuser un puits au centre. <br /><br />Casser les oeufs dans le puits et y mélanger les ingrédients secs petit à petit. Fouetter pour obtenir un mélange lisse. Ajouter la crème et bien mélanger. Beurrer et fariner un plat allant au four. <br /><br />Laver les abricots, les couper en deux et les dénoyauter. Poser les demi abricots dans le plat. Verser la pâte à clafoutis sur les fruits et faire cuire 30 à 35 minutes. <br /><br />Laisser tiédir le clafoutis et le servir saupoudré de sucre glace et arrosé de crème fraîche.<br />","summary":"Un dessert au fruits délicieux, préparé avec des abricots frais et des amandes en poudre.","timePreparation":"15mn","timeBaking":"35mn","timeRest":"0mn","picture":"","ingredients":[{"label":"Farine de blé","shopGroup":"","qte":"30","unit":"g","step":"","order":0},{"label":"Poudre d'amande","shopGroup":"Epicerie","qte":"70","unit":"g","step":"","order":1},{"label":"Sucre en poudre","shopGroup":"Epicerie","qte":"100","unit":"g","step":"","order":2},{"label":"Oeuf(s)","shopGroup":"Crèmerie  hors fromage","qte":"2","unit":"pièce(s)","step":"","order":3},{"label":"Jaune(s) d'oeuf(s)","shopGroup":"Crèmerie  hors fromage","qte":"2","unit":"pièce(s)","step":"","order":4},{"label":"Crème liquide entière","shopGroup":"Crèmerie  hors fromage","qte":"25","unit":"cl","step":"","order":5},{"label":"Abricot(s)","shopGroup":"Fruits","qte":"400","unit":"g","step":"","order":6},{"label":"Beurre doux","shopGroup":"Crèmerie  hors fromage","qte":"10","unit":"g","step":"","order":7},{"label":"Farine de blé","shopGroup":"Epicerie","qte":"10","unit":"g","step":"","order":8}],"chiefTip":"Si vous ne trouvez pas d'abricots frais, prenez les en conserve. Egouttez les bien avant de les utiliser.","id":10300}