{"id":9013,"title":"Recette de Silk & Honey","description":"","summary":"Un cocktail tout en douceur, à base de miel et de rhum, préparé au shaker.","timePreparation":"15mn","timeBaking":"0mn","timeRest":"0mn","picture":"http://1.media.atelierdeschefs.com/recette-e9013-silk-&-honey.jpg","ingredients":[{"label":"Bacardi reserva","shopGroup":"Boissons alcoolisées","qte":"5","unit":"cl","step":"","order":0},{"label":"Jus de citron vert","shopGroup":"Boissons sans alcool","qte":"2","unit":"cl","step":"","order":1},{"label":"Sucre en poudre","shopGroup":"Epicerie","qte":"5","unit":"g","step":"","order":2},{"label":"Miel","shopGroup":"Epicerie","qte":"1","unit":"c.","step":"","order":3}]}