{"title":"Silk & Honey","description":"Dans un shaker, verser tous les ingrédients sauf le miel, et mélanger vigoureusement. Verser ensuite le cocktail dans un verre de type \"tumbler\" rempli de glace pilée, en utilisant un \"strainer\" (passoire à cocktail), puis garnir de miel.<br />","summary":"Un cocktail tout en douceur, à base de miel et de rhum, préparé au shaker.","timePreparation":"15mn","timeBaking":"0mn","timeRest":"0mn","picture":"","ingredients":[{"label":"Bacardi reserva","shopGroup":"Boissons alcoolisées","qte":"5","unit":"cl","step":"","order":0},{"label":"Jus de citron vert","shopGroup":"Boissons sans alcool","qte":"2","unit":"cl","step":"","order":1},{"label":"Sucre en poudre","shopGroup":"Epicerie","qte":"5","unit":"g","step":"","order":2},{"label":"Miel","shopGroup":"Epicerie","qte":"1","unit":"c.","step":"","order":3}],"chiefTip":"Remplissez d'abord le shaker de glace et enlevez l'eau qui pourrait s'y trouver.","id":9013}