{"title":"Petits pots de crème chocolat-cannelle et madeleines au miel","description":"<br /><b>Pour la crème </b><br />Mettre le lait, la crème et le bâton de cannelle dans une grande casserole et chauffer le tout à feu moyen.<br />Dans un bol, blanchir les oeufs avec le sucre et ajouter la fécule de maïs.<br />Casser le chocolat dans un bol.<br /><br />Dès les premiers bouillons, retirer la casserole de lait du feu, enlever le bâton de cannelle, et verser la moitié du lait sur le chocolat. Mélanger jusqu'à ce que tout le chocolat ait fondu et que la préparation soit bien lisse. Ajouter alors le reste de lait, mélanger et verser le tout sur le mélange à base d'oeufs. Mélanger à nouveau, puis cuire le tout à petits frémissements, sans arrêter de mélanger, jusqu'à ce que la préparation épaississe.<br /><br />Répartir ensuite la crème dans des petits pots et la laisser refroidir, puis la mettre au frais pendant au moins 2 h.<br /><br /><b>Pour les madeleines </b><br />Préchauffer le four à 240 °C.<br /><br />Blanchir les oeufs au batteur avec le sucre pour obtenir une consistance mousseuse et blanche.<br />Dans une casserole, cuire le beurre jusqu'à ce qu'il soit noisette (dès qu'il arrête de mousser et qu'il devient roux), puis le laisser refroidir en veillant à ce qu'il reste liquide. <br />Verser la farine en pluie sur les oeufs et remuer délicatement. Ajouter le miel, puis le beurre fondu et tiède.<br /><br />A l'aide d'une poche, remplir les moules à mini-madeleines et les enfourner à 240 °C pendant 4 min.<br />Déguster sans tarder (les mini-madeleines sèchent très vite !).<br />","summary":"Crème onctueuse au chocolat parfumée à la cannelle, préparée sur une base de crème anglaise au chocolat. A déguster froide accompagnée de petites madeleines au miel.","timePreparation":"30mn","timeBaking":"30mn","timeRest":"0mn","picture":"","ingredients":[{"label":"Lait entier","shopGroup":"Crèmerie  hors fromage","qte":"80","unit":"cl","step":"Pour la crème","order":0},{"label":"Bâton(s) de cannelle","shopGroup":"Epicerie","qte":"1","unit":"pièce(s)","step":"Pour la crème","order":1},{"label":"Crème liquide entière","shopGroup":"Crèmerie  hors fromage","qte":"20","unit":"cl","step":"Pour la crème","order":2},{"label":"Chocolat noir","shopGroup":"Epicerie","qte":"200","unit":"g","step":"Pour la crème","order":3},{"label":"Jaune(s) d'oeuf(s)","shopGroup":"Crèmerie  hors fromage","qte":"3","unit":"pièce(s)","step":"Pour la crème","order":4},{"label":"Sucre en poudre","shopGroup":"","qte":"50","unit":"g","step":"Pour la crème","order":5},{"label":"Fécule de maïs","shopGroup":"Epicerie","qte":"5","unit":"g","step":"Pour la crème","order":6},{"label":"Beurre doux","shopGroup":"Crèmerie  hors fromage","qte":"145","unit":"g","step":"Pour le(s) biscuit(s)","order":7},{"label":"Farine de blé","shopGroup":"Epicerie","qte":"150","unit":"g","step":"Pour le(s) biscuit(s)","order":8},{"label":"Oeuf(s)","shopGroup":"Crèmerie  hors fromage","qte":"3","unit":"pièce(s)","step":"Pour le(s) biscuit(s)","order":9},{"label":"Sucre en poudre","shopGroup":"Epicerie","qte":"150","unit":"g","step":"Pour le(s) biscuit(s)","order":10},{"label":"Miel","shopGroup":"Epicerie","qte":"30","unit":"g","step":"Pour le(s) biscuit(s)","order":11}],"chiefTip":"L'appareil à madeleines peut se conserver 3 jours au réfrigérateur.Vous pouvez remplacer la cannelle par une autre épice telle que du piment d'Espelette.","id":10402}