{"title":"Petits pots de crème chocolat-cannelle et madeleines au miel","description":"","summary":"Crème onctueuse au chocolat parfumée à la cannelle, préparée sur une base de crème anglaise au chocolat. A déguster froide accompagnée de petites madeleines au miel.","timePreparation":"30mn","timeBaking":"30mn","timeRest":"0mn","picture":"","ingredients":[{"label":"Lait entier","shopGroup":"Crèmerie  hors fromage","qte":"80","unit":"cl","step":"Pour la crème","order":0},{"label":"Bâton(s) de cannelle","shopGroup":"Epicerie","qte":"1","unit":"pièce(s)","step":"Pour la crème","order":1},{"label":"Crème liquide entière","shopGroup":"Crèmerie  hors fromage","qte":"20","unit":"cl","step":"Pour la crème","order":2},{"label":"Chocolat noir","shopGroup":"Epicerie","qte":"200","unit":"g","step":"Pour la crème","order":3},{"label":"Jaune(s) d'oeuf(s)","shopGroup":"Crèmerie  hors fromage","qte":"3","unit":"pièce(s)","step":"Pour la crème","order":4},{"label":"Sucre en poudre","shopGroup":"","qte":"50","unit":"g","step":"Pour la crème","order":5},{"label":"Fécule de maïs","shopGroup":"Epicerie","qte":"5","unit":"g","step":"Pour la crème","order":6},{"label":"Beurre doux","shopGroup":"Crèmerie  hors fromage","qte":"145","unit":"g","step":"Pour le(s) biscuit(s)","order":7},{"label":"Farine de blé","shopGroup":"Epicerie","qte":"150","unit":"g","step":"Pour le(s) biscuit(s)","order":8},{"label":"Oeuf(s)","shopGroup":"Crèmerie  hors fromage","qte":"3","unit":"pièce(s)","step":"Pour le(s) biscuit(s)","order":9},{"label":"Sucre en poudre","shopGroup":"Epicerie","qte":"150","unit":"g","step":"Pour le(s) biscuit(s)","order":10},{"label":"Miel","shopGroup":"Epicerie","qte":"30","unit":"g","step":"Pour le(s) biscuit(s)","order":11}],"chiefTip":"L'appareil à madeleines peut se conserver 3 jours au réfrigérateur.Vous pouvez remplacer la cannelle par une autre épice telle que du piment d'Espelette.","id":10402}