{"id":10262,"title":"Recette de Papillote croustillante de saumon frais, salade de haricots verts tièdes","description":"","summary":"Un pavé de saumon emprisonné dans une feuille de brick avec quelques légumes, le tout cuit au four comme une papillote.","timePreparation":"15mn","timeBaking":"20mn","timeRest":"0mn","picture":"http://1.media.atelierdeschefs.com/recette-e10262-papillote-croustillante-de-saumon-frais-salade-de-haricots-verts-tiedes.jpg","ingredients":[{"label":"Pavé(s) de saumon (150g)","shopGroup":"Poissonnerie","qte":"6","unit":"pièce(s)","step":"","order":0},{"label":"Tomate(s) confite(s)","shopGroup":"Epicerie","qte":"100","unit":"g","step":"","order":1},{"label":"Pousse(s) de soja","shopGroup":"Légumes","qte":"150","unit":"g","step":"","order":2},{"label":"Haricot(s) vert(s)","shopGroup":"Légumes","qte":"500","unit":"g","step":"","order":3},{"label":"Feuille(s) de brick","shopGroup":"Traiteur","qte":"6","unit":"pièce(s)","step":"","order":4},{"label":"Echalote(s)","shopGroup":"Légumes","qte":"1","unit":"pièce(s)","step":"","order":5},{"label":"Vinaigre balsamique","shopGroup":"Epicerie","qte":"5","unit":"cl","step":"","order":6},{"label":"Huile d'olive","shopGroup":"Epicerie","qte":"15","unit":"cl","step":"","order":7},{"label":"Moutarde forte","shopGroup":"Epicerie","qte":"10","unit":"g","step":"","order":8},{"label":"Fleur de sel","shopGroup":"Epicerie","qte":"3","unit":"pincée(s)","step":"","order":9},{"label":"Piment d'Espelette","shopGroup":"Epicerie","qte":"3","unit":"pincée(s)","step":"","order":10},{"label":"Gros sel","shopGroup":"","qte":"20","unit":"g","step":"","order":11}]}