{"title":"Papillote croustillante de saumon frais, salade de haricots verts tièdes","description":"Porter un grand volume d'eau salée (10 g de gros sel/litre) à ébullition. Laver les haricots verts, les couper en 2 puis les blanchir pendant 4 min. Tester la cuisson, puis les égoutter.<br /><br />Éplucher l'échalote et la ciseler finement.<br />Pour la vinaigrette : dans un bol, réunir la moutarde et le vinaigre balsamique, assaisonner puis monter le tout comme une mayonnaise en fouettant énergiquement.<br />Verser la vinaigrette et les échalotes sur les haricots verts, puis rectifier l'assaisonnement. <br /> <br />Préchauffer le four à 220 °C (th. 7-8).<br />Pour la papillote : retirer la peau des pavés de saumon, puis les assaisonner de fleur de sel et de piment d'Espelette. Disposer au centre d'une feuille de brick les pousses de soja, les pétales de tomates, assaisonner puis finir avec un pavé de saumon. Refermer la papillote comme un nem, en prenant soin que les légumes se retrouvent en bas et côté fermeture. Disposer ensuite les papillotes sur une feuille de papier cuisson, ajouter un filet d'huile d'olive et enfourner pendant 8 à 10 min.<br /><br />Pour le dressage : déposer un lit de haricots verts dans une assiette et disposer la papillote.<br />","summary":"Un pavé de saumon emprisonné dans une feuille de brick avec quelques légumes, le tout cuit au four comme une papillote.","timePreparation":"15mn","timeBaking":"20mn","timeRest":"0mn","picture":"","ingredients":[{"label":"Pavé(s) de saumon (150g)","shopGroup":"Poissonnerie","qte":"6","unit":"pièce(s)","step":"","order":0},{"label":"Tomate(s) confite(s)","shopGroup":"Epicerie","qte":"100","unit":"g","step":"","order":1},{"label":"Pousse(s) de soja","shopGroup":"Légumes","qte":"150","unit":"g","step":"","order":2},{"label":"Haricot(s) vert(s)","shopGroup":"Légumes","qte":"500","unit":"g","step":"","order":3},{"label":"Feuille(s) de brick","shopGroup":"Traiteur","qte":"6","unit":"pièce(s)","step":"","order":4},{"label":"Echalote(s)","shopGroup":"Légumes","qte":"1","unit":"pièce(s)","step":"","order":5},{"label":"Vinaigre balsamique","shopGroup":"Epicerie","qte":"5","unit":"cl","step":"","order":6},{"label":"Huile d'olive","shopGroup":"Epicerie","qte":"15","unit":"cl","step":"","order":7},{"label":"Moutarde forte","shopGroup":"Epicerie","qte":"10","unit":"g","step":"","order":8},{"label":"Fleur de sel","shopGroup":"Epicerie","qte":"3","unit":"pincée(s)","step":"","order":9},{"label":"Piment d'Espelette","shopGroup":"Epicerie","qte":"3","unit":"pincée(s)","step":"","order":10},{"label":"Gros sel","shopGroup":"","qte":"20","unit":"g","step":"","order":11}],"chiefTip":"Vous pouvez remplacer le saumon par un poisson blanc comme le cabillaud.Utilisez une poêle pour colorer les papillotes (1 min de chaque côté).","id":10262}