{"title":"Rouleau de printemps végétarien, sauce aigre-douce au sésame","description":"","summary":"Un rouleau de feuille de riz garni d'une farce à base de légumes crus, accompagné d'une sauce soja aigre-douce.","timePreparation":"30mn","timeBaking":"0mn","timeRest":"0mn","picture":"","ingredients":[{"label":"Galette(s) de riz moyenne","shopGroup":"Epicerie","qte":"6","unit":"pièce(s)","step":"","order":0},{"label":"Pleurote(s)","shopGroup":"Légumes","qte":"200","unit":"g","step":"","order":1},{"label":"Carotte(s)","shopGroup":"Légumes","qte":"3","unit":"pièce(s)","step":"","order":2},{"label":"Concombre(s)","shopGroup":"Légumes","qte":"1","unit":"pièce(s)","step":"","order":3},{"label":"Courgette(s)","shopGroup":"Légumes","qte":"3","unit":"pièce(s)","step":"","order":4},{"label":"Céleri(s) branche","shopGroup":"Légumes","qte":"2","unit":"pièce(s)","step":"","order":5},{"label":"Menthe fraîche","shopGroup":"Herbes aromatiques","qte":"1","unit":"botte(s)","step":"","order":6},{"label":"Laitue(s)","shopGroup":"Légumes","qte":"1","unit":"pièce(s)","step":"","order":7},{"label":"Basilic","shopGroup":"Herbes aromatiques","qte":"1","unit":"botte(s)","step":"Pour la sauce","order":8},{"label":"Sauce Soja","shopGroup":"Epicerie","qte":"10","unit":"cl","step":"Pour la sauce","order":9},{"label":"Sauce Chili aigre-douce","shopGroup":"Epicerie","qte":"5","unit":"cl","step":"Pour la sauce","order":10},{"label":"Gousse(s) d'ail","shopGroup":"Légumes","qte":"1","unit":"gousse(s)","step":"Pour la sauce","order":11},{"label":"Persil plat","shopGroup":"Herbes aromatiques","qte":"0.25","unit":"botte(s)","step":"Pour la sauce","order":12},{"label":"Huile de sésame","shopGroup":"Epicerie","qte":"3","unit":"cl","step":"Pour la sauce","order":13},{"label":"Graines de sésame blanches","shopGroup":"Epicerie","qte":"50","unit":"g","step":"Pour la sauce","order":14}],"chiefTip":"A partir du moment où vous passez un rouleau à la friteuse, il prend alors l'appellation de nem.Complétez cette recette avec d'autres légumes, de la viande (porc, poulet...) ou des crustacés (gambas, langoustines...).","id":10482}