{"title":"Petits pots de crème à la vanille","description":"","summary":"Crème onctueuse à la vanille, préparée sur une base de crème anglaise, à déguster froide !","timePreparation":"30mn","timeBaking":"0mn","timeRest":"0mn","picture":"","ingredients":[{"label":"Lait entier","shopGroup":"Crèmerie  hors fromage","qte":"80","unit":"cl","step":"Pour la crème","order":0},{"label":"Gousse(s) de vanille","shopGroup":"Epicerie","qte":"1","unit":"pièce(s)","step":"Pour la crème","order":1},{"label":"Jaune(s) d'oeuf(s)","shopGroup":"Crèmerie  hors fromage","qte":"6","unit":"pièce(s)","step":"Pour la crème","order":2},{"label":"Sucre en poudre","shopGroup":"Epicerie","qte":"90","unit":"g","step":"Pour la crème","order":3}],"chiefTip":"Après cuisson, la surface de la crème doit être lisse, brillante et légèrement concave.","id":10404}