{"id":10181,"title":"Recette de Yaourt nature maison","description":"","summary":"Réalisez ce dessert simple à la maison, avec ou sans yaourtière.","timePreparation":"30mn","timeBaking":"0mn","timeRest":"0mn","picture":"http://1.media.atelierdeschefs.com/recette-e10181-yaourt-nature-maison.jpg","ingredients":[{"label":"Yaourt(s) nature(s)","shopGroup":"Crèmerie  hors fromage","qte":"1","unit":"pièce(s)","step":"","order":0},{"label":"Lait entier","shopGroup":"Crèmerie  hors fromage","qte":"1","unit":"l","step":"","order":1},{"label":"Lait en poudre","shopGroup":"Epicerie","qte":"40","unit":"g","step":"","order":2}]}