{"title":"Pots de crème au café","description":"Préchauffer le four à 150 °C (th. 5).<br /><br />Réaliser l'équivalent d'un café serré.<br />Mettre le lait à bouillir dans une casserole avec la gousse de vanille fendue et grattée. Ajouter le café.<br />Blanchir les jaunes d'oeufs et le sucre, puis verser le lait infusé dessus. Bien mélanger à l'aide d'un fouet, puis verser dans des pots individuels. Placer ensuite les pots au bain-marie, sur une plaque, et les enfourner entre 45 min et 1 h.<br />Laisser ensuite refroidir.<br />","summary":"Des petits pots de crème onctueuse au café, cuits au four.","timePreparation":"10mn","timeBaking":"1h","timeRest":"30mn","picture":"","ingredients":[{"label":"Lait entier","shopGroup":"Crèmerie  hors fromage","qte":"1","unit":"l","step":"","order":0},{"label":"Sucre en poudre","shopGroup":"Epicerie","qte":"150","unit":"g","step":"","order":1},{"label":"Jaune(s) d'oeuf(s)","shopGroup":"Crèmerie  hors fromage","qte":"8","unit":"pièce(s)","step":"","order":2},{"label":"1851 moulu de Legal le goût","shopGroup":"Epicerie","qte":"15","unit":"g","step":"","order":3},{"label":"Gousse(s) de vanille","shopGroup":"Epicerie","qte":"1","unit":"pièce(s)","step":"","order":4}],"chiefTip":"Remplacez une partie du sucre par du sucre roux qui se mariera bien avec le café.","id":10111}