{"title":"Filet de canette senteur tajine, courgettes \"paprikail\"","description":"","summary":"Un filet de canette poêlé et cuit dans des épices à tajine, accompagné d'un wok de courgettes au paprika et à l'ail.","timePreparation":"15mn","timeBaking":"15mn","timeRest":"0mn","picture":"http://1.media.atelierdeschefs.com/recette-c10130-filet-de-canette-senteur-tajine-courgettes-paprikail.jpg","ingredients":[{"label":"Filet(s) de canette","shopGroup":"Volaille(s)","qte":"6","unit":"pièce(s)","step":"","order":0},{"label":"Oignon(s)","shopGroup":"Légumes","qte":"1","unit":"pièce(s)","step":"","order":1},{"label":"Abricot(s) sec(s)","shopGroup":"Epicerie","qte":"100","unit":"g","step":"","order":2},{"label":"Poudre de gingembre","shopGroup":"Epicerie","qte":"10","unit":"g","step":"","order":3},{"label":"Cannelle en poudre","shopGroup":"Epicerie","qte":"5","unit":"g","step":"","order":4},{"label":"Ras el hanout","shopGroup":"Epicerie","qte":"5","unit":"g","step":"","order":5},{"label":"Miel","shopGroup":"Epicerie","qte":"20","unit":"g","step":"","order":6},{"label":"Sel fin","shopGroup":"","qte":"6","unit":"pincée(s)","step":"","order":7},{"label":"Piment d'Espelette","shopGroup":"Epicerie","qte":"6","unit":"pincée(s)","step":"","order":8},{"label":"Huile d'olive","shopGroup":"Epicerie","qte":"5","unit":"cl","step":"Pour la garniture","order":9},{"label":"Courgette(s)","shopGroup":"Légumes","qte":"8","unit":"pièce(s)","step":"Pour la garniture","order":10},{"label":"Gousse(s) d'ail","shopGroup":"Légumes","qte":"2","unit":"gousse(s)","step":"Pour la garniture","order":11},{"label":"Coriandre fraîche","shopGroup":"Herbes aromatiques","qte":"0.5","unit":"botte(s)","step":"Pour la garniture","order":12},{"label":"Paprika","shopGroup":"Epicerie","qte":"10","unit":"g","step":"Pour la garniture","order":13}],"chiefTip":"Vous pouvez ajouter de la figue séchée et des amandes effilées dans la sauce.Utilisez un magret de canard pour 2 personnes à la place du filet de canette.","id":10130}