{"id":10092,"title":"Recette de Muffin au thé vert","description":"","summary":"Muffins : petits gâteaux ronds et moelleux, très appréciés aux États-Unis, parfumés ici au thé vert.","timePreparation":"15mn","timeBaking":"15mn","timeRest":"0mn","picture":"http://1.media.atelierdeschefs.com/recette-e10092-muffin-au-the-vert.jpg","ingredients":[{"label":"Farine de blé","shopGroup":"Epicerie","qte":"250","unit":"g","step":"","order":0},{"label":"Sachet(s) de levure chimique (11g)","shopGroup":"Epicerie","qte":"1","unit":"pièce(s)","step":"","order":1},{"label":"Sucre en poudre","shopGroup":"Epicerie","qte":"75","unit":"g","step":"","order":2},{"label":"Oeuf(s)","shopGroup":"Crèmerie  hors fromage","qte":"3","unit":"pièce(s)","step":"","order":3},{"label":"Beurre doux","shopGroup":"Crèmerie  hors fromage","qte":"125","unit":"g","step":"","order":4},{"label":"Lait 1/2 écrémé","shopGroup":"Crèmerie  hors fromage","qte":"10","unit":"cl","step":"","order":5},{"label":"Thé vert en poudre","shopGroup":"Epicerie","qte":"5","unit":"g","step":"","order":6}]}