{"title":"Brochettes de foie gras et Saint-Jacques au romarin","description":"","summary":"Apprenez à réaliser une brochette de foie gras et Saint-Jacques sur une tige de romarin, avec une cuisson douce et colorée.","timePreparation":"30mn","timeBaking":"10mn","timeRest":"0mn","picture":"","ingredients":[{"label":"Foie(s) gras de canard cru(s)","shopGroup":"Volaille(s)","qte":"500","unit":"g","step":"","order":0},{"label":"Noix de Saint Jacques","shopGroup":"Poissonnerie","qte":"18","unit":"pièce(s)","step":"","order":1},{"label":"Branche(s) de romarin","shopGroup":"Herbes aromatiques","qte":"6","unit":"pièce(s)","step":"","order":2},{"label":"Roquette","shopGroup":"Légumes","qte":"500","unit":"g","step":"","order":3},{"label":"Fleur de sel","shopGroup":"Epicerie","qte":"3","unit":"pincée(s)","step":"","order":4},{"label":"Moulin à poivre","shopGroup":"","qte":"3","unit":"tour(s)","step":"","order":5},{"label":"Réduction de vinaigre Balsamique","shopGroup":"Epicerie","qte":"10","unit":"cl","step":"","order":6},{"label":"Huile d'olive","shopGroup":"Epicerie","qte":"5","unit":"cl","step":"","order":7}],"chiefTip":"Pour réaliser les brochettes un peu à l'avance, vous pouvez les colorer fortement à la poêle pendant 1 min de chaque côté, puis finir leur cuisson au four à 220 °C pendant 2 min.","id":10557}