{"title":"Aligot à la bintje, parfums du souk","description":"","summary":"Une purée de pommes de terre liée à la tomme fraîche et parfumée aux épices orientales.","timePreparation":"30mn","timeBaking":"0mn","timeRest":"0mn","picture":"","ingredients":[{"label":"Pomme(s) de terre Bintje","shopGroup":"Légumes","qte":"1","unit":"kg","step":"","order":0},{"label":"Tomme fraîche","shopGroup":"Fromage(s)","qte":"400","unit":"g","step":"","order":1},{"label":"Gousse(s) d'ail","shopGroup":"Légumes","qte":"3","unit":"pièce(s)","step":"","order":2},{"label":"Crème fraîche épaisse","shopGroup":"Crèmerie  hors fromage","qte":"150","unit":"g","step":"","order":3},{"label":"Gros sel","shopGroup":"","qte":"20","unit":"g","step":"","order":4},{"label":"Beurre doux","shopGroup":"Crèmerie  hors fromage","qte":"150","unit":"g","step":"","order":5},{"label":"Graine(s) de cumin","shopGroup":"Epicerie","qte":"15","unit":"g","step":"","order":6},{"label":"Paprika","shopGroup":"Epicerie","qte":"10","unit":"g","step":"","order":7},{"label":"Moulin à poivre","shopGroup":"","qte":"6","unit":"tour(s)","step":"","order":8},{"label":"Sel fin","shopGroup":"","qte":"6","unit":"pincée(s)","step":"","order":9},{"label":"Coriandre fraîche","shopGroup":"Herbes aromatiques","qte":"0.25","unit":"botte(s)","step":"","order":10}],"chiefTip":"Vous pourrez conserver une louche d'eau de cuisson pour rectifier l'onctuosité et l'élasticité de votre aligot.La tomme idéale est celle qui a de 2 à 4 jours de maturation.","id":10567}