{"title":"Aligot à la bintje, parfums du souk","description":"Éplucher et dégermer les gousses d'ail. Effeuiller et ciseler finement la coriandre.<br /><br />Cuire l'ail et les pommes de terre entières avec la peau dans de l'eau salée (10 g de gros sel/litre) jusqu'à ce que la pointe d'un couteau s'enfonce dans la chair sans résistance.<br /><br />Tailler la tomme fraîche en petits dés et la laisser à température ambiante. Tailler le beurre en petits cubes.<br /><br />Éplucher les pommes de terre, puis les passer au presse-purée dans une casserole avec les gousses d'ail. Ajouter les épices, la crème, le beurre et la tomme, puis travailler l'aligot à feu doux à l'aide d'une spatule. La tomme va fondre et lier la purée (obtention d'un fil lisse au bout de la cuillère lorsqu'on la soulève après l'avoir plongée dans la casserole).<br />Quand le mélange est homogène, rectifier l'assaisonnement en sel et en poivre, puis terminer par la coriandre.<br /><br />Présenter l'aligot en assiettes creuses ou en cocotte.<br />","summary":"Une purée de pommes de terre liée à la tomme fraîche et parfumée aux épices orientales.","timePreparation":"30mn","timeBaking":"0mn","timeRest":"0mn","picture":"","ingredients":[{"label":"Pomme(s) de terre Bintje","shopGroup":"Légumes","qte":"1","unit":"kg","step":"","order":0},{"label":"Tomme fraîche","shopGroup":"Fromage(s)","qte":"400","unit":"g","step":"","order":1},{"label":"Gousse(s) d'ail","shopGroup":"Légumes","qte":"3","unit":"pièce(s)","step":"","order":2},{"label":"Crème fraîche épaisse","shopGroup":"Crèmerie  hors fromage","qte":"150","unit":"g","step":"","order":3},{"label":"Gros sel","shopGroup":"","qte":"20","unit":"g","step":"","order":4},{"label":"Beurre doux","shopGroup":"Crèmerie  hors fromage","qte":"150","unit":"g","step":"","order":5},{"label":"Graine(s) de cumin","shopGroup":"Epicerie","qte":"15","unit":"g","step":"","order":6},{"label":"Paprika","shopGroup":"Epicerie","qte":"10","unit":"g","step":"","order":7},{"label":"Moulin à poivre","shopGroup":"","qte":"6","unit":"tour(s)","step":"","order":8},{"label":"Sel fin","shopGroup":"","qte":"6","unit":"pincée(s)","step":"","order":9},{"label":"Coriandre fraîche","shopGroup":"Herbes aromatiques","qte":"0.25","unit":"botte(s)","step":"","order":10}],"chiefTip":"Vous pourrez conserver une louche d'eau de cuisson pour rectifier l'onctuosité et l'élasticité de votre aligot.La tomme idéale est celle qui a de 2 à 4 jours de maturation.","id":10567}