{"id":10527,"title":"Recette de Parmentier de canard et carotte, crumble à la cannelle","description":"","summary":"Apprenez à confire des cuisses de canard au vin rouge afin de créer un mille-feuille de purée moelleuse de carottes et un émietté de crumble à la cannelle.","timePreparation":"15mn","timeBaking":"15mn","timeRest":"0mn","picture":"http://1.media.atelierdeschefs.com/recette-e10527-parmentier-de-canard-et-carotte-crumble-a-la-cannelle.jpg","ingredients":[{"label":"Poudre d'amande","shopGroup":"Epicerie","qte":"50","unit":"g","step":"Pour le crumble","order":0},{"label":"Parmesan Parmigiano Reggiano","shopGroup":"Fromage(s)","qte":"50","unit":"g","step":"Pour le crumble","order":1},{"label":"Farine de blé","shopGroup":"Epicerie","qte":"50","unit":"g","step":"Pour le crumble","order":2},{"label":"Beurre doux","shopGroup":"","qte":"50","unit":"g","step":"Pour le crumble","order":3},{"label":"Cannelle en poudre","shopGroup":"Epicerie","qte":"1","unit":"g","step":"Pour le crumble","order":4},{"label":"Cuisse(s) de canard confite(s)","shopGroup":"Volaille(s)","qte":"6","unit":"pièce(s)","step":"Pour l'étape 2","order":5},{"label":"Echalote(s)","shopGroup":"Légumes","qte":"1","unit":"pièce(s)","step":"Pour l'étape 2","order":6},{"label":"Vin rouge","shopGroup":"Boissons alcoolisées","qte":"50","unit":"cl","step":"Pour l'étape 2","order":7},{"label":"Graisse de canard","shopGroup":"Volaille(s)","qte":"5","unit":"g","step":"Pour l'étape 2","order":8},{"label":"Carotte(s)","shopGroup":"Légumes","qte":"500","unit":"g","step":"Pour l'étape 3","order":9},{"label":"Pomme(s) de terre  à chair farineuse","shopGroup":"Légumes","qte":"400","unit":"g","step":"Pour l'étape 3","order":10},{"label":"Gros sel","shopGroup":"","qte":"10","unit":"g","step":"Pour l'étape 3","order":11},{"label":"Lait 1/2 écrémé","shopGroup":"Crèmerie  hors fromage","qte":"10","unit":"cl","step":"Pour l'étape 3","order":12},{"label":"Beurre doux","shopGroup":"Crèmerie  hors fromage","qte":"30","unit":"g","step":"Pour l'étape 3","order":13},{"label":"Sel fin","shopGroup":"","qte":"6","unit":"pincée(s)","step":"Pour l'étape 3","order":14},{"label":"Moulin à poivre","shopGroup":"","qte":"6","unit":"tour(s)","step":"Pour l'étape 3","order":15}]}