{"title":"Smoothie banane/poire et cumin","description":"","summary":"Une boisson santé à base de jus de poire et de bananes fraîches, parfumée au cumin.","timePreparation":"5mn","timeBaking":"0mn","timeRest":"0mn","picture":"","ingredients":[{"label":"Banane(s)","shopGroup":"Fruits","qte":"4","unit":"pièce(s)","step":"","order":0},{"label":"Orange(s)","shopGroup":"Fruits","qte":"1","unit":"pièce(s)","step":"","order":1},{"label":"Jus de poire","shopGroup":"Boissons sans alcool","qte":"1","unit":"l","step":"","order":2},{"label":"Sucre en poudre","shopGroup":"Epicerie","qte":"60","unit":"g","step":"","order":3},{"label":"Lait 1/2 écrémé","shopGroup":"Crèmerie  hors fromage","qte":"10","unit":"cl","step":"","order":4},{"label":"Cumin en poudre","shopGroup":"Epicerie","qte":"2","unit":"g","step":"","order":5}],"chiefTip":"Ajoutez une boule de glace à la poire afin de réaliser un milk-shake.","id":10099}