{"id":10123,"title":"Recette de Cake à la banane","description":"","summary":"Un cake moelleux et savoureux à la banane, simple à réaliser pour utiliser des bananes trop mûres.","timePreparation":"15mn","timeBaking":"45mn","timeRest":"0mn","picture":"http://1.media.atelierdeschefs.com/recette-e10123-cake-a-la-banane.jpg","ingredients":[{"label":"Banane(s)","shopGroup":"Fruits","qte":"2","unit":"pièce(s)","step":"","order":0},{"label":"Farine de blé","shopGroup":"Epicerie","qte":"175","unit":"g","step":"","order":1},{"label":"Sucre en poudre","shopGroup":"","qte":"100","unit":"g","step":"","order":2},{"label":"Beurre doux","shopGroup":"","qte":"30","unit":"g","step":"","order":3},{"label":"Lait entier","shopGroup":"Crèmerie  hors fromage","qte":"15","unit":"cl","step":"","order":4},{"label":"Levure chimique","shopGroup":"Epicerie","qte":"5","unit":"g","step":"","order":5},{"label":"Poudre d'amande","shopGroup":"Epicerie","qte":"100","unit":"g","step":"","order":6},{"label":"Oeuf(s)","shopGroup":"Crèmerie  hors fromage","qte":"3","unit":"pièce(s)","step":"","order":7},{"label":"Beurre doux","shopGroup":"Crèmerie  hors fromage","qte":"10","unit":"g","step":"Pour le reste de la recette","order":8},{"label":"Sucre en poudre","shopGroup":"Epicerie","qte":"10","unit":"g","step":"Pour le reste de la recette","order":9}]}