{"id":10118,"title":"Recette de Zaeti aux raisins secs","description":"","summary":"Petits biscuits italiens à base de farine de maïs et de raisins secs, idéaux pour accompagner le café.","timePreparation":"30mn","timeBaking":"0mn","timeRest":"0mn","picture":"http://1.media.atelierdeschefs.com/recette-e10118-zaeti-aux-raisins-secs.jpg","ingredients":[{"label":"Farine de blé","shopGroup":"Epicerie","qte":"150","unit":"g","step":"","order":0},{"label":"Farine de maïs","shopGroup":"Epicerie","qte":"150","unit":"g","step":"","order":1},{"label":"Beurre demi-sel","shopGroup":"Crèmerie  hors fromage","qte":"100","unit":"g","step":"","order":2},{"label":"Jaune(s) d'oeuf(s)","shopGroup":"Crèmerie  hors fromage","qte":"3","unit":"pièce(s)","step":"","order":3},{"label":"Sucre en poudre","shopGroup":"Epicerie","qte":"100","unit":"g","step":"","order":4},{"label":"Levure chimique","shopGroup":"Epicerie","qte":"5","unit":"g","step":"","order":5},{"label":"Raisin(s) sec(s) blond(s)","shopGroup":"Epicerie","qte":"80","unit":"g","step":"","order":6}]}