{"title":"Pavé de boeuf, semoule fine de chou-fleur","description":"","summary":"Pavé de boeuf poêlé au beurre, et chou-fleur mixé à cru puis cuit dans du beurre et du jus de citron.","timePreparation":"30mn","timeBaking":"0mn","timeRest":"0mn","picture":"","ingredients":[{"label":"Pavé(s) de boeuf de 150g","shopGroup":"Boucherie","qte":"6","unit":"pièce(s)","step":"","order":0},{"label":"Chou(x) fleur","shopGroup":"Légumes","qte":"1","unit":"pièce(s)","step":"","order":1},{"label":"Oignon(s) nouveau(x)","shopGroup":"Légumes","qte":"3","unit":"pièce(s)","step":"","order":2},{"label":"Jus de citron","shopGroup":"Boissons sans alcool","qte":"5","unit":"cl","step":"","order":3},{"label":"Persil plat","shopGroup":"Herbes aromatiques","qte":"0.5","unit":"botte(s)","step":"","order":4},{"label":"Huile d'olive","shopGroup":"Epicerie","qte":"5","unit":"cl","step":"","order":5},{"label":"Beurre doux","shopGroup":"Crèmerie  hors fromage","qte":"50","unit":"g","step":"","order":6},{"label":"Sel fin","shopGroup":"","qte":"6","unit":"pincée(s)","step":"","order":7},{"label":"Moulin à poivre","shopGroup":"","qte":"6","unit":"tour(s)","step":"","order":8},{"label":"Fleur de sel","shopGroup":"Epicerie","qte":"5","unit":"g","step":"","order":9},{"label":"Gousse(s) d'ail","shopGroup":"Légumes","qte":"1","unit":"gousse(s)","step":"","order":10},{"label":"Branche(s) de thym","shopGroup":"Herbes aromatiques","qte":"1","unit":"pièce(s)","step":"","order":11}],"chiefTip":"Vous pouvez mettre quelques sommités de brocolis pour ajouter de la couleur et des saveurs.","id":10001}