{"title":"Pavé de boeuf, semoule fine de chou-fleur","description":"Laver  les oignons nouveaux et les émincer en fines lamelles. Laver le persil, l'effeuiller et le hacher. <br />A l'aide d'un couteau, récupérer les sommités (petits bouquets) du chou-fleur sans les tiges. Passer ensuite le chou-fleur au robot-coupe pour obtenir une semoule pas trop fine.<br /><br />Dans une poêle, mettre 30 g de beurre et faire suer les oignons avec 1 pincée de sel. Ajouter le chou-fleur et le saler, puis cuire environ 5 min à feu moyen tout en remuant avec une cuillère. En fin de cuisson, ajouter le jus de citron et le persil, puis réserver.<br /><br />Dans une autre poêle bien chaude, mettre un trait d'huile d'olive et colorer le boeuf sur toutes ses faces à feu moyen, pendant 4 à 6 min selon la cuisson désirée. Ajouter 20 g de beurre, 1 branche de thym, 1 gousse d'ail, assaisonner le boeuf de fleur de sel et de poivre du moulin. Éteindre le feu et laisser reposer 2 à 3 min.<br /><br />Dresser la semoule de chou-fleur dans des cercles en inox, poser un pavé de boeuf dessus et décorer de persil.<br />","summary":"Pavé de boeuf poêlé au beurre, et chou-fleur mixé à cru puis cuit dans du beurre et du jus de citron.","timePreparation":"30mn","timeBaking":"0mn","timeRest":"0mn","picture":"","ingredients":[{"label":"Pavé(s) de boeuf de 150g","shopGroup":"Boucherie","qte":"6","unit":"pièce(s)","step":"","order":0},{"label":"Chou(x) fleur","shopGroup":"Légumes","qte":"1","unit":"pièce(s)","step":"","order":1},{"label":"Oignon(s) nouveau(x)","shopGroup":"Légumes","qte":"3","unit":"pièce(s)","step":"","order":2},{"label":"Jus de citron","shopGroup":"Boissons sans alcool","qte":"5","unit":"cl","step":"","order":3},{"label":"Persil plat","shopGroup":"Herbes aromatiques","qte":"0.5","unit":"botte(s)","step":"","order":4},{"label":"Huile d'olive","shopGroup":"Epicerie","qte":"5","unit":"cl","step":"","order":5},{"label":"Beurre doux","shopGroup":"Crèmerie  hors fromage","qte":"50","unit":"g","step":"","order":6},{"label":"Sel fin","shopGroup":"","qte":"6","unit":"pincée(s)","step":"","order":7},{"label":"Moulin à poivre","shopGroup":"","qte":"6","unit":"tour(s)","step":"","order":8},{"label":"Fleur de sel","shopGroup":"Epicerie","qte":"5","unit":"g","step":"","order":9},{"label":"Gousse(s) d'ail","shopGroup":"Légumes","qte":"1","unit":"gousse(s)","step":"","order":10},{"label":"Branche(s) de thym","shopGroup":"Herbes aromatiques","qte":"1","unit":"pièce(s)","step":"","order":11}],"chiefTip":"Vous pouvez mettre quelques sommités de brocolis pour ajouter de la couleur et des saveurs.","id":10001}