{"title":"Raviole de céléri-rave au persil et bouillon crémeux","description":"Décongeler la purée de céleri, puis l'égoutter dans une passoire et l'assaisonner de sel et de poivre. Laver et éplucher le persil, puis le hacher. Éplucher les échalotes et les émincer en fines  tranches.<br /><br />Dans une casserole, faire suer les échalotes à l'huile d'olive, ajouter le persil, saler et poivrer, puis mélanger avec le céleri. Étaler les feuilles de ravioles, poser une cuillère à soupe de purée au centre de chacune, replier en 2 et coller les bord avec un pinceau humecté d'eau. Conserver ensuite les ravioles sur un linge.<br /><br />Porter 1 litre d'eau à ébullition, ajouter les 2 cubes de bouillon, puis cuire les ravioles 2 min dans le liquide et les réserver. Ajouter la crème au bouillon et laisser bouillir quelques minutes, rectifier l'assaisonnement.<br /><br />Répartir les ravioles dans les assiettes, verser le bouillon brûlant dessus.<br />","summary":"De délicieuses ravioles maison au céleri, assaisonnées d'échalotes et de persil, à servir avec un bouillon de volaille crémé.","timePreparation":"30mn","timeBaking":"0mn","timeRest":"0mn","picture":"","ingredients":[{"label":"Feuille(s) de pâte à raviole","shopGroup":"Traiteur","qte":"18","unit":"pièce(s)","step":"","order":0},{"label":"Purée de céleri surgelée","shopGroup":"Surgelés","qte":"400","unit":"g","step":"","order":1},{"label":"Cube(s) de bouillon de viande","shopGroup":"Epicerie","qte":"2","unit":"pièce(s)","step":"","order":2},{"label":"Crème liquide entière","shopGroup":"Crèmerie  hors fromage","qte":"20","unit":"cl","step":"","order":3},{"label":"Echalote(s)","shopGroup":"Légumes","qte":"2","unit":"pièce(s)","step":"","order":4},{"label":"Sel fin","shopGroup":"","qte":"6","unit":"pincée(s)","step":"","order":5},{"label":"Moulin à poivre","shopGroup":"","qte":"6","unit":"tour(s)","step":"","order":6},{"label":"Huile d'olive","shopGroup":"Epicerie","qte":"3","unit":"cl","step":"","order":7},{"label":"Persil plat","shopGroup":"Herbes aromatiques","qte":"0.25","unit":"botte(s)","step":"","order":8}],"chiefTip":"Pour vous organiser lors d'un dîner, n'hésitez pas à cuire vos ravioles avant et à les répartir dans les assiettes.En versant le bouillon brûlant dessus, elles tiédiront suffisamment lors du service.","id":10034}