{"id":10034,"title":"Recette de Raviole de céléri-rave au persil et bouillon crémeux","description":"","summary":"De délicieuses ravioles maison au céleri, assaisonnées d'échalotes et de persil, à servir avec un bouillon de volaille crémé.","timePreparation":"30mn","timeBaking":"0mn","timeRest":"0mn","picture":"http://1.media.atelierdeschefs.com/recette-e10034-raviole-de-celeri-rave-au-persil-et-bouillon-cremeux.jpg","ingredients":[{"label":"Feuille(s) de pâte à raviole","shopGroup":"Traiteur","qte":"18","unit":"pièce(s)","step":"","order":0},{"label":"Purée de céleri surgelée","shopGroup":"Surgelés","qte":"400","unit":"g","step":"","order":1},{"label":"Cube(s) de bouillon de viande","shopGroup":"Epicerie","qte":"2","unit":"pièce(s)","step":"","order":2},{"label":"Crème liquide entière","shopGroup":"Crèmerie  hors fromage","qte":"20","unit":"cl","step":"","order":3},{"label":"Echalote(s)","shopGroup":"Légumes","qte":"2","unit":"pièce(s)","step":"","order":4},{"label":"Sel fin","shopGroup":"","qte":"6","unit":"pincée(s)","step":"","order":5},{"label":"Moulin à poivre","shopGroup":"","qte":"6","unit":"tour(s)","step":"","order":6},{"label":"Huile d'olive","shopGroup":"Epicerie","qte":"3","unit":"cl","step":"","order":7},{"label":"Persil plat","shopGroup":"Herbes aromatiques","qte":"0.25","unit":"botte(s)","step":"","order":8}]}