{"id":10081,"title":"Recette de Filet mignon de porc à la sauge, lait au bacon et cocotte de légumes","description":"","summary":"Des médaillons de filet mignon de porc parfumés à la sauge, poêlés et servis avec un lait mousseux au lard, et accompagnés de potirons et de pommes de terre cuits en cocotte.","timePreparation":"20mn","timeBaking":"30mn","timeRest":"0mn","picture":"http://1.media.atelierdeschefs.com/recette-e10081-filet-mignon-de-porc-a-la-sauge-lait-au-bacon-et-cocotte-de-legumes.jpg","ingredients":[{"label":"Filet(s) mignon de porc","shopGroup":"Boucherie","qte":"2","unit":"pièce(s)","step":"","order":0},{"label":"Sauge","shopGroup":"Herbes aromatiques","qte":"0.5","unit":"botte(s)","step":"","order":1},{"label":"Vin blanc sec","shopGroup":"Boissons alcoolisées","qte":"10","unit":"cl","step":"","order":2},{"label":"Beurre doux","shopGroup":"","qte":"50","unit":"g","step":"","order":3},{"label":"Pomme(s) de terre grenaille","shopGroup":"Légumes","qte":"400","unit":"g","step":"Pour la garniture","order":4},{"label":"Potiron","shopGroup":"Légumes","qte":"500","unit":"g","step":"Pour la garniture","order":5},{"label":"Echalote(s)","shopGroup":"Légumes","qte":"1","unit":"pièce(s)","step":"Pour la garniture","order":6},{"label":"Eau","shopGroup":"","qte":"70","unit":"cl","step":"Pour la garniture","order":7},{"label":"Huile d'olive","shopGroup":"Epicerie","qte":"5","unit":"cl","step":"Pour la garniture","order":8},{"label":"Beurre doux","shopGroup":"Crèmerie  hors fromage","qte":"30","unit":"g","step":"Pour la garniture","order":9},{"label":"Gousse(s) d'ail","shopGroup":"Légumes","qte":"1","unit":"gousse(s)","step":"Pour la garniture","order":10},{"label":"Sel fin","shopGroup":"","qte":"3","unit":"pincée(s)","step":"Pour la garniture","order":11},{"label":"Moulin à poivre","shopGroup":"","qte":"3","unit":"tour(s)","step":"Pour la garniture","order":12},{"label":"Tranche(s) de bacon","shopGroup":"Charcuterie","qte":"12","unit":"pièce(s)","step":"Pour la sauce","order":13},{"label":"Lait entier","shopGroup":"Crèmerie  hors fromage","qte":"50","unit":"cl","step":"Pour la sauce","order":14}]}