{"title":"Filet mignon de porc à la sauge, lait au bacon et cocotte de légumes","description":"Couper les filets mignons en 18 médaillons, puis les inciser avec la pointe d'un couteau et insérer les feuilles de sauge.<br />Éplucher le potiron et le couper en gros morceaux. Laver les pommes de terre et les couper en 2. Éplucher l'échalote et l'émincer en fines lamelles.<br /><br />Dans une cocotte chaude, mettre un filet d'huile d'olive, ajouter l'échalote et la faire suer pendant 1 min avec 1 pincée de sel. Ajouter le potiron, les pommes de terre et l'ail, saler puis mouiller les légumes à mi-hauteur avec de l'eau. Couvrir et cuire environ 15 min, jusqu'à complète absorption du liquide. Mettre alors le beurre pour colorer légèrement les légumes et rectifier l'assaisonnement en sel et en poivre.<br /><br />Pour le lait mousseux : faire bouillir le lait puis éteindre le feu. Ajouter les tranches de bacon et laisser infuser au minimum pendant 30 min. Filtrer et réchauffer doucement.<br /><br />Dans une poêle avec de l'huile d'olive, saisir sur toutes les faces les médaillons salés et poivrés, puis déglacer au vin blanc. Laisser réduire aux 3/4, puis ajouter le beurre et cuire doucement pendant 2 min, tout en arrosant la viande de son jus.<br /><br />Juste avant de servir, émulsionner le lait de bacon à l'aide d'un mixeur (type Bamix).<br />Dresser les légumes en assiettes, poser 3 médaillons de filet mignon de porc et arroser de mousse de lait de bacon.<br />","summary":"Des médaillons de filet mignon de porc parfumés à la sauge, poêlés et servis avec un lait mousseux au lard, et accompagnés de potirons et de pommes de terre cuits en cocotte.","timePreparation":"20mn","timeBaking":"30mn","timeRest":"0mn","picture":"","ingredients":[{"label":"Filet(s) mignon de porc","shopGroup":"Boucherie","qte":"2","unit":"pièce(s)","step":"","order":0},{"label":"Sauge","shopGroup":"Herbes aromatiques","qte":"0.5","unit":"botte(s)","step":"","order":1},{"label":"Vin blanc sec","shopGroup":"Boissons alcoolisées","qte":"10","unit":"cl","step":"","order":2},{"label":"Beurre doux","shopGroup":"","qte":"50","unit":"g","step":"","order":3},{"label":"Pomme(s) de terre grenaille","shopGroup":"Légumes","qte":"400","unit":"g","step":"Pour la garniture","order":4},{"label":"Potiron","shopGroup":"Légumes","qte":"500","unit":"g","step":"Pour la garniture","order":5},{"label":"Echalote(s)","shopGroup":"Légumes","qte":"1","unit":"pièce(s)","step":"Pour la garniture","order":6},{"label":"Eau","shopGroup":"","qte":"70","unit":"cl","step":"Pour la garniture","order":7},{"label":"Huile d'olive","shopGroup":"Epicerie","qte":"5","unit":"cl","step":"Pour la garniture","order":8},{"label":"Beurre doux","shopGroup":"Crèmerie  hors fromage","qte":"30","unit":"g","step":"Pour la garniture","order":9},{"label":"Gousse(s) d'ail","shopGroup":"Légumes","qte":"1","unit":"gousse(s)","step":"Pour la garniture","order":10},{"label":"Sel fin","shopGroup":"","qte":"3","unit":"pincée(s)","step":"Pour la garniture","order":11},{"label":"Moulin à poivre","shopGroup":"","qte":"3","unit":"tour(s)","step":"Pour la garniture","order":12},{"label":"Tranche(s) de bacon","shopGroup":"Charcuterie","qte":"12","unit":"pièce(s)","step":"Pour la sauce","order":13},{"label":"Lait entier","shopGroup":"Crèmerie  hors fromage","qte":"50","unit":"cl","step":"Pour la sauce","order":14}],"chiefTip":"Pour que le lait mousse encore mieux, vous pouvez lui ajouter 20 g de beurre.","id":10081}