{"id":954,"title":"Recette de Canard sauté au nuoc-nâm, riz aux saucisses","description":"","summary":"De fines escalopes de canard marinées au nuoc-mâm et accompagnées d'un riz aux saucisses chinoises.","timePreparation":"30mn","timeBaking":"0mn","timeRest":"0mn","picture":"http://1.media.atelierdeschefs.com/recette-e954-canard-saute-au-nuoc-nam-riz-aux-saucisses.jpg","ingredients":[{"label":"Saucisse(s) fumée(s)","shopGroup":"Charcuterie","qte":"2","unit":"pièce(s)","step":"","order":0},{"label":"Riz basmati","shopGroup":"Epicerie","qte":"300","unit":"g","step":"","order":1},{"label":"Etoile(s) de badiane","shopGroup":"Epicerie","qte":"1","unit":"pièce(s)","step":"","order":2},{"label":"Oeuf(s)","shopGroup":"Crèmerie  hors fromage","qte":"3","unit":"pièce(s)","step":"","order":3},{"label":"Champignon(s) noir(s) déshydraté(s)","shopGroup":"Epicerie","qte":"50","unit":"g","step":"","order":4},{"label":"Fécule de maïs","shopGroup":"Epicerie","qte":"5","unit":"g","step":"","order":5},{"label":"Sauce Nuoc mam","shopGroup":"Epicerie","qte":"5","unit":"cl","step":"","order":6},{"label":"Sucre en poudre","shopGroup":"Epicerie","qte":"10","unit":"g","step":"","order":7},{"label":"Magret(s) de canard","shopGroup":"Volaille(s)","qte":"3","unit":"pièce(s)","step":"","order":8},{"label":"Huile d'arachide","shopGroup":"Epicerie","qte":"3","unit":"cl","step":"","order":9},{"label":"Gros sel","shopGroup":"","qte":"30","unit":"g","step":"","order":10}]}