{"title":"Mousse de Romanesco au siphon, gambas au piment d'Espelette","description":"Laver le chou Romanesco et prélever les sommités. Éplucher l'oignon et le ciseler finement.<br />Dans une cocotte, faire suer l'oignon avec un filet d'huile d'olive et 1 pincée de sel. Ajouter le chou Romanesco, la crème et compléter d'eau à hauteur des légumes. Saler et cuire pendant 10 min à partir de l'ébullition. Passer ensuite le tout au mixeur puis au chinois pour obtenir une purée très fine, et faire refroidir. <br /><br />Décortiquer les gambas.<br />Dans une poêle chaude avec un filet d'huile d'olive, faire sauter vivement les gambas pendant 30 secondes de chaque côté, les assaisonner de sel et de piment d'Espelette. <br /><br />Verser la crème refroidie dans le siphon et injecter le gaz. <br />Remplir les tasses et servir avec quelques feuilles de roquette et les gambas tièdes.<br />","summary":"Une crème de chou Romanesco très mousseuse réalisée à l'aide d'un siphon, servie avec de grosses gambas juste sautées.","timePreparation":"30mn","timeBaking":"0mn","timeRest":"0mn","picture":"","ingredients":[{"label":"Gambas surgelée(s)","shopGroup":"Surgelés","qte":"18","unit":"pièce(s)","step":"","order":0},{"label":"Oignon(s)","shopGroup":"Légumes","qte":"1","unit":"pièce(s)","step":"","order":1},{"label":"Chou(x) romanesco","shopGroup":"Légumes","qte":"1","unit":"pièce(s)","step":"","order":2},{"label":"Crème liquide entière","shopGroup":"Crèmerie  hors fromage","qte":"30","unit":"cl","step":"","order":3},{"label":"Huile d'olive","shopGroup":"Epicerie","qte":"2","unit":"cl","step":"","order":4},{"label":"Piment d'Espelette","shopGroup":"Epicerie","qte":"2","unit":"g","step":"","order":5},{"label":"Roquette","shopGroup":"Légumes","qte":"100","unit":"g","step":"","order":6},{"label":"Sel fin","shopGroup":"","qte":"6","unit":"pincée(s)","step":"","order":7}],"chiefTip":"Si vous ne trouvez pas de chou Romanesco, vous pouvez réaliser cette recette avec un brocoli.","id":1006}