{"title":"Mousse de Romanesco au siphon, gambas au piment d'Espelette","description":"","summary":"Une crème de chou Romanesco très mousseuse réalisée à l'aide d'un siphon, servie avec de grosses gambas juste sautées.","timePreparation":"30mn","timeBaking":"0mn","timeRest":"0mn","picture":"","ingredients":[{"label":"Gambas surgelée(s)","shopGroup":"Surgelés","qte":"18","unit":"pièce(s)","step":"","order":0},{"label":"Oignon(s)","shopGroup":"Légumes","qte":"1","unit":"pièce(s)","step":"","order":1},{"label":"Chou(x) romanesco","shopGroup":"Légumes","qte":"1","unit":"pièce(s)","step":"","order":2},{"label":"Crème liquide entière","shopGroup":"Crèmerie  hors fromage","qte":"30","unit":"cl","step":"","order":3},{"label":"Huile d'olive","shopGroup":"Epicerie","qte":"2","unit":"cl","step":"","order":4},{"label":"Piment d'Espelette","shopGroup":"Epicerie","qte":"2","unit":"g","step":"","order":5},{"label":"Roquette","shopGroup":"Légumes","qte":"100","unit":"g","step":"","order":6},{"label":"Sel fin","shopGroup":"","qte":"6","unit":"pincée(s)","step":"","order":7}],"chiefTip":"Si vous ne trouvez pas de chou Romanesco, vous pouvez réaliser cette recette avec un brocoli.","id":1006}