{"id":10292,"title":"Recette de Bouchée de noix de coco au chocolat","description":"","summary":"Une noix de coco moelleuse enrobée d'une fine couche croquante de chocolat noir.","timePreparation":"1h","timeBaking":"0mn","timeRest":"0mn","picture":"http://1.media.atelierdeschefs.com/recette-e10292-bouchee-de-noix-de-coco-au-chocolat.jpg","ingredients":[{"label":"Lait de coco non sucré","shopGroup":"Epicerie","qte":"40","unit":"cl","step":"","order":0},{"label":"Noix de coco rapée","shopGroup":"Epicerie","qte":"200","unit":"g","step":"","order":1},{"label":"Chocolat au lait","shopGroup":"Epicerie","qte":"200","unit":"g","step":"","order":2},{"label":"Chocolat noir","shopGroup":"Epicerie","qte":"300","unit":"g","step":"","order":3},{"label":"Cacao en poudre non sucré","shopGroup":"Epicerie","qte":"50","unit":"g","step":"","order":4}]}