{"title":"Bouchée de noix de coco au chocolat","description":"","summary":"Une noix de coco moelleuse enrobée d'une fine couche croquante de chocolat noir.","timePreparation":"1h","timeBaking":"0mn","timeRest":"0mn","picture":"","ingredients":[{"label":"Lait de coco non sucré","shopGroup":"Epicerie","qte":"40","unit":"cl","step":"","order":0},{"label":"Noix de coco rapée","shopGroup":"Epicerie","qte":"200","unit":"g","step":"","order":1},{"label":"Chocolat au lait","shopGroup":"Epicerie","qte":"200","unit":"g","step":"","order":2},{"label":"Chocolat noir","shopGroup":"Epicerie","qte":"300","unit":"g","step":"","order":3},{"label":"Cacao en poudre non sucré","shopGroup":"Epicerie","qte":"50","unit":"g","step":"","order":4}],"chiefTip":"Vous pouvez réaliser d'autres bonbons avec une ganache au chocolat classique, ou ajouter des fruits secs dans votre farce.","id":10292}