{"title":"Bouchée de noix de coco au chocolat","description":"Dans une casserole, faire bouillir le lait de coco puis le verser sur le chocolat au lait cassé en petits morceaux. Ajouter la poudre de noix de coco au mélange et laisser reposer au frais pendant 30 min.<br /><br />Pour tabler le chocolat : réunir dans un bain-marie 150 g de chocolat et le faire fondre. Retirer la bassine de la source de chaleur et ajouter les 150 g restants. Mélanger délicatement et réserver.<br /><br />Tailler la ganache au lait de coco en cubes ou former de petites boules dans la paume de la main puis les rouler dans le cacao en poudre. A l'aide d'une fourchette, tremper chaque cube dans le chocolat, bien l'égoutter puis le disposer sur une feuille de papier sulfurisé.<br /><br />Réserver au frais avant de déguster.<br />","summary":"Une noix de coco moelleuse enrobée d'une fine couche croquante de chocolat noir.","timePreparation":"1h","timeBaking":"0mn","timeRest":"0mn","picture":"","ingredients":[{"label":"Lait de coco non sucré","shopGroup":"Epicerie","qte":"40","unit":"cl","step":"","order":0},{"label":"Noix de coco rapée","shopGroup":"Epicerie","qte":"200","unit":"g","step":"","order":1},{"label":"Chocolat au lait","shopGroup":"Epicerie","qte":"200","unit":"g","step":"","order":2},{"label":"Chocolat noir","shopGroup":"Epicerie","qte":"300","unit":"g","step":"","order":3},{"label":"Cacao en poudre non sucré","shopGroup":"Epicerie","qte":"50","unit":"g","step":"","order":4}],"chiefTip":"Vous pouvez réaliser d'autres bonbons avec une ganache au chocolat classique, ou ajouter des fruits secs dans votre farce.","id":10292}