{"id":10480,"title":"Recette de Filet de daurade mariné citron coco","description":"","summary":"Filet de daurade sans la peau mariné dans du lait de coco citronné parfumé au gingembre, à l'ail et à l'oignon.","timePreparation":"15mn","timeBaking":"0mn","timeRest":"30mn","picture":"http://1.media.atelierdeschefs.com/recette-e10480-filet-de-daurade-marine-citron-coco.jpg","ingredients":[{"label":"Filet(s) de daurade de 140 g","shopGroup":"Poissonnerie","qte":"6","unit":"pièce(s)","step":"","order":0},{"label":"Lait de coco non sucré","shopGroup":"Epicerie","qte":"25","unit":"cl","step":"","order":1},{"label":"Citron(s) jaune(s)","shopGroup":"Fruits","qte":"2","unit":"pièce(s)","step":"","order":2},{"label":"Gingembre frais","shopGroup":"Légumes","qte":"20","unit":"g","step":"","order":3},{"label":"Gousse(s) d'ail","shopGroup":"Légumes","qte":"1","unit":"gousse(s)","step":"","order":4},{"label":"Oignon(s) nouveau(x)","shopGroup":"Légumes","qte":"3","unit":"pièce(s)","step":"","order":5},{"label":"Fleur de sel","shopGroup":"Epicerie","qte":"6","unit":"pincée(s)","step":"","order":6},{"label":"Piment d'Espelette","shopGroup":"Epicerie","qte":"6","unit":"pincée(s)","step":"","order":7},{"label":"Sel fin","shopGroup":"","qte":"6","unit":"pincée(s)","step":"","order":8},{"label":"Moulin à poivre","shopGroup":"","qte":"6","unit":"tour(s)","step":"","order":9}]}