{"title":"Brandade de cabillaud à la ciboulette","description":"Éplucher les gousses d'ail, les couper en 2 et les écraser. Ciseler la ciboulette. Râper le parmesan.<br /><br />Porter à ébullition le lait, le thym, le laurier, une pincée de gros sel et les gousses d'ail. Déposer les pavés de cabillaud puis, à la reprise de l'ébullition, attendre 1 min, éteindre le feu et terminer la cuisson à couvert (afin de garder le cabillaud tendre et nacré).<br /><br />Peler les pommes de terre et les tailler en cubes, puis les cuire dans une eau salée (10 g de gros sel/litre), départ eau froide. Les égoutter ensuite et les écraser à l'aide d'un fouet, puis détendre légèrement la purée avec le lait de cuisson du poisson.<br /><br />Égoutter le cabillaud et \"l'effeuiller\" sur la purée. Ajouter la ciboulette et mélanger délicatement, puis rectifier l'assaisonnement et la consistance de la brandade.<br /><br />Disposer la brandade en assiette creuse, la saupoudrer de parmesan râpé et l'accompagner d'une belle salade de roquette.<br />","summary":"Une brandade de cabillaud pochée dans du lait et parfumée à la ciboulette.","timePreparation":"30mn","timeBaking":"15mn","timeRest":"0mn","picture":"","ingredients":[{"label":"Pavé(s) de cabillaud de 150 g","shopGroup":"Poissonnerie","qte":"6","unit":"pièce(s)","step":"","order":0},{"label":"Gousse(s) d'ail","shopGroup":"Légumes","qte":"2","unit":"gousse(s)","step":"","order":1},{"label":"Branche(s) de thym","shopGroup":"Herbes aromatiques","qte":"1","unit":"pièce(s)","step":"","order":2},{"label":"Sel fin","shopGroup":"","qte":"6","unit":"pincée(s)","step":"","order":3},{"label":"Gros sel","shopGroup":"","qte":"30","unit":"g","step":"","order":4},{"label":"Pomme(s) de Terre charlotte","shopGroup":"Légumes","qte":"600","unit":"g","step":"","order":5},{"label":"Piment d'Espelette","shopGroup":"Epicerie","qte":"3","unit":"pincée(s)","step":"","order":6},{"label":"Feuille(s) de laurier","shopGroup":"Herbes aromatiques","qte":"1","unit":"pièce(s)","step":"","order":7},{"label":"Lait 1/2 écrémé","shopGroup":"Crèmerie  hors fromage","qte":"1","unit":"l","step":"","order":8},{"label":"Huile d'olive","shopGroup":"Epicerie","qte":"10","unit":"cl","step":"","order":9},{"label":"Ciboulette","shopGroup":"Herbes aromatiques","qte":"0.5","unit":"botte(s)","step":"","order":10},{"label":"Roquette","shopGroup":"Légumes","qte":"150","unit":"g","step":"","order":11},{"label":"Parmigiano Reggiano râpé","shopGroup":"Fromage(s)","qte":"80","unit":"g","step":"","order":12}],"chiefTip":"Vous pouvez gratiner le parmesan au four.Ajoutez des petits condiments (tomate confite, citron confit, zeste d'agrume...) à cette recette.","id":10097}