{"id":10439,"title":"Recette de Duo crème de chocolat et sauce caramel","description":"","summary":"Une verrine de crémeux au chocolat et de sauce au caramel demi-sel.","timePreparation":"20mn","timeBaking":"15mn","timeRest":"0mn","picture":"http://1.media.atelierdeschefs.com/recette-e10439-duo-creme-de-chocolat-et-sauce-caramel.jpg","ingredients":[{"label":"Crème liquide entière","shopGroup":"","qte":"25","unit":"cl","step":"Pour la crème","order":0},{"label":"Lait 1/2 écrémé","shopGroup":"Crèmerie  hors fromage","qte":"25","unit":"cl","step":"Pour la crème","order":1},{"label":"Sucre en poudre","shopGroup":"","qte":"80","unit":"g","step":"Pour la crème","order":2},{"label":"Jaune(s) d'oeuf(s)","shopGroup":"Crèmerie  hors fromage","qte":"4","unit":"pièce(s)","step":"Pour la crème","order":3},{"label":"Chocolat noir","shopGroup":"Epicerie","qte":"200","unit":"g","step":"Pour la crème","order":4},{"label":"Sucre en poudre","shopGroup":"Epicerie","qte":"100","unit":"g","step":"Pour la sauce","order":5},{"label":"Beurre demi-sel","shopGroup":"Crèmerie  hors fromage","qte":"10","unit":"g","step":"Pour la sauce","order":6},{"label":"Crème liquide entière","shopGroup":"Crèmerie  hors fromage","qte":"10","unit":"cl","step":"Pour la sauce","order":7}]}