{"title":"Crème de petits pois aux gambas et piment d'Espelette","description":"Couper l'oignon en 2 et l'émincer en fines lamelles, puis le faire suer dans une cocotte avec le beurre, l'ail écrasé et une pincée de sel. Ajouter les petits pois, mouiller avec de l'eau à hauteur et faire bouillir, puis cuire à feu vif pendant 8 min. Ajouter la crème et faire bouillir à nouveau, puis mixer dans un blender, rectifier l'assaisonnement en sel et en piment d'Espelette et réserver.<br /><br />Décortiquer les gambas en gardant la queue. A l'aide d'un couteau, inciser le dos et enlever le boyau. Assaisonner ensuite les gambas de sel puis les faire sauter dans une poêle bien chaude avec un trait d'huile d'olive. En fin de cuisson, assaisonner de piment d'Espelette<br /><br />Servir la crème de petits pois dans des assiettes creuses (ou dans des verrines), ajouter les gambas et décorer avec des feuilles de cerfeuil.<br />","summary":"Une onctueuse crème de petits pois, servie avec des gambas assaisonnées de piment d'Espelette et sautées à l'huile d'olive.","timePreparation":"30mn","timeBaking":"0mn","timeRest":"0mn","picture":"","ingredients":[{"label":"Gambas surgelée(s)","shopGroup":"Surgelés","qte":"18","unit":"pièce(s)","step":"","order":0},{"label":"Huile d'olive","shopGroup":"Epicerie","qte":"3","unit":"cl","step":"","order":1},{"label":"Petit(s) pois surgelé(s)","shopGroup":"Surgelés","qte":"500","unit":"g","step":"","order":2},{"label":"Oignon(s)","shopGroup":"Légumes","qte":"1","unit":"pièce(s)","step":"","order":3},{"label":"Gousse(s) d'ail","shopGroup":"Légumes","qte":"1","unit":"gousse(s)","step":"","order":4},{"label":"Beurre doux","shopGroup":"Crèmerie  hors fromage","qte":"20","unit":"g","step":"","order":5},{"label":"Crème liquide entière","shopGroup":"Crèmerie  hors fromage","qte":"20","unit":"cl","step":"","order":6},{"label":"Cerfeuil","shopGroup":"Herbes aromatiques","qte":"0.25","unit":"botte(s)","step":"","order":7},{"label":"Fleur de sel","shopGroup":"Epicerie","qte":"6","unit":"pincée(s)","step":"","order":8},{"label":"Piment d'Espelette","shopGroup":"Epicerie","qte":"6","unit":"pincée(s)","step":"","order":9}],"chiefTip":"Si vous utilisez des petits pois frais, laissez-les cuire plus longtemps (au moins 20 min).","id":932}