{"id":10507,"title":"Recette de Muffin aux pépites de chocolat","description":"","summary":"Des muffins au chocolat légers et moelleux, plein de pépites de chocolat !","timePreparation":"15mn","timeBaking":"25mn","timeRest":"0mn","picture":"http://1.media.atelierdeschefs.com/recette-e10507-muffin-aux-pepites-de-chocolat.jpg","ingredients":[{"label":"Farine de blé","shopGroup":"Epicerie","qte":"320","unit":"g","step":"","order":0},{"label":"Sucre en poudre","shopGroup":"Epicerie","qte":"50","unit":"g","step":"","order":1},{"label":"Sachet(s) de levure chimique (11g)","shopGroup":"Epicerie","qte":"0.5","unit":"pièce(s)","step":"","order":2},{"label":"Sel fin","shopGroup":"","qte":"3","unit":"pincée(s)","step":"","order":3},{"label":"Chocolat noir","shopGroup":"Epicerie","qte":"150","unit":"g","step":"","order":4},{"label":"Crème liquide entière","shopGroup":"Crèmerie  hors fromage","qte":"33","unit":"cl","step":"","order":5},{"label":"Lait 1/2 écrémé","shopGroup":"Crèmerie  hors fromage","qte":"18","unit":"cl","step":"","order":6},{"label":"Huile d'arachide","shopGroup":"Epicerie","qte":"5","unit":"cl","step":"","order":7},{"label":"Oeuf(s)","shopGroup":"Crèmerie  hors fromage","qte":"1","unit":"pièce(s)","step":"","order":8}]}