{"id":10127,"title":"Recette de Petits palets sablés au safran, caramel d'orange à la fleur d'oranger","description":"","summary":"Des petits sablés orientaux parfumés au safran, un classique de la pâtisserie marocaine.","timePreparation":"20mn","timeBaking":"20mn","timeRest":"0mn","picture":"http://1.media.atelierdeschefs.com/recette-e10127-petits-palets-sables-au-safran-caramel-d-orange-a-la-fleur-d-oranger.jpg","ingredients":[{"label":"Beurre doux","shopGroup":"Crèmerie  hors fromage","qte":"160","unit":"g","step":"","order":0},{"label":"Sucre en poudre","shopGroup":"","qte":"140","unit":"g","step":"","order":1},{"label":"Jaune(s) d'oeuf(s)","shopGroup":"Crèmerie  hors fromage","qte":"4","unit":"pièce(s)","step":"","order":2},{"label":"Farine de blé","shopGroup":"Epicerie","qte":"220","unit":"g","step":"","order":3},{"label":"Safran en poudre","shopGroup":"Epicerie","qte":"5","unit":"g","step":"","order":4},{"label":"Sel fin","shopGroup":"","qte":"1","unit":"pincée(s)","step":"","order":5},{"label":"Sucre en poudre","shopGroup":"Epicerie","qte":"150","unit":"g","step":"Pour le coulis","order":6},{"label":"Orange(s) non traitée(s)","shopGroup":"Fruits","qte":"3","unit":"pièce(s)","step":"Pour le coulis","order":7},{"label":"Eau de fleur d'oranger","shopGroup":"Epicerie","qte":"1","unit":"cl","step":"Pour le coulis","order":8}]}