{"title":"Petits palets sablés au safran, caramel d'orange à la fleur d'oranger","description":"<br /><b>Pour les biscuits</b><br />Préchauffer le four à 200 °C (Th.6/7).<br /><br />Dans un bol, malaxer de manière homogène la farine, le beurre, une pincée de sel, le sucre et le safran. Ajouter les jaunes d'oeuf et travailler rapidement la pâte. Déposer ensuite la pâte à sablés sur une feuille de papier sulfurisé, la couvrir d'une autre feuille et l'étaler sur une épaisseur de 5 mm. Réserver au frais 15 min.<br />Enfourner ensuite à 200 °C pendant 15 à 20 min. Une fois la pâte sortie du four, la découper à l'emporte-pièce pour former des sablés individuels.<br /><br /><b>Pour le coulis</b><br />Zester les oranges, les peler à vif et lever les suprêmes. Réserver.<br /><br />Dans une poêle, disposer le sucre semoule et réaliser un caramel à sec en incorporant délicatement le sucre fondu au sucre semoule. <br />Dès obtention d'un caramel brun et uniforme, ajouter les suprêmes et les zestes d'oranges. <br />Laisser cuire à feu doux sans remuer et ajouter l'eau de fleur d'oranger.<br /><br />Servir avec les sablés.<br />","summary":"Des petits sablés orientaux parfumés au safran, un classique de la pâtisserie marocaine.","timePreparation":"20mn","timeBaking":"20mn","timeRest":"0mn","picture":"","ingredients":[{"label":"Beurre doux","shopGroup":"Crèmerie  hors fromage","qte":"160","unit":"g","step":"","order":0},{"label":"Sucre en poudre","shopGroup":"","qte":"140","unit":"g","step":"","order":1},{"label":"Jaune(s) d'oeuf(s)","shopGroup":"Crèmerie  hors fromage","qte":"4","unit":"pièce(s)","step":"","order":2},{"label":"Farine de blé","shopGroup":"Epicerie","qte":"220","unit":"g","step":"","order":3},{"label":"Safran en poudre","shopGroup":"Epicerie","qte":"5","unit":"g","step":"","order":4},{"label":"Sel fin","shopGroup":"","qte":"1","unit":"pincée(s)","step":"","order":5},{"label":"Sucre en poudre","shopGroup":"Epicerie","qte":"150","unit":"g","step":"Pour le coulis","order":6},{"label":"Orange(s) non traitée(s)","shopGroup":"Fruits","qte":"3","unit":"pièce(s)","step":"Pour le coulis","order":7},{"label":"Eau de fleur d'oranger","shopGroup":"Epicerie","qte":"1","unit":"cl","step":"Pour le coulis","order":8}],"chiefTip":"Si vous n'avez pas de safran en poudre utiliser un peu de lait infusé avec du safran en pistil.","id":10127}