{"id":10449,"title":"Recette de Macaron au sucre cuit patate douce et sésame","description":"","summary":"Un macaron au sésame à la garniture originale : patate douce sucrée au miel.","timePreparation":"30mn","timeBaking":"15mn","timeRest":"0mn","picture":"http://1.media.atelierdeschefs.com/recette-e10449-macaron-au-sucre-cuit-patate-douce-et-sesame.jpg","ingredients":[{"label":"Poudre d'amande","shopGroup":"Epicerie","qte":"200","unit":"g","step":"Pour les macarons","order":0},{"label":"Sucre glace","shopGroup":"Epicerie","qte":"200","unit":"g","step":"Pour les macarons","order":1},{"label":"Blanc(s) d'oeuf","shopGroup":"Crèmerie  hors fromage","qte":"150","unit":"g","step":"Pour les macarons","order":2},{"label":"Sucre en poudre","shopGroup":"Epicerie","qte":"200","unit":"g","step":"Pour les macarons","order":3},{"label":"Eau","shopGroup":"","qte":"5","unit":"cl","step":"Pour les macarons","order":4},{"label":"Colorant poudre orange","shopGroup":"Epicerie","qte":"3","unit":"g","step":"Pour les macarons","order":5},{"label":"Patate(s) douce(s) rouge(s)","shopGroup":"Légumes","qte":"500","unit":"g","step":"Pour la crème","order":6},{"label":"Beurre doux","shopGroup":"Crèmerie  hors fromage","qte":"20","unit":"g","step":"Pour la crème","order":7},{"label":"Miel","shopGroup":"Epicerie","qte":"50","unit":"g","step":"Pour la crème","order":8},{"label":"Graines de sésame blanches","shopGroup":"Epicerie","qte":"20","unit":"g","step":"Pour la crème","order":9},{"label":"Huile de sésame","shopGroup":"Epicerie","qte":"1","unit":"cl","step":"Pour la crème","order":10},{"label":"Sel fin","shopGroup":"","qte":"3","unit":"pincée(s)","step":"Pour la crème","order":11},{"label":"Crème liquide entière","shopGroup":"Crèmerie  hors fromage","qte":"10","unit":"cl","step":"Pour la crème","order":12}]}