{"title":"Macaron au sucre cuit patate douce et sésame","description":"<br /><b>Pour les coques de macaron :</b><br />Préchauffer le four à 160 °C (th. 5). <br /><br />Dans un mixeur, verser la poudre d'amande et le sucre glace, faire tourner pendant 30 secondes pour affiner le mélange (tant pour tant), puis tamiser. <br /><br />Dans une casserole, mélanger l'eau et le sucre semoule avec une spatule, puis cuire à 118-119 °C. <br />Avant d'atteindre cette température, verser 75 g de blancs dans la cuve d'un batteur et les monter en neige. Lorsque le sucre a atteint la bonne température, le verser sur les blancs montés. <br />Fouetter ensuite jusqu'à refroidissement de la meringue, puis ajouter le colorant.<br /><br />Verser le reste des blancs d'oeufs sur le tant pour tant. Incorporer une petite partie de la meringue froide à ce mélange, puis ajouter le reste. Mélanger afin d'obtenir une pâte lisse et homogène, légèrement coulante.<br /><br />Remplir une poche à douille avec cette préparation, puis dresser les macarons sur un tapis de cuisson ou sur une feuille de papier sulfurisé. Tapoter légèrement la plaque, puis enfourner pendant 12 à 14 min en tournant la plaque à mi-cuisson.<br /><br /><b>Pour la crème :</b><br />Éplucher les patates douces puis les couper en petits cubes. Faire fondre 20 g de beurre dans une cocotte, mettre les patates douces et une pincée de sel. Laisser cuire à couvert pendant 20 min, jusqu'à obtention d'une purée très sèche. Ajouter le miel, la crème, l'huile de sésame et les graines. Faire refroidir.<br /><br />Coller les coques 2 par 2 avec la garniture.<br /><br />Conserver les macarons au frais pendant 24 h, puis les sortir 2 h avant la dégustation.<br />","summary":"Un macaron au sésame à la garniture originale : patate douce sucrée au miel.","timePreparation":"30mn","timeBaking":"15mn","timeRest":"0mn","picture":"","ingredients":[{"label":"Poudre d'amande","shopGroup":"Epicerie","qte":"200","unit":"g","step":"Pour les macarons","order":0},{"label":"Sucre glace","shopGroup":"Epicerie","qte":"200","unit":"g","step":"Pour les macarons","order":1},{"label":"Blanc(s) d'oeuf","shopGroup":"Crèmerie  hors fromage","qte":"150","unit":"g","step":"Pour les macarons","order":2},{"label":"Sucre en poudre","shopGroup":"Epicerie","qte":"200","unit":"g","step":"Pour les macarons","order":3},{"label":"Eau","shopGroup":"","qte":"5","unit":"cl","step":"Pour les macarons","order":4},{"label":"Colorant poudre orange","shopGroup":"Epicerie","qte":"3","unit":"g","step":"Pour les macarons","order":5},{"label":"Patate(s) douce(s) rouge(s)","shopGroup":"Légumes","qte":"500","unit":"g","step":"Pour la crème","order":6},{"label":"Beurre doux","shopGroup":"Crèmerie  hors fromage","qte":"20","unit":"g","step":"Pour la crème","order":7},{"label":"Miel","shopGroup":"Epicerie","qte":"50","unit":"g","step":"Pour la crème","order":8},{"label":"Graines de sésame blanches","shopGroup":"Epicerie","qte":"20","unit":"g","step":"Pour la crème","order":9},{"label":"Huile de sésame","shopGroup":"Epicerie","qte":"1","unit":"cl","step":"Pour la crème","order":10},{"label":"Sel fin","shopGroup":"","qte":"3","unit":"pincée(s)","step":"Pour la crème","order":11},{"label":"Crème liquide entière","shopGroup":"Crèmerie  hors fromage","qte":"10","unit":"cl","step":"Pour la crème","order":12}],"chiefTip":"Utilisez de préférence des colorants en poudre pour la réalisation des coques.Ajoutez de petites graines de sésame sur les coques avant de les enfourner.","id":10449}