{"id":10619,"title":"Recette de Roulade de volaille aux légumes pochée, sauce tomate épicée","description":"","summary":"Lamelles de poulet garnies de légumes et pochées dans un bouillon de citronnelle et de gingembre, servies avec une sauce tomate pimentée.","timePreparation":"30mn","timeBaking":"0mn","timeRest":"0mn","picture":"http://1.media.atelierdeschefs.com/recette-e10619-roulade-de-volaille-aux-legumes-pochee-sauce-tomate-epicee.jpg","ingredients":[{"label":"Blanc(s) de poulet","shopGroup":"Volaille(s)","qte":"2","unit":"pièce(s)","step":"","order":0},{"label":"Radis rose(s)","shopGroup":"Légumes","qte":"0.5","unit":"botte(s)","step":"","order":1},{"label":"Pois gourmand(s)","shopGroup":"Légumes","qte":"30","unit":"g","step":"","order":2},{"label":"Pousse(s) de soja","shopGroup":"Légumes","qte":"30","unit":"g","step":"","order":3},{"label":"Tomate(s) cerise(s)","shopGroup":"Fruits","qte":"12","unit":"pièce(s)","step":"","order":4},{"label":"Echalote(s)","shopGroup":"Légumes","qte":"0.5","unit":"pièce(s)","step":"","order":5},{"label":"Sauce piment chili","shopGroup":"Epicerie","qte":"2","unit":"cl","step":"","order":6},{"label":"Vinaigre balsamique","shopGroup":"Epicerie","qte":"2","unit":"cl","step":"","order":7},{"label":"Huile d'olive","shopGroup":"Epicerie","qte":"2","unit":"cl","step":"","order":8},{"label":"Gingembre frais","shopGroup":"Légumes","qte":"10","unit":"g","step":"","order":9},{"label":"Bâton(s) de citronnelle","shopGroup":"Herbes aromatiques","qte":"1","unit":"pièce(s)","step":"","order":10},{"label":"Sel fin","shopGroup":"","qte":"6","unit":"pincée(s)","step":"","order":11},{"label":"Moulin à poivre","shopGroup":"","qte":"6","unit":"tour(s)","step":"","order":12}]}