{"title":"Salade de lentilles corail, gambas et sauce aux poivrons jaunes","description":"","summary":"Des gambas sautées à l'huile d'olive, accompagnées de lentilles corail et d'une sauce façon vinaigrette aux poivrons jaunes.","timePreparation":"45mn","timeBaking":"0mn","timeRest":"0mn","picture":"","ingredients":[{"label":"Gambas surgelée(s)","shopGroup":"Surgelés","qte":"24","unit":"pièce(s)","step":"","order":0},{"label":"Oignon(s) blanc(s)","shopGroup":"Légumes","qte":"1","unit":"pièce(s)","step":"","order":1},{"label":"Lentille(s) corail","shopGroup":"Légumes","qte":"400","unit":"g","step":"","order":2},{"label":"Eau","shopGroup":"","qte":"1","unit":"l","step":"","order":3},{"label":"Sel fin","shopGroup":"","qte":"6","unit":"pincée(s)","step":"","order":4},{"label":"Piment d'Espelette","shopGroup":"Epicerie","qte":"6","unit":"pincée(s)","step":"","order":5},{"label":"Huile d'olive","shopGroup":"","qte":"5","unit":"cl","step":"","order":6},{"label":"Poivron(s) jaune(s)","shopGroup":"Légumes","qte":"2","unit":"pièce(s)","step":"Pour la sauce","order":7},{"label":"Huile d'olive","shopGroup":"Epicerie","qte":"10","unit":"cl","step":"Pour la sauce","order":8},{"label":"Vinaigre balsamique blanc","shopGroup":"Epicerie","qte":"2","unit":"cl","step":"Pour la sauce","order":9},{"label":"Moulin à poivre","shopGroup":"","qte":"3","unit":"tour(s)","step":"Pour la sauce","order":10},{"label":"Tomate(s)","shopGroup":"","qte":"4","unit":"pièce(s)","step":"Pour le reste de la recette","order":11},{"label":"Coriandre fraîche","shopGroup":"Herbes aromatiques","qte":"0.5","unit":"botte(s)","step":"Pour le reste de la recette","order":12}],"chiefTip":"Vous pouvez agrémenter la cuisson des lentilles en ajoutant un morceau de gingembre frais.","id":10498}