{"title":"Salade de lentilles corail, gambas et sauce aux poivrons jaunes","description":"Éplucher l'oignon puis le ciseler finement. Éplucher et épépiner les poivrons, puis les couper en petits morceaux. Éplucher et épépiner les tomates, et les couper en petits morceaux. Laver, sécher et hacher la coriandre fraîche.<br />Décortiquer les gambas et à l'aide d'un couteau, inciser le dos pour enlever le boyau.<br /><br />Dans une cocotte, faire suer les oignons à l'huile d'olive, puis ajouter les lentilles et mouiller avec de l'eau (2,5 fois le volume). Cuire 10 à 15 min (attention : les lentilles orange cuisent rapidement), puis égoutter les lentilles. Lorsqu'elles sont froides, les mélanger aux dés de tomates et la coriandre fraîche, assaisonner de sel et de poivre.<br /><br />Dans un mixeur, mettre les morceaux de poivrons et les mixer avec le vinaigre balsamique blanc pour obtenir une fine purée. Ajouter ensuite l'huile d'olive, saler et poivrer, puis mixer à nouveau jusqu'à obtenir un coulis onctueux.<br /> <br />Dans une poêle chaude, mettre 1 cuillère à soupe d'huile d'olive et cuire les gambas 1 min de chaque côté. Les assaisonner de sel et de piment d'Espelette, puis réserver.<br /><br />Au centre d'une assiette creuse, mettre les lentilles et disposer les gambas par-dessus. Finir avec une cuillerée de sauce et de la coriandre fraîche.<br />","summary":"Des gambas sautées à l'huile d'olive, accompagnées de lentilles corail et d'une sauce façon vinaigrette aux poivrons jaunes.","timePreparation":"45mn","timeBaking":"0mn","timeRest":"0mn","picture":"","ingredients":[{"label":"Gambas surgelée(s)","shopGroup":"Surgelés","qte":"24","unit":"pièce(s)","step":"","order":0},{"label":"Oignon(s) blanc(s)","shopGroup":"Légumes","qte":"1","unit":"pièce(s)","step":"","order":1},{"label":"Lentille(s) corail","shopGroup":"Légumes","qte":"400","unit":"g","step":"","order":2},{"label":"Eau","shopGroup":"","qte":"1","unit":"l","step":"","order":3},{"label":"Sel fin","shopGroup":"","qte":"6","unit":"pincée(s)","step":"","order":4},{"label":"Piment d'Espelette","shopGroup":"Epicerie","qte":"6","unit":"pincée(s)","step":"","order":5},{"label":"Huile d'olive","shopGroup":"","qte":"5","unit":"cl","step":"","order":6},{"label":"Poivron(s) jaune(s)","shopGroup":"Légumes","qte":"2","unit":"pièce(s)","step":"Pour la sauce","order":7},{"label":"Huile d'olive","shopGroup":"Epicerie","qte":"10","unit":"cl","step":"Pour la sauce","order":8},{"label":"Vinaigre balsamique blanc","shopGroup":"Epicerie","qte":"2","unit":"cl","step":"Pour la sauce","order":9},{"label":"Moulin à poivre","shopGroup":"","qte":"3","unit":"tour(s)","step":"Pour la sauce","order":10},{"label":"Tomate(s)","shopGroup":"","qte":"4","unit":"pièce(s)","step":"Pour le reste de la recette","order":11},{"label":"Coriandre fraîche","shopGroup":"Herbes aromatiques","qte":"0.5","unit":"botte(s)","step":"Pour le reste de la recette","order":12}],"chiefTip":"Vous pouvez agrémenter la cuisson des lentilles en ajoutant un morceau de gingembre frais.","id":10498}