{"id":10783,"title":"Recette de Nems de poulet teriyaki \"autour du radis\"","description":"","summary":"Des nems de poulet épicés, agrémentés de diverses variétés de radis et accompagnés d'une sauce teriyaki .","timePreparation":"1h","timeBaking":"0mn","timeRest":"0mn","picture":"http://1.media.atelierdeschefs.com/recette-e10783-nems-de-poulet-teriyaki-autour-du-radis.jpg","ingredients":[{"label":"Petite(s) galette(s) de riz","shopGroup":"Epicerie","qte":"18","unit":"pièce(s)","step":"","order":0},{"label":"Blanc(s) de poulet","shopGroup":"Volaille(s)","qte":"6","unit":"pièce(s)","step":"","order":1},{"label":"Gousse(s) d'ail","shopGroup":"Légumes","qte":"1","unit":"gousse(s)","step":"","order":2},{"label":"Oignon(s)","shopGroup":"Légumes","qte":"2","unit":"pièce(s)","step":"","order":3},{"label":"Radis rouge(s)","shopGroup":"Légumes","qte":"0.25","unit":"botte(s)","step":"","order":4},{"label":"Radis rose(s)","shopGroup":"Légumes","qte":"0.25","unit":"g","step":"","order":5},{"label":"Radis noir(s)","shopGroup":"Légumes","qte":"1","unit":"pièce(s)","step":"","order":6},{"label":"Navet(s) long","shopGroup":"Légumes","qte":"1","unit":"pièce(s)","step":"","order":7},{"label":"Persil plat","shopGroup":"Herbes aromatiques","qte":"0.25","unit":"botte(s)","step":"","order":8},{"label":"Menthe fraîche","shopGroup":"Herbes aromatiques","qte":"0.25","unit":"botte(s)","step":"","order":9},{"label":"Curcuma en poudre","shopGroup":"Epicerie","qte":"5","unit":"g","step":"","order":10},{"label":"Ras el hanout","shopGroup":"Epicerie","qte":"5","unit":"g","step":"","order":11},{"label":"Poudre de gingembre","shopGroup":"Epicerie","qte":"5","unit":"g","step":"","order":12},{"label":"Sauce Chili aigre-douce","shopGroup":"Epicerie","qte":"6","unit":"cl","step":"","order":13},{"label":"Sel fin","shopGroup":"","qte":"6","unit":"pincée(s)","step":"","order":14},{"label":"Piment d'Espelette","shopGroup":"Epicerie","qte":"6","unit":"pincée(s)","step":"","order":15},{"label":"Sauce Soja","shopGroup":"Epicerie","qte":"5","unit":"cl","step":"Pour la sauce","order":16},{"label":"Mirin","shopGroup":"Boissons alcoolisées","qte":"5","unit":"cl","step":"Pour la sauce","order":17},{"label":"Cassonade","shopGroup":"Epicerie","qte":"30","unit":"g","step":"Pour la sauce","order":18},{"label":"Gingembre frais","shopGroup":"Légumes","qte":"50","unit":"g","step":"Pour la sauce","order":19},{"label":"Huile de sésame","shopGroup":"Epicerie","qte":"3","unit":"cl","step":"Pour la sauce","order":20},{"label":"Jus de citron vert","shopGroup":"Boissons sans alcool","qte":"3","unit":"cl","step":"Pour la sauce","order":21}]}