{"id":10773,"title":"Recette de Financier pistache au sésame","description":"","summary":"Un petit financier parfumé à la pâte de pistache et aux graines de sésame blanc : un classique.","timePreparation":"30mn","timeBaking":"0mn","timeRest":"0mn","picture":"http://1.media.atelierdeschefs.com/recette-e10773-financier-pistache-au-sesame.jpg","ingredients":[{"label":"Sucre glace","shopGroup":"Epicerie","qte":"140","unit":"g","step":"","order":0},{"label":"Beurre doux","shopGroup":"Crèmerie  hors fromage","qte":"130","unit":"g","step":"","order":1},{"label":"Poudre d'amande","shopGroup":"Epicerie","qte":"50","unit":"g","step":"","order":2},{"label":"Farine de blé","shopGroup":"Epicerie","qte":"50","unit":"g","step":"","order":3},{"label":"Blanc(s) d'oeuf","shopGroup":"Crèmerie  hors fromage","qte":"130","unit":"g","step":"","order":4},{"label":"Pâte de pistache","shopGroup":"Epicerie","qte":"30","unit":"g","step":"","order":5},{"label":"Graines de sésame blanches","shopGroup":"Epicerie","qte":"40","unit":"g","step":"","order":6}]}