{"title":"Mousse de tomate au siphon","description":"Mettre la gélatine à tremper dans un grand volume d'eau froide, puis la faire fondre dans 10 cl d'eau tiède. Ajouter ensuite le jus de tomate et assaisonner selon les goûts : Tabasco, sauce anglaise, sel.<br />Laisser refroidir jusqu'à ce que la gélatine prenne, puis remplir le siphon et injecter une cartouche de gaz. A utiliser selon la recette choisie.<br />","summary":"Une mousse aérienne sans matière grasse, à réaliser à l'aide d'un siphon.","timePreparation":"30mn","timeBaking":"0mn","timeRest":"0mn","picture":"","ingredients":[{"label":"Jus de tomate","shopGroup":"Boissons sans alcool","qte":"33","unit":"cl","step":"","order":0},{"label":"Feuille(s) de gélatine de 2 g","shopGroup":"Epicerie","qte":"2","unit":"pièce(s)","step":"","order":1},{"label":"Sel fin","shopGroup":"","qte":"6","unit":"pincée(s)","step":"","order":2},{"label":"Tabasco rouge","shopGroup":"Epicerie","qte":"4","unit":"goutte(s)","step":"","order":3},{"label":"Sauce anglaise","shopGroup":"Epicerie","qte":"1","unit":"cl","step":"","order":4},{"label":"Eau","shopGroup":"","qte":"10","unit":"cl","step":"","order":5}],"chiefTip":"Selon la quantité, vous pouvez aussi faire prendre le jus de tomate directement dans le corps du siphon.","id":919}