{"id":919,"title":"Recette de Mousse de tomate au siphon","description":"","summary":"Une mousse aérienne sans matière grasse, à réaliser à l'aide d'un siphon.","timePreparation":"30mn","timeBaking":"0mn","timeRest":"0mn","picture":"http://1.media.atelierdeschefs.com/recette-e919-mousse-de-tomate-au-siphon.jpg","ingredients":[{"label":"Jus de tomate","shopGroup":"Boissons sans alcool","qte":"33","unit":"cl","step":"","order":0},{"label":"Feuille(s) de gélatine de 2 g","shopGroup":"Epicerie","qte":"2","unit":"pièce(s)","step":"","order":1},{"label":"Sel fin","shopGroup":"","qte":"6","unit":"pincée(s)","step":"","order":2},{"label":"Tabasco rouge","shopGroup":"Epicerie","qte":"4","unit":"goutte(s)","step":"","order":3},{"label":"Sauce anglaise","shopGroup":"Epicerie","qte":"1","unit":"cl","step":"","order":4},{"label":"Eau","shopGroup":"","qte":"10","unit":"cl","step":"","order":5}]}