{"title":"Clafoutis mûres et noisettes","description":"Préchauffer le four à 180 °C (th. 6).<br />Beurrer et fariner les moules (chemiser). Taper l'excédent de farine.<br /><br />Mélanger le sucre, la poudre de noisette, les noisettes hachées et la farine. Former un puits et casser les oeufs au centre. Fouetter ensuite l'ensemble en incorporant au fur et à mesure la matière sèche présente sur les bords. Ajouter le lait et la crème.<br /><br />Déposer les mûres dans les moules à raison d'environ 40 g par moule. Verser l'appareil et enfourner pendant 20 min.<br />Laisser tiédir, démouler et saupoudrer de sucre glace.<br />","summary":"Le plaisir d'utiliser de jolies mûres fraîches et de les accommoder au goût particulier de la noisette.","timePreparation":"15mn","timeBaking":"20mn","timeRest":"0mn","picture":"","ingredients":[{"label":"Mûre(s)","shopGroup":"Fruits","qte":"250","unit":"g","step":"","order":0},{"label":"Oeuf(s)","shopGroup":"Crèmerie  hors fromage","qte":"4","unit":"pièce(s)","step":"","order":1},{"label":"Sucre roux","shopGroup":"Epicerie","qte":"90","unit":"g","step":"","order":2},{"label":"Poudre de noisette","shopGroup":"Epicerie","qte":"40","unit":"g","step":"","order":3},{"label":"Noisette(s) hachée(s)","shopGroup":"Epicerie","qte":"40","unit":"g","step":"","order":4},{"label":"Farine de blé","shopGroup":"","qte":"100","unit":"g","step":"","order":5},{"label":"Lait 1/2 écrémé","shopGroup":"Crèmerie  hors fromage","qte":"14","unit":"cl","step":"","order":6},{"label":"Crème liquide entière","shopGroup":"Crèmerie  hors fromage","qte":"14","unit":"cl","step":"","order":7},{"label":"Beurre demi-sel","shopGroup":"Crèmerie  hors fromage","qte":"10","unit":"g","step":"Pour le(s) moule(s)","order":8},{"label":"Farine de blé","shopGroup":"Epicerie","qte":"10","unit":"g","step":"Pour le(s) moule(s)","order":9}],"chiefTip":"Veillez à ne pas trop cuire les clafoutis afin qu'ils ne soient pas trop secs.","id":10342}