{"title":"Suprême de volaille poché au bouillon de gingembre et citronnelle, légumes d'ailleurs","description":"","summary":"Plat diététique alliant une volaille moelleuse cuite dans un bouillon de légumes à des saveurs thaïlandaises.","timePreparation":"30mn","timeBaking":"0mn","timeRest":"0mn","picture":"","ingredients":[{"label":"Suprême(s) de poulet","shopGroup":"Volaille(s)","qte":"6","unit":"pièce(s)","step":"","order":0},{"label":"Oignon(s) nouveau(x)","shopGroup":"Légumes","qte":"3","unit":"pièce(s)","step":"","order":1},{"label":"Carotte(s)","shopGroup":"Légumes","qte":"6","unit":"pièce(s)","step":"","order":2},{"label":"Lentin(s) de chêne ou shiitake(s)","shopGroup":"Légumes","qte":"600","unit":"g","step":"","order":3},{"label":"Citronnelle","shopGroup":"Légumes","qte":"2","unit":"branche(s)","step":"","order":4},{"label":"Gingembre frais","shopGroup":"Légumes","qte":"20","unit":"g","step":"","order":5},{"label":"Sauce Soja","shopGroup":"Epicerie","qte":"5","unit":"cl","step":"","order":6},{"label":"Eau","shopGroup":"","qte":"1","unit":"l","step":"","order":7},{"label":"Moulin à poivre","shopGroup":"","qte":"6","unit":"tour(s)","step":"","order":8},{"label":"Huile d'olive","shopGroup":"Epicerie","qte":"2","unit":"cl","step":"","order":9},{"label":"Sel fin","shopGroup":"","qte":"2","unit":"pincée(s)","step":"","order":10}],"chiefTip":"Pour obtenir un bouillon plus parfumé, vous pouvez saisir votre volaille en premier et cuire ensuite vos légumes.","id":10668}