{"id":10606,"title":"Recette de \"Makicuit\" d'agneau au riz croustillant, radis et citronnelle","description":"","summary":"Rouleau de riz à sushi dans une feuille d'algue, farci de lanières d'agneau, radis et citronnelle, puis cuit aller-retour.","timePreparation":"45mn","timeBaking":"30mn","timeRest":"0mn","picture":"http://1.media.atelierdeschefs.com/recette-e10606-makicuit-d-agneau-au-riz-croustillant-radis-et-citronnelle.jpg","ingredients":[{"label":"Vinaigre de riz","shopGroup":"Epicerie","qte":"7","unit":"cl","step":"","order":0},{"label":"Sucre en poudre","shopGroup":"Epicerie","qte":"25","unit":"g","step":"","order":1},{"label":"Sel fin","shopGroup":"","qte":"10","unit":"pincée(s)","step":"","order":2},{"label":"Riz japonais à sushi","shopGroup":"Epicerie","qte":"600","unit":"g","step":"","order":3},{"label":"Eau","shopGroup":"","qte":"66","unit":"cl","step":"","order":4},{"label":"Feuille(s) de nori","shopGroup":"Epicerie","qte":"3","unit":"pièce(s)","step":"Pour la garniture","order":5},{"label":"Gigot(s) d'agneau paré(s)","shopGroup":"Boucherie","qte":"300","unit":"g","step":"Pour la garniture","order":6},{"label":"Radis rose(s)","shopGroup":"Légumes","qte":"0.5","unit":"botte(s)","step":"Pour la garniture","order":7},{"label":"Ciboulette","shopGroup":"Herbes aromatiques","qte":"0.5","unit":"botte(s)","step":"Pour la garniture","order":8},{"label":"Citronnelle","shopGroup":"","qte":"0.25","unit":"branche(s)","step":"Pour la garniture","order":9},{"label":"Fleur de sel","shopGroup":"Epicerie","qte":"3","unit":"pincée(s)","step":"Pour la garniture","order":10},{"label":"Piment d'Espelette","shopGroup":"Epicerie","qte":"3","unit":"pincée(s)","step":"Pour la garniture","order":11},{"label":"Huile d'olive","shopGroup":"Epicerie","qte":"5","unit":"cl","step":"Pour la garniture","order":12},{"label":"Sauce Soja","shopGroup":"Epicerie","qte":"5","unit":"cl","step":"Pour la sauce","order":13},{"label":"Sauce Chili aigre-douce","shopGroup":"Epicerie","qte":"2","unit":"cl","step":"Pour la sauce","order":14},{"label":"Miel","shopGroup":"Epicerie","qte":"20","unit":"g","step":"Pour la sauce","order":15},{"label":"Citronnelle","shopGroup":"Légumes","qte":"0.25","unit":"branche(s)","step":"Pour la sauce","order":16},{"label":"Huile de sésame","shopGroup":"Epicerie","qte":"1","unit":"cl","step":"Pour la sauce","order":17}]}