{"title":"\"Makicuit\" d'agneau au riz croustillant, radis et citronnelle","description":"<br /><b>Préparation du riz :</b><br />Laver le riz jusqu'à ce que l'eau devienne claire, puis l'égoutter et le mettre dans une cocotte. Ajouter l'eau et couvrir, puis porter à ébullition. Laisser bouillir pendant 2 à 3 min, puis baisser le feu et cuire à feu doux pendant 12 min environ. Éteindre ensuite le feu et laisser le riz étuver durant 12 min. <br />Débarrasser le riz sur une grande plaque, bien à plat, et l'éventer pendant quelques minutes jusqu'à ce qu'il soit à température ambiante.<br /><br />Dans un bol, mélanger le vinaigre de riz, le sucre et le sel, puis verser ce mélange sur le riz et remuer délicatement. Réserver.<br /><br /><b>Pour la garniture :</b><br />Équeuter et laver les radis, puis les couper en 2 dans la longueur. Ciseler finement la ciboulette et la citronnelle.<br />Tailler de longs bâtonnets dans le gigot d'agneau.<br /><br />Poser 1/2 feuille d'algue nori sur un tapis en bambou ou en silicone et étaler le riz dessus en laissant un espace vide en haut et en bas.<br />Disposer un bâtonnet d'agneau, des morceaux de radis, saupoudrer de ciboulette et de citronnelle, puis rouler à la main à l'aide du tapis. Presser ensuite légèrement (de l'intérieur vers l'extérieur) avec le tapis pour chasser les bulles d'air, puis tasser le maki. Le couper en 8 à l'aide d'un couteau mouillé.<br /><br />Pour la sauce : ciseler très finement la citronnelle, puis disposer tous les ingrédients dans un blender. Mixer et réserver.<br /><br />Dans une poêle antiadhésive, disposer un filet d'huile d'olive et colorer les makis sur chaque face (le riz doit être croustillant).<br />Les tremper dans la sauce et déguster sans plus attendre.<br />","summary":"Rouleau de riz à sushi dans une feuille d'algue, farci de lanières d'agneau, radis et citronnelle, puis cuit aller-retour.","timePreparation":"45mn","timeBaking":"30mn","timeRest":"0mn","picture":"","ingredients":[{"label":"Vinaigre de riz","shopGroup":"Epicerie","qte":"7","unit":"cl","step":"","order":0},{"label":"Sucre en poudre","shopGroup":"Epicerie","qte":"25","unit":"g","step":"","order":1},{"label":"Sel fin","shopGroup":"","qte":"10","unit":"pincée(s)","step":"","order":2},{"label":"Riz japonais à sushi","shopGroup":"Epicerie","qte":"600","unit":"g","step":"","order":3},{"label":"Eau","shopGroup":"","qte":"66","unit":"cl","step":"","order":4},{"label":"Feuille(s) de nori","shopGroup":"Epicerie","qte":"3","unit":"pièce(s)","step":"Pour la garniture","order":5},{"label":"Gigot(s) d'agneau paré(s)","shopGroup":"Boucherie","qte":"300","unit":"g","step":"Pour la garniture","order":6},{"label":"Radis rose(s)","shopGroup":"Légumes","qte":"0.5","unit":"botte(s)","step":"Pour la garniture","order":7},{"label":"Ciboulette","shopGroup":"Herbes aromatiques","qte":"0.5","unit":"botte(s)","step":"Pour la garniture","order":8},{"label":"Citronnelle","shopGroup":"","qte":"0.25","unit":"branche(s)","step":"Pour la garniture","order":9},{"label":"Fleur de sel","shopGroup":"Epicerie","qte":"3","unit":"pincée(s)","step":"Pour la garniture","order":10},{"label":"Piment d'Espelette","shopGroup":"Epicerie","qte":"3","unit":"pincée(s)","step":"Pour la garniture","order":11},{"label":"Huile d'olive","shopGroup":"Epicerie","qte":"5","unit":"cl","step":"Pour la garniture","order":12},{"label":"Sauce Soja","shopGroup":"Epicerie","qte":"5","unit":"cl","step":"Pour la sauce","order":13},{"label":"Sauce Chili aigre-douce","shopGroup":"Epicerie","qte":"2","unit":"cl","step":"Pour la sauce","order":14},{"label":"Miel","shopGroup":"Epicerie","qte":"20","unit":"g","step":"Pour la sauce","order":15},{"label":"Citronnelle","shopGroup":"Légumes","qte":"0.25","unit":"branche(s)","step":"Pour la sauce","order":16},{"label":"Huile de sésame","shopGroup":"Epicerie","qte":"1","unit":"cl","step":"Pour la sauce","order":17}],"chiefTip":"Vous pouvez réaliser le riz à l'avance mais ne le mettez pas au réfrigérateur.Remplacez l'agneau par des lanières de boeuf.","id":10606}