{"id":10528,"title":"Recette de Salade de pousses d'épinard et boeuf façon Thaï","description":"","summary":"Une salade de pousses d'épinard garnie de tranches de boeuf poêlées et assaisonnées de citronnelle, d'oignons nouveaux et de piment, le tout accompagné de tomates cerises, de pousses de soja et de coleslaw.","timePreparation":"30mn","timeBaking":"0mn","timeRest":"0mn","picture":"http://1.media.atelierdeschefs.com/recette-e10528-salade-de-pousses-d-epinard-et-boeuf-facon-thai.jpg","ingredients":[{"label":"Pousse(s) d'épinard","shopGroup":"Légumes","qte":"400","unit":"g","step":"","order":0},{"label":"Rumsteck","shopGroup":"Boucherie","qte":"400","unit":"g","step":"","order":1},{"label":"Bâton(s) de citronnelle","shopGroup":"Herbes aromatiques","qte":"1","unit":"pièce(s)","step":"","order":2},{"label":"Oignon(s) nouveau(x)","shopGroup":"Légumes","qte":"4","unit":"pièce(s)","step":"","order":3},{"label":"Piment(s) oiseau","shopGroup":"Epicerie","qte":"1","unit":"g","step":"","order":4},{"label":"Pousse(s) de soja","shopGroup":"Légumes","qte":"200","unit":"g","step":"","order":5},{"label":"Carotte(s)","shopGroup":"Légumes","qte":"3","unit":"pièce(s)","step":"","order":6},{"label":"Chou(x) blanc(s)","shopGroup":"Légumes","qte":"0.25","unit":"pièce(s)","step":"","order":7},{"label":"Tomate(s) cerise(s)","shopGroup":"Fruits","qte":"150","unit":"g","step":"","order":8},{"label":"Sauce Soja","shopGroup":"Epicerie","qte":"5","unit":"cl","step":"","order":9},{"label":"Eau","shopGroup":"","qte":"10","unit":"cl","step":"","order":10},{"label":"Huile d'olive","shopGroup":"Epicerie","qte":"10","unit":"cl","step":"","order":11},{"label":"Citron(s) vert(s)","shopGroup":"Fruits","qte":"1","unit":"pièce(s)","step":"","order":12},{"label":"Sel fin","shopGroup":"","qte":"6","unit":"pincée(s)","step":"","order":13},{"label":"Moulin à poivre","shopGroup":"","qte":"6","unit":"tour(s)","step":"","order":14},{"label":"Huile d'arachide","shopGroup":"Epicerie","qte":"3","unit":"cl","step":"","order":15}]}