{"title":"Verrine café chocolat, crumble chocolaté","description":"","summary":"Une mousse légère au chocolat et au café, le croquant des feuilles de chocolat et du crumble.","timePreparation":"15mn","timeBaking":"10mn","timeRest":"1h","picture":"","ingredients":[{"label":"Crème liquide entière","shopGroup":"Crèmerie  hors fromage","qte":"60","unit":"cl","step":"Pour la mousse","order":0},{"label":"Chocolat noir","shopGroup":"","qte":"80","unit":"g","step":"Pour la mousse","order":1},{"label":"Café Expresso","shopGroup":"Boissons sans alcool","qte":"10","unit":"cl","step":"Pour la mousse","order":2},{"label":"Beurre doux","shopGroup":"Crèmerie  hors fromage","qte":"30","unit":"g","step":"Pour le crumble","order":3},{"label":"Pâte à tartiner chocolatée","shopGroup":"Epicerie","qte":"60","unit":"g","step":"Pour le crumble","order":4},{"label":"Poudre d'amande","shopGroup":"Epicerie","qte":"60","unit":"g","step":"Pour le crumble","order":5},{"label":"Sucre en poudre","shopGroup":"Epicerie","qte":"60","unit":"g","step":"Pour le crumble","order":6},{"label":"Farine de blé","shopGroup":"Epicerie","qte":"60","unit":"g","step":"Pour le crumble","order":7},{"label":"Chocolat noir","shopGroup":"Epicerie","qte":"100","unit":"g","step":"Pour le montage","order":8}],"chiefTip":"Cette mousse n'est pas sucrée : il vous est toutefois possible de la sucrer en fonction de vos goûts.","id":10210}