{"title":"Verrine café chocolat, crumble chocolaté","description":"Préchauffer le four 190 °C (th. 6).<br /><br />Pour la mousse : faire fondre le chocolat au bain-marie, puis ajouter le café et la crème liquide. Filtrer ensuite le tout et le mettre dans un siphon, puis injecter le gaz et laisser reposer au frais pendant 1 h.<br /><br />Pour le crumble : mélanger du bout des doigts tous les ingrédients ensemble, de façon à obtenir un gros granulé. Cuire ensuite sur un tapis de cuisson durant 13 min.<br /><br />Faire fondre 100 g de chocolat noir au bain-marie, puis l'étaler finement sur une feuille de papier sulfurisé et le faire durcir au congélateur.<br /><br />Pour le montage : mettre un peu de mousse au fond d'une verrine, briser le chocolat et déposer des copeaux sur la mousse. Remettre une couche de mousse, puis décorer avec le crumble. Déguster frais.<br />","summary":"Une mousse légère au chocolat et au café, le croquant des feuilles de chocolat et du crumble.","timePreparation":"15mn","timeBaking":"10mn","timeRest":"1h","picture":"","ingredients":[{"label":"Crème liquide entière","shopGroup":"Crèmerie  hors fromage","qte":"60","unit":"cl","step":"Pour la mousse","order":0},{"label":"Chocolat noir","shopGroup":"","qte":"80","unit":"g","step":"Pour la mousse","order":1},{"label":"Café Expresso","shopGroup":"Boissons sans alcool","qte":"10","unit":"cl","step":"Pour la mousse","order":2},{"label":"Beurre doux","shopGroup":"Crèmerie  hors fromage","qte":"30","unit":"g","step":"Pour le crumble","order":3},{"label":"Pâte à tartiner chocolatée","shopGroup":"Epicerie","qte":"60","unit":"g","step":"Pour le crumble","order":4},{"label":"Poudre d'amande","shopGroup":"Epicerie","qte":"60","unit":"g","step":"Pour le crumble","order":5},{"label":"Sucre en poudre","shopGroup":"Epicerie","qte":"60","unit":"g","step":"Pour le crumble","order":6},{"label":"Farine de blé","shopGroup":"Epicerie","qte":"60","unit":"g","step":"Pour le crumble","order":7},{"label":"Chocolat noir","shopGroup":"Epicerie","qte":"100","unit":"g","step":"Pour le montage","order":8}],"chiefTip":"Cette mousse n'est pas sucrée : il vous est toutefois possible de la sucrer en fonction de vos goûts.","id":10210}