{"title":"Tartare de kiwi et pomme granny, vinaigrette au wasabi, espuma mentholé","description":"","summary":"Une brunoise de pommes granny et kiwis, servie avec une vinaigrette au wasabi, à la vanille Bourbon et au citron vert. Le tout est recouvert d'une écume à base d'alcool de menthe.","timePreparation":"30mn","timeBaking":"0mn","timeRest":"0mn","picture":"","ingredients":[{"label":"Kiwi(s)","shopGroup":"Fruits","qte":"3","unit":"pièce(s)","step":"Pour la garniture","order":0},{"label":"Pomme(s) granny smith","shopGroup":"Fruits","qte":"3","unit":"pièce(s)","step":"Pour la garniture","order":1},{"label":"Citron(s) vert(s)","shopGroup":"Fruits","qte":"1","unit":"pièce(s)","step":"Pour la vinaigrette","order":2},{"label":"Huile d'olive","shopGroup":"Epicerie","qte":"10","unit":"cl","step":"Pour la vinaigrette","order":3},{"label":"Wasabi","shopGroup":"Epicerie","qte":"5","unit":"g","step":"Pour la vinaigrette","order":4},{"label":"Sucre en poudre","shopGroup":"Epicerie","qte":"50","unit":"g","step":"Pour la vinaigrette","order":5},{"label":"Gousse(s) de vanille","shopGroup":"Epicerie","qte":"1","unit":"pièce(s)","step":"Pour la vinaigrette","order":6},{"label":"Crème liquide entière","shopGroup":"Crèmerie  hors fromage","qte":"30","unit":"cl","step":"Pour le siphon","order":7},{"label":"Sucre glace","shopGroup":"Epicerie","qte":"50","unit":"g","step":"Pour le siphon","order":8},{"label":"Alcool de menthe","shopGroup":"Boissons alcoolisées","qte":"10","unit":"cl","step":"Pour le siphon","order":9}],"chiefTip":"Une fois les fruits coupés, veillez à bien les laisser mariner dans la vinaigrette afin que la pomme ne s'oxyde pas.","id":10678}