{"title":"Cocotte d'escargots et champignons du moment, crumble façon persillade","description":"Laver les champignons, les éplucher et les trier en fonction de votre sélection (les tailler si nécessaire). Éplucher et ciseler les échalotes.<br />Dans une poêle chaude, colorer les champignons à l'huile d'olive, puis ajouter les échalotes et les escargots. Saler et poivrer, puis laisser cuire pendant 2 min. Répartir ensuite le mélange dans des cocottes individuelles.<br /><br />Préchauffer le four à 180 °C (th. 6).<br />Éplucher l'ail et le dégermer, puis le hacher finement. Laver le persil et le ciseler.<br />Du bout des doigts, mélanger tous les élément du crumble ensemble (ils doivent former un gros granulé). Répartir ensuite le crumble dans les cocottes et les enfourner à 180 °C pendant 13 min.<br /><br />Servir chaud.<br />","summary":"Une fricassée d'escargots et de champignons de saison, accompagnée d'un crumble savoureux au parfum de persillade.","timePreparation":"30mn","timeBaking":"30mn","timeRest":"0mn","picture":"http://1.media.atelierdeschefs.com/recette-c10219-cocotte-d-escargots-et-champignons-du-moment-crumble-facon-persillade.jpg","ingredients":[{"label":"Escargot(s) de Bourgogne cuit(s)","shopGroup":"Epicerie","qte":"54","unit":"pièce(s)","step":"","order":0},{"label":"Champignon(s) de saison","shopGroup":"Légumes","qte":"900","unit":"g","step":"","order":1},{"label":"Echalote(s)","shopGroup":"Légumes","qte":"2","unit":"pièce(s)","step":"","order":2},{"label":"Huile d'olive","shopGroup":"","qte":"3","unit":"cl","step":"","order":3},{"label":"Sel fin","shopGroup":"","qte":"3","unit":"pincée(s)","step":"","order":4},{"label":"Moulin à poivre","shopGroup":"","qte":"3","unit":"tour(s)","step":"","order":5},{"label":"Gousse(s) d'ail","shopGroup":"Légumes","qte":"2","unit":"gousse(s)","step":"Pour le crumble","order":6},{"label":"Persil plat","shopGroup":"Herbes aromatiques","qte":"0.25","unit":"botte(s)","step":"Pour le crumble","order":7},{"label":"Beurre doux","shopGroup":"Crèmerie  hors fromage","qte":"40","unit":"g","step":"Pour le crumble","order":8},{"label":"Farine de blé","shopGroup":"Epicerie","qte":"60","unit":"g","step":"Pour le crumble","order":9},{"label":"Chapelure de pain","shopGroup":"Epicerie","qte":"30","unit":"g","step":"Pour le crumble","order":10},{"label":"Poudre d'amande","shopGroup":"Epicerie","qte":"30","unit":"g","step":"Pour le crumble","order":11},{"label":"Huile d'olive","shopGroup":"Epicerie","qte":"2","unit":"cl","step":"Pour le crumble","order":12},{"label":"Sel fin","shopGroup":"","qte":"3","unit":"pincée(s)","step":"Pour le crumble","order":13}],"chiefTip":"Pour une entrée plus riche, vous pouvez crémer un peu vos champignons.","id":10219}