{"title":"Cellentani rouges aux calamars","description":"Nettoyer les blancs de calamars et les couper en fines lamelles, puis les sécher soigneusement.<br /><br />Dans une poêle avec 2 cuillères à soupe d'huile d'olive, dorer les pignons de pin, puis les égoutter et les assaisonner de sel fin.<br /><br />Faire bouillir un grand volume d'eau salée (10 g de gros sel/litre) et cuire les pâtes en respectant la durée indiquée sur le paquet. 2 min avant la fin de la cuisson, ajouter le colorant.<br />Égoutter les pâtes, ajouter un trait d'huile d'olive, bien mélanger et réserver.<br /><br />Pendant ce temps, dans une poêle antiadhésive, faire chauffer un trait d'huile d'olive et lorsque la poêle est fumante, faire sauter les calamars pendant 4 min environ. Rectifier ensuite l'assaisonnement en sel et ajouter le piment d'Espelette.<br /><br />Dresser les pâtes en assiettes creuses, les garnir de calamars et répartir les pignons de pin sur le dessus.<br />","summary":"Des pâtes à la couleur rouge sang, garnies de blancs de calamars et de pignons de pin... Un plat de pâtes spécial \"Halloween\" !","timePreparation":"30mn","timeBaking":"0mn","timeRest":"0mn","picture":"","ingredients":[{"label":"Cellentani","shopGroup":"Epicerie","qte":"500","unit":"g","step":"","order":0},{"label":"Colorant alimentaire rouge","shopGroup":"Epicerie","qte":"3","unit":"cl","step":"","order":1},{"label":"Gros sel","shopGroup":"","qte":"10","unit":"g","step":"","order":2},{"label":"Blanc(s) de calamars","shopGroup":"Poissonnerie","qte":"800","unit":"g","step":"","order":3},{"label":"Pignon(s) de pin","shopGroup":"Epicerie","qte":"30","unit":"g","step":"","order":4},{"label":"Huile d'olive","shopGroup":"Epicerie","qte":"5","unit":"cl","step":"","order":5},{"label":"Sel fin","shopGroup":"","qte":"6","unit":"pincée(s)","step":"","order":6},{"label":"Piment d'Espelette","shopGroup":"Epicerie","qte":"6","unit":"pincée(s)","step":"","order":7}],"chiefTip":"Attention, le colorant est très puissant : utilisez-le avec modération...","id":10434}