{"title":"Cellentani rouges aux calamars","description":"","summary":"Des pâtes à la couleur rouge sang, garnies de blancs de calamars et de pignons de pin... Un plat de pâtes spécial \"Halloween\" !","timePreparation":"30mn","timeBaking":"0mn","timeRest":"0mn","picture":"","ingredients":[{"label":"Cellentani","shopGroup":"Epicerie","qte":"500","unit":"g","step":"","order":0},{"label":"Colorant alimentaire rouge","shopGroup":"Epicerie","qte":"3","unit":"cl","step":"","order":1},{"label":"Gros sel","shopGroup":"","qte":"10","unit":"g","step":"","order":2},{"label":"Blanc(s) de calamars","shopGroup":"Poissonnerie","qte":"800","unit":"g","step":"","order":3},{"label":"Pignon(s) de pin","shopGroup":"Epicerie","qte":"30","unit":"g","step":"","order":4},{"label":"Huile d'olive","shopGroup":"Epicerie","qte":"5","unit":"cl","step":"","order":5},{"label":"Sel fin","shopGroup":"","qte":"6","unit":"pincée(s)","step":"","order":6},{"label":"Piment d'Espelette","shopGroup":"Epicerie","qte":"6","unit":"pincée(s)","step":"","order":7}],"chiefTip":"Attention, le colorant est très puissant : utilisez-le avec modération...","id":10434}