{"title":"Frappuccino liqueur de café et coco","description":"Faire bouillir le lait avec la liqueur de café.<br />Dans un bol, fouetter les jaunes d'oeufs avec le sucre jusqu'à ce qu'ils blanchissent, puis verser une partie du lait bouillant. Remettre ensuite le tout dans la casserole et cuire la crème anglaise à feu doux jusqu'à ce qu'elle épaississe, en remuant avec une spatule. <br />Répartir la crème anglaise dans des bacs à glaçons et disposer le tout au congélateur. Laisser refroidir pendant 1 h, jusqu'à obtenir des glaçons de crème anglaise.<br /><br />Dans un blender, mixer les glaçons de crème anglaise, le lait de coco et le café refroidi, puis servir dans un verre bien froid.<br />","summary":"Boisson frappée alliant la légère amertume du café adoucie par les parfums de noix de coco.","timePreparation":"1h30mn","timeBaking":"0mn","timeRest":"0mn","picture":"","ingredients":[{"label":"Lait entier","shopGroup":"Crèmerie  hors fromage","qte":"50","unit":"cl","step":"","order":0},{"label":"Jaune(s) d'oeuf(s)","shopGroup":"Crèmerie  hors fromage","qte":"6","unit":"pièce(s)","step":"","order":1},{"label":"Sucre en poudre","shopGroup":"Epicerie","qte":"80","unit":"g","step":"","order":2},{"label":"Liqueur de café","shopGroup":"Boissons alcoolisées","qte":"20","unit":"cl","step":"","order":3},{"label":"Lait de coco non sucré","shopGroup":"Epicerie","qte":"30","unit":"cl","step":"","order":4},{"label":"Café","shopGroup":"Epicerie","qte":"20","unit":"cl","step":"","order":5}],"chiefTip":"Si vous avez une sonde, cuisez la crème anglaise jusqu'à 84 °C.","id":10272}