{"id":10658,"title":"Recette de Mille-feuille de pommes de terre au chèvre frais, tomates confites et salade d'herbes","description":"","summary":"Un mille-feuille simple, avec des tranches épaisses de pomme de terre et une crème de chèvre aux dés de tomates confites.","timePreparation":"30mn","timeBaking":"10mn","timeRest":"0mn","picture":"http://1.media.atelierdeschefs.com/recette-e10658-mille-feuille-de-pommes-de-terre-au-chevre-frais-tomates-confites-et-salade-d-herbes.jpg","ingredients":[{"label":"Pomme(s) de terre à chair fondante","shopGroup":"Légumes","qte":"6","unit":"pièce(s)","step":"","order":0},{"label":"Buche(s) de chèvre(s) frais","shopGroup":"Fromage(s)","qte":"2","unit":"pièce(s)","step":"","order":1},{"label":"Pétale(s) de tomate confite","shopGroup":"Epicerie","qte":"30","unit":"pièce(s)","step":"","order":2},{"label":"Basilic","shopGroup":"Herbes aromatiques","qte":"0.25","unit":"botte(s)","step":"","order":3},{"label":"Crème liquide entière","shopGroup":"Crèmerie  hors fromage","qte":"10","unit":"cl","step":"","order":4},{"label":"Piment d'Espelette","shopGroup":"Epicerie","qte":"2","unit":"pincée(s)","step":"","order":5},{"label":"Huile d'olive","shopGroup":"Epicerie","qte":"15","unit":"cl","step":"","order":6},{"label":"Estragon","shopGroup":"Herbes aromatiques","qte":"0.25","unit":"botte(s)","step":"","order":7},{"label":"Ciboulette","shopGroup":"Herbes aromatiques","qte":"0.25","unit":"botte(s)","step":"","order":8},{"label":"Persil plat","shopGroup":"Herbes aromatiques","qte":"0.25","unit":"botte(s)","step":"","order":9},{"label":"Moulin à poivre","shopGroup":"","qte":"6","unit":"tour(s)","step":"","order":10},{"label":"Sel fin","shopGroup":"","qte":"6","unit":"pincée(s)","step":"","order":11}]}