{"id":10777,"title":"Recette de Macaron sucre cuit au pain d'épice et mousse de foie gras au porto","description":"","summary":"Technique des coques de macaron réalisées avec un sucre cuit à 118 °C : un macaron au pain d'épice garni d'une mousse de foie gras au porto blanc.","timePreparation":"30mn","timeBaking":"15mn","timeRest":"0mn","picture":"http://1.media.atelierdeschefs.com/recette-e10777-macaron-sucre-cuit-au-pain-d-epice-et-mousse-de-foie-gras-au-porto.jpg","ingredients":[{"label":"Sucre en poudre","shopGroup":"Epicerie","qte":"200","unit":"g","step":"Pour les macarons","order":0},{"label":"Colorant alimentaire jaune","shopGroup":"Epicerie","qte":"3","unit":"goutte(s)","step":"Pour les macarons","order":1},{"label":"Sucre glace","shopGroup":"Epicerie","qte":"200","unit":"g","step":"Pour les macarons","order":2},{"label":"Blanc(s) d'oeuf","shopGroup":"Crèmerie  hors fromage","qte":"150","unit":"g","step":"Pour les macarons","order":3},{"label":"Eau","shopGroup":"","qte":"5","unit":"cl","step":"Pour les macarons","order":4},{"label":"Poudre d'amande","shopGroup":"Epicerie","qte":"200","unit":"g","step":"Pour les macarons","order":5},{"label":"Mélange d'épices pour pain d'épices","shopGroup":"Epicerie","qte":"5","unit":"g","step":"Pour les macarons","order":6},{"label":"Tranche(s) de pain d'épice","shopGroup":"Epicerie","qte":"5","unit":"pièce(s)","step":"Pour les macarons","order":7},{"label":"Crème liquide entière","shopGroup":"Crèmerie  hors fromage","qte":"5","unit":"cl","step":"Pour la garniture","order":8},{"label":"Fleur de sel","shopGroup":"Epicerie","qte":"3","unit":"pincée(s)","step":"Pour la garniture","order":9},{"label":"Beurre doux","shopGroup":"Crèmerie  hors fromage","qte":"100","unit":"g","step":"Pour la garniture","order":10},{"label":"Porto blanc","shopGroup":"","qte":"5","unit":"cl","step":"Pour la garniture","order":11},{"label":"Moulin à poivre","shopGroup":"","qte":"6","unit":"tour(s)","step":"Pour la garniture","order":12},{"label":"Foie gras de canard mi-cuit","shopGroup":"Traiteur","qte":"200","unit":"g","step":"Pour la garniture","order":13}]}