{"id":10174,"title":"Recette de Piña Colada sans alcool","description":"","summary":"Une boisson pour les enfants, au lait de coco et à l'ananas frais.","timePreparation":"10mn","timeBaking":"0mn","timeRest":"0mn","picture":"http://1.media.atelierdeschefs.com/recette-e10174-pina-colada-sans-alcool.jpg","ingredients":[{"label":"Lait de coco sucré","shopGroup":"Epicerie","qte":"15","unit":"cl","step":"","order":0},{"label":"Jus d'ananas","shopGroup":"Boissons sans alcool","qte":"30","unit":"cl","step":"","order":1},{"label":"Ananas victoria","shopGroup":"Fruits","qte":"1","unit":"pièce(s)","step":"","order":2},{"label":"Sirop de sucre de canne","shopGroup":"Boissons sans alcool","qte":"2","unit":"cl","step":"","order":3},{"label":"Glaçon(s)","shopGroup":"Surgelés","qte":"18","unit":"pièce(s)","step":"","order":4}]}