{"title":"Pêches pochées à la verveine, coulis de framboises fraîches","description":"","summary":"Pêche pochée dans un sirop aromatisé à la verveine, accompagnée d'un coulis de framboises.","timePreparation":"20mn","timeBaking":"15mn","timeRest":"30mn","picture":"","ingredients":[{"label":"Pêche(s)","shopGroup":"Fruits","qte":"6","unit":"pièce(s)","step":"","order":0},{"label":"Eau","shopGroup":"","qte":"1","unit":"l","step":"","order":1},{"label":"Sucre en poudre","shopGroup":"Epicerie","qte":"100","unit":"g","step":"","order":2},{"label":"Framboise(s) fraîche(s)","shopGroup":"Fruits","qte":"200","unit":"g","step":"","order":3},{"label":"Verveine fraîche","shopGroup":"Herbes aromatiques","qte":"1","unit":"botte(s)","step":"","order":4},{"label":"Sucre glace","shopGroup":"Epicerie","qte":"50","unit":"g","step":"","order":5}],"chiefTip":"Vous pouvez parfumer le sirop avec de la verveine déshydratée ou de la menthe fraîche.","id":10443}