{"title":"Pêches pochées à la verveine, coulis de framboises fraîches","description":"Faire bouillir l'eau, le sucre et 3 branches de verveine. Laisser infuser durant 7 min, puis ôter la verveine.<br />Laver les framboises.<br /><br />Dénoyauter les pêches à l'aide de ciseaux et d'un emporte-pièce. Reboucher la pêche avec le noyau. Placer ensuite les pêches dans le sirop et cuire 10 min à couvert, pus les laisser refroidir dans le sirop.<br /> <br />Dans le bol d'un blender, placer les framboises et le sucre glace, ajouter 1 tasse à café d'eau et mixer.<br /> <br />Égoutter les pêches et les peler, ôter le noyau.<br />Les disposer ensuite dans le fond d'assiettes creuses et les garnir d'une cuillerée de coulis, puis décorer de framboises fraîches.<br />","summary":"Pêche pochée dans un sirop aromatisé à la verveine, accompagnée d'un coulis de framboises.","timePreparation":"20mn","timeBaking":"15mn","timeRest":"30mn","picture":"","ingredients":[{"label":"Pêche(s)","shopGroup":"Fruits","qte":"6","unit":"pièce(s)","step":"","order":0},{"label":"Eau","shopGroup":"","qte":"1","unit":"l","step":"","order":1},{"label":"Sucre en poudre","shopGroup":"Epicerie","qte":"100","unit":"g","step":"","order":2},{"label":"Framboise(s) fraîche(s)","shopGroup":"Fruits","qte":"200","unit":"g","step":"","order":3},{"label":"Verveine fraîche","shopGroup":"Herbes aromatiques","qte":"1","unit":"botte(s)","step":"","order":4},{"label":"Sucre glace","shopGroup":"Epicerie","qte":"50","unit":"g","step":"","order":5}],"chiefTip":"Vous pouvez parfumer le sirop avec de la verveine déshydratée ou de la menthe fraîche.","id":10443}