{"id":10443,"title":"Recette de Pêches pochées à la verveine, coulis de framboises fraîches","description":"","summary":"Pêche pochée dans un sirop aromatisé à la verveine, accompagnée d'un coulis de framboises.","timePreparation":"20mn","timeBaking":"15mn","timeRest":"30mn","picture":"http://1.media.atelierdeschefs.com/recette-e10443-peches-pochees-a-la-verveine-coulis-de-framboises-fraiches.jpg","ingredients":[{"label":"Pêche(s)","shopGroup":"Fruits","qte":"6","unit":"pièce(s)","step":"","order":0},{"label":"Eau","shopGroup":"","qte":"1","unit":"l","step":"","order":1},{"label":"Sucre en poudre","shopGroup":"Epicerie","qte":"100","unit":"g","step":"","order":2},{"label":"Framboise(s) fraîche(s)","shopGroup":"Fruits","qte":"200","unit":"g","step":"","order":3},{"label":"Verveine fraîche","shopGroup":"Herbes aromatiques","qte":"1","unit":"botte(s)","step":"","order":4},{"label":"Sucre glace","shopGroup":"Epicerie","qte":"50","unit":"g","step":"","order":5}]}