{"title":"Pommes au four","description":"Préchauffer le four à 180 °C (th.6).<br />Couper les pommes aux 3/4 dans la hauteur et les épépiner, puis les saupoudrer de sucre roux. Ajouter une noix de beurre, puis enfourner la cocotte à 180 °C pendant 20 min.<br /><br />Servir tiède avec de la crème épaisse.<br />","summary":"Délicieuses pommes fondantes cuites au four avec du beurre et du sucre roux.","timePreparation":"10mn","timeBaking":"20mn","timeRest":"0mn","picture":"","ingredients":[{"label":"Pomme(s) golden","shopGroup":"Fruits","qte":"6","unit":"pièce(s)","step":"","order":0},{"label":"Sucre roux","shopGroup":"Epicerie","qte":"100","unit":"g","step":"","order":1},{"label":"Beurre doux","shopGroup":"Crèmerie  hors fromage","qte":"60","unit":"g","step":"","order":2},{"label":"Crème fraîche épaisse","shopGroup":"Crèmerie  hors fromage","qte":"200","unit":"g","step":"","order":3}],"chiefTip":"Vous pouvez aussi garnir l'intérieur des pommes de gelée de groseilles ou de framboises, ou pour le plus grand plaisir des enfants, de Carambar !","id":10506}