{"title":"Pommes au four","description":"","summary":"Délicieuses pommes fondantes cuites au four avec du beurre et du sucre roux.","timePreparation":"10mn","timeBaking":"20mn","timeRest":"0mn","picture":"","ingredients":[{"label":"Pomme(s) golden","shopGroup":"Fruits","qte":"6","unit":"pièce(s)","step":"","order":0},{"label":"Sucre roux","shopGroup":"Epicerie","qte":"100","unit":"g","step":"","order":1},{"label":"Beurre doux","shopGroup":"Crèmerie  hors fromage","qte":"60","unit":"g","step":"","order":2},{"label":"Crème fraîche épaisse","shopGroup":"Crèmerie  hors fromage","qte":"200","unit":"g","step":"","order":3}],"chiefTip":"Vous pouvez aussi garnir l'intérieur des pommes de gelée de groseilles ou de framboises, ou pour le plus grand plaisir des enfants, de Carambar !","id":10506}