{"id":10506,"title":"Recette de Pommes au four","description":"","summary":"Délicieuses pommes fondantes cuites au four avec du beurre et du sucre roux.","timePreparation":"10mn","timeBaking":"20mn","timeRest":"0mn","picture":"http://1.media.atelierdeschefs.com/recette-e10506-pommes-au-four.jpg","ingredients":[{"label":"Pomme(s) golden","shopGroup":"Fruits","qte":"6","unit":"pièce(s)","step":"","order":0},{"label":"Sucre roux","shopGroup":"Epicerie","qte":"100","unit":"g","step":"","order":1},{"label":"Beurre doux","shopGroup":"Crèmerie  hors fromage","qte":"60","unit":"g","step":"","order":2},{"label":"Crème fraîche épaisse","shopGroup":"Crèmerie  hors fromage","qte":"200","unit":"g","step":"","order":3}]}