{"title":"Macaron au sucre cuit, réglisse et praline rose","description":"<br /><b>Pour les coques de macaron :</b><br />Préchauffer le four à 160 °C (th. 5). <br /><br />Dans un mixeur, verser la poudre d'amande et le sucre glace, faire tourner pendant 30 secondes pour affiner le mélange (tant pour tant), puis tamiser. <br /><br />Dans une casserole, mélanger l'eau, le sucre semoule avec une spatule. Cuire à 118-119 °C. <br />Avant d'atteindre cette température, verser 75 g de blancs dans la cuve d'un batteur et les monter en neige. Lorsque le sucre a atteint la bonne température, le verser sur les blancs montés. <br />Fouetter ensuite jusqu'à refroidissement de la meringue, puis ajouter les colorants.<br /><br />Verser le reste des blancs d'oeufs sur le tant pour tant. Incorporer une petite partie de la meringue froide à ce mélange, puis ajouter le reste. Mélanger afin d'obtenir une pâte lisse et homogène, légèrement coulante.<br /><br />Remplir une poche à douille avec cette préparation, puis dresser les macarons sur un tapis de cuisson ou sur une feuille de papier sulfurisé. Tapoter légèrement la plaque, puis enfourner pendant 12 à 14 min en tournant la plaque à mi-cuisson.<br /><br /><b>Pour la crème :</b><br />Concasser les pralines roses.<br />Dans un bol, mélanger les jaunes d'oeufs avec le sucre et battre légèrement. Ajouter le mascarpone, la poudre de réglisse et les pralines. Mettre ensuite cette crème dans une poche à douille.<br /><br />Coller les macarons avec la crème.<br /><br />Conserver les macarons au frais pendant 24 h, puis les sortir 2 h avant la dégustation.<br />","summary":"Un macaron garni d'une crème mascarpone à la réglisse et aux pralines roses.","timePreparation":"30mn","timeBaking":"15mn","timeRest":"0mn","picture":"","ingredients":[{"label":"Poudre d'amande","shopGroup":"Epicerie","qte":"200","unit":"g","step":"Pour les macarons","order":0},{"label":"Sucre glace","shopGroup":"Epicerie","qte":"200","unit":"g","step":"Pour les macarons","order":1},{"label":"Blanc(s) d'oeuf","shopGroup":"Crèmerie  hors fromage","qte":"150","unit":"g","step":"Pour les macarons","order":2},{"label":"Sucre en poudre","shopGroup":"","qte":"200","unit":"g","step":"Pour les macarons","order":3},{"label":"Eau","shopGroup":"","qte":"5","unit":"cl","step":"Pour les macarons","order":4},{"label":"Colorant(s) en poudre","shopGroup":"Epicerie","qte":"3","unit":"g","step":"Pour les macarons","order":5},{"label":"Mascarpone","shopGroup":"Fromage(s)","qte":"250","unit":"g","step":"Pour la crème","order":6},{"label":"Jaune(s) d'oeuf(s)","shopGroup":"Crèmerie  hors fromage","qte":"2","unit":"pièce(s)","step":"Pour la crème","order":7},{"label":"Sucre en poudre","shopGroup":"Epicerie","qte":"30","unit":"g","step":"Pour la crème","order":8},{"label":"Poudre de réglisse","shopGroup":"Epicerie","qte":"2","unit":"g","step":"Pour la crème","order":9},{"label":"Praline(s) rose(s)","shopGroup":"Epicerie","qte":"30","unit":"g","step":"Pour la crème","order":10}],"chiefTip":"Utilisez de préférence des colorants en poudre pour la réalisation des coques.Ajoutez de petits morceaux de rouleaux de réglisse ou quelques cachous dans la crème pour lui donner un goût plus prononcé.","id":10397}