{"title":"Macaron au sucre cuit, réglisse et praline rose","description":"","summary":"Un macaron garni d'une crème mascarpone à la réglisse et aux pralines roses.","timePreparation":"30mn","timeBaking":"15mn","timeRest":"0mn","picture":"","ingredients":[{"label":"Poudre d'amande","shopGroup":"Epicerie","qte":"200","unit":"g","step":"Pour les macarons","order":0},{"label":"Sucre glace","shopGroup":"Epicerie","qte":"200","unit":"g","step":"Pour les macarons","order":1},{"label":"Blanc(s) d'oeuf","shopGroup":"Crèmerie  hors fromage","qte":"150","unit":"g","step":"Pour les macarons","order":2},{"label":"Sucre en poudre","shopGroup":"","qte":"200","unit":"g","step":"Pour les macarons","order":3},{"label":"Eau","shopGroup":"","qte":"5","unit":"cl","step":"Pour les macarons","order":4},{"label":"Colorant(s) en poudre","shopGroup":"Epicerie","qte":"3","unit":"g","step":"Pour les macarons","order":5},{"label":"Mascarpone","shopGroup":"Fromage(s)","qte":"250","unit":"g","step":"Pour la crème","order":6},{"label":"Jaune(s) d'oeuf(s)","shopGroup":"Crèmerie  hors fromage","qte":"2","unit":"pièce(s)","step":"Pour la crème","order":7},{"label":"Sucre en poudre","shopGroup":"Epicerie","qte":"30","unit":"g","step":"Pour la crème","order":8},{"label":"Poudre de réglisse","shopGroup":"Epicerie","qte":"2","unit":"g","step":"Pour la crème","order":9},{"label":"Praline(s) rose(s)","shopGroup":"Epicerie","qte":"30","unit":"g","step":"Pour la crème","order":10}],"chiefTip":"Utilisez de préférence des colorants en poudre pour la réalisation des coques.Ajoutez de petits morceaux de rouleaux de réglisse ou quelques cachous dans la crème pour lui donner un goût plus prononcé.","id":10397}