{"title":"Risotto de moules au persil","description":"","summary":"Un risotto moelleux cuit avec le jus des moules, servi avec les coquillages et du parmesan râpé.","timePreparation":"15mn","timeBaking":"25mn","timeRest":"0mn","picture":"","ingredients":[{"label":"Riz arborio","shopGroup":"Epicerie","qte":"300","unit":"g","step":"","order":0},{"label":"Oignon(s)","shopGroup":"Légumes","qte":"1","unit":"pièce(s)","step":"","order":1},{"label":"Vin blanc sec","shopGroup":"Boissons alcoolisées","qte":"20","unit":"cl","step":"","order":2},{"label":"Moule(s)","shopGroup":"Poissonnerie","qte":"1","unit":"kg","step":"","order":3},{"label":"Persil plat","shopGroup":"Herbes aromatiques","qte":"0.25","unit":"botte(s)","step":"","order":4},{"label":"Beurre doux","shopGroup":"Crèmerie  hors fromage","qte":"50","unit":"g","step":"","order":5},{"label":"Gousse(s) d'ail","shopGroup":"Légumes","qte":"1","unit":"gousse(s)","step":"","order":6},{"label":"Parmigiano Reggiano râpé","shopGroup":"Fromage(s)","qte":"50","unit":"g","step":"","order":7},{"label":"Huile d'olive","shopGroup":"Epicerie","qte":"5","unit":"cl","step":"","order":8},{"label":"Sel fin","shopGroup":"","qte":"3","unit":"pincée(s)","step":"","order":9},{"label":"Moulin à poivre","shopGroup":"","qte":"3","unit":"tour(s)","step":"","order":10},{"label":"Eau","shopGroup":"","qte":"1","unit":"l","step":"","order":11}],"chiefTip":"Vous pouvez remplacer les moules par d'autres coquillages comme les coques.","id":10039}