{"id":10408,"title":"Recette de Petits pots de crème à la pistache","description":"","summary":"Crème onctueuse à la pistache, préparée sur une base de crème anglaise, à déguster froide !","timePreparation":"10mn","timeBaking":"25mn","timeRest":"0mn","picture":"http://1.media.atelierdeschefs.com/recette-e10408-petits-pots-de-creme-a-la-pistache.jpg","ingredients":[{"label":"Lait entier","shopGroup":"Crèmerie  hors fromage","qte":"80","unit":"cl","step":"Pour la crème","order":0},{"label":"Poudre de pistache","shopGroup":"Epicerie","qte":"30","unit":"g","step":"Pour la crème","order":1},{"label":"Jaune(s) d'oeuf(s)","shopGroup":"Crèmerie  hors fromage","qte":"6","unit":"pièce(s)","step":"Pour la crème","order":2},{"label":"Sucre en poudre","shopGroup":"Epicerie","qte":"90","unit":"g","step":"Pour la crème","order":3},{"label":"Pistache(s) émondée(s)","shopGroup":"Epicerie","qte":"30","unit":"g","step":"Pour la crème","order":4}]}