{"title":"Petits pots de crème à la pistache","description":"Préchauffer le four à 180 °C.<br /><br />Faire bouillir le lait avec la poudre de pistache et laisser infuser.<br /><br />Dans un bol, à l'aide d'un fouet, blanchir les jaunes avec le sucre. Lorsque le lait est tiède, le filtrer puis le verser progressivement sur le mélange tout en remuant (attention à ne pas fouetter pour éviter de former une mousse qui sera difficile à écumer). Remplir les petits pots aux 3/4 avec ce mélange.<br /><br />Disposer les pots sur une plaque garnie de papier cuisson, verser de l'eau bouillante à mi-hauteur, couvrir et cuire au four à 180 °C pendant 20 à 25 min.<br />Après cuisson, sortir du bain-marie et laisser refroidir. Conserver ensuite au frais.<br /><br />Décorer de pistaches entières avant de servir.<br />","summary":"Crème onctueuse à la pistache, préparée sur une base de crème anglaise, à déguster froide !","timePreparation":"10mn","timeBaking":"25mn","timeRest":"0mn","picture":"","ingredients":[{"label":"Lait entier","shopGroup":"Crèmerie  hors fromage","qte":"80","unit":"cl","step":"Pour la crème","order":0},{"label":"Poudre de pistache","shopGroup":"Epicerie","qte":"30","unit":"g","step":"Pour la crème","order":1},{"label":"Jaune(s) d'oeuf(s)","shopGroup":"Crèmerie  hors fromage","qte":"6","unit":"pièce(s)","step":"Pour la crème","order":2},{"label":"Sucre en poudre","shopGroup":"Epicerie","qte":"90","unit":"g","step":"Pour la crème","order":3},{"label":"Pistache(s) émondée(s)","shopGroup":"Epicerie","qte":"30","unit":"g","step":"Pour la crème","order":4}],"chiefTip":"Après cuisson, la surface de la crème doit être lisse, brillante et légèrement concave.","id":10408}