{"title":"Petites sardines en bocal","description":"","summary":"Préparez vous-mêmes votre bocal de sardines marinées !","timePreparation":"30mn","timeBaking":"0mn","timeRest":"0mn","picture":"","ingredients":[{"label":"Sardine(s) fraîche(s)","shopGroup":"Poissonnerie","qte":"12","unit":"pièce(s)","step":"","order":0},{"label":"Oignon(s) nouveau(x)","shopGroup":"Légumes","qte":"4","unit":"pièce(s)","step":"","order":1},{"label":"Tomate(s) confite(s)","shopGroup":"Epicerie","qte":"20","unit":"g","step":"","order":2},{"label":"Gingembre frais","shopGroup":"Légumes","qte":"25","unit":"g","step":"","order":3},{"label":"Sarriette","shopGroup":"Herbes aromatiques","qte":"10","unit":"g","step":"","order":4},{"label":"Gros sel","shopGroup":"","qte":"8","unit":"g","step":"","order":5},{"label":"Citron(s) vert(s)","shopGroup":"Fruits","qte":"1","unit":"pièce(s)","step":"","order":6},{"label":"Eau","shopGroup":"","qte":"50","unit":"cl","step":"","order":7},{"label":"Vin blanc sec","shopGroup":"Boissons alcoolisées","qte":"50","unit":"cl","step":"","order":8},{"label":"Vinaigre balsamique blanc","shopGroup":"Epicerie","qte":"10","unit":"cl","step":"","order":9}],"chiefTip":"Dégustez ces sardines bien fraîches sur des toasts de pain grillé, avec des copeaux de beurre demi-sel.","id":10343}