{"title":"Petites sardines en bocal","description":"Écailler les sardines et ôter la tête, puis les lever en gardant la queue attenante aux deux filets. Éliminer toutes les petites arêtes. Ranger les sardines dans un bocal en verre approprié, la queue vers le haut. Tailler les pétales de tomates confites en 2 dans la longueur et les déposer dans les bocaux.<br /><br />Enlever la fane des oignons nouveaux et la ciseler très finement. Couper ensuite les oignons nouveaux en 4 et détacher les pétales 1 par 1. Éplucher le gingembre et le tailler très finement. Zester le citron vert et presser le jus.<br /><br />Mélanger tous les ingrédients dans une casserole. Porter à ébullition et laisser ainsi pendant 3 min, puis verser aussitôt le tout dans le bocal. Le fermer hermétiquement et le retourner, puis le laisser quelques minutes sur le poste de travail et le rafraîchir ensuite dans l'eau froide.<br />","summary":"Préparez vous-mêmes votre bocal de sardines marinées !","timePreparation":"30mn","timeBaking":"0mn","timeRest":"0mn","picture":"","ingredients":[{"label":"Sardine(s) fraîche(s)","shopGroup":"Poissonnerie","qte":"12","unit":"pièce(s)","step":"","order":0},{"label":"Oignon(s) nouveau(x)","shopGroup":"Légumes","qte":"4","unit":"pièce(s)","step":"","order":1},{"label":"Tomate(s) confite(s)","shopGroup":"Epicerie","qte":"20","unit":"g","step":"","order":2},{"label":"Gingembre frais","shopGroup":"Légumes","qte":"25","unit":"g","step":"","order":3},{"label":"Sarriette","shopGroup":"Herbes aromatiques","qte":"10","unit":"g","step":"","order":4},{"label":"Gros sel","shopGroup":"","qte":"8","unit":"g","step":"","order":5},{"label":"Citron(s) vert(s)","shopGroup":"Fruits","qte":"1","unit":"pièce(s)","step":"","order":6},{"label":"Eau","shopGroup":"","qte":"50","unit":"cl","step":"","order":7},{"label":"Vin blanc sec","shopGroup":"Boissons alcoolisées","qte":"50","unit":"cl","step":"","order":8},{"label":"Vinaigre balsamique blanc","shopGroup":"Epicerie","qte":"10","unit":"cl","step":"","order":9}],"chiefTip":"Dégustez ces sardines bien fraîches sur des toasts de pain grillé, avec des copeaux de beurre demi-sel.","id":10343}