{"title":"Meringue aux raisins","description":"Préchauffer le four à 100 °C (th. 3-4).<br /><br />Mélanger 140 g de sucre avec les blancs d'oeufs, les monter en neige jusqu'à obtenir une meringue assez ferme. Ajouter 200 g de sucre et continuer de fouetter pendant 2 min pour le faire fondre. A l'aide d'une poche, dresser ensuite les meringues sur des plaques de cuisson et les enfourner pendant 45 min. <br /><br />Dans une poêle chaude, ajouter le reste de sucre et le laisser caraméliser. Mettre alors les grains de raisins et remuer, puis cuire 3 min et ajouter 1 cuillère à soupe d'eau. <br /><br />Creuser légèrement les meringues cuites et les remplir avec les raisins. Décorer avec le reste du jus.<br />","summary":"Le croquant d'une meringue garnie de raisins frais caramélisés.","timePreparation":"20mn","timeBaking":"48mn","timeRest":"0mn","picture":"","ingredients":[{"label":"Raisin noir","shopGroup":"Fruits","qte":"400","unit":"g","step":"","order":0},{"label":"Blanc(s) d'oeuf","shopGroup":"Crèmerie  hors fromage","qte":"5","unit":"pièce(s)","step":"","order":1},{"label":"Sucre en poudre","shopGroup":"Epicerie","qte":"350","unit":"g","step":"","order":2}],"chiefTip":"Amusez-vous à créer d'autres formes (plus la meringue est importante, plus le temps de séchage au four est long).Vous pouvez ajouter quelques raisins secs sur le dessus.","id":10308}