{"id":10308,"title":"Recette de Meringue aux raisins","description":"","summary":"Le croquant d'une meringue garnie de raisins frais caramélisés.","timePreparation":"20mn","timeBaking":"48mn","timeRest":"0mn","picture":"http://1.media.atelierdeschefs.com/recette-e10308-meringue-aux-raisins.jpg","ingredients":[{"label":"Raisin noir","shopGroup":"Fruits","qte":"400","unit":"g","step":"","order":0},{"label":"Blanc(s) d'oeuf","shopGroup":"Crèmerie  hors fromage","qte":"5","unit":"pièce(s)","step":"","order":1},{"label":"Sucre en poudre","shopGroup":"Epicerie","qte":"350","unit":"g","step":"","order":2}]}