{"title":"Papillote de julienne et légumes aux herbes de Provence","description":"","summary":"Papillote de poisson aux légumes, parfumée aux herbes de Provence.","timePreparation":"20mn","timeBaking":"15mn","timeRest":"0mn","picture":"","ingredients":[{"label":"Filet(s) de julienne","shopGroup":"Poissonnerie","qte":"6","unit":"pièce(s)","step":"","order":0},{"label":"Champignon(s) de Paris","shopGroup":"Légumes","qte":"250","unit":"g","step":"","order":1},{"label":"Carotte(s)","shopGroup":"Légumes","qte":"3","unit":"pièce(s)","step":"","order":2},{"label":"Pois gourmand(s)","shopGroup":"Légumes","qte":"125","unit":"g","step":"","order":3},{"label":"Huile d'olive","shopGroup":"Epicerie","qte":"5","unit":"cl","step":"","order":4},{"label":"Sel fin","shopGroup":"","qte":"3","unit":"pincée(s)","step":"","order":5},{"label":"Moulin à poivre","shopGroup":"","qte":"3","unit":"tour(s)","step":"","order":6},{"label":"Herbes de Provence","shopGroup":"Epicerie","qte":"5","unit":"g","step":"","order":7}],"chiefTip":"Pour cette papillote, vous pouvez utiliser le poisson de votre choix.","id":10044}