{"id":10759,"title":"Recette de Cuisse de dinde rôtie au miel et aux dragées, purée de topinamours et marrons","description":"","summary":"Une cuisse de dinde rôtie au four avec du miel et des dragées, accompagnée d'une purée de topinambours relevée à la crème de marrons.","timePreparation":"45mn","timeBaking":"0mn","timeRest":"0mn","picture":"http://1.media.atelierdeschefs.com/recette-e10759-cuisse-de-dinde-rotie-au-miel-et-aux-dragees-puree-de-topinamours-et-marrons.jpg","ingredients":[{"label":"Cuisse(s) de dinde de 900 g","shopGroup":"Volaille(s)","qte":"3","unit":"pièce(s)","step":"","order":0},{"label":"Dragée(s)","shopGroup":"Epicerie","qte":"40","unit":"pièce(s)","step":"","order":1},{"label":"Topinambour(s)","shopGroup":"Légumes","qte":"800","unit":"g","step":"","order":2},{"label":"Echalote(s)","shopGroup":"Légumes","qte":"2","unit":"pièce(s)","step":"","order":3},{"label":"Crème de marron non sucrée","shopGroup":"Epicerie","qte":"150","unit":"g","step":"","order":4},{"label":"Crème liquide entière","shopGroup":"Crèmerie  hors fromage","qte":"30","unit":"cl","step":"","order":5},{"label":"Eau","shopGroup":"","qte":"50","unit":"cl","step":"","order":6},{"label":"Sel fin","shopGroup":"","qte":"6","unit":"pincée(s)","step":"","order":7},{"label":"Moulin à poivre","shopGroup":"","qte":"6","unit":"tour(s)","step":"","order":8},{"label":"Huile d'olive","shopGroup":"Epicerie","qte":"5","unit":"cl","step":"","order":9},{"label":"Beurre doux","shopGroup":"Crèmerie  hors fromage","qte":"20","unit":"g","step":"","order":10},{"label":"Miel","shopGroup":"Epicerie","qte":"50","unit":"g","step":"","order":11},{"label":"Beurre demi-sel","shopGroup":"Crèmerie  hors fromage","qte":"20","unit":"g","step":"","order":12}]}