{"title":"Pavé de boeuf aux poivres rares, salsifis rôtis au thym","description":"","summary":"Redécouvrez la véritable saveur de salsifis cuisinés simplement, qui accompagneront un pavé de boeuf assaisonné d'un mélange de poivres rares.","timePreparation":"20mn","timeBaking":"15mn","timeRest":"0mn","picture":"","ingredients":[{"label":"Pavé(s) de boeuf de 150g","shopGroup":"Boucherie","qte":"6","unit":"pièce(s)","step":"","order":0},{"label":"Salsifis frais","shopGroup":"Légumes","qte":"1.5","unit":"kg","step":"","order":1},{"label":"Echalote(s)","shopGroup":"Légumes","qte":"2","unit":"pièce(s)","step":"","order":2},{"label":"Beurre doux","shopGroup":"Crèmerie  hors fromage","qte":"80","unit":"g","step":"","order":3},{"label":"Gousse(s) d'ail","shopGroup":"Légumes","qte":"1","unit":"gousse(s)","step":"","order":4},{"label":"Thym frais","shopGroup":"Herbes aromatiques","qte":"2","unit":"branche(s)","step":"","order":5},{"label":"Poivre de Sichuan","shopGroup":"Epicerie","qte":"3","unit":"g","step":"","order":6},{"label":"Poivre Pondichéry","shopGroup":"Epicerie","qte":"3","unit":"g","step":"","order":7},{"label":"Poivre long","shopGroup":"Epicerie","qte":"3","unit":"g","step":"","order":8},{"label":"Poivre noir","shopGroup":"Epicerie","qte":"3","unit":"g","step":"","order":9},{"label":"Vin rouge","shopGroup":"Boissons alcoolisées","qte":"15","unit":"cl","step":"","order":10},{"label":"Gros sel","shopGroup":"","qte":"20","unit":"g","step":"","order":11},{"label":"Sel fin","shopGroup":"","qte":"3","unit":"pincée(s)","step":"","order":12},{"label":"Huile d'olive","shopGroup":"Epicerie","qte":"3","unit":"cl","step":"","order":13}],"chiefTip":"Pour garder des salsifis bien blancs, vous pouvez les cuire dans un \"blanc\", c'est-à-dire dans de l'eau avec du jus de citron et un peu de farine.","id":10418}