{"id":10128,"title":"Recette de Poulet beldi grillé au citron vert, salade \"tomatorange\", coriandre et menthe","description":"","summary":"Une cuisse de poulet bien grillée, accompagnée d'une petite salade de condiments à la tomate et à l'orange.","timePreparation":"15mn","timeBaking":"30mn","timeRest":"0mn","picture":"http://1.media.atelierdeschefs.com/recette-e10128-poulet-beldi-grille-au-citron-vert-salade-tomatorange-coriandre-et-menthe.jpg","ingredients":[{"label":"Cuisse(s) de poulet (240 g)","shopGroup":"Volaille(s)","qte":"6","unit":"pièce(s)","step":"","order":0},{"label":"Citron(s) vert(s)","shopGroup":"Fruits","qte":"2","unit":"pièce(s)","step":"","order":1},{"label":"Oignon(s) rouge(s)","shopGroup":"Légumes","qte":"1","unit":"pièce(s)","step":"","order":2},{"label":"Huile d'olive","shopGroup":"Epicerie","qte":"10","unit":"cl","step":"","order":3},{"label":"Poivre de Sichuan","shopGroup":"Epicerie","qte":"3","unit":"g","step":"","order":4},{"label":"Sel fin","shopGroup":"","qte":"3","unit":"pincée(s)","step":"","order":5},{"label":"Piment d'Espelette","shopGroup":"Epicerie","qte":"3","unit":"pincée(s)","step":"","order":6},{"label":"Tomate(s)","shopGroup":"Fruits","qte":"4","unit":"pièce(s)","step":"Pour la garniture","order":7},{"label":"Orange(s)","shopGroup":"Fruits","qte":"2","unit":"pièce(s)","step":"Pour la garniture","order":8},{"label":"Poivron(s) rouge(s)","shopGroup":"Légumes","qte":"1","unit":"pièce(s)","step":"Pour la garniture","order":9},{"label":"Coriandre fraîche","shopGroup":"Herbes aromatiques","qte":"0.25","unit":"botte(s)","step":"Pour la garniture","order":10},{"label":"Menthe fraîche","shopGroup":"Herbes aromatiques","qte":"0.25","unit":"botte(s)","step":"Pour la garniture","order":11},{"label":"Tabasco rouge","shopGroup":"Epicerie","qte":"0.5","unit":"cl","step":"Pour la garniture","order":12}]}