{"id":10595,"title":"Recette de Brochette de Saint-Jacques et pomme granny cuites au bouillon","description":"","summary":"Une brochette de Saint-Jacques moelleuse où l'acidité de la pomme rafraîchit le palais, le tout cuit dans un bouillon asiatique.","timePreparation":"15mn","timeBaking":"0mn","timeRest":"0mn","picture":"http://1.media.atelierdeschefs.com/recette-e10595-brochette-de-saint-jacques-et-pomme-granny-cuites-au-bouillon.jpg","ingredients":[{"label":"Noix de Saint Jacques","shopGroup":"Poissonnerie","qte":"6","unit":"pièce(s)","step":"","order":0},{"label":"Pomme(s) granny smith","shopGroup":"Fruits","qte":"1","unit":"pièce(s)","step":"","order":1},{"label":"Gingembre frais","shopGroup":"Légumes","qte":"20","unit":"g","step":"","order":2},{"label":"Citronnelle","shopGroup":"Légumes","qte":"1","unit":"branche(s)","step":"","order":3},{"label":"Citron(s) vert(s)","shopGroup":"Fruits","qte":"1","unit":"pièce(s)","step":"","order":4},{"label":"Sel de Maldon Fumé","shopGroup":"Epicerie","qte":"6","unit":"g","step":"","order":5},{"label":"Piment d'Espelette","shopGroup":"Epicerie","qte":"3","unit":"pincée(s)","step":"","order":6}]}