{"title":"Brochette de Saint-Jacques et pomme granny cuites au bouillon","description":"Couper le citron vert en 4. Ciseler finement la citronnelle. Tailler grossièrement le gingembre.<br />Porter 1 litre d'eau à ébullition avec tous ces éléments, puis assaisonner avec quelques pincées de fleur de sel et le piment. <br /><br />A l'aide d'une mandoline, tailler de fines tranches de pomme. Tailler la Saint-Jacques en 4.<br />Sur un pic en bambou, intercaler lamelles de pomme et cubes de Saint-Jacques. <br /><br />Cuire les brochettes 30 secondes dans le bouillon, puis finir avec quelques grains de fleur de sel fumé. Déguster sans attendre.<br />","summary":"Une brochette de Saint-Jacques moelleuse où l'acidité de la pomme rafraîchit le palais, le tout cuit dans un bouillon asiatique.","timePreparation":"15mn","timeBaking":"0mn","timeRest":"0mn","picture":"","ingredients":[{"label":"Noix de Saint Jacques","shopGroup":"Poissonnerie","qte":"6","unit":"pièce(s)","step":"","order":0},{"label":"Pomme(s) granny smith","shopGroup":"Fruits","qte":"1","unit":"pièce(s)","step":"","order":1},{"label":"Gingembre frais","shopGroup":"Légumes","qte":"20","unit":"g","step":"","order":2},{"label":"Citronnelle","shopGroup":"Légumes","qte":"1","unit":"branche(s)","step":"","order":3},{"label":"Citron(s) vert(s)","shopGroup":"Fruits","qte":"1","unit":"pièce(s)","step":"","order":4},{"label":"Sel de Maldon Fumé","shopGroup":"Epicerie","qte":"6","unit":"g","step":"","order":5},{"label":"Piment d'Espelette","shopGroup":"Epicerie","qte":"3","unit":"pincée(s)","step":"","order":6}],"chiefTip":"Intercalez des légumes sur vos brochettes, par exemple des radis rouges ou de petites sommités de brocolis.","id":10595}