{"title":"Spaghetti aux aubergines, parmesan et jambon de Parme","description":"Laver les légumes. Peler les tomates, les aubergines et les oignons, puis les couper en petits cubes, ainsi que le jambon de Parme. Effeuiller puis hacher grossièrement le persil plat. Concasser les câpres et les olives vertes.<br />Dans un bol, rassembler tous ces ingrédients avec les pignons de pin, les pistaches et les raisins secs.<br /><br />Cuire les spaghettini \"al dente\" dans une grande quantité d'eau salée. Les égoutter après la cuisson, puis les débarrasser dans un plat et les arroser d'un filet d'huile d'olive.<br /><br />Dans une poêle chaude avec un trait d'huile d'olive, faire suer les oignons avec une pincée de sel, ajouter les aubergines et les tomates. Déglacer ensuite avec le vinaigre balsamique blanc puis couvrir juste à hauteur avec de l'eau. Lorsqu'on obtient une compotée d'aubergines, terminer avec tous les ingrédients du bol et rectifier l'assaisonnement.<br /><br />Réchauffer les spaghettini avec la compotée d'aubergines.<br /><br />Dresser le tout en assiette creuse avec quelques copeaux de parmesan et des dés de jambon de Parme.<br />","summary":"La version sicilienne de notre ratatouille, accompagnée de dés de jambon de Parme.","timePreparation":"20mn","timeBaking":"15mn","timeRest":"0mn","picture":"","ingredients":[{"label":"Spaghetti","shopGroup":"Epicerie","qte":"400","unit":"g","step":"","order":0},{"label":"Tomate(s)","shopGroup":"Fruits","qte":"3","unit":"pièce(s)","step":"","order":1},{"label":"Aubergine(s)","shopGroup":"Légumes","qte":"1","unit":"pièce(s)","step":"","order":2},{"label":"Oignon(s)","shopGroup":"Légumes","qte":"1","unit":"pièce(s)","step":"","order":3},{"label":"Tranche(s) de Jambon de Parme","shopGroup":"Charcuterie","qte":"6","unit":"pièce(s)","step":"","order":4},{"label":"Câpres","shopGroup":"Epicerie","qte":"30","unit":"g","step":"","order":5},{"label":"Olive(s) verte(s)","shopGroup":"Epicerie","qte":"30","unit":"g","step":"","order":6},{"label":"Persil plat","shopGroup":"Herbes aromatiques","qte":"0.25","unit":"botte(s)","step":"","order":7},{"label":"Pignon(s) de pin","shopGroup":"Epicerie","qte":"20","unit":"g","step":"","order":8},{"label":"Pistache(s) émondée(s)","shopGroup":"Epicerie","qte":"20","unit":"g","step":"","order":9},{"label":"Raisin(s) sec(s) blond(s)","shopGroup":"Epicerie","qte":"20","unit":"g","step":"","order":10},{"label":"Huile d'olive","shopGroup":"Epicerie","qte":"5","unit":"cl","step":"","order":11},{"label":"Vinaigre balsamique blanc","shopGroup":"Epicerie","qte":"3","unit":"cl","step":"","order":12},{"label":"Copeau(x) de Parmigiano Reggiano","shopGroup":"Fromage(s)","qte":"50","unit":"g","step":"","order":13},{"label":"Sel fin","shopGroup":"","qte":"3","unit":"pincée(s)","step":"","order":14},{"label":"Piment d'Espelette","shopGroup":"Epicerie","qte":"2","unit":"pincée(s)","step":"","order":15},{"label":"Gros sel","shopGroup":"","qte":"35","unit":"g","step":"","order":16},{"label":"Eau","shopGroup":"","qte":"5","unit":"l","step":"","order":17}],"chiefTip":"Pour accélérer la cuisson des aubergines, mettez-les à feu fort avec un couvercle.","id":10383}