{"title":"Saint-Jacques poêlées, endives à l'orange et coulis de carottes au cumin","description":"","summary":"Noix de Saint-Jacques juste cuites à la poêle, endives cuites dans du jus d'orange et quelques carottes cuites glacées.","timePreparation":"30mn","timeBaking":"0mn","timeRest":"0mn","picture":"","ingredients":[{"label":"Noix de Saint Jacques","shopGroup":"Poissonnerie","qte":"24","unit":"pièce(s)","step":"","order":0},{"label":"Sel fin","shopGroup":"","qte":"6","unit":"pincée(s)","step":"","order":1},{"label":"Piment d'Espelette","shopGroup":"Epicerie","qte":"6","unit":"pincée(s)","step":"","order":2},{"label":"Huile d'olive","shopGroup":"Epicerie","qte":"3","unit":"cl","step":"","order":3},{"label":"Mini-endive(s)","shopGroup":"Légumes","qte":"12","unit":"pièce(s)","step":"","order":4},{"label":"Sucre en poudre","shopGroup":"","qte":"10","unit":"g","step":"","order":5},{"label":"Beurre doux","shopGroup":"","qte":"10","unit":"g","step":"","order":6},{"label":"Orange(s)","shopGroup":"Fruits","qte":"2","unit":"pièce(s)","step":"","order":7},{"label":"Carotte(s) fane(s)","shopGroup":"Légumes","qte":"1","unit":"botte(s)","step":"","order":8},{"label":"Sucre en poudre","shopGroup":"Epicerie","qte":"10","unit":"g","step":"","order":9},{"label":"Beurre doux","shopGroup":"Crèmerie  hors fromage","qte":"10","unit":"g","step":"","order":10},{"label":"Cumin en poudre","shopGroup":"Epicerie","qte":"5","unit":"g","step":"","order":11}],"chiefTip":"\"Glacer\" correspond au mode de cuisson des carottes, car elles doivent être enrobées de sucre et de jus de cuisson et finir très brillantes, comme pour un glaçage.","id":964}