{"id":955,"title":"Recette de Tapioca au lait de coco et feuille de lime","description":"","summary":"Billes de tapioca cuites dans un lait de coco et légèrement acidulées par des feuilles de citronnier.","timePreparation":"15mn","timeBaking":"7mn","timeRest":"0mn","picture":"http://1.media.atelierdeschefs.com/recette-e955-tapioca-au-lait-de-coco-et-feuille-de-lime.jpg","ingredients":[{"label":"Lait 1/2 écrémé","shopGroup":"Crèmerie  hors fromage","qte":"1","unit":"l","step":"","order":0},{"label":"Lait de coco non sucré","shopGroup":"Epicerie","qte":"10","unit":"cl","step":"","order":1},{"label":"Sucre de canne non raffiné","shopGroup":"Epicerie","qte":"100","unit":"g","step":"","order":2},{"label":"Bille(s) de tapioca","shopGroup":"Epicerie","qte":"90","unit":"g","step":"","order":3},{"label":"Feuille(s) de citronnier","shopGroup":"Herbes aromatiques","qte":"5","unit":"pièce(s)","step":"","order":4}]}