{"id":10452,"title":"Recette de Parmentier de canard confit et patate douce, crumble au foie gras","description":"","summary":"Superposition de cuisses de canard confites au vin rouge et d'une purée onctueuse de patates douces, le tout surmonté d'un crumble au foie gras et parmesan.","timePreparation":"20mn","timeBaking":"20mn","timeRest":"0mn","picture":"http://1.media.atelierdeschefs.com/recette-e10452-parmentier-de-canard-confit-et-patate-douce-crumble-au-foie-gras.jpg","ingredients":[{"label":"Cuisse(s) de canard confite(s)","shopGroup":"Volaille(s)","qte":"4","unit":"pièce(s)","step":"","order":0},{"label":"Echalote(s)","shopGroup":"Légumes","qte":"3","unit":"pièce(s)","step":"","order":1},{"label":"Vin rouge","shopGroup":"Boissons alcoolisées","qte":"15","unit":"cl","step":"","order":2},{"label":"Huile d'olive","shopGroup":"Epicerie","qte":"3","unit":"cl","step":"","order":3},{"label":"Sel fin","shopGroup":"","qte":"3","unit":"pincée(s)","step":"","order":4},{"label":"Moulin à poivre","shopGroup":"","qte":"3","unit":"tour(s)","step":"","order":5},{"label":"Patate(s) douce(s) rouge(s)","shopGroup":"Légumes","qte":"900","unit":"g","step":"Pour la garniture","order":6},{"label":"Pomme(s) de terre  à chair farineuse","shopGroup":"Légumes","qte":"200","unit":"g","step":"Pour la garniture","order":7},{"label":"Lait 1/2 écrémé","shopGroup":"Crèmerie  hors fromage","qte":"15","unit":"cl","step":"Pour la garniture","order":8},{"label":"Beurre doux","shopGroup":"","qte":"30","unit":"g","step":"Pour la garniture","order":9},{"label":"Gros sel","shopGroup":"","qte":"10","unit":"g","step":"Pour la garniture","order":10},{"label":"Beurre doux","shopGroup":"Crèmerie  hors fromage","qte":"25","unit":"g","step":"Pour le crumble","order":11},{"label":"Foie(s) gras de canard cru(s)","shopGroup":"Volaille(s)","qte":"25","unit":"g","step":"Pour le crumble","order":12},{"label":"Farine de blé","shopGroup":"Epicerie","qte":"50","unit":"g","step":"Pour le crumble","order":13},{"label":"Poudre d'amande","shopGroup":"Epicerie","qte":"50","unit":"g","step":"Pour le crumble","order":14},{"label":"Parmigiano Reggiano râpé","shopGroup":"Fromage(s)","qte":"50","unit":"g","step":"Pour le crumble","order":15}]}