{"title":"Parmentier de canard confit et patate douce, crumble au foie gras","description":"<br /><b>Pour la garniture :</b><br />Préchauffer le four à 200 °C.<br /><br />Éplucher les patates douces et les pommes de terre, puis les couper en fines lamelles. Les mettre ensuite dans de l'eau froide, porter à ébullition puis saler (7/8 g de gros sel/litre). S'assurer de la cuisson en piquant les légumes : ils ne doivent pas rester collés à la pointe du couteau mais doivent retomber immédiatement.<br /><br />Égoutter les légumes et les remettre dans la casserole, puis les écraser à l'aide d'un fouet. Détendre légèrement la purée avec le beurre et le lait. Rectifier l'assaisonnement.<br /><br /><b>Pour le crumble :</b><br />Dans un bol, réunir la farine, le beurre, le parmesan râpé, la poudre d'amande et le foie gras, puis malaxer le tout à la main. Émietter ensuite grossièrement cette pâte sur une plaque de cuisson et enfourner à 200 °C durant 5 à 8 min.<br /><br />Éplucher et émincer finement les échalotes. Désosser les cuisses de canard confites, puis les effilocher à la main en gros morceaux.<br />Faire revenir l'effilochée jusqu'à qu'il accroche puis ajouter les échalotes avec une pincée de sel. Verser le vin rouge et laisser réduire jusqu'à évaporation du liquide (environ 5 min).<br /><br />Dans des cercles individuels ou dans un plat à gratin, déposer une couche de cuisses de canard et la surmonter d'un peu d'écrasée de patates douces, puis renouveler l'opération.<br />Terminer avec le crumble émietté par-dessus, puis réchauffer le tout au four juste avant de servir.<br />","summary":"Superposition de cuisses de canard confites au vin rouge et d'une purée onctueuse de patates douces, le tout surmonté d'un crumble au foie gras et parmesan.","timePreparation":"20mn","timeBaking":"20mn","timeRest":"0mn","picture":"","ingredients":[{"label":"Cuisse(s) de canard confite(s)","shopGroup":"Volaille(s)","qte":"4","unit":"pièce(s)","step":"","order":0},{"label":"Echalote(s)","shopGroup":"Légumes","qte":"3","unit":"pièce(s)","step":"","order":1},{"label":"Vin rouge","shopGroup":"Boissons alcoolisées","qte":"15","unit":"cl","step":"","order":2},{"label":"Huile d'olive","shopGroup":"Epicerie","qte":"3","unit":"cl","step":"","order":3},{"label":"Sel fin","shopGroup":"","qte":"3","unit":"pincée(s)","step":"","order":4},{"label":"Moulin à poivre","shopGroup":"","qte":"3","unit":"tour(s)","step":"","order":5},{"label":"Patate(s) douce(s) rouge(s)","shopGroup":"Légumes","qte":"900","unit":"g","step":"Pour la garniture","order":6},{"label":"Pomme(s) de terre  à chair farineuse","shopGroup":"Légumes","qte":"200","unit":"g","step":"Pour la garniture","order":7},{"label":"Lait 1/2 écrémé","shopGroup":"Crèmerie  hors fromage","qte":"15","unit":"cl","step":"Pour la garniture","order":8},{"label":"Beurre doux","shopGroup":"","qte":"30","unit":"g","step":"Pour la garniture","order":9},{"label":"Gros sel","shopGroup":"","qte":"10","unit":"g","step":"Pour la garniture","order":10},{"label":"Beurre doux","shopGroup":"Crèmerie  hors fromage","qte":"25","unit":"g","step":"Pour le crumble","order":11},{"label":"Foie(s) gras de canard cru(s)","shopGroup":"Volaille(s)","qte":"25","unit":"g","step":"Pour le crumble","order":12},{"label":"Farine de blé","shopGroup":"Epicerie","qte":"50","unit":"g","step":"Pour le crumble","order":13},{"label":"Poudre d'amande","shopGroup":"Epicerie","qte":"50","unit":"g","step":"Pour le crumble","order":14},{"label":"Parmigiano Reggiano râpé","shopGroup":"Fromage(s)","qte":"50","unit":"g","step":"Pour le crumble","order":15}],"chiefTip":"Vous pouvez remplacer la patate douce par du céleri-rave, et le foie gras par du beurre.","id":10452}