{"title":"Glögi - Vin chaud épicé (Finlande)","description":"","summary":"En Finlande, le mois de Noël est convivial et les amis sont invités à boire le glögi (vin chaud sucré et épicé) dès qu'ils franchissent la porte pour se réchauffer.","timePreparation":"15mn","timeBaking":"0mn","timeRest":"0mn","picture":"","ingredients":[{"label":"Vin rouge","shopGroup":"Boissons alcoolisées","qte":"1.2","unit":"l","step":"","order":0},{"label":"Clou(s) de girofle","shopGroup":"Epicerie","qte":"6","unit":"g","step":"","order":1},{"label":"Bâton(s) de cannelle","shopGroup":"Epicerie","qte":"2","unit":"pièce(s)","step":"","order":2},{"label":"Sucre en poudre","shopGroup":"Epicerie","qte":"120","unit":"g","step":"","order":3},{"label":"Amande(s) grillée(s)","shopGroup":"Epicerie","qte":"60","unit":"g","step":"","order":4},{"label":"Raisin(s) sec(s) blond(s)","shopGroup":"Epicerie","qte":"60","unit":"g","step":"","order":5},{"label":"Vodka","shopGroup":"Boissons alcoolisées","qte":"12","unit":"cl","step":"","order":6}],"chiefTip":"La vodka est facultative (mais en Finlande, il fait très froid...). Vous pouvez aussi la remplacer par du gin.","id":10517}