{"title":"Pardulas à la cannelle et au safran","description":"Préparer la pâte en malaxant tous les ingrédients à la main. Ajouter un peu d'eau si la pâte est trop friable. <br /><br />Préchauffer le four à 200 °C.<br /><br />Pour la garniture : mélanger la ricotta avec 1 oeuf et le sucre, ajouter la farine puis les zestes de citron, le safran et la cannelle.<br /><br />Séparer le jaune et le blanc de l'oeuf. Conserver le jaune et le mélanger avec une goutte d'eau pour créer une dorure.<br /><br />Étaler la pâte le plus finement possible en 2 fois, puis découper des cercles avec un emporte-pièce cannelé de 75 mm. Déposer ensuite 1 cuillerée de farce au centre de chaque cercle et badigeonner la pâte de dorure tout autour de la farce. Pincer la pâte avec les deux mains, entre le pouce et l'index, afin d'obtenir deux pointes. Tourner de 1/4 de tour et pincer de nouveau pour obtenir 2 pointes supplémentaires. On obtient une étoile à 4 pointes avec la farce au milieu.<br /><br />Déposer la pâte sur une plaque allant au four et la cuire 15 à 20 min à 200 °C.<br />","summary":"Sur une base de pâte, une pâtisserie italienne en forme d'étoile, garnie d'une farce à base de ricotta parfumée au safran et à la cannelle.","timePreparation":"45mn","timeBaking":"0mn","timeRest":"0mn","picture":"","ingredients":[{"label":"Farine de blé","shopGroup":"","qte":"250","unit":"g","step":"Pour la pâte","order":0},{"label":"Beurre doux","shopGroup":"Crèmerie  hors fromage","qte":"50","unit":"g","step":"Pour la pâte","order":1},{"label":"Jaune(s) d'oeuf(s)","shopGroup":"Crèmerie  hors fromage","qte":"2","unit":"pièce(s)","step":"Pour la pâte","order":2},{"label":"Eau","shopGroup":"","qte":"2","unit":"cl","step":"Pour la pâte","order":3},{"label":"Ricotta","shopGroup":"Fromage(s)","qte":"250","unit":"g","step":"Pour la garniture","order":4},{"label":"Oeuf(s)","shopGroup":"Crèmerie  hors fromage","qte":"1","unit":"pièce(s)","step":"Pour la garniture","order":5},{"label":"Farine de blé","shopGroup":"Epicerie","qte":"75","unit":"g","step":"Pour la garniture","order":6},{"label":"Sucre en poudre","shopGroup":"Epicerie","qte":"150","unit":"g","step":"Pour la garniture","order":7},{"label":"Safran en poudre","shopGroup":"Epicerie","qte":"1","unit":"g","step":"Pour la garniture","order":8},{"label":"Cannelle en poudre","shopGroup":"Epicerie","qte":"0.5","unit":"c.","step":"Pour la garniture","order":9},{"label":"Citron(s) jaune(s)","shopGroup":"Fruits","qte":"1","unit":"pièce(s)","step":"Pour la garniture","order":10},{"label":"oeuf(s)pour dorure","shopGroup":"Crèmerie  hors fromage","qte":"1","unit":"pièce(s)","step":"Pour la garniture","order":11}],"chiefTip":"Vous pourrez tourner les pointes de l'étoile de manière à maintenir encore mieux la pâte, ceci afin d'éviter que la garniture ne s'échappe.","id":10119}