{"id":10119,"title":"Recette de Pardulas à la cannelle et au safran","description":"","summary":"Sur une base de pâte, une pâtisserie italienne en forme d'étoile, garnie d'une farce à base de ricotta parfumée au safran et à la cannelle.","timePreparation":"45mn","timeBaking":"0mn","timeRest":"0mn","picture":"http://1.media.atelierdeschefs.com/recette-e10119-pardulas-a-la-cannelle-et-au-safran.jpg","ingredients":[{"label":"Farine de blé","shopGroup":"","qte":"250","unit":"g","step":"Pour la pâte","order":0},{"label":"Beurre doux","shopGroup":"Crèmerie  hors fromage","qte":"50","unit":"g","step":"Pour la pâte","order":1},{"label":"Jaune(s) d'oeuf(s)","shopGroup":"Crèmerie  hors fromage","qte":"2","unit":"pièce(s)","step":"Pour la pâte","order":2},{"label":"Eau","shopGroup":"","qte":"2","unit":"cl","step":"Pour la pâte","order":3},{"label":"Ricotta","shopGroup":"Fromage(s)","qte":"250","unit":"g","step":"Pour la garniture","order":4},{"label":"Oeuf(s)","shopGroup":"Crèmerie  hors fromage","qte":"1","unit":"pièce(s)","step":"Pour la garniture","order":5},{"label":"Farine de blé","shopGroup":"Epicerie","qte":"75","unit":"g","step":"Pour la garniture","order":6},{"label":"Sucre en poudre","shopGroup":"Epicerie","qte":"150","unit":"g","step":"Pour la garniture","order":7},{"label":"Safran en poudre","shopGroup":"Epicerie","qte":"1","unit":"g","step":"Pour la garniture","order":8},{"label":"Cannelle en poudre","shopGroup":"Epicerie","qte":"0.5","unit":"c.","step":"Pour la garniture","order":9},{"label":"Citron(s) jaune(s)","shopGroup":"Fruits","qte":"1","unit":"pièce(s)","step":"Pour la garniture","order":10},{"label":"oeuf(s)pour dorure","shopGroup":"Crèmerie  hors fromage","qte":"1","unit":"pièce(s)","step":"Pour la garniture","order":11}]}