{"title":"Panna cotta à l'eau de rose, dattes et pignons de pin","description":"Mettre la gélatine à ramollir dans de l'eau froide. Faire tiédir la crème liquide avec le sucre et l'eau de rose, et ajouter ensuite la gélatine égouttée. Mouler en verrines individuelles et mettre au frais pendant au moins 1 h.<br /><br />Dénoyauter les dattes et les couper en petits cubes. Les mettre avec les pignons de pin et le jus d'orange dans un récipient et mélanger.<br /><br />Servir le mélange sur la panna cotta.<br />","summary":"Une spécialité italienne à base de crème parfumée à l'eau de rose, accompagnée de dattes et de pignons de pin.","timePreparation":"30mn","timeBaking":"0mn","timeRest":"0mn","picture":"","ingredients":[{"label":"Crème liquide entière","shopGroup":"Crèmerie  hors fromage","qte":"50","unit":"cl","step":"","order":0},{"label":"Sucre en poudre","shopGroup":"Epicerie","qte":"50","unit":"g","step":"","order":1},{"label":"Eau de rose","shopGroup":"Epicerie","qte":"5","unit":"cl","step":"","order":2},{"label":"Feuille(s) de gélatine de 2 g","shopGroup":"Epicerie","qte":"2","unit":"pièce(s)","step":"","order":3},{"label":"Datte(s) fraîche(s)","shopGroup":"Fruits","qte":"120","unit":"g","step":"","order":4},{"label":"Pignon(s) de pin","shopGroup":"Epicerie","qte":"60","unit":"g","step":"","order":5},{"label":"Jus d'orange","shopGroup":"Boissons sans alcool","qte":"3","unit":"cl","step":"","order":6},{"label":"Eau","shopGroup":"","qte":"10","unit":"cl","step":"","order":7}],"chiefTip":"Vous pouvez par exemple ajouter des segments d'agrume aux dattes.","id":10358}