{"id":10094,"title":"Recette de Tarte fine aux cèpes, jambon cru et jus vert","description":"","summary":"Un disque fin de pâte feuilletée garni d'oignons confits au vinaigre balsamique, de tranches de cèpes dorées à l'huile d'olive et de jambon cru, le tout passé au gril et servi avec une sauce à base de persil, ail et huile d'olive.","timePreparation":"1h","timeBaking":"30mn","timeRest":"10mn","picture":"http://1.media.atelierdeschefs.com/recette-e10094-tarte-fine-aux-cepes-jambon-cru-et-jus-vert.jpg","ingredients":[{"label":"Pâte feuilletée","shopGroup":"Traiteur","qte":"250","unit":"g","step":"Pour la pâte","order":0},{"label":"Cèpe(s) Bouchon(s)","shopGroup":"Légumes","qte":"18","unit":"pièce(s)","step":"Pour la garniture","order":1},{"label":"Oignon(s)","shopGroup":"Légumes","qte":"4","unit":"pièce(s)","step":"Pour la garniture","order":2},{"label":"Vinaigre balsamique","shopGroup":"Epicerie","qte":"5","unit":"cl","step":"Pour la garniture","order":3},{"label":"Huile d'olive","shopGroup":"","qte":"3","unit":"cl","step":"Pour la garniture","order":4},{"label":"Sel fin","shopGroup":"","qte":"6","unit":"g","step":"Pour la garniture","order":5},{"label":"Moulin à poivre","shopGroup":"","qte":"6","unit":"tour(s)","step":"Pour la garniture","order":6},{"label":"Persil plat","shopGroup":"Herbes aromatiques","qte":"0.5","unit":"botte(s)","step":"Pour le dressage","order":7},{"label":"Gousse(s) d'ail","shopGroup":"Légumes","qte":"2","unit":"gousse(s)","step":"Pour le dressage","order":8},{"label":"Tranche(s) de Jambon cru(s)","shopGroup":"Charcuterie","qte":"6","unit":"pièce(s)","step":"Pour le dressage","order":9},{"label":"Roquette","shopGroup":"Légumes","qte":"200","unit":"g","step":"Pour le dressage","order":10},{"label":"Huile d'olive","shopGroup":"Epicerie","qte":"15","unit":"cl","step":"Pour le dressage","order":11},{"label":"Sel fin","shopGroup":"","qte":"6","unit":"pincée(s)","step":"Pour le dressage","order":12},{"label":"Moulin à poivre","shopGroup":"","qte":"6","unit":"tour(s)","step":"Pour le dressage","order":13}]}