{"title":"Tarte fine aux cèpes, jambon cru et jus vert","description":"<br /><b>Pour la pâte</b><br />Préchauffer le four à 200 °C (th. 6/7).<br />Étaler finement la pâte feuilletée au rouleau à pâtisserie.<br />Découper des cercles de 12 cm de diamètre dans la pâte feuilletée, les disposer entre 2 plaques à pâtisserie garnies de papier cuisson, et les enfourner pendant au moins 15 min (ils doivent être bien dorés et croustillants). Les laisser ensuite refroidir sur grille.<br /><br /><b>Pour la garniture</b><br />Éplucher les oignons et les émincer en très fines lamelles. <br />Dans une poêle chaude, mettre un filet d'huile d'olive et faire suer les oignons avec 1 pincée de sel, puis baisser le feu et laisser cuire doucement pendant 20 min. Ajouter ensuite le vinaigre balsamique et laisser cuire à nouveau 10 min. Rectifier l'assaisonnement en sel et en poivre, puis réserver.<br /><br />Pendant ce temps, préparer les cèpes : frotter la tête des cèpes avec un chiffon propre et humide, et gratter les pieds. Les couper ensuite en tranches d'environ 0,3 cm dans la longueur pour conserver leur forme.<br />Dans une poêle chaude, mettre 3 cuillères à soupe d'huile d'olive et colorer doucement les cèpes de chaque côté. Les égoutter ensuite sur du papier absorbant et les saler.<br /><br /><b>Pour le dressage</b><br />Laver le persil. Peler les gousses d'ail et les dégermer.<br />Dans un le bol d'un blender, mettre le persil, les gousses d'ail et 20 cl d'huile d'olive, saler et poivrer, puis mixer le tout jusqu'à obtenir une préparation bien verte.<br /><br />Préchauffer le grill du four.<br />Répartir le confit d'oignon sur les ronds de pâte feuilletée, puis disposer harmonieusement les tranches de cèpes. Poser les tranches de jambon dessus et enfourner sous le grill pendant environ 1 min.<br /><br />Dresser aussitôt sur assiette, arroser la tarte de jus de persil et la servir accompagnée d'une salade de roquette.<br />","summary":"Un disque fin de pâte feuilletée garni d'oignons confits au vinaigre balsamique, de tranches de cèpes dorées à l'huile d'olive et de jambon cru, le tout passé au gril et servi avec une sauce à base de persil, ail et huile d'olive.","timePreparation":"1h","timeBaking":"30mn","timeRest":"10mn","picture":"","ingredients":[{"label":"Pâte feuilletée","shopGroup":"Traiteur","qte":"250","unit":"g","step":"Pour la pâte","order":0},{"label":"Cèpe(s) Bouchon(s)","shopGroup":"Légumes","qte":"18","unit":"pièce(s)","step":"Pour la garniture","order":1},{"label":"Oignon(s)","shopGroup":"Légumes","qte":"4","unit":"pièce(s)","step":"Pour la garniture","order":2},{"label":"Vinaigre balsamique","shopGroup":"Epicerie","qte":"5","unit":"cl","step":"Pour la garniture","order":3},{"label":"Huile d'olive","shopGroup":"","qte":"3","unit":"cl","step":"Pour la garniture","order":4},{"label":"Sel fin","shopGroup":"","qte":"6","unit":"g","step":"Pour la garniture","order":5},{"label":"Moulin à poivre","shopGroup":"","qte":"6","unit":"tour(s)","step":"Pour la garniture","order":6},{"label":"Persil plat","shopGroup":"Herbes aromatiques","qte":"0.5","unit":"botte(s)","step":"Pour le dressage","order":7},{"label":"Gousse(s) d'ail","shopGroup":"Légumes","qte":"2","unit":"gousse(s)","step":"Pour le dressage","order":8},{"label":"Tranche(s) de Jambon cru(s)","shopGroup":"Charcuterie","qte":"6","unit":"pièce(s)","step":"Pour le dressage","order":9},{"label":"Roquette","shopGroup":"Légumes","qte":"200","unit":"g","step":"Pour le dressage","order":10},{"label":"Huile d'olive","shopGroup":"Epicerie","qte":"15","unit":"cl","step":"Pour le dressage","order":11},{"label":"Sel fin","shopGroup":"","qte":"6","unit":"pincée(s)","step":"Pour le dressage","order":12},{"label":"Moulin à poivre","shopGroup":"","qte":"6","unit":"tour(s)","step":"Pour le dressage","order":13}],"chiefTip":"Vous pouvez aussi cuire les cèpes dans la graisse de canard, ou dans la graisse d'oie.","id":10094}