{"id":936,"title":"Recette de Salsifis et oeuf poché","description":"","summary":"Sifflets de salsifis poêlés, oeuf poché et petites pousses de jeunes salades.","timePreparation":"10mn","timeBaking":"20mn","timeRest":"0mn","picture":"http://1.media.atelierdeschefs.com/recette-e936-salsifis-et-oeuf-poche.jpg","ingredients":[{"label":"Oeuf(s)","shopGroup":"Crèmerie  hors fromage","qte":"6","unit":"pièce(s)","step":"","order":0},{"label":"Beurre doux","shopGroup":"Crèmerie  hors fromage","qte":"20","unit":"g","step":"","order":1},{"label":"Farine de blé","shopGroup":"Epicerie","qte":"30","unit":"g","step":"","order":2},{"label":"Vinaigre alcool blanc","shopGroup":"Epicerie","qte":"10","unit":"cl","step":"","order":3},{"label":"Citron(s) jaune(s)","shopGroup":"Fruits","qte":"1","unit":"pièce(s)","step":"","order":4},{"label":"Salsifis frais","shopGroup":"Légumes","qte":"18","unit":"pièce(s)","step":"","order":5},{"label":"Mesclun de salade","shopGroup":"Légumes","qte":"100","unit":"g","step":"","order":6},{"label":"Gros sel","shopGroup":"","qte":"30","unit":"g","step":"","order":7},{"label":"Huile d'olive","shopGroup":"Epicerie","qte":"2","unit":"cl","step":"","order":8},{"label":"Fleur de sel","shopGroup":"Epicerie","qte":"2","unit":"pincée(s)","step":"","order":9}]}