{"title":"Salsifis et oeuf poché","description":"Éplucher les salsifis et les nettoyer dans de l'eau citronnée.<br /><br />Préparer un blanc (30 g de farine pour 1 litre d'eau, 1 jus de citron et du gros sel), puis le verser dans une cocotte remplie d'eau et laisser les salsifis cuire à petits bouillons dans ce mélange pendant 20 min.<br /><br />Mettre de l'eau à bouillir avec du vinaigre blanc (1 litre d'eau pour 10 cl de vinaigre). Casser chaque oeuf dans un ramequin, puis le plonger dans l'eau frémissante sans le brusquer. Dès coagulation du blanc, le retirer et le garder dans de l'eau glacée pour le refroidir.<br /><br />Faire revenir les salsifis égouttés dans du beurre et plonger les oeufs dans l'eau chaude pour les réchauffer.<br /><br />Dresser les salsifis et un oeuf poché, les accompagner de quelques pousses de jeunes salades assaisonnées d'huile et de fleur de sel.<br />","summary":"Sifflets de salsifis poêlés, oeuf poché et petites pousses de jeunes salades.","timePreparation":"10mn","timeBaking":"20mn","timeRest":"0mn","picture":"","ingredients":[{"label":"Oeuf(s)","shopGroup":"Crèmerie  hors fromage","qte":"6","unit":"pièce(s)","step":"","order":0},{"label":"Beurre doux","shopGroup":"Crèmerie  hors fromage","qte":"20","unit":"g","step":"","order":1},{"label":"Farine de blé","shopGroup":"Epicerie","qte":"30","unit":"g","step":"","order":2},{"label":"Vinaigre alcool blanc","shopGroup":"Epicerie","qte":"10","unit":"cl","step":"","order":3},{"label":"Citron(s) jaune(s)","shopGroup":"Fruits","qte":"1","unit":"pièce(s)","step":"","order":4},{"label":"Salsifis frais","shopGroup":"Légumes","qte":"18","unit":"pièce(s)","step":"","order":5},{"label":"Mesclun de salade","shopGroup":"Légumes","qte":"100","unit":"g","step":"","order":6},{"label":"Gros sel","shopGroup":"","qte":"30","unit":"g","step":"","order":7},{"label":"Huile d'olive","shopGroup":"Epicerie","qte":"2","unit":"cl","step":"","order":8},{"label":"Fleur de sel","shopGroup":"Epicerie","qte":"2","unit":"pincée(s)","step":"","order":9}],"chiefTip":"Utilisez de préférence des oeufs ultra-frais : le blanc se tient mieux près du jaune.","id":936}