{"title":"Omelette soufflée aux herbes, jus de carotte orange et gingembre","description":"","summary":"Pour un petit déjeuner ou un brunch tonic : Omelette soufflée aux herbes, jus de carotte orange et gingembre","timePreparation":"30mn","timeBaking":"0mn","timeRest":"0mn","picture":"","ingredients":[{"label":"Oeuf(s)","shopGroup":"Crèmerie  hors fromage","qte":"12","unit":"pièce(s)","step":"","order":0},{"label":"Ciboulette","shopGroup":"Herbes aromatiques","qte":"0.25","unit":"botte(s)","step":"","order":1},{"label":"Persil plat","shopGroup":"Herbes aromatiques","qte":"0.25","unit":"botte(s)","step":"","order":2},{"label":"Beurre doux","shopGroup":"Crèmerie  hors fromage","qte":"30","unit":"g","step":"","order":3},{"label":"Sel fin","shopGroup":"","qte":"3","unit":"pincée(s)","step":"","order":4},{"label":"Moulin à poivre","shopGroup":"","qte":"3","unit":"tour(s)","step":"","order":5},{"label":"Carotte(s)","shopGroup":"Légumes","qte":"600","unit":"g","step":"Pour le jus","order":6},{"label":"Orange(s)","shopGroup":"Fruits","qte":"6","unit":"pièce(s)","step":"Pour le jus","order":7},{"label":"Gingembre frais","shopGroup":"Légumes","qte":"15","unit":"g","step":"Pour le jus","order":8}],"chiefTip":"Servir les omelettes tièdes, chaudes ou froides : elles resteront très moelleuses !Pour un apport nutritionnel équilibré, utiliser des fruits et légumes bio avec la centrifugeuse.","id":10656}