{"title":"Poires caramélisées et tuiles aux amandes","description":"","summary":"Poires caramélisées et cuites de façon express, accompagnées de tuiles craquantes.","timePreparation":"10mn","timeBaking":"20mn","timeRest":"5mn","picture":"","ingredients":[{"label":"Sucre glace","shopGroup":"Epicerie","qte":"140","unit":"g","step":"Pour les tuiles","order":0},{"label":"Farine de blé","shopGroup":"Epicerie","qte":"35","unit":"g","step":"Pour les tuiles","order":1},{"label":"Jus d'orange","shopGroup":"Boissons sans alcool","qte":"5","unit":"cl","step":"Pour les tuiles","order":2},{"label":"Amande(s) hachée(s)","shopGroup":"Epicerie","qte":"50","unit":"g","step":"Pour les tuiles","order":3},{"label":"Beurre doux","shopGroup":"Crèmerie  hors fromage","qte":"35","unit":"g","step":"Pour les tuiles","order":4},{"label":"Sucre en poudre","shopGroup":"Epicerie","qte":"100","unit":"g","step":"Pour le reste de la recette","order":5},{"label":"Eau","shopGroup":"","qte":"10","unit":"cl","step":"Pour le reste de la recette","order":6},{"label":"Poire(s)","shopGroup":"Fruits","qte":"6","unit":"pièce(s)","step":"Pour le reste de la recette","order":7}],"chiefTip":"Attention : le temps de cuisson des poires dépend de leur maturité !Vous pouvez remplacer les amandes par d'autres fruits secs : graines de sésame, pistaches...","id":10502}