{"title":"Poires caramélisées et tuiles aux amandes","description":"Éplucher les poires, les épépiner et les couper en petits dés.<br />Dans une poêle chaude, verser le sucre et le caraméliser. Ajouter ensuite les poires et l'eau, puis couvrir et laisser cuire pendant 3 min. Découvrir alors et laisser cuire jusqu'à totale évaporation de l'eau.<br /><br />Préparer les tuiles : préchauffer le four à 200 °C.<br />Mélanger l'ensemble des ingrédients sans trop travailler l'appareil (il faut éviter d'incorporer de l'air dans la pâte). Déposer ensuite des tas suffisamment espacés les uns des autres sur une plaque garnie d'un tapis de cuisson ou de papier sulfurisé. Enfourner à 200 °C pendant 3 min (attention à la coloration, il est préférable de rester près du four lors de la cuisson).<br /><br />A la sortie du four, laisser les tuiles reposer quelques minutes, puis les façonner à la forme désirée (plate, en forme de corne d'abondance, etc.).<br /><br />Disposer les poires en assiettes creuses ou en verrines et décorer avec les tuiles.<br />","summary":"Poires caramélisées et cuites de façon express, accompagnées de tuiles craquantes.","timePreparation":"10mn","timeBaking":"20mn","timeRest":"5mn","picture":"","ingredients":[{"label":"Sucre glace","shopGroup":"Epicerie","qte":"140","unit":"g","step":"Pour les tuiles","order":0},{"label":"Farine de blé","shopGroup":"Epicerie","qte":"35","unit":"g","step":"Pour les tuiles","order":1},{"label":"Jus d'orange","shopGroup":"Boissons sans alcool","qte":"5","unit":"cl","step":"Pour les tuiles","order":2},{"label":"Amande(s) hachée(s)","shopGroup":"Epicerie","qte":"50","unit":"g","step":"Pour les tuiles","order":3},{"label":"Beurre doux","shopGroup":"Crèmerie  hors fromage","qte":"35","unit":"g","step":"Pour les tuiles","order":4},{"label":"Sucre en poudre","shopGroup":"Epicerie","qte":"100","unit":"g","step":"Pour le reste de la recette","order":5},{"label":"Eau","shopGroup":"","qte":"10","unit":"cl","step":"Pour le reste de la recette","order":6},{"label":"Poire(s)","shopGroup":"Fruits","qte":"6","unit":"pièce(s)","step":"Pour le reste de la recette","order":7}],"chiefTip":"Attention : le temps de cuisson des poires dépend de leur maturité !Vous pouvez remplacer les amandes par d'autres fruits secs : graines de sésame, pistaches...","id":10502}