{"title":"Linguine sauce tomate fraîche à l'origan, mozzarella et gambas rôties","description":"Éplucher et ciseler l'oignon. Éplucher et hacher la gousse d'ail. Éplucher puis concasser les tomates en laissant l'intérieur. Couper la mozzarella en cubes. <br />Décortiquer les gambas et retirer le boyau, puis les piquer par 4 sur un pic en bois façon brochette.<br /><br />Cuire les linguine \"al dente\" dans un grand volume d'eau salée. Les égoutter après la cuisson, puis les débarrasser dans un plat et les arroser d'un filet d'huile d'olive.<br /><br />Dans une poêle chaude, verser un trait d'huile d'olive puis colorer très légèrement les gambas, les assaisonner de sel fin et de piment d'Espelette. Réserver les gambas juste cuites. <br />Dans la même poêle, faire suer l'oignon et l'ail. Ajouter les tomates et l'origan, cuire 5 min. Déglacer ensuite avec le vin blanc, l'eau et la crème liquide. Assaisonner de sel fin et de piment d'Espelette (la sauce doit rester liquide). <br /><br />Réchauffer les linguine dans la sauce en ajoutant la mozzarella, ainsi que les gambas.<br /><br />Dresser le tout en assiette creuse, décorer de piment d'Espelette et d'une feuille de basilic.<br />","summary":"Linguine (équivalent des spaghetti) cuites \"al dente\", servies dans une sauce italienne à base de tomates et d'origan, accompagnées de gambas rôties en brochette.","timePreparation":"30mn","timeBaking":"0mn","timeRest":"0mn","picture":"","ingredients":[{"label":"Linguine","shopGroup":"Epicerie","qte":"480","unit":"g","step":"","order":0},{"label":"Oignon(s)","shopGroup":"Légumes","qte":"1","unit":"pièce(s)","step":"","order":1},{"label":"Gousse(s) d'ail","shopGroup":"Légumes","qte":"1","unit":"gousse(s)","step":"","order":2},{"label":"Huile d'olive","shopGroup":"Epicerie","qte":"5","unit":"cl","step":"","order":3},{"label":"Tomate(s)","shopGroup":"Fruits","qte":"6","unit":"pièce(s)","step":"","order":4},{"label":"Origan déshydraté","shopGroup":"Epicerie","qte":"0.5","unit":"c.","step":"","order":5},{"label":"Vin blanc sec","shopGroup":"Boissons alcoolisées","qte":"5","unit":"cl","step":"","order":6},{"label":"Eau","shopGroup":"","qte":"5","unit":"cl","step":"","order":7},{"label":"Crème liquide entière","shopGroup":"Crèmerie  hors fromage","qte":"10","unit":"cl","step":"","order":8},{"label":"Gambas surgelée(s)","shopGroup":"Surgelés","qte":"24","unit":"pièce(s)","step":"","order":9},{"label":"Mozzarella","shopGroup":"Fromage(s)","qte":"1","unit":"pièce(s)","step":"","order":10},{"label":"Basilic","shopGroup":"","qte":"6","unit":"f","step":"","order":11},{"label":"Sel fin","shopGroup":"","qte":"3","unit":"pincée(s)","step":"","order":12},{"label":"Piment d'Espelette","shopGroup":"Epicerie","qte":"2","unit":"pincée(s)","step":"","order":13},{"label":"Gros sel","shopGroup":"","qte":"35","unit":"g","step":"","order":14},{"label":"Eau","shopGroup":"","qte":"5","unit":"l","step":"","order":15}],"chiefTip":"Pour obtenir une sauce plus homogène, vous pouvez mixer les tomates avant de les mettre en cuisson. Et pour une recette expresse, remplacer la sauce aux tomates cerise par la sauce Barilla \"Tomates Cerise Napoletana\".","id":10376}