{"id":10376,"title":"Recette de Linguine sauce tomate fraîche à l'origan, mozzarella et gambas rôties","description":"","summary":"Linguine (équivalent des spaghetti) cuites \"al dente\", servies dans une sauce italienne à base de tomates et d'origan, accompagnées de gambas rôties en brochette.","timePreparation":"30mn","timeBaking":"0mn","timeRest":"0mn","picture":"http://1.media.atelierdeschefs.com/recette-e10376-linguine-sauce-tomate-fraiche-a-l-origan-mozzarella-et-gambas-roties.jpg","ingredients":[{"label":"Linguine","shopGroup":"Epicerie","qte":"480","unit":"g","step":"","order":0},{"label":"Oignon(s)","shopGroup":"Légumes","qte":"1","unit":"pièce(s)","step":"","order":1},{"label":"Gousse(s) d'ail","shopGroup":"Légumes","qte":"1","unit":"gousse(s)","step":"","order":2},{"label":"Huile d'olive","shopGroup":"Epicerie","qte":"5","unit":"cl","step":"","order":3},{"label":"Tomate(s)","shopGroup":"Fruits","qte":"6","unit":"pièce(s)","step":"","order":4},{"label":"Origan déshydraté","shopGroup":"Epicerie","qte":"0.5","unit":"c.","step":"","order":5},{"label":"Vin blanc sec","shopGroup":"Boissons alcoolisées","qte":"5","unit":"cl","step":"","order":6},{"label":"Eau","shopGroup":"","qte":"5","unit":"cl","step":"","order":7},{"label":"Crème liquide entière","shopGroup":"Crèmerie  hors fromage","qte":"10","unit":"cl","step":"","order":8},{"label":"Gambas surgelée(s)","shopGroup":"Surgelés","qte":"24","unit":"pièce(s)","step":"","order":9},{"label":"Mozzarella","shopGroup":"Fromage(s)","qte":"1","unit":"pièce(s)","step":"","order":10},{"label":"Basilic","shopGroup":"","qte":"6","unit":"f","step":"","order":11},{"label":"Sel fin","shopGroup":"","qte":"3","unit":"pincée(s)","step":"","order":12},{"label":"Piment d'Espelette","shopGroup":"Epicerie","qte":"2","unit":"pincée(s)","step":"","order":13},{"label":"Gros sel","shopGroup":"","qte":"35","unit":"g","step":"","order":14},{"label":"Eau","shopGroup":"","qte":"5","unit":"l","step":"","order":15}]}