{"title":"Blanc-manger à l'eau de fleur d'oranger et aux oranges, tuiles au sésame","description":"","summary":"Un lait gélifié parfumé à la fleur d'oranger, garni de suprêmes d'oranges caramélisés et accompagné de tuiles légères et croustillantes aux graines de sésame.","timePreparation":"1h","timeBaking":"0mn","timeRest":"1h","picture":"","ingredients":[{"label":"Lait entier","shopGroup":"Crèmerie  hors fromage","qte":"45","unit":"cl","step":"","order":0},{"label":"Sucre en poudre","shopGroup":"","qte":"50","unit":"g","step":"","order":1},{"label":"Poudre d'amande","shopGroup":"Epicerie","qte":"100","unit":"g","step":"","order":2},{"label":"Feuille(s) de gélatine de 2 g","shopGroup":"Epicerie","qte":"4","unit":"pièce(s)","step":"","order":3},{"label":"Crème liquide entière","shopGroup":"Crèmerie  hors fromage","qte":"25","unit":"cl","step":"","order":4},{"label":"Eau de fleur d'oranger","shopGroup":"Epicerie","qte":"3","unit":"cl","step":"","order":5},{"label":"Orange(s)","shopGroup":"Fruits","qte":"4","unit":"pièce(s)","step":"Pour la garniture","order":6},{"label":"Sucre en poudre","shopGroup":"Epicerie","qte":"100","unit":"g","step":"Pour la garniture","order":7},{"label":"Beurre doux","shopGroup":"","qte":"10","unit":"g","step":"Pour la garniture","order":8},{"label":"Graines de sésame blanches","shopGroup":"Epicerie","qte":"50","unit":"g","step":"Pour les tuiles","order":9},{"label":"Farine de blé","shopGroup":"Epicerie","qte":"35","unit":"g","step":"Pour les tuiles","order":10},{"label":"Jus d'orange","shopGroup":"","qte":"5","unit":"cl","step":"Pour les tuiles","order":11},{"label":"Beurre doux","shopGroup":"Crèmerie  hors fromage","qte":"35","unit":"g","step":"Pour les tuiles","order":12},{"label":"Sucre glace","shopGroup":"Epicerie","qte":"140","unit":"g","step":"Pour les tuiles","order":13}],"chiefTip":"Les tuiles peuvent être cuites après avoir été étalées en forme de grands rectangles. Une fois refroidies, cassez-les en gros morceaux à la main et piquez-les ensuite dans les blancs-mangers : cela donnera beaucoup de volume à votre dessert.","id":10080}