{"title":"Blanc-manger à l'eau de fleur d'oranger et aux oranges, tuiles au sésame","description":"<br /><b>Pour le blanc-manger </b><br />Placer les feuilles de gélatine dans un récipient et les recouvrir d'eau froide pour les faire ramollir. Les laisser tremper 5 min environ, puis les égoutter et bien les essorer.<br /><br />Faire bouillir le lait avec le sucre et la poudre d'amande. Incorporer la gélatine et l'eau de fleur d'oranger au mélange, puis passer le tout au chinois fin pour enlever les morceaux d'amande. Mettre ensuite au frais.<br />Monter la crème liquide froide à l'aide d'un fouet et l'incorporer au mélange de lait refroidi.<br />Verser cet appareil dans des cercles à pâtisserie ou dans des moules individuels en silicone, ou encore dans des verrines. Mettre ensuite au frais pendant 4 h ou au congélateur pendant 30 min.<br /><br /><b>Pour les oranges </b><br />Peler les oranges à vif, c'est-à-dire à l'aide d'un couteau, retirer la peau et toutes les parties blanches. Prélever les suprêmes et les réserver dans une passoire.<br /><br />Dans une poêle, verser le sucre et le cuire pour obtenir un caramel. A coloration, ajouter le beurre puis les suprêmes d'oranges et cuire 1 min. Déglacer ensuite avec le jus des oranges et cuire jusqu'à évaporation complète du liquide. Réserver.<br /><br /><b>Pour les tuiles </b><br />Préchauffer le four à 200 °C (th. 6-7). <br /><br />Faire fondre le beurre. Dans un bol, mélanger la farine, le sucre glace et les graines de sésame. Ajouter le beurre fondu et le jus d'orange. Déposer ensuite la pâte en petits tas sur une plaque allant au four garnie de papier cuisson, puis enfourner 5 à 6 min pour obtenir une belle couleur dorée. A la sortie du four, laisser refroidir 1 min. <br /><br />Pour le dressage : répartir les oranges caramélisées sur les blancs-mangers et les garnir de tuiles.<br />","summary":"Un lait gélifié parfumé à la fleur d'oranger, garni de suprêmes d'oranges caramélisés et accompagné de tuiles légères et croustillantes aux graines de sésame.","timePreparation":"1h","timeBaking":"0mn","timeRest":"1h","picture":"","ingredients":[{"label":"Lait entier","shopGroup":"Crèmerie  hors fromage","qte":"45","unit":"cl","step":"","order":0},{"label":"Sucre en poudre","shopGroup":"","qte":"50","unit":"g","step":"","order":1},{"label":"Poudre d'amande","shopGroup":"Epicerie","qte":"100","unit":"g","step":"","order":2},{"label":"Feuille(s) de gélatine de 2 g","shopGroup":"Epicerie","qte":"4","unit":"pièce(s)","step":"","order":3},{"label":"Crème liquide entière","shopGroup":"Crèmerie  hors fromage","qte":"25","unit":"cl","step":"","order":4},{"label":"Eau de fleur d'oranger","shopGroup":"Epicerie","qte":"3","unit":"cl","step":"","order":5},{"label":"Orange(s)","shopGroup":"Fruits","qte":"4","unit":"pièce(s)","step":"Pour la garniture","order":6},{"label":"Sucre en poudre","shopGroup":"Epicerie","qte":"100","unit":"g","step":"Pour la garniture","order":7},{"label":"Beurre doux","shopGroup":"","qte":"10","unit":"g","step":"Pour la garniture","order":8},{"label":"Graines de sésame blanches","shopGroup":"Epicerie","qte":"50","unit":"g","step":"Pour les tuiles","order":9},{"label":"Farine de blé","shopGroup":"Epicerie","qte":"35","unit":"g","step":"Pour les tuiles","order":10},{"label":"Jus d'orange","shopGroup":"","qte":"5","unit":"cl","step":"Pour les tuiles","order":11},{"label":"Beurre doux","shopGroup":"Crèmerie  hors fromage","qte":"35","unit":"g","step":"Pour les tuiles","order":12},{"label":"Sucre glace","shopGroup":"Epicerie","qte":"140","unit":"g","step":"Pour les tuiles","order":13}],"chiefTip":"Les tuiles peuvent être cuites après avoir été étalées en forme de grands rectangles. Une fois refroidies, cassez-les en gros morceaux à la main et piquez-les ensuite dans les blancs-mangers : cela donnera beaucoup de volume à votre dessert.","id":10080}