{"title":"Croquette chocolat","description":"Dans une casserole, faire bouillir la crème puis la verser sur le chocolat. Mélanger délicatement au fouet, ajouter le grué de cacao et laisser prendre au frais pendant 30 min. Réunir ensuite la préparation dans une poche sans douille. <br /><br />Réaliser de petits tas, puis les rouler dans le cacao et les réserver au frais 10 min.<br />Dans un plat, ajouter 20 g de sucre et battre les oeufs comme une omelette.<br />Dans un autre plat, mélanger la chapelure et la poudre de noisette. Passer les truffes dans l'oeuf en s'aidant de la fourchette pour les égoutter, puis dans le mélange de chapelure et de noisette. Répéter l'opération 2 fois. Entreposer ensuite les truffes panées au congélateur pendant 20 min. <br /><br />Dans une casserole, faire chauffer l'huile, préparer un plat avec un linge pour égoutter la friture et le reste de sucre pour l'assaisonnement. Passer les truffes congelées dans l'huile pendant 2 min, puis les égoutter et les sucrer. Déguster aussitôt.<br />","summary":"Une bouchée croustillante avec un coeur liquide de chocolat chaud et une touche d'amertume avec l'écorce des fèves.","timePreparation":"1h","timeBaking":"0mn","timeRest":"0mn","picture":"","ingredients":[{"label":"Chocolat noir","shopGroup":"Epicerie","qte":"200","unit":"g","step":"","order":0},{"label":"Crème liquide entière","shopGroup":"Crèmerie  hors fromage","qte":"20","unit":"cl","step":"","order":1},{"label":"Grué de cacao","shopGroup":"Epicerie","qte":"50","unit":"g","step":"","order":2},{"label":"Cacao en poudre non sucré","shopGroup":"Epicerie","qte":"100","unit":"g","step":"","order":3},{"label":"Oeuf(s)","shopGroup":"Crèmerie  hors fromage","qte":"3","unit":"pièce(s)","step":"","order":4},{"label":"Sucre en poudre","shopGroup":"Epicerie","qte":"40","unit":"g","step":"","order":5},{"label":"Chapelure de pain","shopGroup":"Epicerie","qte":"150","unit":"g","step":"","order":6},{"label":"Poudre de noisette","shopGroup":"Epicerie","qte":"100","unit":"g","step":"","order":7},{"label":"Huile de friture","shopGroup":"Epicerie","qte":"1","unit":"l","step":"","order":8}],"chiefTip":"Vous pouvez remplacer la poudre de noisette par de la poudre d'amande ou varier les ganaches de chocolat.","id":10369}