{"title":"Croquette chocolat","description":"","summary":"Une bouchée croustillante avec un coeur liquide de chocolat chaud et une touche d'amertume avec l'écorce des fèves.","timePreparation":"1h","timeBaking":"0mn","timeRest":"0mn","picture":"","ingredients":[{"label":"Chocolat noir","shopGroup":"Epicerie","qte":"200","unit":"g","step":"","order":0},{"label":"Crème liquide entière","shopGroup":"Crèmerie  hors fromage","qte":"20","unit":"cl","step":"","order":1},{"label":"Grué de cacao","shopGroup":"Epicerie","qte":"50","unit":"g","step":"","order":2},{"label":"Cacao en poudre non sucré","shopGroup":"Epicerie","qte":"100","unit":"g","step":"","order":3},{"label":"Oeuf(s)","shopGroup":"Crèmerie  hors fromage","qte":"3","unit":"pièce(s)","step":"","order":4},{"label":"Sucre en poudre","shopGroup":"Epicerie","qte":"40","unit":"g","step":"","order":5},{"label":"Chapelure de pain","shopGroup":"Epicerie","qte":"150","unit":"g","step":"","order":6},{"label":"Poudre de noisette","shopGroup":"Epicerie","qte":"100","unit":"g","step":"","order":7},{"label":"Huile de friture","shopGroup":"Epicerie","qte":"1","unit":"l","step":"","order":8}],"chiefTip":"Vous pouvez remplacer la poudre de noisette par de la poudre d'amande ou varier les ganaches de chocolat.","id":10369}