{"title":"Quiche provençale","description":"","summary":"Tarte garnie de légumes du soleil cuits aux senteurs de thym et liés avec une crème prise au parmesan.","timePreparation":"1h","timeBaking":"0mn","timeRest":"0mn","picture":"","ingredients":[{"label":"Farine de blé","shopGroup":"Epicerie","qte":"200","unit":"g","step":"Pour la pâte","order":0},{"label":"Beurre doux","shopGroup":"Crèmerie  hors fromage","qte":"100","unit":"g","step":"Pour la pâte","order":1},{"label":"Jaune(s) d'oeuf(s)","shopGroup":"","qte":"1","unit":"pièce(s)","step":"Pour la pâte","order":2},{"label":"Sel fin","shopGroup":"","qte":"1","unit":"pincée(s)","step":"Pour la pâte","order":3},{"label":"Eau","shopGroup":"","qte":"2","unit":"cl","step":"Pour la pâte","order":4},{"label":"Aubergine(s)","shopGroup":"Légumes","qte":"1","unit":"pièce(s)","step":"Pour la garniture","order":5},{"label":"Poivron(s) jaune(s)","shopGroup":"Légumes","qte":"1","unit":"pièce(s)","step":"Pour la garniture","order":6},{"label":"Poivron(s) rouge(s)","shopGroup":"Légumes","qte":"1","unit":"pièce(s)","step":"Pour la garniture","order":7},{"label":"Tomate(s)","shopGroup":"Fruits","qte":"1","unit":"pièce(s)","step":"Pour la garniture","order":8},{"label":"Oignon(s) rouge(s)","shopGroup":"Légumes","qte":"2","unit":"pièce(s)","step":"Pour la garniture","order":9},{"label":"Olive(s) verte(s)","shopGroup":"Epicerie","qte":"30","unit":"g","step":"Pour la garniture","order":10},{"label":"Gousse(s) d'ail","shopGroup":"Légumes","qte":"1","unit":"gousse(s)","step":"Pour la garniture","order":11},{"label":"Thym frais","shopGroup":"Herbes aromatiques","qte":"1","unit":"branche(s)","step":"Pour la garniture","order":12},{"label":"Sel fin","shopGroup":"","qte":"3","unit":"pincée(s)","step":"Pour la garniture","order":13},{"label":"Moulin à poivre","shopGroup":"","qte":"3","unit":"tour(s)","step":"Pour la garniture","order":14},{"label":"Huile d'olive","shopGroup":"Epicerie","qte":"3","unit":"cl","step":"Pour la garniture","order":15},{"label":"Jaune(s) d'oeuf(s)","shopGroup":"Crèmerie  hors fromage","qte":"2","unit":"pièce(s)","step":"Pour la crème","order":16},{"label":"Crème fraîche épaisse","shopGroup":"Crèmerie  hors fromage","qte":"100","unit":"g","step":"Pour la crème","order":17},{"label":"Oeuf(s)","shopGroup":"Crèmerie  hors fromage","qte":"1","unit":"pièce(s)","step":"Pour la crème","order":18},{"label":"Lait entier","shopGroup":"Crèmerie  hors fromage","qte":"15","unit":"cl","step":"Pour la crème","order":19},{"label":"Parmigiano Reggiano râpé","shopGroup":"Fromage(s)","qte":"50","unit":"g","step":"Pour la crème","order":20}],"chiefTip":"Vous pouvez étaler la pâte entre 2 feuilles de papier sulfurisé, ce qui lui évitera de coller à votre plan de travail.","id":10263}