{"title":"Croustillant de volaille au romarin, tartare de tomate à la fleur de thym","description":"","summary":"Un morceau de volaille enveloppé dans une feuille de brick où l'on emprisonne de petites aiguilles de romarin, le tout grillé et accompagné d'un tartare de tomate au goût de tomate...","timePreparation":"15mn","timeBaking":"5mn","timeRest":"0mn","picture":"","ingredients":[{"label":"Blanc(s) de poulet jaune des Landes","shopGroup":"Boucherie","qte":"2","unit":"pièce(s)","step":"","order":0},{"label":"Feuille(s) de brick","shopGroup":"Traiteur","qte":"3","unit":"pièce(s)","step":"","order":1},{"label":"Romarin","shopGroup":"Herbes aromatiques","qte":"0.25","unit":"botte(s)","step":"","order":2},{"label":"Tomate(s)","shopGroup":"Fruits","qte":"3","unit":"pièce(s)","step":"Pour la garniture","order":3},{"label":"Purée de tomate confite","shopGroup":"Epicerie","qte":"20","unit":"g","step":"Pour la garniture","order":4},{"label":"Fleur de Thym","shopGroup":"Epicerie","qte":"2","unit":"g","step":"Pour la garniture","order":5},{"label":"Sel fin","shopGroup":"","qte":"2","unit":"pincée(s)","step":"Pour la garniture","order":6},{"label":"Piment d'Espelette","shopGroup":"Epicerie","qte":"2","unit":"pincée(s)","step":"Pour la garniture","order":7},{"label":"Huile d'olive","shopGroup":"Epicerie","qte":"3","unit":"cl","step":"Pour la garniture","order":8},{"label":"Fleur de sel","shopGroup":"Epicerie","qte":"3","unit":"pincée(s)","step":"Pour le reste de la recette","order":9}],"chiefTip":"Vous pouvez réchauffer les croustillants 2 min dans un four préchauffé à 200 °C.","id":10559}