{"title":"Quenelle de cabillaud, mousseline de potiron","description":"Pour la mousseline : éplucher le potiron puis le couper en petits morceaux.<br />Peler l'oignon et le ciseler, puis le faire suer dans une casserole avec de l'huile d'olive et une pincée de sel. Ajouter le potiron, une branche de thym et 20 cl de lait et laisser cuire. Égoutter ensuite en conservant le liquide, enlever le thym puis mixer à l'aide d'un mixeur plongeant. Verser le liquide de cuisson petit à petit jusqu'à obtention d'une texture bien onctueuse.<br />Verser dans une casserole et maintenir au chaud.<br /><br />Pour la quenelle de poisson : enlever la peau du cabillaud et le couper en gros morceaux, puis le mixer au robot-coupe avec le Petit Suisse. Rectifier l'assaisonnement en sel et en poivre.<br />Former la farce à l'aide de cuillères à soupe trempées dans l'eau afin de réaliser des quenelles. Faire bouillir 50 cl de lait et pocher les quenelles de poisson pendant 7 à 8 min.<br /><br />Dans une assiette creuse, servir la mousseline de potiron avec 3 quenelles de cabillaud.<br />","summary":"Pourquoi ne pas laisser bébé porter les quenelles de poisson dans ses petites mains ?  Il a envie de manger tout seul !","timePreparation":"45mn","timeBaking":"0mn","timeRest":"0mn","picture":"","ingredients":[{"label":"Pavé(s) de cabillaud de 150 g","shopGroup":"Poissonnerie","qte":"3","unit":"pièce(s)","step":"","order":0},{"label":"Petit(s) Suisse(s)","shopGroup":"Crèmerie  hors fromage","qte":"3","unit":"pièce(s)","step":"","order":1},{"label":"Lait 1/2 écrémé","shopGroup":"Crèmerie  hors fromage","qte":"70","unit":"cl","step":"","order":2},{"label":"Potiron","shopGroup":"Légumes","qte":"200","unit":"g","step":"","order":3},{"label":"Oignon(s)","shopGroup":"Légumes","qte":"0.5","unit":"pièce(s)","step":"","order":4},{"label":"Huile d'olive","shopGroup":"Epicerie","qte":"2","unit":"cl","step":"","order":5},{"label":"Fleur de sel","shopGroup":"Epicerie","qte":"3","unit":"pincée(s)","step":"","order":6},{"label":"Moulin à poivre","shopGroup":"","qte":"3","unit":"tour(s)","step":"","order":7},{"label":"Thym frais","shopGroup":"Herbes aromatiques","qte":"1","unit":"branche(s)","step":"","order":8}],"chiefTip":"Vous pouvez mettre dans la mousseline un peu d'épices douces comme la cannelle pour la rendre plus savoureuse.","id":10571}