{"title":"Mini-brochette de tomate et mozzarella","description":"","summary":"Brochette de tomates cerises et de mozzarella : un délice avec une petite salade de saison.","timePreparation":"30mn","timeBaking":"0mn","timeRest":"0mn","picture":"","ingredients":[{"label":"Bille(s) de mozzarella","shopGroup":"Fromage(s)","qte":"250","unit":"g","step":"","order":0},{"label":"Tomate(s) cerise(s)","shopGroup":"Fruits","qte":"15","unit":"pièce(s)","step":"","order":1},{"label":"Basilic","shopGroup":"Herbes aromatiques","qte":"1","unit":"botte(s)","step":"","order":2},{"label":"Huile d'olive","shopGroup":"Epicerie","qte":"20","unit":"cl","step":"","order":3},{"label":"Pignon(s) de pin","shopGroup":"Epicerie","qte":"20","unit":"g","step":"","order":4},{"label":"Parmesan Parmigiano Reggiano","shopGroup":"Fromage(s)","qte":"20","unit":"g","step":"","order":5},{"label":"Sel fin","shopGroup":"","qte":"6","unit":"pincée(s)","step":"","order":6},{"label":"Moulin à poivre","shopGroup":"","qte":"6","unit":"tour(s)","step":"","order":7},{"label":"Roquette","shopGroup":"Légumes","qte":"500","unit":"g","step":"","order":8}],"chiefTip":"Variez vos brochettes en ajoutant de la charcuterie italienne ou espagnole...","id":10086}