{"id":1007,"title":"Recette de Comme une crème brûlée aux épices et granité à la bière rousse","description":"","summary":"Dans un verre à pied, une crème onctueuse surmontée d'une douceur glacée à la bière rousse.","timePreparation":"30mn","timeBaking":"12mn","timeRest":"3h","picture":"http://1.media.atelierdeschefs.com/recette-e1007-comme-une-creme-brulee-aux-epices-et-granite-a-la-biere-rousse.jpg","ingredients":[{"label":"Lait 1/2 écrémé","shopGroup":"Crèmerie  hors fromage","qte":"50","unit":"cl","step":"Pour la crème","order":0},{"label":"Sucre en poudre","shopGroup":"","qte":"120","unit":"g","step":"Pour la crème","order":1},{"label":"Feuille(s) de gélatine de 2 g","shopGroup":"Epicerie","qte":"3","unit":"pièce(s)","step":"Pour la crème","order":2},{"label":"Mélange 4 épices","shopGroup":"Epicerie","qte":"4","unit":"g","step":"Pour la crème","order":3},{"label":"Jaune(s) d'oeuf(s)","shopGroup":"Crèmerie  hors fromage","qte":"6","unit":"pièce(s)","step":"Pour la crème","order":4},{"label":"Eau","shopGroup":"","qte":"2.5","unit":"cl","step":"Pour les tuiles","order":5},{"label":"Farine de blé","shopGroup":"Epicerie","qte":"15","unit":"g","step":"Pour les tuiles","order":6},{"label":"Sucre glace","shopGroup":"Epicerie","qte":"100","unit":"g","step":"Pour les tuiles","order":7},{"label":"Beurre doux","shopGroup":"Crèmerie  hors fromage","qte":"30","unit":"g","step":"Pour les tuiles","order":8},{"label":"Sucre en poudre","shopGroup":"Epicerie","qte":"110","unit":"g","step":"Pour la glace","order":9},{"label":"Bière rousse","shopGroup":"Boissons alcoolisées","qte":"37.5","unit":"cl","step":"Pour la glace","order":10}]}