{"title":"Comme une crème brûlée aux épices et granité à la bière rousse","description":"Mettre les feuilles de gélatine à tremper dans un grand volume d'eau froide. Porter le lait à ébullition.<br /><br />Dans un récipient, blanchir les jaunes d'oeufs avec le sucre en les fouettant, puis les ajouter au lait et cuire jusqu'à 85 °C (la crème doit napper la spatule). Ajouter alors les feuilles de gélatine pressées et le mélange 4 épices.<br /><br />Verser cette crème dans des verres à pied.<br /><br /><b>Pour les tuiles :</b><br />Préchauffer le four à 200 °C (th. 7).<br />Mélanger tous les ingrédients composant la tuile. Disposer ensuite la pâte en petits tas espacés sur un tapis de cuisson en silicone (ou sur une plaque antiadhésive) et enfourner à 200 °C.<br />Sortir les tuiles du four dès qu'elles se colorent. Les laisser refroidir avant de les manipuler.<br /><br /><b>Pour le granité :</b><br />Mélanger la bière avec le sucre, disposer le tout dans un plat et mettre ce dernier au congélateur. Remuer avec une fourchette toutes les 15 min, jusqu'à obtention d'une texture neigeuse (entre 2 et 3 h selon les congélateurs).<br /><br />Déposer une tuile et une cuillère à soupe de granité sur chaque verre de crème. Déguster immédiatement.<br />","summary":"Dans un verre à pied, une crème onctueuse surmontée d'une douceur glacée à la bière rousse.","timePreparation":"30mn","timeBaking":"12mn","timeRest":"3h","picture":"","ingredients":[{"label":"Lait 1/2 écrémé","shopGroup":"Crèmerie  hors fromage","qte":"50","unit":"cl","step":"Pour la crème","order":0},{"label":"Sucre en poudre","shopGroup":"","qte":"120","unit":"g","step":"Pour la crème","order":1},{"label":"Feuille(s) de gélatine de 2 g","shopGroup":"Epicerie","qte":"3","unit":"pièce(s)","step":"Pour la crème","order":2},{"label":"Mélange 4 épices","shopGroup":"Epicerie","qte":"4","unit":"g","step":"Pour la crème","order":3},{"label":"Jaune(s) d'oeuf(s)","shopGroup":"Crèmerie  hors fromage","qte":"6","unit":"pièce(s)","step":"Pour la crème","order":4},{"label":"Eau","shopGroup":"","qte":"2.5","unit":"cl","step":"Pour les tuiles","order":5},{"label":"Farine de blé","shopGroup":"Epicerie","qte":"15","unit":"g","step":"Pour les tuiles","order":6},{"label":"Sucre glace","shopGroup":"Epicerie","qte":"100","unit":"g","step":"Pour les tuiles","order":7},{"label":"Beurre doux","shopGroup":"Crèmerie  hors fromage","qte":"30","unit":"g","step":"Pour les tuiles","order":8},{"label":"Sucre en poudre","shopGroup":"Epicerie","qte":"110","unit":"g","step":"Pour la glace","order":9},{"label":"Bière rousse","shopGroup":"Boissons alcoolisées","qte":"37.5","unit":"cl","step":"Pour la glace","order":10}],"chiefTip":"La crème ainsi obtenue ne nécessite pas de cuisson, la texture onctueuse et ferme rappelle exactement celle d'une crème cuite.","id":1007}