{"title":"Emulsion de pommes de terre et pommes acidulées, oeufs de saumon","description":"","summary":"Une purée de pommes de terre et de pommes vertes à l'huile d'olive... légère, si légère... et décorée d'oeufs de saumon.","timePreparation":"15mn","timeBaking":"15mn","timeRest":"0mn","picture":"","ingredients":[{"label":"Pomme(s) de terre ratte","shopGroup":"Légumes","qte":"400","unit":"g","step":"Pour l'émulsion","order":0},{"label":"Pomme(s) granny smith","shopGroup":"Fruits","qte":"2","unit":"pièce(s)","step":"Pour l'émulsion","order":1},{"label":"Lait 1/2 écrémé","shopGroup":"Crèmerie  hors fromage","qte":"10","unit":"cl","step":"Pour l'émulsion","order":2},{"label":"Huile d'olive","shopGroup":"Epicerie","qte":"15","unit":"cl","step":"Pour l'émulsion","order":3},{"label":"Oeufs de saumon","shopGroup":"Poissonnerie","qte":"50","unit":"g","step":"Pour l'émulsion","order":4},{"label":"Aneth","shopGroup":"Herbes aromatiques","qte":"3","unit":"branche(s)","step":"Pour l'émulsion","order":5},{"label":"Gros sel","shopGroup":"","qte":"10","unit":"g","step":"Pour l'émulsion","order":6},{"label":"Sel fin","shopGroup":"","qte":"3","unit":"pincée(s)","step":"Pour l'émulsion","order":7}],"chiefTip":"Pour garder la purée chaude, vous pouvez conserver le siphon au bain-marie.","id":10577}