{"title":"Emulsion de pommes de terre et pommes acidulées, oeufs de saumon","description":"Éplucher les pommes de terre et les pommes, puis les couper en morceaux. Les cuire ensuite dans de l'eau salée (10 g de gros sel/litre) jusqu'à ce que la pointe d'un couteau s'enfonce facilement dans la chair des pommes de terre. Au terme de la cuisson, égoutter le tout puis le passer au presse-purée.<br /><br />Dans une casserole chaude, fouetter la purée en incorporant progressivement l'huile d'olive. Couper le feu et ajouter le lait progressivement pour obtenir une purée semi-liquide,rectifier l'assaisonnement puis remplir le siphon. <br /><br />Dresser l'émulsion de pommes de terre et pommes en verrines, et décorer d'oeufs de saumon et de feuille d'aneth.<br />","summary":"Une purée de pommes de terre et de pommes vertes à l'huile d'olive... légère, si légère... et décorée d'oeufs de saumon.","timePreparation":"15mn","timeBaking":"15mn","timeRest":"0mn","picture":"","ingredients":[{"label":"Pomme(s) de terre ratte","shopGroup":"Légumes","qte":"400","unit":"g","step":"Pour l'émulsion","order":0},{"label":"Pomme(s) granny smith","shopGroup":"Fruits","qte":"2","unit":"pièce(s)","step":"Pour l'émulsion","order":1},{"label":"Lait 1/2 écrémé","shopGroup":"Crèmerie  hors fromage","qte":"10","unit":"cl","step":"Pour l'émulsion","order":2},{"label":"Huile d'olive","shopGroup":"Epicerie","qte":"15","unit":"cl","step":"Pour l'émulsion","order":3},{"label":"Oeufs de saumon","shopGroup":"Poissonnerie","qte":"50","unit":"g","step":"Pour l'émulsion","order":4},{"label":"Aneth","shopGroup":"Herbes aromatiques","qte":"3","unit":"branche(s)","step":"Pour l'émulsion","order":5},{"label":"Gros sel","shopGroup":"","qte":"10","unit":"g","step":"Pour l'émulsion","order":6},{"label":"Sel fin","shopGroup":"","qte":"3","unit":"pincée(s)","step":"Pour l'émulsion","order":7}],"chiefTip":"Pour garder la purée chaude, vous pouvez conserver le siphon au bain-marie.","id":10577}