{"title":"Brochette de lotte au piment et coulis de poivrons","description":"Éplucher les oignons nouveaux et les émincer en fines lamelles. Laver et épépiner les poivrons, puis les éplucher et les couper en fines lamelles. Couper le piment en 2 et l'épépiner.<br />Tailler la lotte en cubes de 3 cm de côté environ, puis les piquer sur des brochettes.<br /><br />Dans une cocotte chaude, mette un filet d'huile d'olive et faire suer les oignons avec une pincée de sel. Ajouter l'ail, le piment et les poivrons. Assaisonner, verser de l'eau à hauteur des légumes et cuire pendant 20 min. Ajouter le vinaigre de Xérès et faire bouillir, puis mixer finement.<br /><br />Dans une poêle chaude, verser un filet d'huile d'olive et colorer les brochettes de lotte pendant 2 min sur chaque face. Ajouter le beurre coupé en morceaux, le faire mousser et en arroser généreusement la lotte. Assaisonner de sel et de piment d'Espelette.<br /><br />Dresser le coulis de poivrons en assiettes creuses et poser dessus les brochettes de lotte.<br />","summary":"Réalisez une brochette de lotte poêlée, servie avec un coulis de poivrons piquant et acidulé.","timePreparation":"30mn","timeBaking":"20mn","timeRest":"0mn","picture":"http://1.media.atelierdeschefs.com/recette-c10456-brochette-de-lotte-au-piment-et-coulis-de-poivrons.jpg","ingredients":[{"label":"Filet(s) de lotte","shopGroup":"Poissonnerie","qte":"900","unit":"g","step":"","order":0},{"label":"Poivron(s) rouge(s)","shopGroup":"Légumes","qte":"2","unit":"pièce(s)","step":"","order":1},{"label":"Piment(s) oiseau","shopGroup":"Epicerie","qte":"1","unit":"g","step":"","order":2},{"label":"Oignon(s) nouveau(x)","shopGroup":"Légumes","qte":"3","unit":"pièce(s)","step":"","order":3},{"label":"Vinaigre de Xérès","shopGroup":"Epicerie","qte":"4","unit":"cl","step":"","order":4},{"label":"Beurre doux","shopGroup":"Crèmerie  hors fromage","qte":"50","unit":"g","step":"","order":5},{"label":"Gousse(s) d'ail","shopGroup":"Légumes","qte":"1","unit":"gousse(s)","step":"","order":6},{"label":"Huile d'olive","shopGroup":"Epicerie","qte":"5","unit":"cl","step":"","order":7},{"label":"Fleur de sel","shopGroup":"Epicerie","qte":"3","unit":"pincée(s)","step":"","order":8},{"label":"Piment d'Espelette","shopGroup":"Epicerie","qte":"3","unit":"pincée(s)","step":"","order":9}],"chiefTip":"La lotte devient très vite sèche : il faut la saisir à feu vif et ne pas la cuire trop longtemps.","id":10456}