{"id":10456,"title":"Recette de Brochette de lotte au piment et coulis de poivrons","description":"","summary":"Réalisez une brochette de lotte poêlée, servie avec un coulis de poivrons piquant et acidulé.","timePreparation":"30mn","timeBaking":"20mn","timeRest":"0mn","picture":"http://1.media.atelierdeschefs.com/recette-e10456-brochette-de-lotte-au-piment-et-coulis-de-poivrons.jpg","ingredients":[{"label":"Filet(s) de lotte","shopGroup":"Poissonnerie","qte":"900","unit":"g","step":"","order":0},{"label":"Poivron(s) rouge(s)","shopGroup":"Légumes","qte":"2","unit":"pièce(s)","step":"","order":1},{"label":"Piment(s) oiseau","shopGroup":"Epicerie","qte":"1","unit":"g","step":"","order":2},{"label":"Oignon(s) nouveau(x)","shopGroup":"Légumes","qte":"3","unit":"pièce(s)","step":"","order":3},{"label":"Vinaigre de Xérès","shopGroup":"Epicerie","qte":"4","unit":"cl","step":"","order":4},{"label":"Beurre doux","shopGroup":"Crèmerie  hors fromage","qte":"50","unit":"g","step":"","order":5},{"label":"Gousse(s) d'ail","shopGroup":"Légumes","qte":"1","unit":"gousse(s)","step":"","order":6},{"label":"Huile d'olive","shopGroup":"Epicerie","qte":"5","unit":"cl","step":"","order":7},{"label":"Fleur de sel","shopGroup":"Epicerie","qte":"3","unit":"pincée(s)","step":"","order":8},{"label":"Piment d'Espelette","shopGroup":"Epicerie","qte":"3","unit":"pincée(s)","step":"","order":9}]}