{"id":10547,"title":"Recette de Papillote cristalline de saumon, pois gourmands et vinaigrette de soja","description":"","summary":"Dans un papier spécial cuisson appelé \"Carta Fata\", on cuit par transparence des cubes de saumon et des pois gourmands assaisonnés d'une vinaigrette à base de sauce soja et de coriandre.","timePreparation":"15mn","timeBaking":"0mn","timeRest":"0mn","picture":"http://1.media.atelierdeschefs.com/recette-e10547-papillote-cristalline-de-saumon-pois-gourmands-et-vinaigrette-de-soja.jpg","ingredients":[{"label":"Pavé(s) de saumon (150g)","shopGroup":"Poissonnerie","qte":"2","unit":"pièce(s)","step":"","order":0},{"label":"Pois gourmand(s)","shopGroup":"Légumes","qte":"200","unit":"g","step":"","order":1},{"label":"Coriandre fraîche","shopGroup":"Herbes aromatiques","qte":"0.25","unit":"botte(s)","step":"","order":2},{"label":"Sauce Soja","shopGroup":"Epicerie","qte":"5","unit":"cl","step":"","order":3},{"label":"Huile d'olive","shopGroup":"Epicerie","qte":"20","unit":"cl","step":"","order":4},{"label":"Sel fin","shopGroup":"","qte":"6","unit":"pincée(s)","step":"","order":5},{"label":"Moulin à poivre","shopGroup":"","qte":"6","unit":"tour(s)","step":"","order":6}]}