{"title":"Sucette de pommes de terre aux épices et graines de pavot","description":"Placer les pommes de terre avec la peau dans de l'eau froide, puis porter à ébullition, saler au gros sel et cuire. <br />Ciseler finement la ciboulette, la coriandre et l'estragon. Couper les tomates séchées en petits dés. <br /><br />Préchauffer le four à 200 °C.<br /><br />Une fois les pommes de terre cuites, les éplucher et les écraser à l'aide d'une fourchette, puis ajouter le beurre, la fleur de sel, le poivre, les épices et la crème. Incorporer ensuite les herbes et les dés de tomates. Réserver l'écrasée de pommes de terre au frais.<br />Former des petites boules dans la paume de la main. Planter un pic en bois au centre, rouler chaque boule dans l'oeuf préalablement battu en omelette, puis la tremper dans les graines de pavot.<br /><br />Déposer ensuite toutes les sucettes sur une plaque allant au four et les cuire à 200 °C pendant 2 à 4 min (suivant la taille des boules).<br />","summary":"Une écrasée de pommes de terre parfumée au cumin et à la noix de muscade, relevée d'estragon, de coriandre et de ciboulette, puis roulée en petites boules piquées sur une brochette et panées dans des graines de pavot : une sucette originale à l'heure de l'apéro !","timePreparation":"20mn","timeBaking":"30mn","timeRest":"0mn","picture":"","ingredients":[{"label":"Pomme(s) de Terre charlotte","shopGroup":"Légumes","qte":"200","unit":"g","step":"","order":0},{"label":"Beurre doux","shopGroup":"Crèmerie  hors fromage","qte":"50","unit":"g","step":"","order":1},{"label":"Crème liquide entière","shopGroup":"Crèmerie  hors fromage","qte":"5","unit":"cl","step":"","order":2},{"label":"Tomate(s) confite(s)","shopGroup":"Epicerie","qte":"50","unit":"g","step":"","order":3},{"label":"Cumin en poudre","shopGroup":"Epicerie","qte":"5","unit":"g","step":"","order":4},{"label":"Noix de muscade râpée","shopGroup":"Epicerie","qte":"1","unit":"g","step":"","order":5},{"label":"Fleur de sel","shopGroup":"Epicerie","qte":"3","unit":"pincée(s)","step":"","order":6},{"label":"Moulin à poivre","shopGroup":"","qte":"3","unit":"tour(s)","step":"","order":7},{"label":"Ciboulette","shopGroup":"Herbes aromatiques","qte":"0.25","unit":"botte(s)","step":"","order":8},{"label":"Coriandre fraîche","shopGroup":"Herbes aromatiques","qte":"0.25","unit":"botte(s)","step":"","order":9},{"label":"Estragon","shopGroup":"Herbes aromatiques","qte":"0.25","unit":"botte(s)","step":"","order":10},{"label":"Gros sel","shopGroup":"","qte":"10","unit":"g","step":"","order":11},{"label":"Oeuf(s)","shopGroup":"Crèmerie  hors fromage","qte":"2","unit":"pièce(s)","step":"Pour le montage","order":12},{"label":"Graine(s) de pavot","shopGroup":"Epicerie","qte":"50","unit":"g","step":"Pour le montage","order":13}],"chiefTip":"Variez les épices et les herbes pour de nouvelles recettes.","id":10120}