{"title":"Parfait glacé : semifreddo d'amandes, sauce chocolat blanc à la fève de tonka","description":"Dans une poêle, mettre 80 g de sucre afin de réaliser un caramel foncé. Ajouter les amandes et les colorer légèrement, puis disposer le tout entre 2 feuilles de cuisson. Étaler à l'aide d'un rouleau à pâtisserie et laisser refroidir, puis mixer grossièrement dans un hachoir.<br /><br />Réaliser une crème montée au batteur avec la crème liquide. Réserver au froid.<br /><br />Dans un batteur, monter les blancs en neige et à mi-hauteur, ajouter le reste de sucre semoule. Les blancs doivent être bien fermes. A l'aide d'une spatule, ajouter délicatement la nougatine concassée et la crème montée. <br />Remplir des moules en silicone semi-sphériques ou des nonnettes rondes. Les couvrir de papier film, puis les laisser refroidir au congélateur pendant 3 heures.<br /><br />Pour la sauce : faire fondre le chocolat au bain-marie, puis ajouter la fève tonka râpée.<br /><br />Au moment de servir, verser la sauce sur le semifreddo.<br />","summary":"Sorte de nougatine crémeuse, moitié-glace, moitié gâteau, accompagnée d'une sauce chocolat blanc à la fève tonka.","timePreparation":"20mn","timeBaking":"5mn","timeRest":"3h","picture":"","ingredients":[{"label":"Amande(s) concassée(s)","shopGroup":"Epicerie","qte":"100","unit":"g","step":"","order":0},{"label":"Sucre en poudre","shopGroup":"Epicerie","qte":"180","unit":"g","step":"","order":1},{"label":"Eau","shopGroup":"","qte":"2","unit":"cl","step":"","order":2},{"label":"Crème liquide entière","shopGroup":"Crèmerie  hors fromage","qte":"27.5","unit":"cl","step":"","order":3},{"label":"Blanc(s) d'oeuf","shopGroup":"Crèmerie  hors fromage","qte":"3","unit":"pièce(s)","step":"","order":4},{"label":"Chocolat blanc","shopGroup":"Epicerie","qte":"350","unit":"g","step":"Pour la sauce","order":5},{"label":"Fève(s) tonka","shopGroup":"Epicerie","qte":"0.5","unit":"pièce(s)","step":"Pour la sauce","order":6}],"chiefTip":"Vous pouvez ajouter des fruits rouges tels que des groseilles ou des myrtilles dans le semifreddo.","id":10389}