{"title":"Parfait glacé : semifreddo d'amandes, sauce chocolat blanc à la fève de tonka","description":"","summary":"Sorte de nougatine crémeuse, moitié-glace, moitié gâteau, accompagnée d'une sauce chocolat blanc à la fève tonka.","timePreparation":"20mn","timeBaking":"5mn","timeRest":"3h","picture":"","ingredients":[{"label":"Amande(s) concassée(s)","shopGroup":"Epicerie","qte":"100","unit":"g","step":"","order":0},{"label":"Sucre en poudre","shopGroup":"Epicerie","qte":"180","unit":"g","step":"","order":1},{"label":"Eau","shopGroup":"","qte":"2","unit":"cl","step":"","order":2},{"label":"Crème liquide entière","shopGroup":"Crèmerie  hors fromage","qte":"27.5","unit":"cl","step":"","order":3},{"label":"Blanc(s) d'oeuf","shopGroup":"Crèmerie  hors fromage","qte":"3","unit":"pièce(s)","step":"","order":4},{"label":"Chocolat blanc","shopGroup":"Epicerie","qte":"350","unit":"g","step":"Pour la sauce","order":5},{"label":"Fève(s) tonka","shopGroup":"Epicerie","qte":"0.5","unit":"pièce(s)","step":"Pour la sauce","order":6}],"chiefTip":"Vous pouvez ajouter des fruits rouges tels que des groseilles ou des myrtilles dans le semifreddo.","id":10389}