{"title":"Pain perdu, ganache chocolat et carpaccio de banane","description":"Préchauffer le four à 210 °C (th. 7).<br /><br />Porter à ébullition 9 cl de crème liquide, puis la verser sur les pistoles de chocolat au lait (ou sur le chocolat coupé en morceaux). Mélanger pour obtenir une pâte lisse et la laisser se cristalliser au réfrigérateur pendant 30 min environ. Dès qu'elle est froide, la disposer dans une poche à douille et réserver.<br /><br />Tailler la brioche en petits bâtonnets. Dans un récipient, mélanger la crème liquide restante, le lait, le sucre semoule et les oeufs.<br />Faire fondre un peu de beurre de Mycryo dans une poêle. Imbiber rapidement la brioche du mélange précédent, puis colorer chaque face. Débarrasser ensuite sur une plaque allant au four.<br /><br />Peler les bananes et les tailler en fines lamelles, puis les disposer directement dans une assiette à la façon d'un carpaccio.<br />Réchauffer légèrement le pain perdu au four puis le mettre sur la banane, et terminer par la ganache au chocolat. Déguster aussitôt.<br />","summary":"De fines tranches de banane servies avec une ganache au chocolat au lait et de la brioche perdue.","timePreparation":"30mn","timeBaking":"10mn","timeRest":"0mn","picture":"","ingredients":[{"label":"Banane(s)","shopGroup":"Fruits","qte":"6","unit":"pièce(s)","step":"","order":0},{"label":"Chocolat au lait","shopGroup":"Epicerie","qte":"125","unit":"g","step":"","order":1},{"label":"Crème liquide entière","shopGroup":"","qte":"9","unit":"cl","step":"","order":2},{"label":"Tranche(s) de brioche","shopGroup":"Boulangerie","qte":"6","unit":"pièce(s)","step":"","order":3},{"label":"Crème liquide entière","shopGroup":"Crèmerie  hors fromage","qte":"15","unit":"cl","step":"","order":4},{"label":"Lait 1/2 écrémé","shopGroup":"Crèmerie  hors fromage","qte":"15","unit":"cl","step":"","order":5},{"label":"Sucre en poudre","shopGroup":"Epicerie","qte":"50","unit":"g","step":"","order":6},{"label":"Oeuf(s)","shopGroup":"Crèmerie  hors fromage","qte":"2","unit":"pièce(s)","step":"","order":7},{"label":"Beurre doux","shopGroup":"Crèmerie  hors fromage","qte":"60","unit":"g","step":"","order":8},{"label":"Beurre de cacao Mycryo","shopGroup":"Epicerie","qte":"30","unit":"g","step":"","order":9}],"chiefTip":"Vous pouvez ajouter une boule de glace vanille et de la crème chantilly afin de réaliser un Banana Split nouvelle génération.","id":10590}