{"id":10590,"title":"Recette de Pain perdu, ganache chocolat et carpaccio de banane","description":"","summary":"De fines tranches de banane servies avec une ganache au chocolat au lait et de la brioche perdue.","timePreparation":"30mn","timeBaking":"10mn","timeRest":"0mn","picture":"http://1.media.atelierdeschefs.com/recette-e10590-pain-perdu-ganache-chocolat-et-carpaccio-de-banane.jpg","ingredients":[{"label":"Banane(s)","shopGroup":"Fruits","qte":"6","unit":"pièce(s)","step":"","order":0},{"label":"Chocolat au lait","shopGroup":"Epicerie","qte":"125","unit":"g","step":"","order":1},{"label":"Crème liquide entière","shopGroup":"","qte":"9","unit":"cl","step":"","order":2},{"label":"Tranche(s) de brioche","shopGroup":"Boulangerie","qte":"6","unit":"pièce(s)","step":"","order":3},{"label":"Crème liquide entière","shopGroup":"Crèmerie  hors fromage","qte":"15","unit":"cl","step":"","order":4},{"label":"Lait 1/2 écrémé","shopGroup":"Crèmerie  hors fromage","qte":"15","unit":"cl","step":"","order":5},{"label":"Sucre en poudre","shopGroup":"Epicerie","qte":"50","unit":"g","step":"","order":6},{"label":"Oeuf(s)","shopGroup":"Crèmerie  hors fromage","qte":"2","unit":"pièce(s)","step":"","order":7},{"label":"Beurre doux","shopGroup":"Crèmerie  hors fromage","qte":"60","unit":"g","step":"","order":8},{"label":"Beurre de cacao Mycryo","shopGroup":"Epicerie","qte":"30","unit":"g","step":"","order":9}]}