{"title":"Muffin à la pomme","description":"","summary":"Des muffins aux pommes légers et moelleux, pour le goûter des enfants !","timePreparation":"15mn","timeBaking":"20mn","timeRest":"15mn","picture":"","ingredients":[{"label":"Farine de blé","shopGroup":"Epicerie","qte":"320","unit":"g","step":"","order":0},{"label":"Sucre en poudre","shopGroup":"Epicerie","qte":"100","unit":"g","step":"","order":1},{"label":"Sachet(s) de levure chimique (11g)","shopGroup":"Epicerie","qte":"0.5","unit":"pièce(s)","step":"","order":2},{"label":"Sel fin","shopGroup":"","qte":"3","unit":"pincée(s)","step":"","order":3},{"label":"Crème liquide entière","shopGroup":"Crèmerie  hors fromage","qte":"25","unit":"cl","step":"","order":4},{"label":"Huile d'arachide","shopGroup":"Epicerie","qte":"7","unit":"cl","step":"","order":5},{"label":"Oeuf(s)","shopGroup":"Crèmerie  hors fromage","qte":"3","unit":"pièce(s)","step":"","order":6},{"label":"Pomme(s)","shopGroup":"Fruits","qte":"3","unit":"pièce(s)","step":"","order":7},{"label":"Citron(s) jaune(s)","shopGroup":"Fruits","qte":"1","unit":"pièce(s)","step":"","order":8}],"chiefTip":"Si vos pommes ne sont pas trop sucrées, ajouter 20g de sucre dans votre pâte.Vous pouvez aussi réaliser cette recette avec des poires, mais pas trop mûres.","id":10508}