{"title":"Gratin de macaroni aux légumes provençaux","description":"<br /><b>Pour la partie 1 :</b><br />Porter de l'eau à ébullition dans une casserole. Saler au gros sel, puis cuire les macaroni \"al dente\".<br /><br />Éplucher les oignons et les poivrons, puis les tailler en fines lamelles. Couper des petits dés d'aubergines, puis couper la courgette en rondelles.<br />Dans un wok, verser un filet d'huile d'olive et faire suer les oignons avec une branche de thym, l'ail écrasé et une pincée de sel. Ajouter un nouveau légume toutes les 2 min : les poivrons, puis les aubergines, et terminer avec les rondelles de courgettes.Poivrer. Cuire avec un peu d'eau si nécessaire.<br /><br /><b>Pour la béchamel :</b><br />Préchauffer le four à 200 °C.<br /><br />Faire fondre le beurre dans une casserole, ajouter la farine et mélanger au fouet. Ajouter ensuite le lait entier petit à petit afin d'éviter la formation de grumeaux. Après épaississement, cuire 2 à 3 min à feu doux tout en mélangeant. Ajouter ensuite 50 g de parmesan râpé.<br /><br />Dans un plat à gratin, disposer les macaroni égouttés et les recouvrir de légumes, puis verser la sauce béchamel par-dessus. Remettre une couche de macaroni, des légumes et une couche de sauce. Saupoudrer le tout du reste de parmesan et de gruyère râpé.<br /><br />Disposer le plat à gratin dans un four chaud durant 10 min.<br />","summary":"Macaroni cuits à l'eau, puis disposés dans un plat à gratin et surmontés d'un mélange d'oignons, de poivrons, d'aubergines et de courgettes parfumés à l'ail et au thym. Le tout garni d'une sauce béchamel au parmesan.","timePreparation":"45mn","timeBaking":"0mn","timeRest":"0mn","picture":"","ingredients":[{"label":"Macaroni court","shopGroup":"Epicerie","qte":"300","unit":"g","step":"","order":0},{"label":"Oignon(s)","shopGroup":"Légumes","qte":"1","unit":"pièce(s)","step":"","order":1},{"label":"Poivron(s) vert(s)","shopGroup":"Légumes","qte":"1","unit":"pièce(s)","step":"","order":2},{"label":"Poivron(s) rouge(s)","shopGroup":"Légumes","qte":"1","unit":"pièce(s)","step":"","order":3},{"label":"Aubergine(s)","shopGroup":"Légumes","qte":"1","unit":"pièce(s)","step":"","order":4},{"label":"Courgette(s)","shopGroup":"Légumes","qte":"1","unit":"pièce(s)","step":"","order":5},{"label":"Thym frais","shopGroup":"Herbes aromatiques","qte":"1","unit":"branche(s)","step":"","order":6},{"label":"Gousse(s) d'ail","shopGroup":"Légumes","qte":"2","unit":"gousse(s)","step":"","order":7},{"label":"Lait entier","shopGroup":"Crèmerie  hors fromage","qte":"50","unit":"cl","step":"Pour la sauce","order":8},{"label":"Beurre doux","shopGroup":"Crèmerie  hors fromage","qte":"30","unit":"g","step":"Pour la sauce","order":9},{"label":"Farine de blé","shopGroup":"Epicerie","qte":"30","unit":"g","step":"Pour la sauce","order":10},{"label":"Parmigiano Reggiano râpé","shopGroup":"Fromage(s)","qte":"80","unit":"g","step":"Pour la sauce","order":11},{"label":"Gruyère râpé","shopGroup":"Fromage(s)","qte":"50","unit":"g","step":"Pour la sauce","order":12},{"label":"Moulin à poivre","shopGroup":"","qte":"6","unit":"tour(s)","step":"Pour la sauce","order":13},{"label":"Sel fin","shopGroup":"","qte":"6","unit":"pincée(s)","step":"Pour la sauce","order":14},{"label":"Huile d'olive","shopGroup":"Epicerie","qte":"5","unit":"cl","step":"Pour la sauce","order":15},{"label":"Gros sel","shopGroup":"","qte":"10","unit":"g","step":"Pour la sauce","order":16}],"chiefTip":"Pour les plus gourmands : vous pourrez mettre le fromage de votre choix dans la sauce béchamel.","id":10192}