{"id":10192,"title":"Recette de Gratin de macaroni aux légumes provençaux","description":"","summary":"Macaroni cuits à l'eau, puis disposés dans un plat à gratin et surmontés d'un mélange d'oignons, de poivrons, d'aubergines et de courgettes parfumés à l'ail et au thym. Le tout garni d'une sauce béchamel au parmesan.","timePreparation":"45mn","timeBaking":"0mn","timeRest":"0mn","picture":"http://1.media.atelierdeschefs.com/recette-e10192-gratin-de-macaroni-aux-legumes-provencaux.jpg","ingredients":[{"label":"Macaroni court","shopGroup":"Epicerie","qte":"300","unit":"g","step":"","order":0},{"label":"Oignon(s)","shopGroup":"Légumes","qte":"1","unit":"pièce(s)","step":"","order":1},{"label":"Poivron(s) vert(s)","shopGroup":"Légumes","qte":"1","unit":"pièce(s)","step":"","order":2},{"label":"Poivron(s) rouge(s)","shopGroup":"Légumes","qte":"1","unit":"pièce(s)","step":"","order":3},{"label":"Aubergine(s)","shopGroup":"Légumes","qte":"1","unit":"pièce(s)","step":"","order":4},{"label":"Courgette(s)","shopGroup":"Légumes","qte":"1","unit":"pièce(s)","step":"","order":5},{"label":"Thym frais","shopGroup":"Herbes aromatiques","qte":"1","unit":"branche(s)","step":"","order":6},{"label":"Gousse(s) d'ail","shopGroup":"Légumes","qte":"2","unit":"gousse(s)","step":"","order":7},{"label":"Lait entier","shopGroup":"Crèmerie  hors fromage","qte":"50","unit":"cl","step":"Pour la sauce","order":8},{"label":"Beurre doux","shopGroup":"Crèmerie  hors fromage","qte":"30","unit":"g","step":"Pour la sauce","order":9},{"label":"Farine de blé","shopGroup":"Epicerie","qte":"30","unit":"g","step":"Pour la sauce","order":10},{"label":"Parmigiano Reggiano râpé","shopGroup":"Fromage(s)","qte":"80","unit":"g","step":"Pour la sauce","order":11},{"label":"Gruyère râpé","shopGroup":"Fromage(s)","qte":"50","unit":"g","step":"Pour la sauce","order":12},{"label":"Moulin à poivre","shopGroup":"","qte":"6","unit":"tour(s)","step":"Pour la sauce","order":13},{"label":"Sel fin","shopGroup":"","qte":"6","unit":"pincée(s)","step":"Pour la sauce","order":14},{"label":"Huile d'olive","shopGroup":"Epicerie","qte":"5","unit":"cl","step":"Pour la sauce","order":15},{"label":"Gros sel","shopGroup":"","qte":"10","unit":"g","step":"Pour la sauce","order":16}]}