{"title":"Filet de canette, poires au vin rouge et purée de céleri","description":"Éplucher l'échalote et l'émincer en fines lamelles. Éplucher le céleri-rave et la pomme, les tailler en gros cubes.<br /><br />Dans une cocotte, mettre le beurre à fondre et faire suer l'échalote avec une pincée de sel fin. Ajouter le céleri et la pomme, saler puis verser le lait. Compléter jusqu'à mi-hauteur avec de l'eau et couvrir. Laisser cuire à feu doux pendant 20 min. Enlever ensuite le couvercle et finir la cuisson jusqu'à évaporation totale du liquide, puis passer le tout au moulin à légumes et rectifier l'assaisonnement en sel et en poivre.<br /><br />Éplucher les poires, les couper en 2 et retirer les coeurs. Dans une casserole, faire bouillir le vin rouge pour que l'alcool s'évapore. Ajouter le sucre et les épices. Mettre ensuite les poires et les pocher 10 à 15 min selon leur maturité. Les laisser refroidir dans le vin.<br /><br />Préchauffer le four à 200 °C.<br />Dans une poêle, disposer les filets de canette salés, côté peau contre la poêle, et les cuire jusqu'à coloration. Dégraisser, puis retourner les filets pour saisir l'autre face. Les débarrasser ensuite sur une plaque allant au four et les enfourner pendant 6 min.<br /><br />Dans des assiettes plates, mettre 1/2 poire au vin rouge, placer une quenelle de purée de céleri à côté et poser harmonieusement le filet de canette tranché.<br />","summary":"Filet de canette rôti à la poêle et fini au four, servi avec une poire pochée au vin rouge et une purée de céleri-rave et pomme verte.","timePreparation":"20mn","timeBaking":"20mn","timeRest":"0mn","picture":"","ingredients":[],"chiefTip":"Laissez réduire le vin de cuisson environ 15 min, jusqu'à ce qu'il devienne sirupeux : vous obtiendrez ainsi une sauce acidulée qui embellira vos assiettes !","id":10101}