{"title":"Filet de canette, poires au vin rouge et purée de céleri","description":"","summary":"Filet de canette rôti à la poêle et fini au four, servi avec une poire pochée au vin rouge et une purée de céleri-rave et pomme verte.","timePreparation":"20mn","timeBaking":"20mn","timeRest":"0mn","picture":"","ingredients":[],"chiefTip":"Laissez réduire le vin de cuisson environ 15 min, jusqu'à ce qu'il devienne sirupeux : vous obtiendrez ainsi une sauce acidulée qui embellira vos assiettes !","id":10101}