{"title":"Panna cotta au coulis de framboises à la cardamome","description":"Mettre la gélatine à ramollir dans de l'eau froide. <br /><br />Faire bouillir 20 cl de crème liquide avec 100 g de sucre et la gousse de vanille fendue en 2 et grattée. Ajouter la gélatine égouttée ainsi que le reste de la crème. Mouler ensuite en desserts individuels et mettre au frais pendant au moins 1 h.<br /><br />Dans un blender, mixer les framboises décongelées avec 20 g de sucre et la cardamome. Ajouter de l'eau si nécessaire, puis réserver au frais.<br /><br />Servir le coulis de framboises sur la panna cotta.<br />","summary":"Crème italienne à la vanille bourbon, accompagnée d'un coulis de framboises à la cardamome verte.","timePreparation":"1h15mn","timeBaking":"0mn","timeRest":"0mn","picture":"","ingredients":[{"label":"Feuille(s) de gélatine de 2 g","shopGroup":"Epicerie","qte":"2","unit":"pièce(s)","step":"Pour la crème","order":0},{"label":"Crème liquide entière","shopGroup":"Crèmerie  hors fromage","qte":"60","unit":"cl","step":"Pour la crème","order":1},{"label":"Gousse(s) de vanille","shopGroup":"Epicerie","qte":"1","unit":"pièce(s)","step":"Pour la crème","order":2},{"label":"Sucre en poudre","shopGroup":"","qte":"80","unit":"g","step":"Pour la crème","order":3},{"label":"Framboise(s) surgelée(s)","shopGroup":"Surgelés","qte":"300","unit":"g","step":"Pour le coulis","order":4},{"label":"Eau","shopGroup":"","qte":"10","unit":"cl","step":"Pour le coulis","order":5},{"label":"Cardamome verte","shopGroup":"Epicerie","qte":"2","unit":"g","step":"Pour le coulis","order":6},{"label":"Sucre en poudre","shopGroup":"Epicerie","qte":"20","unit":"g","step":"Pour le coulis","order":7}],"chiefTip":"La panna cotta peut être aromatisée avec différents fruits de saison.","id":10398}