{"id":10398,"title":"Recette de Panna cotta au coulis de framboises à la cardamome","description":"","summary":"Crème italienne à la vanille bourbon, accompagnée d'un coulis de framboises à la cardamome verte.","timePreparation":"1h15mn","timeBaking":"0mn","timeRest":"0mn","picture":"http://1.media.atelierdeschefs.com/recette-e10398-panna-cotta-au-coulis-de-framboises-a-la-cardamome.jpg","ingredients":[{"label":"Feuille(s) de gélatine de 2 g","shopGroup":"Epicerie","qte":"2","unit":"pièce(s)","step":"Pour la crème","order":0},{"label":"Crème liquide entière","shopGroup":"Crèmerie  hors fromage","qte":"60","unit":"cl","step":"Pour la crème","order":1},{"label":"Gousse(s) de vanille","shopGroup":"Epicerie","qte":"1","unit":"pièce(s)","step":"Pour la crème","order":2},{"label":"Sucre en poudre","shopGroup":"","qte":"80","unit":"g","step":"Pour la crème","order":3},{"label":"Framboise(s) surgelée(s)","shopGroup":"Surgelés","qte":"300","unit":"g","step":"Pour le coulis","order":4},{"label":"Eau","shopGroup":"","qte":"10","unit":"cl","step":"Pour le coulis","order":5},{"label":"Cardamome verte","shopGroup":"Epicerie","qte":"2","unit":"g","step":"Pour le coulis","order":6},{"label":"Sucre en poudre","shopGroup":"Epicerie","qte":"20","unit":"g","step":"Pour le coulis","order":7}]}