{"title":"Bonbons au chocolat","description":"Faire fondre le chocolat noir ou le chocolat au lait sans matière grasse ni eau, soit au bain-marie soit au micro-ondes. <br /><br />Remplir les moules à ras bord avec le chocolat. Les moules doivent être à température ambiante, c'est-à-dire entre 20 et 22 °C, qui est la température idéale pour mouler.<br />Tapoter les moules remplis avec le manche d'un outil de façon à évacuer les bulles d'air. Renverser le moule au-dessus du bassin à chocolat. Le surplus de chocolat liquide s'évacue en laissant une pellicule de 1 mm sur la paroi intérieure des moules. Secouer légèrement le moule pour homogénéiser le chemisage.<br />Laisser ensuite durcir le chocolat, le moule à l'envers, perché sur des règles afin que le surplus de chocolat puisse s'écouler.<br /><br />Quand le chocolat a pris, mais avant qu'il ne devienne cassant, passer un couteau spatule sur la surface du moule pour l'ébarber (nettoyer l'extérieur du moule). Vous obtenez un moule parfaitement chemisé, prêt à remplir.<br /><br />Remplir le moule de ganache, de praliné ou autre. Laisser 2 ou 3 mm de disponible pour pouvoir recouvrir de chocolat. L'appareil que vous utilisez doit être à température ambiante. Trop chaud, il ferait fondre le chocolat des moules ; trop froid, il pourrait faire éclater votre chocolat en le réchauffant ultérieurement.<br />Recouvrir totalement avec du chocolat et attendre la prise.<br /><br />Ébarber à nouveau avec le couteau spatule et réserver les moules dans un endroit relativement froid (8 à 10 °C).<br />Il ne reste plus qu'à retourner le moule sur le plan de travail.<br />","summary":"Toutes les astuces pour réussir vos bonbons de Pâques !","timePreparation":"1mn","timeBaking":"0mn","timeRest":"1mn","picture":"","ingredients":[{"label":"Chocolat noir","shopGroup":"Epicerie","qte":"500","unit":"g","step":"","order":0},{"label":"Chocolat au lait","shopGroup":"Epicerie","qte":"500","unit":"g","step":"","order":1}],"chiefTip":"Si les températures ont été respectées, les chocolats se démoulent sans aucun effort. Tout juste faut-il donner un léger coup avec les moules sur le plan de travail.","id":10504}