{"title":"Bonbons au chocolat","description":"","summary":"Toutes les astuces pour réussir vos bonbons de Pâques !","timePreparation":"1mn","timeBaking":"0mn","timeRest":"1mn","picture":"","ingredients":[{"label":"Chocolat noir","shopGroup":"Epicerie","qte":"500","unit":"g","step":"","order":0},{"label":"Chocolat au lait","shopGroup":"Epicerie","qte":"500","unit":"g","step":"","order":1}],"chiefTip":"Si les températures ont été respectées, les chocolats se démoulent sans aucun effort. Tout juste faut-il donner un léger coup avec les moules sur le plan de travail.","id":10504}