{"title":"Milk-shake à la vanille","description":"Mixer le lait froid, la glace vanille et la vanille liquide au blender pendant quelques secondes afin d'obtenir un mélange homogène et mousseux. Verser ensuite le milk-shake dans un grand verre, ajouter une paille et servir sans attendre.<br />","summary":"Une boisson crémeuse à base de lait entier et de glace vanille, mixée à l'aide d'un blender.","timePreparation":"15mn","timeBaking":"0mn","timeRest":"0mn","picture":"","ingredients":[{"label":"Lait entier","shopGroup":"Crèmerie  hors fromage","qte":"1","unit":"l","step":"","order":0},{"label":"Glace vanille","shopGroup":"Surgelés","qte":"25","unit":"cl","step":"","order":1},{"label":"Vanille liquide","shopGroup":"Epicerie","qte":"2","unit":"cl","step":"","order":2}],"chiefTip":"Servez le milk-shake dans un grand verre préalablement mis au congélateur.Avant de le servir, vous pouvez le décorer avec quelques noisettes concassées.","id":10113}