{"id":10113,"title":"Recette de Milk-shake à la vanille","description":"","summary":"Une boisson crémeuse à base de lait entier et de glace vanille, mixée à l'aide d'un blender.","timePreparation":"15mn","timeBaking":"0mn","timeRest":"0mn","picture":"http://1.media.atelierdeschefs.com/recette-e10113-milk-shake-a-la-vanille.jpg","ingredients":[{"label":"Lait entier","shopGroup":"Crèmerie  hors fromage","qte":"1","unit":"l","step":"","order":0},{"label":"Glace vanille","shopGroup":"Surgelés","qte":"25","unit":"cl","step":"","order":1},{"label":"Vanille liquide","shopGroup":"Epicerie","qte":"2","unit":"cl","step":"","order":2}]}