{"title":"Poêlée de jeunes carottes et céleri branche","description":"Éplucher les carottes et les émincer finement. Effeuiller le céleri et conserver les feuilles. A l'aide d'un couteau, retirer les fils des branches, puis émincer le céleri en fines lamelles. Émincer finement la ciboulette ainsi que les feuilles de céleri.<br /> <br />Dans un wok ou dans une poêle chaude, mettre 2 cuillères à soupe d'huile d'olive et ajouter les carottes. Saler et mélanger, puis ajouter le céleri et saler à nouveau. Ajouter de l'eau jusqu'à  mi-hauteur des légumes, puis cuire à couvert jusqu'à complète évaporation. Mettre alors la ciboulette et les feuilles de céleri.<br /><br />Dresser en assiettes creuses et décorer de bâtons de ciboulette.<br />","summary":"Carottes fanes et céleri branche coupés finement et cuits rapidement à l'huile d'olive.","timePreparation":"15mn","timeBaking":"0mn","timeRest":"0mn","picture":"","ingredients":[{"label":"Carotte(s) fane(s)","shopGroup":"Légumes","qte":"12","unit":"pièce(s)","step":"","order":0},{"label":"Céleri(s) branche","shopGroup":"Légumes","qte":"1","unit":"pièce(s)","step":"","order":1},{"label":"Ciboulette","shopGroup":"Herbes aromatiques","qte":"1","unit":"botte(s)","step":"","order":2},{"label":"Huile d'olive","shopGroup":"Epicerie","qte":"10","unit":"cl","step":"","order":3},{"label":"Eau","shopGroup":"","qte":"25","unit":"cl","step":"","order":4},{"label":"Sel fin","shopGroup":"","qte":"6","unit":"pincée(s)","step":"","order":5}],"chiefTip":"Cette recette peut être servie en entrée, ou en accompagnement d'une volaille ou d'un poisson.","id":10006}