{"title":"Poêlée de jeunes carottes et céleri branche","description":"","summary":"Carottes fanes et céleri branche coupés finement et cuits rapidement à l'huile d'olive.","timePreparation":"15mn","timeBaking":"0mn","timeRest":"0mn","picture":"","ingredients":[{"label":"Carotte(s) fane(s)","shopGroup":"Légumes","qte":"12","unit":"pièce(s)","step":"","order":0},{"label":"Céleri(s) branche","shopGroup":"Légumes","qte":"1","unit":"pièce(s)","step":"","order":1},{"label":"Ciboulette","shopGroup":"Herbes aromatiques","qte":"1","unit":"botte(s)","step":"","order":2},{"label":"Huile d'olive","shopGroup":"Epicerie","qte":"10","unit":"cl","step":"","order":3},{"label":"Eau","shopGroup":"","qte":"25","unit":"cl","step":"","order":4},{"label":"Sel fin","shopGroup":"","qte":"6","unit":"pincée(s)","step":"","order":5}],"chiefTip":"Cette recette peut être servie en entrée, ou en accompagnement d'une volaille ou d'un poisson.","id":10006}