{"id":10047,"title":"Recette de Conserve maison de légumes d'été","description":"","summary":"Courgettes, aubergines, fenouils, tomates et poivrons cuits à l'huile d'olive avec des aromates, puis mis en bocaux.","timePreparation":"2h","timeBaking":"0mn","timeRest":"0mn","picture":"http://1.media.atelierdeschefs.com/recette-e10047-conserve-maison-de-legumes-d-ete.jpg","ingredients":[{"label":"Tomate(s)","shopGroup":"Fruits","qte":"6","unit":"pièce(s)","step":"","order":0},{"label":"Fenouil(s)","shopGroup":"Légumes","qte":"2","unit":"g","step":"","order":1},{"label":"Poivron(s) jaune(s)","shopGroup":"Légumes","qte":"2","unit":"pièce(s)","step":"","order":2},{"label":"Poivron(s) rouge(s)","shopGroup":"Légumes","qte":"2","unit":"pièce(s)","step":"","order":3},{"label":"Courgette(s)","shopGroup":"Légumes","qte":"2","unit":"pièce(s)","step":"","order":4},{"label":"Aubergine(s)","shopGroup":"Légumes","qte":"2","unit":"pièce(s)","step":"","order":5},{"label":"Aromate(s) ail, thym, laurier","shopGroup":"Herbes aromatiques","qte":"1","unit":"pièce(s)","step":"","order":6},{"label":"Sel fin","shopGroup":"","qte":"6","unit":"pincée(s)","step":"","order":7},{"label":"Moulin à poivre","shopGroup":"","qte":"6","unit":"tour(s)","step":"","order":8},{"label":"Huile d'olive","shopGroup":"Epicerie","qte":"5","unit":"cl","step":"","order":9},{"label":"Oignon(s)","shopGroup":"Légumes","qte":"1","unit":"pièce(s)","step":"","order":10}]}