{"title":"Conserve maison de légumes d'été","description":"Laver les légumes. Couper l'oignon en petits dés. Éplucher l'ail et enlever le germe, puis le tailler en fines lamelles. Éplucher et épépiner les tomates, les poivrons rouges et les jaunes. Tailler l'aubergine et la courgette en cubes. Couper les fenouils, les poivrons et les tomates en bâtonnets.<br /> <br />Dans une cocotte avec un filet d'huile d'olive, faire suer l'oignon et l'ail. Après 2 min de cuisson, ajouter l'aubergine et saler. Quand le mélange commence à colorer légèrement, ajouter les fenouils, les poivrons rouges et jaunes, le thym frais, le laurier, les courgettes et l'eau. Cuire 3 min à feu doux. Terminer par les tomates, saler et poivrer (les légumes doivent rester légèrement croquants).<br /><br />Verser tous les ingrédients dans un bocal avec le jus. Poser ensuite le bocal dans un stérilisateur ou dans une Cocotte-Minute et le caler avec des chiffons. Recouvrir d'eau bouillante et cuire à grosse ébullition pendant 1 h. Laisser ensuite refroidir dans l'eau.<br /><br />Vérifier la stérilisation à froid en essayant d'ouvrir le bocal. Conserver les bocaux dans un endroit frais et à l'abri de la lumière.<br />","summary":"Courgettes, aubergines, fenouils, tomates et poivrons cuits à l'huile d'olive avec des aromates, puis mis en bocaux.","timePreparation":"2h","timeBaking":"0mn","timeRest":"0mn","picture":"","ingredients":[{"label":"Tomate(s)","shopGroup":"Fruits","qte":"6","unit":"pièce(s)","step":"","order":0},{"label":"Fenouil(s)","shopGroup":"Légumes","qte":"2","unit":"g","step":"","order":1},{"label":"Poivron(s) jaune(s)","shopGroup":"Légumes","qte":"2","unit":"pièce(s)","step":"","order":2},{"label":"Poivron(s) rouge(s)","shopGroup":"Légumes","qte":"2","unit":"pièce(s)","step":"","order":3},{"label":"Courgette(s)","shopGroup":"Légumes","qte":"2","unit":"pièce(s)","step":"","order":4},{"label":"Aubergine(s)","shopGroup":"Légumes","qte":"2","unit":"pièce(s)","step":"","order":5},{"label":"Aromate(s) ail, thym, laurier","shopGroup":"Herbes aromatiques","qte":"1","unit":"pièce(s)","step":"","order":6},{"label":"Sel fin","shopGroup":"","qte":"6","unit":"pincée(s)","step":"","order":7},{"label":"Moulin à poivre","shopGroup":"","qte":"6","unit":"tour(s)","step":"","order":8},{"label":"Huile d'olive","shopGroup":"Epicerie","qte":"5","unit":"cl","step":"","order":9},{"label":"Oignon(s)","shopGroup":"Légumes","qte":"1","unit":"pièce(s)","step":"","order":10}],"chiefTip":"Vous pouvez griller les poivrons rouges et jaunes pour donner un goût plus prononcé.","id":10047}