{"title":"Tournedos de saumon rôti, céleri-rave braisé aux pommes, vinaigrette acidulée","description":"<br /><b>Pour la garniture</b><br />Laver et concasser le cerfeuil. <br />Éplucher le céleri-rave et le couper en mirepoix (dés de 1 cm de côté). Éplucher la pomme, la vider et la couper en petits dés.<br />Dans une poêle, disposer le céleri-rave, ajouter le beurre et de l'eau à hauteur, puis cuire jusqu'à complète évaporation du liquide. Rectifier l'assaisonnement, puis ajouter les pommes et la moitié du cerfeuil concassé. Réserver ensuite au chaud.<br /><br /><br /><br /><br /><br /><b>Pour le poisson</b><br />Préchauffer le four à 160 °C (th. 5/6).<br />A l'aide d'un couteau, retirer le coeur de l'arête centrale des darnes de saumon. A l'aide d'une pince, désarêter les darnes, puis retirer la chair du bas-ventre blanc sans couper la peau. Replier les parties blanches autour de la chair du saumon pour obtenir des tournedos. <br /><br />Dans une poêle chaude antiadhésive avec un filet d'huile d'olive, colorer les tournedos de saumon pendant 30 secondes sur chaque face, puis les saler et les poivrer. Déposer ensuite les tournedos sur une plaque en silicone et poursuivre la cuisson au four pendant 3 à 4 min.<br /><br /><br /><br /><b>Pour la sauce et le dressage</b><br />Concasser les noix. Couper le magret de canard fumé en brunoise. Colorer les pignons de pin dans une poêle. <br />Dans un bol, mélanger le magret de canard fumé, les pignons de pin grillés, le reste de cerfeuil, le vinaigre balsamique blanc et l'huile d'olive. Rectifier l'assaisonnement en sel et en poivre.<br /><br />Dans une assiette, dresser un carré de céleri braisé aux pommes à l'aide d'un emporte-pièce, puis déposer le saumon dessus et arroser de vinaigrette.<br />","summary":"Une darne de saumon désarêtée, reformée comme un tournedos et poêlée avec une vinaigrette acidulée. Le céleri-rave est braisé avec des pommes.","timePreparation":"30mn","timeBaking":"15mn","timeRest":"0mn","picture":"","ingredients":[],"chiefTip":"Si vous n'avez pas de poêle antiadhésive, il vous suffit de déposer un rond de papier sulfurisé au fond de votre poêle pour colorer les darnes de saumon sans qu'elles adhèrent.","id":10168}