{"title":"Tournedos de saumon rôti, céleri-rave braisé aux pommes, vinaigrette acidulée","description":"","summary":"Une darne de saumon désarêtée, reformée comme un tournedos et poêlée avec une vinaigrette acidulée. Le céleri-rave est braisé avec des pommes.","timePreparation":"30mn","timeBaking":"15mn","timeRest":"0mn","picture":"","ingredients":[],"chiefTip":"Si vous n'avez pas de poêle antiadhésive, il vous suffit de déposer un rond de papier sulfurisé au fond de votre poêle pour colorer les darnes de saumon sans qu'elles adhèrent.","id":10168}