{"id":10168,"title":"Recette de Tournedos de saumon rôti, céleri-rave braisé aux pommes, vinaigrette acidulée","description":"","summary":"Une darne de saumon désarêtée, reformée comme un tournedos et poêlée avec une vinaigrette acidulée. Le céleri-rave est braisé avec des pommes.","timePreparation":"30mn","timeBaking":"15mn","timeRest":"0mn","picture":"http://1.media.atelierdeschefs.com/recette-e10168-tournedos-de-saumon-roti-celeri-rave-braise-aux-pommes-vinaigrette-acidulee.jpg","ingredients":[]}