{"title":"Crème de potiron, foie gras poêlé, châtaignes et pain d'épice","description":"","summary":"Velouté de potiron chaud, servi avec une tranche de foie gras poêlée, des éclats de châtaigne et des petits croûtons de pain d'épice.","timePreparation":"20mn","timeBaking":"20mn","timeRest":"15mn","picture":"","ingredients":[{"label":"Potiron","shopGroup":"Légumes","qte":"900","unit":"g","step":"","order":0},{"label":"Echalote(s)","shopGroup":"Légumes","qte":"2","unit":"pièce(s)","step":"","order":1},{"label":"Beurre doux","shopGroup":"Crèmerie  hors fromage","qte":"20","unit":"g","step":"","order":2},{"label":"Crème liquide entière","shopGroup":"Crèmerie  hors fromage","qte":"20","unit":"cl","step":"","order":3},{"label":"Sel fin","shopGroup":"","qte":"3","unit":"pincée(s)","step":"","order":4},{"label":"Moulin à poivre","shopGroup":"","qte":"3","unit":"tour(s)","step":"","order":5},{"label":"Tranche(s) de foie gras de canard crue(s)","shopGroup":"Surgelés","qte":"6","unit":"pièce(s)","step":"Pour la garniture","order":6},{"label":"Persil plat","shopGroup":"Herbes aromatiques","qte":"0.25","unit":"botte(s)","step":"Pour la garniture","order":7},{"label":"Pain d'épice","shopGroup":"Epicerie","qte":"60","unit":"g","step":"Pour la garniture","order":8},{"label":"Châtaigne(s) cuite(s)","shopGroup":"Epicerie","qte":"50","unit":"g","step":"Pour la garniture","order":9}],"chiefTip":"En utilisant des tranches de foie gras surgelées, le gras fond moins vite et les tranches restent plus moelleuses.","id":10163}