{"title":"Crème de potiron, foie gras poêlé, châtaignes et pain d'épice","description":"Éplucher le potiron, le vider et le tailler en petits dés. Éplucher les échalotes et les émincer en fines lamelles.<br />Dans une cocotte, faire suer les échalotes avec une noisette de beurre et une pincée de sel. Ajouter ensuite le potiron et le faire suer. Mouiller avec de l'eau à hauteur du potiron et laisser cuire 15 à 20 min. Une fois les légumes cuits, ajouter la crème liquide et faire bouillir. Mixer ensuite l'ensemble et rectifier l'assaisonnement.<br /><br />Préchauffer le four à 180 °C (th. 6)<br />Dans une poêle très chaude, colorer les tranches de foie gras surgelées sur les 2 faces sans les cuire. Les égoutter, puis les saler et les poivrer.<br />Tailler le pain d'épice en petits dés puis le faire sécher au four à 180 °C pendant 10 min.<br />Laver et concasser le persil plat. Émincer les châtaignes en fines lamelles. <br /><br />Juste avant de servir, finir la cuisson des tranches de foie gras au four à 180 °C pendant 3 à 4 min.<br />Servir la crème de potiron dans des assiettes creuses, ajouter le foie gras poêlé, parsemer le tout de châtaignes, de croûtons de pain d'épice et de persil plat.<br />","summary":"Velouté de potiron chaud, servi avec une tranche de foie gras poêlée, des éclats de châtaigne et des petits croûtons de pain d'épice.","timePreparation":"20mn","timeBaking":"20mn","timeRest":"15mn","picture":"","ingredients":[{"label":"Potiron","shopGroup":"Légumes","qte":"900","unit":"g","step":"","order":0},{"label":"Echalote(s)","shopGroup":"Légumes","qte":"2","unit":"pièce(s)","step":"","order":1},{"label":"Beurre doux","shopGroup":"Crèmerie  hors fromage","qte":"20","unit":"g","step":"","order":2},{"label":"Crème liquide entière","shopGroup":"Crèmerie  hors fromage","qte":"20","unit":"cl","step":"","order":3},{"label":"Sel fin","shopGroup":"","qte":"3","unit":"pincée(s)","step":"","order":4},{"label":"Moulin à poivre","shopGroup":"","qte":"3","unit":"tour(s)","step":"","order":5},{"label":"Tranche(s) de foie gras de canard crue(s)","shopGroup":"Surgelés","qte":"6","unit":"pièce(s)","step":"Pour la garniture","order":6},{"label":"Persil plat","shopGroup":"Herbes aromatiques","qte":"0.25","unit":"botte(s)","step":"Pour la garniture","order":7},{"label":"Pain d'épice","shopGroup":"Epicerie","qte":"60","unit":"g","step":"Pour la garniture","order":8},{"label":"Châtaigne(s) cuite(s)","shopGroup":"Epicerie","qte":"50","unit":"g","step":"Pour la garniture","order":9}],"chiefTip":"En utilisant des tranches de foie gras surgelées, le gras fond moins vite et les tranches restent plus moelleuses.","id":10163}