{"id":10792,"title":"Recette de Salade lyonnaise revisitée","description":"","summary":"Salade de lardons, croûtons et oeufs pochés, servie dans une verrine avec une chantilly au lard fumé.","timePreparation":"30mn","timeBaking":"0mn","timeRest":"0mn","picture":"http://1.media.atelierdeschefs.com/recette-e10792-salade-lyonnaise-revisitee.jpg","ingredients":[{"label":"Salade(s) frisée(s)","shopGroup":"Légumes","qte":"0.25","unit":"pièce(s)","step":"","order":0},{"label":"Oeuf(s)","shopGroup":"Crèmerie  hors fromage","qte":"6","unit":"pièce(s)","step":"","order":1},{"label":"Lardon(s) fumé(s)","shopGroup":"","qte":"100","unit":"g","step":"","order":2},{"label":"Tranche(s) de pain de campagne","shopGroup":"Epicerie","qte":"6","unit":"pièce(s)","step":"","order":3},{"label":"Huile d'olive","shopGroup":"Epicerie","qte":"5","unit":"cl","step":"","order":4},{"label":"Vinaigre balsamique","shopGroup":"Epicerie","qte":"3","unit":"cl","step":"","order":5},{"label":"Sel fin","shopGroup":"","qte":"6","unit":"pincée(s)","step":"","order":6},{"label":"Moulin à poivre","shopGroup":"","qte":"6","unit":"tour(s)","step":"","order":7},{"label":"Vinaigre de vin blanc","shopGroup":"Epicerie","qte":"2","unit":"cl","step":"","order":8},{"label":"Ciboulette","shopGroup":"Herbes aromatiques","qte":"0.25","unit":"botte(s)","step":"","order":9},{"label":"Lardon(s) fumé(s)","shopGroup":"Charcuterie","qte":"100","unit":"g","step":"Pour l'émulsion","order":10},{"label":"Crème liquide entière","shopGroup":"Crèmerie  hors fromage","qte":"0.5","unit":"cl","step":"Pour l'émulsion","order":11}]}