{"title":"Bouchées croustillantes au jambon d'Aoste, Ossau-Iraty et fines herbes","description":"","summary":"Bouchées à base de béchamel et d'Ossau-Iraty, garnies de jambon d'Aoste et de ciboulette, le tout pané et frit.","timePreparation":"30mn","timeBaking":"15mn","timeRest":"0mn","picture":"","ingredients":[{"label":"Beurre doux","shopGroup":"Crèmerie  hors fromage","qte":"100","unit":"g","step":"Pour la sauce","order":0},{"label":"Farine de blé","shopGroup":"","qte":"125","unit":"g","step":"Pour la sauce","order":1},{"label":"Lait 1/2 écrémé","shopGroup":"Crèmerie  hors fromage","qte":"75","unit":"cl","step":"Pour la sauce","order":2},{"label":"Ciboulette","shopGroup":"Herbes aromatiques","qte":"0.5","unit":"botte(s)","step":"Pour la garniture","order":3},{"label":"Ossau Iraty","shopGroup":"Fromage(s)","qte":"125","unit":"g","step":"Pour la garniture","order":4},{"label":"Tranche(s) de Jambon cru(s)","shopGroup":"Charcuterie","qte":"3","unit":"pièce(s)","step":"Pour la garniture","order":5},{"label":"Oeuf(s)","shopGroup":"Crèmerie  hors fromage","qte":"2","unit":"pièce(s)","step":"Pour le montage","order":6},{"label":"Chapelure de pain","shopGroup":"Epicerie","qte":"200","unit":"g","step":"Pour le montage","order":7},{"label":"Farine de blé","shopGroup":"Epicerie","qte":"50","unit":"g","step":"Pour le montage","order":8},{"label":"Huile de friture","shopGroup":"Epicerie","qte":"1","unit":"l","step":"Pour le montage","order":9}],"chiefTip":"Vous pouvez remplacer l'Ossau-Iraty par un autre fromage à pâte dure (cantal, comté...) et varier les herbes pour plus de saveur (basilic, estragon...).","id":10373}