{"title":"Tiramisu framboise","description":"<br /><b>Pour la mousse</b><br />Fouetter les jaunes d'oeufs et le sucre jusqu'à ce que le mélange blanchisse.<br />A l'aide d'un fouet électrique, monter la crème liquide en chantilly, puis ajouter le mascarpone en fouettant délicatement. Ajouter ce mélange au premier (oeufs et sucre) et bien mélanger.<br /><br /><b>Pour le coulis</b><br />Mixer les framboises avec le sucre et l'eau pour en faire un coulis.<br />Verser ce coulis de framboises dans des verrines et poser les biscuits par-dessus. Ajouter ensuite la crème au mascarpone.<br />","summary":"Verrine de biscuits, sabayon mascarpone et coulis de framboises : le tiramisu des petits gourmands !","timePreparation":"30mn","timeBaking":"0mn","timeRest":"0mn","picture":"","ingredients":[{"label":"Sucre en poudre","shopGroup":"","qte":"70","unit":"g","step":"Pour la mousse","order":0},{"label":"Jaune(s) d'oeuf(s)","shopGroup":"Crèmerie  hors fromage","qte":"3","unit":"pièce(s)","step":"Pour la mousse","order":1},{"label":"Mascarpone","shopGroup":"Fromage(s)","qte":"125","unit":"g","step":"Pour la mousse","order":2},{"label":"Crème liquide entière","shopGroup":"Crèmerie  hors fromage","qte":"20","unit":"cl","step":"Pour la mousse","order":3},{"label":"Framboise(s) surgelée(s)","shopGroup":"Surgelés","qte":"100","unit":"g","step":"Pour la mousse","order":4},{"label":"Eau","shopGroup":"","qte":"12","unit":"cl","step":"Pour le coulis","order":5},{"label":"Sucre en poudre","shopGroup":"Epicerie","qte":"50","unit":"g","step":"Pour le coulis","order":6},{"label":"Biscuit(s) à la cuillère","shopGroup":"Epicerie","qte":"24","unit":"g","step":"Pour le coulis","order":7}],"chiefTip":"Vous pouvez utiliser des fraises et des framboises fraîches pour ce dessert.","id":10669}