{"title":"Brochette de saumon de Norvège, pomme, concombre et huile de cerfeuil au citron vert","description":"","summary":"Sur un pic en bois, un morceau cru de saumon de Norvège et un mélange de pomme granny smith et de concombre. Le pic est ensuite trempé dans une marinade à base d'huile d'olive, de cerfeuil et de citron vert.","timePreparation":"15mn","timeBaking":"0mn","timeRest":"0mn","picture":"","ingredients":[{"label":"Filet(s)de saumon","shopGroup":"Poissonnerie","qte":"200","unit":"g","step":"","order":0},{"label":"Concombre(s)","shopGroup":"Légumes","qte":"0.25","unit":"pièce(s)","step":"","order":1},{"label":"Pomme(s) granny smith","shopGroup":"Fruits","qte":"0.25","unit":"pièce(s)","step":"","order":2},{"label":"Huile d'olive","shopGroup":"Epicerie","qte":"7","unit":"cl","step":"Pour la marinade","order":3},{"label":"Citron(s) vert(s)","shopGroup":"Fruits","qte":"0.5","unit":"pièce(s)","step":"Pour la marinade","order":4},{"label":"Cerfeuil","shopGroup":"Herbes aromatiques","qte":"0.25","unit":"botte(s)","step":"Pour la marinade","order":5},{"label":"Fleur de sel","shopGroup":"Epicerie","qte":"3","unit":"pincée(s)","step":"Pour la marinade","order":6},{"label":"Moulin à poivre","shopGroup":"","qte":"3","unit":"tour(s)","step":"Pour la marinade","order":7}],"chiefTip":"Pour renforcer la saveur des Saint-Jacques, faites-les revenir dans une poêle avec un trait d'huile pour en caraméliser simplement la surface. Coupez-les ensuite.","id":10378}