{"title":"Glace au lait d'amande marbrée de coulis de cerises","description":"Blanchir les jaunes d'oeufs avec le sucre pour obtenir un mélange mousseux.<br />Dans une casserole, porter le lait à ébullition et ajouter les amandes en poudre, puis laisser infuser 15 min hors du feu. Passer au chinois, ajouter quelques gouttes d'extrait d'amandes amères pour corser le goût, puis verser le lait sur le mélange jaunes d'oeufs/sucre.<br />Ajouter la crème liquide puis remettre sur feu doux et laisser épaissir comme une crème anglaise tout en mélangeant (attention à ne pas faire bouillir). Laisser ensuite refroidir et verser la préparation dans une sorbetière (ou une turbine à glace). Laisser turbiner jusqu'à obtention d'un mélange crémeux (30 min environ selon le type de sorbetière). Laisser ensuite prendre au congélateur pendant 2 h (durée à adapter également selon le type de congélateur).<br /><br />Mettre les cerises dans une casserole et les cuire à feu doux pendant environ 15 min, jusqu'à épaississement. Mixer puis ajouter le sucre. Laisser ensuite refroidir à température ambiante, puis réserver au frais.<br />Lorsque la crème glacée est prête, ajouter le coulis de cerises en mélangeant délicatement pour que les saveurs restent séparées et afin de former des marbrures. Remettre au congélateur pendant 2 h.<br /><br />Servir avec des amandes effilées.<br />","summary":"Glace à base de lait entier et de poudre d'amande, parfumée à l'extrait d'amande amère.","timePreparation":"45mn","timeBaking":"0mn","timeRest":"0mn","picture":"","ingredients":[{"label":"Lait entier","shopGroup":"Crèmerie  hors fromage","qte":"40","unit":"cl","step":"","order":0},{"label":"Crème liquide entière","shopGroup":"Crèmerie  hors fromage","qte":"30","unit":"cl","step":"","order":1},{"label":"Poudre d'amande","shopGroup":"Epicerie","qte":"75","unit":"g","step":"","order":2},{"label":"Sucre en poudre","shopGroup":"","qte":"50","unit":"g","step":"","order":3},{"label":"Jaune(s) d'oeuf(s)","shopGroup":"Crèmerie  hors fromage","qte":"4","unit":"pièce(s)","step":"","order":4},{"label":"Extrait d'amande amère","shopGroup":"Epicerie","qte":"3","unit":"goutte(s)","step":"","order":5},{"label":"Amande(s) effilée(s)","shopGroup":"Epicerie","qte":"50","unit":"g","step":"","order":6},{"label":"Cerise(s) au sirop","shopGroup":"Conserve","qte":"400","unit":"g","step":"Pour la sauce","order":7},{"label":"Sucre en poudre","shopGroup":"Epicerie","qte":"80","unit":"g","step":"Pour la sauce","order":8}],"chiefTip":"Les glaces sont délicieuses accompagnées de biscuits secs tels que des tuiles, des cigarettes russes, des sablés...","id":10087}