{"id":10087,"title":"Recette de Glace au lait d'amande marbrée de coulis de cerises","description":"","summary":"Glace à base de lait entier et de poudre d'amande, parfumée à l'extrait d'amande amère.","timePreparation":"45mn","timeBaking":"0mn","timeRest":"0mn","picture":"http://1.media.atelierdeschefs.com/recette-e10087-glace-au-lait-d-amande-marbree-de-coulis-de-cerises.jpg","ingredients":[{"label":"Lait entier","shopGroup":"Crèmerie  hors fromage","qte":"40","unit":"cl","step":"","order":0},{"label":"Crème liquide entière","shopGroup":"Crèmerie  hors fromage","qte":"30","unit":"cl","step":"","order":1},{"label":"Poudre d'amande","shopGroup":"Epicerie","qte":"75","unit":"g","step":"","order":2},{"label":"Sucre en poudre","shopGroup":"","qte":"50","unit":"g","step":"","order":3},{"label":"Jaune(s) d'oeuf(s)","shopGroup":"Crèmerie  hors fromage","qte":"4","unit":"pièce(s)","step":"","order":4},{"label":"Extrait d'amande amère","shopGroup":"Epicerie","qte":"3","unit":"goutte(s)","step":"","order":5},{"label":"Amande(s) effilée(s)","shopGroup":"Epicerie","qte":"50","unit":"g","step":"","order":6},{"label":"Cerise(s) au sirop","shopGroup":"Conserve","qte":"400","unit":"g","step":"Pour la sauce","order":7},{"label":"Sucre en poudre","shopGroup":"Epicerie","qte":"80","unit":"g","step":"Pour la sauce","order":8}]}