{"id":10385,"title":"Recette de Capellini, minestrone de petits légumes au pecorino, aiguillettes de canard","description":"","summary":"Fines pâtes italiennes cuites \"al dente\", accompagnées d'un mélange de légumes au Pecorino et de canard laqué.","timePreparation":"20mn","timeBaking":"10mn","timeRest":"0mn","picture":"http://1.media.atelierdeschefs.com/recette-e10385-capellini-minestrone-de-petits-legumes-au-pecorino-aiguillettes-de-canard.jpg","ingredients":[{"label":"Capellini","shopGroup":"Epicerie","qte":"480","unit":"g","step":"","order":0},{"label":"Eau","shopGroup":"","qte":"5","unit":"l","step":"","order":1},{"label":"Gros sel","shopGroup":"","qte":"35","unit":"g","step":"","order":2},{"label":"Oignon(s)","shopGroup":"Légumes","qte":"1","unit":"pièce(s)","step":"","order":3},{"label":"Carotte(s)","shopGroup":"Légumes","qte":"2","unit":"pièce(s)","step":"","order":4},{"label":"Courgette(s)","shopGroup":"Légumes","qte":"1","unit":"pièce(s)","step":"","order":5},{"label":"Poivron(s) rouge(s)","shopGroup":"Légumes","qte":"1","unit":"pièce(s)","step":"","order":6},{"label":"Petit(s) pois surgelé(s)","shopGroup":"Surgelés","qte":"100","unit":"g","step":"","order":7},{"label":"Sel fin","shopGroup":"","qte":"6","unit":"pincée(s)","step":"","order":8},{"label":"Aiguillette(s) de canard","shopGroup":"Volaille(s)","qte":"900","unit":"g","step":"Pour la viande","order":9},{"label":"Miel","shopGroup":"Epicerie","qte":"1","unit":"c.","step":"Pour la viande","order":10},{"label":"Vinaigre balsamique","shopGroup":"Epicerie","qte":"10","unit":"cl","step":"Pour la viande","order":11},{"label":"Huile d'olive","shopGroup":"Epicerie","qte":"5","unit":"cl","step":"Pour la viande","order":12},{"label":"Sel fin","shopGroup":"","qte":"6","unit":"pincée(s)","step":"Pour la viande","order":13},{"label":"Piment d'Espelette","shopGroup":"Epicerie","qte":"6","unit":"pincée(s)","step":"Pour la viande","order":14},{"label":"Pecorino","shopGroup":"Fromage(s)","qte":"60","unit":"g","step":"Pour la viande","order":15}]}