{"title":"Capellini, minestrone de petits légumes au pecorino, aiguillettes de canard","description":"<br /><b>Pour la garniture</b><br />Cuire les Capellini \"al dente\" dans l'eau bouillante avec le gros sel. Les égoutter après la cuisson, puis les débarrasser dans un plat et les arroser d'un filet d'huile d'olive.<br /><br />Laver tous les légumes. Peler les oignons, les carottes, et le poivron, puis les couper en brunoise ainsi que la courgette.<br />Dans un wok avec un trait d'huile d'olive, faire suer les oignons et les carottes, cuire 3 minutes puis ajouter le poivron et la courgette. Poursuivre la cuisson encore quelques minutes. Terminer avec les petits pois décongelés. Assaisonner de sel, mouiller ensuite avec de l'eau à mi-hauteur porter à ébullition et cuire jusqu'à complet absorption du liquide. Réserver.<br /><br /><b>Pour la viande et le dressage</b><br />Dans une poêle chaude avec un trait d'huile d'olive, colorer sur toutes les faces les aiguillettes de canard, les assaisonner de sel fin puis ajouter le miel. Laisser caraméliser puis déglacer avec le vinaigre balsamique. Rectifier ensuite l'assaisonnement.<br /><br />Râpé le Pecorino.<br />Réchauffer les Capellini dans le wok de minestrone de légumes. Parsemer de Pecorino.<br />Servir le tout en assiette creuse et arroser de sauce de cuisson des aiguillettes de canard.<br />","summary":"Fines pâtes italiennes cuites \"al dente\", accompagnées d'un mélange de légumes au Pecorino et de canard laqué.","timePreparation":"20mn","timeBaking":"10mn","timeRest":"0mn","picture":"","ingredients":[{"label":"Capellini","shopGroup":"Epicerie","qte":"480","unit":"g","step":"","order":0},{"label":"Eau","shopGroup":"","qte":"5","unit":"l","step":"","order":1},{"label":"Gros sel","shopGroup":"","qte":"35","unit":"g","step":"","order":2},{"label":"Oignon(s)","shopGroup":"Légumes","qte":"1","unit":"pièce(s)","step":"","order":3},{"label":"Carotte(s)","shopGroup":"Légumes","qte":"2","unit":"pièce(s)","step":"","order":4},{"label":"Courgette(s)","shopGroup":"Légumes","qte":"1","unit":"pièce(s)","step":"","order":5},{"label":"Poivron(s) rouge(s)","shopGroup":"Légumes","qte":"1","unit":"pièce(s)","step":"","order":6},{"label":"Petit(s) pois surgelé(s)","shopGroup":"Surgelés","qte":"100","unit":"g","step":"","order":7},{"label":"Sel fin","shopGroup":"","qte":"6","unit":"pincée(s)","step":"","order":8},{"label":"Aiguillette(s) de canard","shopGroup":"Volaille(s)","qte":"900","unit":"g","step":"Pour la viande","order":9},{"label":"Miel","shopGroup":"Epicerie","qte":"1","unit":"c.","step":"Pour la viande","order":10},{"label":"Vinaigre balsamique","shopGroup":"Epicerie","qte":"10","unit":"cl","step":"Pour la viande","order":11},{"label":"Huile d'olive","shopGroup":"Epicerie","qte":"5","unit":"cl","step":"Pour la viande","order":12},{"label":"Sel fin","shopGroup":"","qte":"6","unit":"pincée(s)","step":"Pour la viande","order":13},{"label":"Piment d'Espelette","shopGroup":"Epicerie","qte":"6","unit":"pincée(s)","step":"Pour la viande","order":14},{"label":"Pecorino","shopGroup":"Fromage(s)","qte":"60","unit":"g","step":"Pour la viande","order":15}],"chiefTip":"Attention à la cuisson des capellini qui sont des pâtes très fines et qui cuisent donc très rapidement.","id":10385}