{"title":"Raviole de crabe aux trois parfums","description":"Éplucher et râper le gingembre. Laver et effeuiller la coriandre, puis la concasser grossièrement. Tailler les pousses de soja en 3. Penser à garder les tiges de coriandre pour le bouillon, ainsi qu'un peu de gingembre. Tailler la citronnelle en 2 dans le sens de la longueur.<br /><br />Dans un bol, mélanger le crabe, le gingembre, la coriandre et les pousses de soja. Assaisonner avec le miel, le sel et une pincée de piment d'Espelette.<br />Badigeonner 2 des 4  bords de chaque carré de raviole avec un peu d'eau, puis déposer la farce au centre. Fermer ensuite la raviole en la repliant sur elle-même, puis la couper en forme de demi-lune avec un cercle en inox.<br /><br />Dans un wok, ajouter les tiges de coriandre, le gingembre et la citronnelle, ainsi qu'une pincée de gros sel et 1 litre d'eau. Porter à ébullition puis réduire le feu et laisser infuser. <br />Disposer les ravioles dans ce bouillon frémissant, puis les cuire pendant 2 à 3 min.<br /><br />Dans une assiette creuse, disposer les ravioles puis verser un peu de bouillon chaud et parsemer le tout de fleur de sel.<br />","summary":"Petites ravioles fraîches parfumées dans l'esprit asiatique à base de crabe et d'épices.","timePreparation":"15mn","timeBaking":"15mn","timeRest":"0mn","picture":"","ingredients":[{"label":"Chair de crabe","shopGroup":"Poissonnerie","qte":"300","unit":"g","step":"Pour la farce","order":0},{"label":"Gingembre frais","shopGroup":"","qte":"10","unit":"g","step":"Pour la farce","order":1},{"label":"Coriandre fraîche","shopGroup":"","qte":"1","unit":"botte(s)","step":"Pour la farce","order":2},{"label":"Pousse(s) de soja","shopGroup":"Légumes","qte":"200","unit":"g","step":"Pour la farce","order":3},{"label":"Miel","shopGroup":"Epicerie","qte":"1","unit":"c.","step":"Pour la farce","order":4},{"label":"Sel fin","shopGroup":"","qte":"5","unit":"pincée(s)","step":"Pour la farce","order":5},{"label":"Piment d'Espelette","shopGroup":"Epicerie","qte":"1","unit":"pincée(s)","step":"Pour la farce","order":6},{"label":"Coriandre fraîche","shopGroup":"Herbes aromatiques","qte":"6","unit":"branche(s)","step":"Pour le bouillon","order":7},{"label":"Gingembre frais","shopGroup":"Légumes","qte":"20","unit":"g","step":"Pour le bouillon","order":8},{"label":"Bâton(s) de citronnelle","shopGroup":"Herbes aromatiques","qte":"2","unit":"pièce(s)","step":"Pour le bouillon","order":9},{"label":"Gros sel","shopGroup":"","qte":"10","unit":"g","step":"Pour le bouillon","order":10},{"label":"Eau","shopGroup":"","qte":"1","unit":"l","step":"Pour le bouillon","order":11},{"label":"Feuille(s) de pâte à raviole","shopGroup":"Traiteur","qte":"18","unit":"pièce(s)","step":"Pour le reste de la recette","order":12},{"label":"Fleur de sel","shopGroup":"Epicerie","qte":"3","unit":"pincée(s)","step":"Pour le reste de la recette","order":13}],"chiefTip":"Remplacez la chair de crabe par du saumon cuit ou par le poisson de votre choix.","id":10610}