{"id":10610,"title":"Recette de Raviole de crabe aux trois parfums","description":"","summary":"Petites ravioles fraîches parfumées dans l'esprit asiatique à base de crabe et d'épices.","timePreparation":"15mn","timeBaking":"15mn","timeRest":"0mn","picture":"http://1.media.atelierdeschefs.com/recette-e10610-raviole-de-crabe-aux-trois-parfums.jpg","ingredients":[{"label":"Chair de crabe","shopGroup":"Poissonnerie","qte":"300","unit":"g","step":"Pour la farce","order":0},{"label":"Gingembre frais","shopGroup":"","qte":"10","unit":"g","step":"Pour la farce","order":1},{"label":"Coriandre fraîche","shopGroup":"","qte":"1","unit":"botte(s)","step":"Pour la farce","order":2},{"label":"Pousse(s) de soja","shopGroup":"Légumes","qte":"200","unit":"g","step":"Pour la farce","order":3},{"label":"Miel","shopGroup":"Epicerie","qte":"1","unit":"c.","step":"Pour la farce","order":4},{"label":"Sel fin","shopGroup":"","qte":"5","unit":"pincée(s)","step":"Pour la farce","order":5},{"label":"Piment d'Espelette","shopGroup":"Epicerie","qte":"1","unit":"pincée(s)","step":"Pour la farce","order":6},{"label":"Coriandre fraîche","shopGroup":"Herbes aromatiques","qte":"6","unit":"branche(s)","step":"Pour le bouillon","order":7},{"label":"Gingembre frais","shopGroup":"Légumes","qte":"20","unit":"g","step":"Pour le bouillon","order":8},{"label":"Bâton(s) de citronnelle","shopGroup":"Herbes aromatiques","qte":"2","unit":"pièce(s)","step":"Pour le bouillon","order":9},{"label":"Gros sel","shopGroup":"","qte":"10","unit":"g","step":"Pour le bouillon","order":10},{"label":"Eau","shopGroup":"","qte":"1","unit":"l","step":"Pour le bouillon","order":11},{"label":"Feuille(s) de pâte à raviole","shopGroup":"Traiteur","qte":"18","unit":"pièce(s)","step":"Pour le reste de la recette","order":12},{"label":"Fleur de sel","shopGroup":"Epicerie","qte":"3","unit":"pincée(s)","step":"Pour le reste de la recette","order":13}]}