{"title":"Croustillant de fromage et pesto, sauce tomate","description":"","summary":"Croustillant de feuille de brick garni de fromage et de pesto, accompagné d'une sauce tomate.","timePreparation":"30mn","timeBaking":"0mn","timeRest":"0mn","picture":"http://1.media.atelierdeschefs.com/recette-c10466-croustillant-de-fromage-et-pesto-sauce-tomate.jpg","ingredients":[{"label":"Emmenthal","shopGroup":"Fromage(s)","qte":"300","unit":"g","step":"","order":0},{"label":"Feuille(s) de brick","shopGroup":"Traiteur","qte":"6","unit":"pièce(s)","step":"","order":1},{"label":"Huile d'olive","shopGroup":"Epicerie","qte":"10","unit":"cl","step":"","order":2},{"label":"Roquette","shopGroup":"Légumes","qte":"100","unit":"g","step":"","order":3},{"label":"Basilic","shopGroup":"Herbes aromatiques","qte":"0.5","unit":"botte(s)","step":"","order":4},{"label":"Gousse(s) d'ail","shopGroup":"","qte":"1","unit":"gousse(s)","step":"","order":5},{"label":"Pignon(s) de pin","shopGroup":"Epicerie","qte":"30","unit":"g","step":"","order":6},{"label":"Parmigiano Reggiano râpé","shopGroup":"Fromage(s)","qte":"30","unit":"g","step":"","order":7},{"label":"Tomate(s) cerise(s)","shopGroup":"Fruits","qte":"300","unit":"g","step":"Pour la sauce","order":8},{"label":"Sucre en poudre","shopGroup":"Epicerie","qte":"10","unit":"g","step":"Pour la sauce","order":9},{"label":"Oignon(s)","shopGroup":"Légumes","qte":"1","unit":"pièce(s)","step":"Pour la sauce","order":10},{"label":"Eau","shopGroup":"","qte":"3","unit":"cl","step":"Pour la sauce","order":11},{"label":"Branche(s) de thym","shopGroup":"Herbes aromatiques","qte":"1","unit":"pièce(s)","step":"Pour la sauce","order":12},{"label":"Gousse(s) d'ail","shopGroup":"Légumes","qte":"1","unit":"gousse(s)","step":"Pour la sauce","order":13},{"label":"Sel fin","shopGroup":"","qte":"3","unit":"pincée(s)","step":"Pour la sauce","order":14}],"chiefTip":"N'hésitez pas à remplacer l'emmenthal par tout autre fromage pour varier les saveurs.","id":10466}