{"title":"Zimtsterne - Étoiles à la cannelle","description":"Tamiser le sucre glace. A l'aide d'un batteur électrique, monter les blancs d'oeufs en neige ferme, ajouter le sucre glace en 2 ou 3 fois. Prélever une tasse de ce mélange pour décorer. <br />Ajouter délicatement la moitié de la poudre d'amande aux blancs d'oeufs, avec la cannelle et le kirsch. Pétrir rapidement à la main la pâte ainsi obtenue avec le reste de poudre d'amande. Couvrir ensuite la pâte d'un film alimentaire et la laisser reposer au réfrigérateur  pendant 1 h. <br /><br />A l'aide d'un rouleau à pâtisserie, abaisser la pâte pour obtenir une épaisseur de 1 cm sur une planche préalablement saupoudrée de sucre semoule. Découper la pâte à l'emporte-pièce en forme d'étoiles, couvrir les étoiles avec le mélange blancs d'oeuf et sucre glace, puis les laisser reposer à température ambiante pendant 12 h. <br /><br />Préchauffer le four à 160 °C et cuire pendant 7 à 8 min. Attention à ne pas colorer le glaçage blanc, en outre les biscuits doivent être moelleux à la sortie du four.<br /><br />Mettre les Zimtsterne à refroidir sur une grille.<br />","summary":"Biscuits de Noël en forme d'étoiles, parfumés à la cannelle et typiques de la tradition autrichienne.","timePreparation":"30mn","timeBaking":"8mn","timeRest":"13h","picture":"","ingredients":[{"label":"Poudre d'amande","shopGroup":"Epicerie","qte":"500","unit":"g","step":"","order":0},{"label":"Sucre glace","shopGroup":"Epicerie","qte":"450","unit":"g","step":"","order":1},{"label":"Blanc(s) d'oeuf","shopGroup":"Crèmerie  hors fromage","qte":"5","unit":"pièce(s)","step":"","order":2},{"label":"Cannelle en poudre","shopGroup":"Epicerie","qte":"3","unit":"g","step":"","order":3},{"label":"Kirsch","shopGroup":"Boissons alcoolisées","qte":"2","unit":"cl","step":"","order":4},{"label":"Sucre en poudre","shopGroup":"Epicerie","qte":"100","unit":"g","step":"Pour le reste de la recette","order":5}],"chiefTip":"Les étoiles sont plus faciles à découper si vous passez l'emporte-pièce sous l'eau de temps en temps.","id":10523}