{"title":"Zimtsterne - Étoiles à la cannelle","description":"","summary":"Biscuits de Noël en forme d'étoiles, parfumés à la cannelle et typiques de la tradition autrichienne.","timePreparation":"30mn","timeBaking":"8mn","timeRest":"13h","picture":"","ingredients":[{"label":"Poudre d'amande","shopGroup":"Epicerie","qte":"500","unit":"g","step":"","order":0},{"label":"Sucre glace","shopGroup":"Epicerie","qte":"450","unit":"g","step":"","order":1},{"label":"Blanc(s) d'oeuf","shopGroup":"Crèmerie  hors fromage","qte":"5","unit":"pièce(s)","step":"","order":2},{"label":"Cannelle en poudre","shopGroup":"Epicerie","qte":"3","unit":"g","step":"","order":3},{"label":"Kirsch","shopGroup":"Boissons alcoolisées","qte":"2","unit":"cl","step":"","order":4},{"label":"Sucre en poudre","shopGroup":"Epicerie","qte":"100","unit":"g","step":"Pour le reste de la recette","order":5}],"chiefTip":"Les étoiles sont plus faciles à découper si vous passez l'emporte-pièce sous l'eau de temps en temps.","id":10523}