{"title":"Saltimbocca de veau au jambon d'Aoste, scamorza fumée, purée de tomates confites et vin blanc","description":"","summary":"Petites escalopes de veau roulées, avec de la purée de tomates confites, une fine tranche de jambon d'Aoste et une lamelle de scamorza fumée (ou mozzarella). Le tout saisi à la poêle et déglacé avec du vin blanc.","timePreparation":"20mn","timeBaking":"15mn","timeRest":"0mn","picture":"","ingredients":[{"label":"Escalope(s) de veau","shopGroup":"Boucherie","qte":"3","unit":"pièce(s)","step":"","order":0},{"label":"Tranche(s) de Jambon cru(s)","shopGroup":"Charcuterie","qte":"3","unit":"pièce(s)","step":"","order":1},{"label":"Mozzarella","shopGroup":"Fromage(s)","qte":"1","unit":"pièce(s)","step":"","order":2},{"label":"Vin blanc sec","shopGroup":"Boissons alcoolisées","qte":"20","unit":"cl","step":"","order":3},{"label":"Purée de tomate confite","shopGroup":"Epicerie","qte":"50","unit":"g","step":"","order":4},{"label":"Fleur de sel","shopGroup":"Epicerie","qte":"6","unit":"pincée(s)","step":"","order":5},{"label":"Piment d'Espelette","shopGroup":"Epicerie","qte":"6","unit":"pincée(s)","step":"","order":6},{"label":"Huile d'olive","shopGroup":"Epicerie","qte":"5","unit":"cl","step":"","order":7}],"chiefTip":"A défaut de scamorza fumée, utilisez de la mozzarella nature.","id":10375}