{"id":10511,"title":"Recette de Cupcake vanillé multicolore","description":"","summary":"Petits cakes moelleux à la vanille, à décorer sans modération !","timePreparation":"20mn","timeBaking":"15mn","timeRest":"0mn","picture":"http://1.media.atelierdeschefs.com/recette-e10511-cupcake-vanille-multicolore.jpg","ingredients":[{"label":"Oeuf(s)","shopGroup":"Crèmerie  hors fromage","qte":"2","unit":"pièce(s)","step":"Pour les gâteaux","order":0},{"label":"Sucre en poudre","shopGroup":"Epicerie","qte":"125","unit":"g","step":"Pour les gâteaux","order":1},{"label":"Farine avec levure","shopGroup":"Epicerie","qte":"125","unit":"g","step":"Pour les gâteaux","order":2},{"label":"Beurre doux","shopGroup":"","qte":"125","unit":"g","step":"Pour les gâteaux","order":3},{"label":"Gousse(s) de vanille","shopGroup":"Epicerie","qte":"1","unit":"pièce(s)","step":"Pour les gâteaux","order":4},{"label":"Sucre glace","shopGroup":"Epicerie","qte":"170","unit":"g","step":"Pour le glaçage","order":5},{"label":"Beurre doux","shopGroup":"Crèmerie  hors fromage","qte":"110","unit":"g","step":"Pour le glaçage","order":6},{"label":"Colorant alimentaire bleu","shopGroup":"Epicerie","qte":"4","unit":"goutte(s)","step":"Pour le glaçage","order":7},{"label":"Colorant alimentaire rouge","shopGroup":"Epicerie","qte":"4","unit":"goutte(s)","step":"Pour le glaçage","order":8}]}