{"title":"Cupcake vanillé multicolore","description":"<br /><b>Pour les gâteaux :</b><br />Préchauffer le four à 180 °C.<br />Préparer des moules à muffins en disposant les caissettes en papier à l'intérieur.<br /><br />Faire fondre le beurre. Fendre la gousse de vanille et à l'aide de la pointe d'un couteau, en prélever les graines.<br />A l'aide d'un fouet électrique, battre les oeufs et le sucre pour obtenir un mélange léger et homogène. Ajouter progressivement le beurre tout en fouettant, puis incorporer la farine, et enfin les graines de vanille en mélangeant doucement.<br />Lorsque la pâte est lisse et homogène, remplir les moules à moitié et les enfourner pendant 15 min.<br /><br />Attendre le tiédissement pour démouler, puis laisser refroidir sur grille.<br /><br /><b>Pour le glaçage :</b><br />A l'aide d'un fouet, battre ensemble le sucre glace et le beurre (à température ambiante), ajouter le colorant en quantité suffisante pour obtenir la teinte désirée.<br />A l'aide d'une cuillère ou d'une spatule, décorer les cupcakes avec des perles de sucre ou autres gourmandises.<br />","summary":"Petits cakes moelleux à la vanille, à décorer sans modération !","timePreparation":"20mn","timeBaking":"15mn","timeRest":"0mn","picture":"","ingredients":[{"label":"Oeuf(s)","shopGroup":"Crèmerie  hors fromage","qte":"2","unit":"pièce(s)","step":"Pour les gâteaux","order":0},{"label":"Sucre en poudre","shopGroup":"Epicerie","qte":"125","unit":"g","step":"Pour les gâteaux","order":1},{"label":"Farine avec levure","shopGroup":"Epicerie","qte":"125","unit":"g","step":"Pour les gâteaux","order":2},{"label":"Beurre doux","shopGroup":"","qte":"125","unit":"g","step":"Pour les gâteaux","order":3},{"label":"Gousse(s) de vanille","shopGroup":"Epicerie","qte":"1","unit":"pièce(s)","step":"Pour les gâteaux","order":4},{"label":"Sucre glace","shopGroup":"Epicerie","qte":"170","unit":"g","step":"Pour le glaçage","order":5},{"label":"Beurre doux","shopGroup":"Crèmerie  hors fromage","qte":"110","unit":"g","step":"Pour le glaçage","order":6},{"label":"Colorant alimentaire bleu","shopGroup":"Epicerie","qte":"4","unit":"goutte(s)","step":"Pour le glaçage","order":7},{"label":"Colorant alimentaire rouge","shopGroup":"Epicerie","qte":"4","unit":"goutte(s)","step":"Pour le glaçage","order":8}],"chiefTip":"Ne remplissez pas trop les caissettes pour laisser de la place au glaçage. Si vous ne disposez pas de farine avec levure, mélangez 120 g de farine avec 5 g de levure chimique.","id":10511}