{"title":"Canard sauvage rôti aux airelles","description":"","summary":"Un canard en 2 cuissons : les cuisses confites et les flancs rôtis, le tout accompagné de légumes racines.","timePreparation":"20mn","timeBaking":"35mn","timeRest":"0mn","picture":"","ingredients":[{"label":"Canard(s) sauvage(s) (900g)","shopGroup":"Volaille(s)","qte":"3","unit":"pièce(s)","step":"","order":0},{"label":"Topinambour(s)","shopGroup":"Légumes","qte":"600","unit":"g","step":"","order":1},{"label":"Pomme(s) de terre grenaille","shopGroup":"Légumes","qte":"300","unit":"g","step":"","order":2},{"label":"Echalote(s) nouvelle(s)","shopGroup":"Légumes","qte":"0.5","unit":"botte(s)","step":"","order":3},{"label":"Gousse(s) d'ail","shopGroup":"Légumes","qte":"2","unit":"pièce(s)","step":"","order":4},{"label":"Vin rouge","shopGroup":"Boissons alcoolisées","qte":"50","unit":"cl","step":"","order":5},{"label":"Carotte(s)","shopGroup":"Légumes","qte":"1","unit":"pièce(s)","step":"","order":6},{"label":"Farine de blé","shopGroup":"Epicerie","qte":"20","unit":"g","step":"","order":7},{"label":"Airelle(s) fraîche(s)","shopGroup":"Fruits","qte":"30","unit":"g","step":"","order":8},{"label":"Sel fin","shopGroup":"","qte":"6","unit":"pincée(s)","step":"","order":9},{"label":"Moulin à poivre","shopGroup":"","qte":"6","unit":"tour(s)","step":"","order":10},{"label":"Huile d'arachide","shopGroup":"Epicerie","qte":"5","unit":"cl","step":"","order":11},{"label":"Beurre doux","shopGroup":"Crèmerie  hors fromage","qte":"40","unit":"g","step":"","order":12}],"chiefTip":"Demandez à votre volailler de découper les canards en levant les filets et en séparant les cuisses.","id":1011}