{"title":"Strudel aux pommes - version autrichienne","description":"","summary":"C'est un dessert classique généralement réalisé avec des pommes : un gros chausson en rectangle bien reconnaissable car il doit avoir une belle hauteur de rangs de pommes.","timePreparation":"40mn","timeBaking":"30mn","timeRest":"2h","picture":"","ingredients":[{"label":"Farine de blé","shopGroup":"Epicerie","qte":"250","unit":"g","step":"Pour la pâte","order":0},{"label":"Eau","shopGroup":"","qte":"10","unit":"cl","step":"Pour la pâte","order":1},{"label":"Beurre doux","shopGroup":"","qte":"25","unit":"g","step":"Pour la pâte","order":2},{"label":"Sucre en poudre","shopGroup":"","qte":"20","unit":"g","step":"Pour la pâte","order":3},{"label":"Oeuf(s)","shopGroup":"Crèmerie  hors fromage","qte":"2","unit":"pièce(s)","step":"Pour la pâte","order":4},{"label":"Sel fin","shopGroup":"","qte":"2","unit":"pincée(s)","step":"Pour la pâte","order":5},{"label":"Pomme(s)","shopGroup":"Fruits","qte":"1.2","unit":"kg","step":"Pour la farce","order":6},{"label":"Crème liquide entière","shopGroup":"Crèmerie  hors fromage","qte":"20","unit":"cl","step":"Pour la farce","order":7},{"label":"Beurre doux","shopGroup":"Crèmerie  hors fromage","qte":"110","unit":"g","step":"Pour la farce","order":8},{"label":"Raisin(s) sec(s) blond(s)","shopGroup":"Epicerie","qte":"60","unit":"g","step":"Pour la farce","order":9},{"label":"Sucre en poudre","shopGroup":"Epicerie","qte":"60","unit":"g","step":"Pour la farce","order":10},{"label":"Noisette(s) entière(s)","shopGroup":"Epicerie","qte":"60","unit":"g","step":"Pour la farce","order":11},{"label":"Chapelure de pain","shopGroup":"Epicerie","qte":"100","unit":"g","step":"Pour la farce","order":12},{"label":"Citron(s) jaune(s)","shopGroup":"Fruits","qte":"0.5","unit":"pièce(s)","step":"Pour la farce","order":13},{"label":"Cannelle en poudre","shopGroup":"Epicerie","qte":"2","unit":"g","step":"Pour la farce","order":14},{"label":"Sucre glace","shopGroup":"Epicerie","qte":"30","unit":"g","step":"Pour la farce","order":15}],"chiefTip":"Le strudel se cuit à haute température afin que les fruits ne rejettent pas leur jus. Si la pâte commence à brunir \"dangereusement\", baissez le feu et/ou déposez dessus légèrement et sans la rabattre une feuille de papier aluminium.Si vous ne vous sentez pas le courage de préparer la pâte, utilisez une pâte feuilletée ou une pâte filo : un strudel moins traditionnel mais délicieux.","id":10520}