{"title":"Verrine d'ananas à la vanille, mousse mangue siphonnée et macaron coco","description":"<br /><b>Pour les macarons :</b><br />Préchauffer le four à 160 °C (th. 5).<br />Verser la poudre d'amande et le sucre glace dans un mixeur et le faire tourner pendant 30 secondes pour affiner le mélange (tant pour tant). <br /><br />Dans une casserole, mélanger l'eau et le sucre semoule avec une spatule. Cuire à 118-119 °C. Avant d'atteindre cette température, verser 75 g de blancs dans la cuve d'un batteur et les monter. Lorsque le sucre a atteint la bonne température, le verser sur les blancs montés. Fouetter jusqu'au refroidissement de la meringue. <br />Verser le reste de blancs d'oeufs sur le tant pour tant. Incorporer une petite partie de la meringue froide à ce mélange, puis ajouter le reste. Mélanger pour avoir une pâte lisse et homogène, légèrement coulante.<br /><br />Remplir une poche à douille de cette préparation et dresser les macarons sur un tapis de cuisson ou une feuille de papier sulfurisé. Saupoudrer de noix de coco, tapoter légèrement la plaque, puis cuire 10 min en tournant la plaque à mi-cuisson.<br /><br /><b>Pour la mousse :</b><br />Éplucher la mangue et la couper en dés.<br />Dans une casserole, faire bouillir l'eau et le sucre, puis verser le liquide dans un mixeur avec 175 g de chair de mangue, le zeste et le jus du citron vert. Mixer puis ajouter la crème liquide. Verser ensuite dans un siphon, laisser refroidir et incorporer le gaz.<br /><br /><b>Pour le reste de la recette :</b><br />Éplucher l'ananas et le couper en petits dés, puis le mélanger avec les graines de la gousse de vanille. <br /><br />Dans des verrines, répartir l'ananas et ajouter le siphon mangue, puis recouvrir le tout de coques de macaron.<br />","summary":"Dans une verrine, une brunoise d'ananas à la vanille Bourbon, une mousse de mangue fraîche réalisée à l'aide d'un siphon et des coques de macaron noix de coco.","timePreparation":"1h","timeBaking":"15mn","timeRest":"15mn","picture":"","ingredients":[{"label":"Sucre glace","shopGroup":"Epicerie","qte":"200","unit":"g","step":"Pour les macarons","order":0},{"label":"Poudre d'amande","shopGroup":"Epicerie","qte":"200","unit":"g","step":"Pour les macarons","order":1},{"label":"Sucre en poudre","shopGroup":"","qte":"200","unit":"g","step":"Pour les macarons","order":2},{"label":"Eau","shopGroup":"","qte":"5","unit":"cl","step":"Pour les macarons","order":3},{"label":"Blanc(s) d'oeuf","shopGroup":"Crèmerie  hors fromage","qte":"150","unit":"g","step":"Pour les macarons","order":4},{"label":"Noix de coco rapée","shopGroup":"Epicerie","qte":"30","unit":"g","step":"Pour la garniture","order":5},{"label":"Crème liquide entière","shopGroup":"Crèmerie  hors fromage","qte":"20","unit":"cl","step":"Pour la garniture","order":6},{"label":"Mangue(s)","shopGroup":"Fruits","qte":"0.5","unit":"pièce(s)","step":"Pour la garniture","order":7},{"label":"Citron(s) vert(s)","shopGroup":"Fruits","qte":"0.5","unit":"pièce(s)","step":"Pour la garniture","order":8},{"label":"Eau","shopGroup":"","qte":"10","unit":"cl","step":"Pour la garniture","order":9},{"label":"Sucre en poudre","shopGroup":"Epicerie","qte":"45","unit":"g","step":"Pour la garniture","order":10},{"label":"Ananas","shopGroup":"Fruits","qte":"1","unit":"pièce(s)","step":"Pour le reste de la recette","order":11},{"label":"Gousse(s) de vanille","shopGroup":"Epicerie","qte":"0.5","unit":"pièce(s)","step":"Pour le reste de la recette","order":12}],"chiefTip":"Si l'ananas n'est pas assez mûr, n'hésitez pas à le poêler avec un peu de sucre.","id":10186}