{"id":10186,"title":"Recette de Verrine d'ananas à la vanille, mousse mangue siphonnée et macaron coco","description":"","summary":"Dans une verrine, une brunoise d'ananas à la vanille Bourbon, une mousse de mangue fraîche réalisée à l'aide d'un siphon et des coques de macaron noix de coco.","timePreparation":"1h","timeBaking":"15mn","timeRest":"15mn","picture":"http://1.media.atelierdeschefs.com/recette-e10186-verrine-d-ananas-a-la-vanille-mousse-mangue-siphonnee-et-macaron-coco.jpg","ingredients":[{"label":"Sucre glace","shopGroup":"Epicerie","qte":"200","unit":"g","step":"Pour les macarons","order":0},{"label":"Poudre d'amande","shopGroup":"Epicerie","qte":"200","unit":"g","step":"Pour les macarons","order":1},{"label":"Sucre en poudre","shopGroup":"","qte":"200","unit":"g","step":"Pour les macarons","order":2},{"label":"Eau","shopGroup":"","qte":"5","unit":"cl","step":"Pour les macarons","order":3},{"label":"Blanc(s) d'oeuf","shopGroup":"Crèmerie  hors fromage","qte":"150","unit":"g","step":"Pour les macarons","order":4},{"label":"Noix de coco rapée","shopGroup":"Epicerie","qte":"30","unit":"g","step":"Pour la garniture","order":5},{"label":"Crème liquide entière","shopGroup":"Crèmerie  hors fromage","qte":"20","unit":"cl","step":"Pour la garniture","order":6},{"label":"Mangue(s)","shopGroup":"Fruits","qte":"0.5","unit":"pièce(s)","step":"Pour la garniture","order":7},{"label":"Citron(s) vert(s)","shopGroup":"Fruits","qte":"0.5","unit":"pièce(s)","step":"Pour la garniture","order":8},{"label":"Eau","shopGroup":"","qte":"10","unit":"cl","step":"Pour la garniture","order":9},{"label":"Sucre en poudre","shopGroup":"Epicerie","qte":"45","unit":"g","step":"Pour la garniture","order":10},{"label":"Ananas","shopGroup":"Fruits","qte":"1","unit":"pièce(s)","step":"Pour le reste de la recette","order":11},{"label":"Gousse(s) de vanille","shopGroup":"Epicerie","qte":"0.5","unit":"pièce(s)","step":"Pour le reste de la recette","order":12}]}