{"title":"Nougat de Montélimar au chocolat","description":"","summary":"Un délicat bonbon à base de meringue et de chocolat, à déguster sans modération.","timePreparation":"1h","timeBaking":"30mn","timeRest":"1h","picture":"","ingredients":[{"label":"Blanc(s) d'oeuf","shopGroup":"Crèmerie  hors fromage","qte":"50","unit":"g","step":"","order":0},{"label":"Sucre en poudre","shopGroup":"","qte":"50","unit":"g","step":"","order":1},{"label":"Miel","shopGroup":"Epicerie","qte":"200","unit":"g","step":"Pour l'étape 1","order":2},{"label":"Sirop de glucose","shopGroup":"","qte":"200","unit":"g","step":"Pour l'étape 1","order":3},{"label":"Eau","shopGroup":"","qte":"10","unit":"cl","step":"Pour l'étape 2","order":4},{"label":"Sucre en poudre","shopGroup":"Epicerie","qte":"300","unit":"g","step":"Pour l'étape 2","order":5},{"label":"Sirop de glucose","shopGroup":"Epicerie","qte":"150","unit":"g","step":"Pour l'étape 2","order":6},{"label":"Chocolat noir","shopGroup":"Epicerie","qte":"250","unit":"g","step":"Pour l'étape 3","order":7},{"label":"Amande(s) grillée(s)","shopGroup":"Epicerie","qte":"200","unit":"g","step":"Pour l'étape 3","order":8},{"label":"Sucre glace","shopGroup":"Epicerie","qte":"40","unit":"g","step":"Pour l'étape 3","order":9}],"chiefTip":"Veillez à bien respecter les températures et à bien employer du glucose. Le glucose est un sirop de sucre qui apporte une texture particulière. Vous pouvez le remplacer par du miel ou par une quantité équivalente de sucre, mais il peut y avoir de légères variations de tenue ou de conservation","id":10273}