{"title":"Ballotine de dinde au cacao en croûte de noisette, mousseline de potimarron, beurre blanc à la châtaigne","description":"","summary":"Escalope de dinde cuite en ballotine, puis panée à la noisette pour le croustillant du plat, le tout accompagné d'une purée moelleuse de potimarron.","timePreparation":"1h","timeBaking":"20mn","timeRest":"0mn","picture":"","ingredients":[{"label":"Escalope(s) de dinde","shopGroup":"Volaille(s)","qte":"6","unit":"pièce(s)","step":"","order":0},{"label":"Potimarron(s)","shopGroup":"Légumes","qte":"1","unit":"pièce(s)","step":"","order":1},{"label":"Champignon(s) de Paris","shopGroup":"Légumes","qte":"400","unit":"g","step":"","order":2},{"label":"Echalote(s)","shopGroup":"Légumes","qte":"3","unit":"pièce(s)","step":"","order":3},{"label":"Oeuf(s)","shopGroup":"Crèmerie  hors fromage","qte":"3","unit":"pièce(s)","step":"","order":4},{"label":"Cacao en poudre non sucré","shopGroup":"Epicerie","qte":"15","unit":"g","step":"","order":5},{"label":"Chapelure de pain","shopGroup":"Epicerie","qte":"50","unit":"g","step":"","order":6},{"label":"Poudre de noisette","shopGroup":"Epicerie","qte":"100","unit":"g","step":"","order":7},{"label":"Farine de blé","shopGroup":"Epicerie","qte":"50","unit":"g","step":"","order":8},{"label":"Vin blanc sec","shopGroup":"Boissons alcoolisées","qte":"15","unit":"cl","step":"","order":9},{"label":"Châtaigne(s) cuite(s)","shopGroup":"Epicerie","qte":"50","unit":"g","step":"","order":10},{"label":"Beurre doux","shopGroup":"Crèmerie  hors fromage","qte":"100","unit":"g","step":"","order":11},{"label":"Crème liquide entière","shopGroup":"Crèmerie  hors fromage","qte":"10","unit":"cl","step":"","order":12},{"label":"Lait 1/2 écrémé","shopGroup":"Crèmerie  hors fromage","qte":"40","unit":"cl","step":"","order":13},{"label":"Huile d'olive","shopGroup":"Epicerie","qte":"10","unit":"cl","step":"","order":14},{"label":"Sel fin","shopGroup":"","qte":"6","unit":"pincée(s)","step":"","order":15},{"label":"Moulin à poivre","shopGroup":"","qte":"6","unit":"tour(s)","step":"","order":16}],"chiefTip":"La crème dans le beurre blanc permet de stabiliser votre sauce et du coup de la conserver plus longtemps.","id":10718}