{"title":"Ballotine de dinde au cacao en croûte de noisette, mousseline de potimarron, beurre blanc à la châtaigne","description":"Éplucher l'échalote et la ciseler finement. Retirer les pieds des champignons de Paris, éplucher ces derniers et les tailler en quartiers.<br />Dans une poêle chaude, ajouter un filet d'huile d'olive et faire revenir vivement les champignons. Après 2 min de coloration, assaisonner puis ajouter la crème. Mixer ensuite les champignons avec la crème pour obtenir une purée, puis débarrasser.<br /><br />Pour la mousseline : éplucher le potimarron puis le couper en petits morceaux.<br />Peler l'échalote et la ciseler, puis la faire suer dans une casserole avec de l'huile d'olive et une pincée de sel. Ajouter le potimarron, le lait et laisser cuire 15 min environ. Égoutter ensuite en conservant le liquide.<br />Dans un blender, mixer en versant le liquide de cuisson petit à petit jusqu'à obtention d'une texture bien onctueuse. Verser dans une casserole et maintenir au chaud.<br /><br />Tailler les escalopes de dinde en 2 dans la longueur et les aplatir légèrement. Les assaisonner de sel et de poivre, puis ajouter le cacao en poudre et la duxelles de champignons sur les filets de dinde. Rouler ces derniers dans du film alimentaire pour obtenir une sorte de boudin. <br />Dans une casserole d'eau bouillante, pocher les boudins pendant 10 min à toute petite ébullition. Laisser ensuite refroidir les roulades.<br /><br />Dans une casserole, mettre le vin blanc et l'échalote et faire réduire de moitié. Ajouter la crème et porter à ébullition, puis couper le feu. Incorporer ensuite le beurre en petits morceaux tout en fouettant énergiquement. Une fois que c'est prêt, rajouter des éclats de châtaignes cuites.<br /><br />Dans un plat, mélanger la chapelure et la poudre de noisette. Battre les oeufs.<br />Passer les ballotines dans la farine, puis dans l'oeuf, et pour finir dans le mélange noisette/chapelure.<br />Dans une poêle chaude, verser l'huile d'olive et saisir les ballotines sur tout l'ensemble. <br /><br />Dans un cercle, mettre la mousseline de potimarron et disposer autour la ballotine taillée en 3, puis l'arroser délicatement de beurre blanc à la châtaigne.<br />","summary":"Escalope de dinde cuite en ballotine, puis panée à la noisette pour le croustillant du plat, le tout accompagné d'une purée moelleuse de potimarron.","timePreparation":"1h","timeBaking":"20mn","timeRest":"0mn","picture":"","ingredients":[{"label":"Escalope(s) de dinde","shopGroup":"Volaille(s)","qte":"6","unit":"pièce(s)","step":"","order":0},{"label":"Potimarron(s)","shopGroup":"Légumes","qte":"1","unit":"pièce(s)","step":"","order":1},{"label":"Champignon(s) de Paris","shopGroup":"Légumes","qte":"400","unit":"g","step":"","order":2},{"label":"Echalote(s)","shopGroup":"Légumes","qte":"3","unit":"pièce(s)","step":"","order":3},{"label":"Oeuf(s)","shopGroup":"Crèmerie  hors fromage","qte":"3","unit":"pièce(s)","step":"","order":4},{"label":"Cacao en poudre non sucré","shopGroup":"Epicerie","qte":"15","unit":"g","step":"","order":5},{"label":"Chapelure de pain","shopGroup":"Epicerie","qte":"50","unit":"g","step":"","order":6},{"label":"Poudre de noisette","shopGroup":"Epicerie","qte":"100","unit":"g","step":"","order":7},{"label":"Farine de blé","shopGroup":"Epicerie","qte":"50","unit":"g","step":"","order":8},{"label":"Vin blanc sec","shopGroup":"Boissons alcoolisées","qte":"15","unit":"cl","step":"","order":9},{"label":"Châtaigne(s) cuite(s)","shopGroup":"Epicerie","qte":"50","unit":"g","step":"","order":10},{"label":"Beurre doux","shopGroup":"Crèmerie  hors fromage","qte":"100","unit":"g","step":"","order":11},{"label":"Crème liquide entière","shopGroup":"Crèmerie  hors fromage","qte":"10","unit":"cl","step":"","order":12},{"label":"Lait 1/2 écrémé","shopGroup":"Crèmerie  hors fromage","qte":"40","unit":"cl","step":"","order":13},{"label":"Huile d'olive","shopGroup":"Epicerie","qte":"10","unit":"cl","step":"","order":14},{"label":"Sel fin","shopGroup":"","qte":"6","unit":"pincée(s)","step":"","order":15},{"label":"Moulin à poivre","shopGroup":"","qte":"6","unit":"tour(s)","step":"","order":16}],"chiefTip":"La crème dans le beurre blanc permet de stabiliser votre sauce et du coup de la conserver plus longtemps.","id":10718}