{"title":"Tarte au citron caramélisée","description":"","summary":"Tarte au citron caramélisée, préparée avec une pâte brisée parfumée à la vanille.","timePreparation":"30mn","timeBaking":"50mn","timeRest":"30mn","picture":"","ingredients":[{"label":"Oeuf(s)","shopGroup":"","qte":"5","unit":"pièce(s)","step":"Pour la garniture","order":0},{"label":"Sucre en poudre","shopGroup":"Epicerie","qte":"200","unit":"g","step":"Pour la garniture","order":1},{"label":"Citron(s) jaune(s)","shopGroup":"Fruits","qte":"3","unit":"pièce(s)","step":"Pour la garniture","order":2},{"label":"Crème liquide entière","shopGroup":"Crèmerie  hors fromage","qte":"12.5","unit":"cl","step":"Pour la garniture","order":3},{"label":"Farine de blé","shopGroup":"Epicerie","qte":"250","unit":"g","step":"Pour la pâte","order":4},{"label":"Beurre doux","shopGroup":"Crèmerie  hors fromage","qte":"180","unit":"g","step":"Pour la pâte","order":5},{"label":"Oeuf(s)","shopGroup":"Crèmerie  hors fromage","qte":"1","unit":"pièce(s)","step":"Pour la pâte","order":6},{"label":"Sucre glace","shopGroup":"","qte":"60","unit":"g","step":"Pour la pâte","order":7},{"label":"Vanille liquide","shopGroup":"Epicerie","qte":"0.2","unit":"cl","step":"Pour la pâte","order":8},{"label":"Sel fin","shopGroup":"","qte":"1","unit":"pincée(s)","step":"Pour la pâte","order":9},{"label":"Sucre glace","shopGroup":"Epicerie","qte":"30","unit":"g","step":"Pour le dressage","order":10}],"chiefTip":"Variez le goût de la tarte en remplaçant les zestes de citron par des zestes d'orange.","id":10326}