{"title":"Tarte au citron caramélisée","description":"Préchauffer le four à 180°C.<br /><br />Pour la pâte : couper le beurre en petits cubes et les mettre dans un bol. Ajouter la farine, la vanille et le sucre et écraser le tout avec le bout des doigts jusqu'à ce que le mélange ressemble à de la chapelure. Incorporer l'oeuf au mélange jusqu'à ce que ça forme une boule. Pétrir la pâte avec la paume de la main jusqu'à ce qu'elle soit lisse. L'envelopper dans du film alimentaire et la mettre au moins 30 minutes au réfrigérateur. <br /><br />Etaler la pâte entre deux feuilles de papier sulfurisé jusqu'à ce qu'elle fasse 5mm d'épaisseur. Transférer la pâte dans le moule à tarte et parer les bords. La tapisser de papier sulfurisé et ajouter des billes de cuisson. Mettre le moule au four et cuire la pâte à blanc 20 minutes, jusqu'à ce qu'elle soit bien dorée. Une fois qu'elle est cuite, vérifier que le fond de tarte n'a pas de craquelures et si c'est le cas les remplir de la pâte restante. <br /><br />Baisser la température du four à 120°C. <br /><br />Pour préparer l'appareil, zester 1 citron et les presser tous les trois. Ajouter le sucre dans le jus des citrons puis bien mélanger pour le dissoudre. Verser le tout dans la crème liquide  y ajouter les oeufs puis fouetter. <br /><br />Verser ce mélange sur le fond de tarte et l'enfourner pour 30 minutes. L'appareil doit trembloter à sa sortie du four. Il va se solidifier en refroidissant. <br /><br />Saupoudrer la tarte de sucre glace une fois qu'elle est prise et le faire caraméliser avec un chalumeau ou sous un gril très chaud.<br />","summary":"Tarte au citron caramélisée, préparée avec une pâte brisée parfumée à la vanille.","timePreparation":"30mn","timeBaking":"50mn","timeRest":"30mn","picture":"","ingredients":[{"label":"Oeuf(s)","shopGroup":"","qte":"5","unit":"pièce(s)","step":"Pour la garniture","order":0},{"label":"Sucre en poudre","shopGroup":"Epicerie","qte":"200","unit":"g","step":"Pour la garniture","order":1},{"label":"Citron(s) jaune(s)","shopGroup":"Fruits","qte":"3","unit":"pièce(s)","step":"Pour la garniture","order":2},{"label":"Crème liquide entière","shopGroup":"Crèmerie  hors fromage","qte":"12.5","unit":"cl","step":"Pour la garniture","order":3},{"label":"Farine de blé","shopGroup":"Epicerie","qte":"250","unit":"g","step":"Pour la pâte","order":4},{"label":"Beurre doux","shopGroup":"Crèmerie  hors fromage","qte":"180","unit":"g","step":"Pour la pâte","order":5},{"label":"Oeuf(s)","shopGroup":"Crèmerie  hors fromage","qte":"1","unit":"pièce(s)","step":"Pour la pâte","order":6},{"label":"Sucre glace","shopGroup":"","qte":"60","unit":"g","step":"Pour la pâte","order":7},{"label":"Vanille liquide","shopGroup":"Epicerie","qte":"0.2","unit":"cl","step":"Pour la pâte","order":8},{"label":"Sel fin","shopGroup":"","qte":"1","unit":"pincée(s)","step":"Pour la pâte","order":9},{"label":"Sucre glace","shopGroup":"Epicerie","qte":"30","unit":"g","step":"Pour le dressage","order":10}],"chiefTip":"Variez le goût de la tarte en remplaçant les zestes de citron par des zestes d'orange.","id":10326}