{"id":10429,"title":"Recette de Lait parfumé au miel et à la fleur d'oranger","description":"","summary":"Lait chaud parfumé au miel et à l'eau de fleur d'oranger.","timePreparation":"15mn","timeBaking":"0mn","timeRest":"0mn","picture":"http://1.media.atelierdeschefs.com/recette-e10429-lait-parfume-au-miel-et-a-la-fleur-d-oranger.jpg","ingredients":[{"label":"Lait 1/2 écrémé","shopGroup":"Crèmerie  hors fromage","qte":"1.2","unit":"l","step":"","order":0},{"label":"Miel","shopGroup":"Epicerie","qte":"60","unit":"g","step":"","order":1},{"label":"Eau de fleur d'oranger","shopGroup":"Epicerie","qte":"6","unit":"goutte(s)","step":"","order":2}]}