{"title":"Cupcake \"Étoile des neiges\"","description":"","summary":"Petits cakes moelleux aux fruits confits, glacés et décorés de flocons de sucre.","timePreparation":"20mn","timeBaking":"15mn","timeRest":"30mn","picture":"","ingredients":[{"label":"Oeuf(s)","shopGroup":"Crèmerie  hors fromage","qte":"2","unit":"pièce(s)","step":"Pour les gâteaux","order":0},{"label":"Sucre en poudre","shopGroup":"Epicerie","qte":"125","unit":"g","step":"Pour les gâteaux","order":1},{"label":"Farine avec levure","shopGroup":"Epicerie","qte":"125","unit":"g","step":"Pour les gâteaux","order":2},{"label":"Beurre doux","shopGroup":"Crèmerie  hors fromage","qte":"125","unit":"g","step":"Pour les gâteaux","order":3},{"label":"Fruit(s) confit(s)","shopGroup":"Epicerie","qte":"100","unit":"g","step":"Pour les gâteaux","order":4},{"label":"Sucre glace","shopGroup":"Epicerie","qte":"150","unit":"g","step":"Pour le glaçage","order":5},{"label":"Jus de citron","shopGroup":"Boissons sans alcool","qte":"2","unit":"cl","step":"Pour le glaçage","order":6}],"chiefTip":"Ne remplissez pas trop les caissettes pour laisser de la place au glaçage.Les cupcakes se conservent très bien pendant plusieurs jours dans une boîte hermétique. Si vous ne disposez pas de farine avec levure, mélangez 120 g de farine avec 5 g de levure chimique.","id":10514}