{"id":10604,"title":"Recette de Papillote cristalline de saumon au curry et lait de coco","description":"","summary":"Une bouchée qui accompagnera parfaitement vos apéritifs de fête et dont les parfums sont emprisonnés dans un papier transparent : évasion garantie.","timePreparation":"20mn","timeBaking":"5mn","timeRest":"0mn","picture":"http://1.media.atelierdeschefs.com/recette-e10604-papillote-cristalline-de-saumon-au-curry-et-lait-de-coco.jpg","ingredients":[{"label":"Saumon","shopGroup":"Poissonnerie","qte":"300","unit":"g","step":"","order":0},{"label":"Carotte(s)","shopGroup":"Légumes","qte":"1","unit":"pièce(s)","step":"","order":1},{"label":"Pousse(s) de soja","shopGroup":"Légumes","qte":"200","unit":"g","step":"","order":2},{"label":"Curry","shopGroup":"Epicerie","qte":"10","unit":"g","step":"Pour la marinade","order":3},{"label":"Huile d'olive","shopGroup":"Epicerie","qte":"2","unit":"cl","step":"Pour la marinade","order":4},{"label":"Lait de coco non sucré","shopGroup":"Epicerie","qte":"3","unit":"cl","step":"Pour la marinade","order":5},{"label":"Oignon(s)","shopGroup":"Légumes","qte":"0.5","unit":"pièce(s)","step":"Pour la marinade","order":6},{"label":"Fleur de sel","shopGroup":"Epicerie","qte":"6","unit":"pincée(s)","step":"Pour la marinade","order":7},{"label":"Piment d'Espelette","shopGroup":"Epicerie","qte":"6","unit":"pincée(s)","step":"Pour la marinade","order":8}]}