{"title":"Gratin d'andouillette à la moutarde à l'ancienne, purée de pommes de terre à l'huile de noix","description":"Éplucher les oignons puis les ciseler en petits dés. Ciseler le persil plat. Ouvrir les andouillettes pour enlever le boyau. Préchauffer le gril du four.<br /><br />Dans une poêle avec un filet d'huile d'arachide, faire suer les oignons puis ajouter les andouillettes et les colorer. Déglacer au vin blanc et laisser réduire, puis ajouter la moutarde et la crème. Faire réduire de nouveau, mélanger avec le persil puis dresser dans les cercles. Parsemer de chapelure puis passer sous le gril du four.<br /><br /><b>Pour la garniture :</b><br />Éplucher les pommes de terre, les laver et les couper en gros cubes. Les cuire ensuite dans une casserole remplie d'eau froide salée pendant 10 min à partir de l'ébullition. Les égoutter puis les écraser à l'aide d'un fouet, ajouter l'huile de noix puis le lait. Rectifier l'assaisonnement.<br /><br /><b>Pour le dressage :</b><br />Dans les assiettes, dresser le gratin d'andouillette avec une grosse quenelle de purée à côté, décorer avec une noix et une branche de persil plat.<br />","summary":"Andouillette cuite avec des oignons et un peu de crème à la moutarde, juste gratinée au four et accompagnée de pommes de terre écrasées et parfumées à l'huile de noix.","timePreparation":"30mn","timeBaking":"30mn","timeRest":"0mn","picture":"http://1.media.atelierdeschefs.com/recette-c10196-gratin-d-andouillette-a-la-moutarde-a-l-ancienne-puree-de-pommes-de-terre-a-l-huile-de-noix.jpg","ingredients":[{"label":"Andouillette(s)","shopGroup":"Charcuterie","qte":"6","unit":"pièce(s)","step":"","order":0},{"label":"Oignon(s)","shopGroup":"Légumes","qte":"2","unit":"pièce(s)","step":"","order":1},{"label":"Persil plat","shopGroup":"Herbes aromatiques","qte":"0.5","unit":"botte(s)","step":"","order":2},{"label":"Vin blanc sec","shopGroup":"Boissons alcoolisées","qte":"10","unit":"cl","step":"","order":3},{"label":"Crème liquide entière","shopGroup":"Crèmerie  hors fromage","qte":"10","unit":"cl","step":"","order":4},{"label":"Moutarde à l'ancienne","shopGroup":"Epicerie","qte":"20","unit":"g","step":"","order":5},{"label":"Chapelure de pain","shopGroup":"Epicerie","qte":"30","unit":"g","step":"","order":6},{"label":"Huile d'arachide","shopGroup":"Epicerie","qte":"5","unit":"cl","step":"","order":7},{"label":"Pomme(s) de terre  à chair ferme","shopGroup":"Légumes","qte":"1","unit":"kg","step":"Pour la garniture","order":8},{"label":"Huile de noix","shopGroup":"Epicerie","qte":"10","unit":"cl","step":"Pour la garniture","order":9},{"label":"Lait 1/2 écrémé","shopGroup":"Crèmerie  hors fromage","qte":"5","unit":"cl","step":"Pour la garniture","order":10},{"label":"Cerneau(x) de noix","shopGroup":"Epicerie","qte":"6","unit":"pièce(s)","step":"Pour la garniture","order":11},{"label":"Gros sel","shopGroup":"","qte":"10","unit":"g","step":"Pour la garniture","order":12},{"label":"Sel fin","shopGroup":"","qte":"3","unit":"pincée(s)","step":"Pour la garniture","order":13},{"label":"Moulin à poivre","shopGroup":"","qte":"3","unit":"tour(s)","step":"Pour la garniture","order":14}],"chiefTip":"Pour un format familial, préparez votre gratin d'andouillette dans un grand plat.","id":10196}