{"id":10196,"title":"Recette de Gratin d'andouillette à la moutarde à l'ancienne, purée de pommes de terre à l'huile de noix","description":"","summary":"Andouillette cuite avec des oignons et un peu de crème à la moutarde, juste gratinée au four et accompagnée de pommes de terre écrasées et parfumées à l'huile de noix.","timePreparation":"30mn","timeBaking":"30mn","timeRest":"0mn","picture":"http://1.media.atelierdeschefs.com/recette-e10196-gratin-d-andouillette-a-la-moutarde-a-l-ancienne-puree-de-pommes-de-terre-a-l-huile-de-noix.jpg","ingredients":[{"label":"Andouillette(s)","shopGroup":"Charcuterie","qte":"6","unit":"pièce(s)","step":"","order":0},{"label":"Oignon(s)","shopGroup":"Légumes","qte":"2","unit":"pièce(s)","step":"","order":1},{"label":"Persil plat","shopGroup":"Herbes aromatiques","qte":"0.5","unit":"botte(s)","step":"","order":2},{"label":"Vin blanc sec","shopGroup":"Boissons alcoolisées","qte":"10","unit":"cl","step":"","order":3},{"label":"Crème liquide entière","shopGroup":"Crèmerie  hors fromage","qte":"10","unit":"cl","step":"","order":4},{"label":"Moutarde à l'ancienne","shopGroup":"Epicerie","qte":"20","unit":"g","step":"","order":5},{"label":"Chapelure de pain","shopGroup":"Epicerie","qte":"30","unit":"g","step":"","order":6},{"label":"Huile d'arachide","shopGroup":"Epicerie","qte":"5","unit":"cl","step":"","order":7},{"label":"Pomme(s) de terre  à chair ferme","shopGroup":"Légumes","qte":"1","unit":"kg","step":"Pour la garniture","order":8},{"label":"Huile de noix","shopGroup":"Epicerie","qte":"10","unit":"cl","step":"Pour la garniture","order":9},{"label":"Lait 1/2 écrémé","shopGroup":"Crèmerie  hors fromage","qte":"5","unit":"cl","step":"Pour la garniture","order":10},{"label":"Cerneau(x) de noix","shopGroup":"Epicerie","qte":"6","unit":"pièce(s)","step":"Pour la garniture","order":11},{"label":"Gros sel","shopGroup":"","qte":"10","unit":"g","step":"Pour la garniture","order":12},{"label":"Sel fin","shopGroup":"","qte":"3","unit":"pincée(s)","step":"Pour la garniture","order":13},{"label":"Moulin à poivre","shopGroup":"","qte":"3","unit":"tour(s)","step":"Pour la garniture","order":14}]}