{"id":10413,"title":"Recette de Crémeux de panais, piccata de foie gras pané","description":"","summary":"Une crème onctueuse de panais réalisée simplement et accompagnée d'une escalope de foie gras panée.","timePreparation":"20mn","timeBaking":"20mn","timeRest":"0mn","picture":"http://1.media.atelierdeschefs.com/recette-e10413-cremeux-de-panais-piccata-de-foie-gras-pane.jpg","ingredients":[{"label":"Panais","shopGroup":"Légumes","qte":"4","unit":"pièce(s)","step":"","order":0},{"label":"Echalote(s)","shopGroup":"Légumes","qte":"2","unit":"pièce(s)","step":"","order":1},{"label":"Crème liquide entière","shopGroup":"Crèmerie  hors fromage","qte":"25","unit":"cl","step":"","order":2},{"label":"Beurre doux","shopGroup":"Crèmerie  hors fromage","qte":"20","unit":"g","step":"","order":3},{"label":"Sel fin","shopGroup":"","qte":"3","unit":"pincée(s)","step":"","order":4},{"label":"Moulin à poivre","shopGroup":"","qte":"3","unit":"tour(s)","step":"","order":5},{"label":"Tranche(s) de foie gras de canard crue(s)","shopGroup":"Surgelés","qte":"6","unit":"pièce(s)","step":"","order":6},{"label":"Oeuf(s)","shopGroup":"Crèmerie  hors fromage","qte":"2","unit":"pièce(s)","step":"","order":7},{"label":"Farine de blé","shopGroup":"Epicerie","qte":"150","unit":"g","step":"","order":8},{"label":"Chapelure de pain","shopGroup":"Epicerie","qte":"50","unit":"g","step":"","order":9},{"label":"Poudre de noisette","shopGroup":"Epicerie","qte":"100","unit":"g","step":"","order":10}]}