{"id":10015,"title":"Recette de Cigares aux amandes et au miel","description":"","summary":"Petits rouleaux de feuilles de brick croquants, garnis de crème d'amande et caramélisés dans du miel.","timePreparation":"30mn","timeBaking":"0mn","timeRest":"0mn","picture":"http://1.media.atelierdeschefs.com/recette-e10015-cigares-aux-amandes-et-au-miel.jpg","ingredients":[{"label":"Feuille(s) de brick","shopGroup":"Traiteur","qte":"3","unit":"pièce(s)","step":"","order":0},{"label":"Sucre en poudre","shopGroup":"Epicerie","qte":"90","unit":"g","step":"","order":1},{"label":"Poudre d'amande","shopGroup":"Epicerie","qte":"90","unit":"g","step":"","order":2},{"label":"Beurre doux","shopGroup":"Crèmerie  hors fromage","qte":"90","unit":"g","step":"","order":3},{"label":"Jaune(s) d'oeuf(s)","shopGroup":"Crèmerie  hors fromage","qte":"3","unit":"pièce(s)","step":"","order":4},{"label":"Raisin(s) sec(s) blond(s)","shopGroup":"Epicerie","qte":"50","unit":"g","step":"","order":5},{"label":"Eau de fleur d'oranger","shopGroup":"Epicerie","qte":"10","unit":"cl","step":"","order":6},{"label":"Miel","shopGroup":"Epicerie","qte":"20","unit":"g","step":"","order":7},{"label":"Sucre glace","shopGroup":"Epicerie","qte":"10","unit":"g","step":"","order":8},{"label":"Cannelle en poudre","shopGroup":"Epicerie","qte":"2","unit":"g","step":"","order":9}]}