{"id":10027,"title":"Recette de Salade de lentilles, oeuf poché et lardons","description":"","summary":"Une salade de lentilles, agrémentée de lardons croustillants et d'oeufs pochés.","timePreparation":"15mn","timeBaking":"10mn","timeRest":"0mn","picture":"http://1.media.atelierdeschefs.com/recette-e10027-salade-de-lentilles-oeuf-poche-et-lardons.jpg","ingredients":[{"label":"Boite de lentille ( 225g)","shopGroup":"Conserve","qte":"2","unit":"pièce(s)","step":"","order":0},{"label":"Carotte(s)","shopGroup":"Légumes","qte":"1","unit":"pièce(s)","step":"","order":1},{"label":"Oignon(s)","shopGroup":"Légumes","qte":"1","unit":"pièce(s)","step":"","order":2},{"label":"Gousse(s) d'ail","shopGroup":"Légumes","qte":"1","unit":"gousse(s)","step":"","order":3},{"label":"Oeuf(s)","shopGroup":"Crèmerie  hors fromage","qte":"6","unit":"pièce(s)","step":"","order":4},{"label":"Vinaigre alcool blanc","shopGroup":"Epicerie","qte":"10","unit":"cl","step":"","order":5},{"label":"Lardon(s) fumé(s)","shopGroup":"Charcuterie","qte":"200","unit":"g","step":"","order":6},{"label":"Huile d'olive","shopGroup":"Epicerie","qte":"5","unit":"cl","step":"","order":7},{"label":"Vinaigre de vin rouge","shopGroup":"Epicerie","qte":"3","unit":"cl","step":"","order":8},{"label":"Persil frisé","shopGroup":"Herbes aromatiques","qte":"0.25","unit":"botte(s)","step":"","order":9}]}