{"title":"Salade de lentilles, oeuf poché et lardons","description":"Éplucher la carotte, l'ail et l'oignon, puis les couper en petits dés. Laver le persil et le concasser. Égoutter les lentilles.<br /><br />Dans une casserole, faire suer l'oignon, les carottes et l'ail avec un filet d'huile d'olive. Ajouter les lentilles et faire cuire à feu doux pendant 5 min, puis déglacer au vinaigre de vin rouge et arroser d'huile d'olive. Rectifier ensuite l'assaisonnement et réserver à température ambiante. <br /><br />Dans une poêle chaude, faire sauter les lardons puis les ajouter aux lentilles. <br /><br />Faire bouillir une casserole d'eau, puis ajouter le vinaigre blanc. Casser les oeufs un par un dans des ramequins, puis les plonger dans l'eau jusqu'à coagulation du blanc et les retirer.<br /><br />Dans une assiette, dresser les lentilles avec les lardons, parsemer le persil et déposer l'oeuf poché.<br />","summary":"Une salade de lentilles, agrémentée de lardons croustillants et d'oeufs pochés.","timePreparation":"15mn","timeBaking":"10mn","timeRest":"0mn","picture":"","ingredients":[{"label":"Boite de lentille ( 225g)","shopGroup":"Conserve","qte":"2","unit":"pièce(s)","step":"","order":0},{"label":"Carotte(s)","shopGroup":"Légumes","qte":"1","unit":"pièce(s)","step":"","order":1},{"label":"Oignon(s)","shopGroup":"Légumes","qte":"1","unit":"pièce(s)","step":"","order":2},{"label":"Gousse(s) d'ail","shopGroup":"Légumes","qte":"1","unit":"gousse(s)","step":"","order":3},{"label":"Oeuf(s)","shopGroup":"Crèmerie  hors fromage","qte":"6","unit":"pièce(s)","step":"","order":4},{"label":"Vinaigre alcool blanc","shopGroup":"Epicerie","qte":"10","unit":"cl","step":"","order":5},{"label":"Lardon(s) fumé(s)","shopGroup":"Charcuterie","qte":"200","unit":"g","step":"","order":6},{"label":"Huile d'olive","shopGroup":"Epicerie","qte":"5","unit":"cl","step":"","order":7},{"label":"Vinaigre de vin rouge","shopGroup":"Epicerie","qte":"3","unit":"cl","step":"","order":8},{"label":"Persil frisé","shopGroup":"Herbes aromatiques","qte":"0.25","unit":"botte(s)","step":"","order":9}],"chiefTip":"Il faut des oeufs extra frais pour réussir les oeufs pochés à tous les coups.","id":10027}