{"id":10282,"title":"Recette de Bagel, volaille au curry et moutarde au miel","description":"","summary":"Un délicieux pain rond, ultra moelleux et grillé, garni de lamelles de volaille cuites au curry et de moutarde légèrement sucrée.","timePreparation":"30mn","timeBaking":"5mn","timeRest":"0mn","picture":"http://1.media.atelierdeschefs.com/recette-e10282-bagel-volaille-au-curry-et-moutarde-au-miel.jpg","ingredients":[{"label":"Bagel(s)","shopGroup":"Boulangerie","qte":"6","unit":"pièce(s)","step":"","order":0},{"label":"Blanc(s) de poulet","shopGroup":"Volaille(s)","qte":"3","unit":"pièce(s)","step":"","order":1},{"label":"Huile d'olive","shopGroup":"Epicerie","qte":"3","unit":"cl","step":"","order":2},{"label":"Curry","shopGroup":"Epicerie","qte":"3","unit":"g","step":"","order":3},{"label":"Sel fin","shopGroup":"","qte":"6","unit":"pincée(s)","step":"","order":4},{"label":"Moulin à poivre","shopGroup":"","qte":"6","unit":"tour(s)","step":"","order":5},{"label":"Fromage frais","shopGroup":"Fromage(s)","qte":"50","unit":"g","step":"","order":6},{"label":"Moutarde à l'ancienne","shopGroup":"Epicerie","qte":"40","unit":"g","step":"","order":7},{"label":"Miel","shopGroup":"Epicerie","qte":"20","unit":"g","step":"","order":8},{"label":"Roquette","shopGroup":"Légumes","qte":"24","unit":"f","step":"","order":9}]}