{"title":"Risotto aux champignons frais et parmesan","description":"Éplucher l'oignon et le ciseler (le couper en petits dés). Éplucher l'échalote puis la tailler en fines lamelles. Hacher le persil plat. Effeuiller les pleurotes. Éplucher les champignons de Paris et les couper en quartiers.<br /><br />Dans une cocotte, faire suer l'oignon avec un filet d'huile d'olive et une pincée de sel. Ajouter le riz et le nacrer, puis verser le vin blanc et laisser réduire. Diluer ensuite le cube de bouillon de volaille dans l'eau et mélanger. Ajouter le bouillon jusqu'à cuisson complète du riz (environ 15 à 20 min).<br /><br />Dans une poêle avec un filet d'huile d'olive, faire sauter tous les champignons coupés en quartiers, puis l'échalote et enfin le persil haché, et assaisonner. Placer ensuite les champignons dans le riz et éteindre le feu. Incorporer le beurre pour lier et finir avec le parmesan râpé.<br /><br />Rectifier l'assaisonnement et servir.<br />","summary":"Un riz rond et moelleux, parfumé au parmesan et accompagné de champignons.","timePreparation":"10mn","timeBaking":"30mn","timeRest":"0mn","picture":"","ingredients":[{"label":"Riz carnaroli","shopGroup":"Epicerie","qte":"400","unit":"g","step":"","order":0},{"label":"Pleurote(s)","shopGroup":"Légumes","qte":"250","unit":"g","step":"","order":1},{"label":"Persil plat","shopGroup":"Herbes aromatiques","qte":"0.25","unit":"botte(s)","step":"","order":2},{"label":"Oignon(s)","shopGroup":"Légumes","qte":"1","unit":"pièce(s)","step":"","order":3},{"label":"Echalote(s)","shopGroup":"Légumes","qte":"1","unit":"pièce(s)","step":"","order":4},{"label":"Champignon(s) de Paris","shopGroup":"Légumes","qte":"250","unit":"g","step":"","order":5},{"label":"Beurre doux","shopGroup":"Crèmerie  hors fromage","qte":"30","unit":"g","step":"","order":6},{"label":"Parmesan Parmigiano Reggiano","shopGroup":"Fromage(s)","qte":"50","unit":"g","step":"","order":7},{"label":"Cube(s) de bouillon de volaille","shopGroup":"Epicerie","qte":"1","unit":"pièce(s)","step":"","order":8},{"label":"Eau","shopGroup":"","qte":"1","unit":"l","step":"","order":9},{"label":"Huile d'olive","shopGroup":"Epicerie","qte":"10","unit":"cl","step":"","order":10},{"label":"Vin blanc sec","shopGroup":"","qte":"10","unit":"cl","step":"","order":11},{"label":"Sel fin","shopGroup":"","qte":"2","unit":"pincée(s)","step":"","order":12},{"label":"Moulin à poivre","shopGroup":"","qte":"4","unit":"tour(s)","step":"","order":13}],"chiefTip":"Vous pouvez changer les variétés de champignons en fonction de la saison.","id":1065}