{"id":1065,"title":"Recette de Risotto aux champignons frais et parmesan","description":"","summary":"Un riz rond et moelleux, parfumé au parmesan et accompagné de champignons.","timePreparation":"10mn","timeBaking":"30mn","timeRest":"0mn","picture":"http://1.media.atelierdeschefs.com/recette-e1065-risotto-aux-champignons-frais-et-parmesan.jpg","ingredients":[{"label":"Riz carnaroli","shopGroup":"Epicerie","qte":"400","unit":"g","step":"","order":0},{"label":"Pleurote(s)","shopGroup":"Légumes","qte":"250","unit":"g","step":"","order":1},{"label":"Persil plat","shopGroup":"Herbes aromatiques","qte":"0.25","unit":"botte(s)","step":"","order":2},{"label":"Oignon(s)","shopGroup":"Légumes","qte":"1","unit":"pièce(s)","step":"","order":3},{"label":"Echalote(s)","shopGroup":"Légumes","qte":"1","unit":"pièce(s)","step":"","order":4},{"label":"Champignon(s) de Paris","shopGroup":"Légumes","qte":"250","unit":"g","step":"","order":5},{"label":"Beurre doux","shopGroup":"Crèmerie  hors fromage","qte":"30","unit":"g","step":"","order":6},{"label":"Parmesan Parmigiano Reggiano","shopGroup":"Fromage(s)","qte":"50","unit":"g","step":"","order":7},{"label":"Cube(s) de bouillon de volaille","shopGroup":"Epicerie","qte":"1","unit":"pièce(s)","step":"","order":8},{"label":"Eau","shopGroup":"","qte":"1","unit":"l","step":"","order":9},{"label":"Huile d'olive","shopGroup":"Epicerie","qte":"10","unit":"cl","step":"","order":10},{"label":"Vin blanc sec","shopGroup":"","qte":"10","unit":"cl","step":"","order":11},{"label":"Sel fin","shopGroup":"","qte":"2","unit":"pincée(s)","step":"","order":12},{"label":"Moulin à poivre","shopGroup":"","qte":"4","unit":"tour(s)","step":"","order":13}]}