{"id":10183,"title":"Recette de Yaourt chocolaté maison","description":"","summary":"Réalisez ce dessert simple à la maison, avec ou sans yaourtière.","timePreparation":"30mn","timeBaking":"0mn","timeRest":"0mn","picture":"http://1.media.atelierdeschefs.com/recette-e10183-yaourt-chocolate-maison.jpg","ingredients":[{"label":"Yaourt(s) nature(s)","shopGroup":"Crèmerie  hors fromage","qte":"1","unit":"pièce(s)","step":"","order":0},{"label":"Lait entier","shopGroup":"Crèmerie  hors fromage","qte":"1","unit":"l","step":"","order":1},{"label":"Lait concentré sucré","shopGroup":"Epicerie","qte":"30","unit":"cl","step":"","order":2},{"label":"Chocolat noir","shopGroup":"Epicerie","qte":"100","unit":"g","step":"","order":3}]}