{"title":"Foie gras au torchon","description":"","summary":"Lobe de foie gras de canard entier, déveiné puis enveloppé d'un torchon et poché dans l'eau. La cuisson du foie gras au torchon permet de maîtriser parfaitement la température ambiante, car nous sommes dans un liquide.","timePreparation":"30mn","timeBaking":"1h","timeRest":"12h","picture":"","ingredients":[{"label":"Lobe(s) de foie gras de canard","shopGroup":"Volaille(s)","qte":"1","unit":"pièce(s)","step":"","order":0},{"label":"Sel fin","shopGroup":"","qte":"7","unit":"g","step":"","order":1},{"label":"Moulin à poivre","shopGroup":"","qte":"1","unit":"g","step":"","order":2},{"label":"Mélange 5 épices","shopGroup":"Epicerie","qte":"1","unit":"g","step":"","order":3},{"label":"Porto blanc","shopGroup":"Boissons alcoolisées","qte":"3","unit":"cl","step":"","order":4},{"label":"Lait 1/2 écrémé","shopGroup":"Crèmerie  hors fromage","qte":"1","unit":"l","step":"","order":5},{"label":"Eau","shopGroup":"","qte":"1","unit":"l","step":"","order":6}],"chiefTip":"La cuisson du foie gras au torchon permet de donner une forme ronde au lobe et de maîtriser parfaitement la température ambiante puisque nous sommes dans un liquide. Remplacez le Porto par l'alcool de votre choix : Armagnac, Cognac...","id":10009}