{"title":"Foie gras au torchon","description":"<br /><b>Préparation, assaisonnement et conditionnement</b><br />Préparer l'assaisonnement du foie gras en mélangeant le sel, le poivre du moulin et les 5 épices.<br /><br />Sortir le foie gras du réfrigérateur 1 h avant de le travailler et le mettre à dégorger (dans un mélange de lait et d'eau s'il est très sanguin).<br /><br />Séparer les 2 lobes. Pour le plus gros, ouvrir en 2 avec les doigts dans le sens de la longueur en écartant le foie gras sur les bords, enlever la veine principale en forme de Y en partant de la base du foie. Finir avec la deuxième veine qui se trouve sous le premier.<br /><br />Pour le-sous lobe, les 2 veines sont aussi l'une au-dessus de l'autre, mais en forme de X. Progresser de la même manière que pour le premier lobe.<br /><br />Assaisonner ensuite les lobes de foie avec 16 g d'assaisonnement au kilo, soit environ 8 g par lobe. Dissoudre l'assaisonnement avec le porto blanc, puis laisser le foie mariner au réfrigérateur plus ou moins longtemps selon la force que vous voulez lui donner.<br /><br /><br /><b>La cuisson du foie gras au torchon</b><br />Poser le foie sur un torchon propre, l'envelopper tout en serrant. Maintenir les extrémités du torchon avec des ficelles.<br /><br />Faire bouillir un grand volume d'eau salée et plonger le foie dedans. Porter de nouveau à ébullition, puis stopper aussitôt la cuisson. Couvrir et laisser refroidir à température ambiante.<br /><br />Sortir ensuite le foie gras de l'eau, dérouler le torchon sans sortir le foie, puis le rouler à nouveau.<br /><br />Le ficeler puis le réserver au réfrigérateur pendant au moins 12 h.<br /><br />Votre foie gras au torchon est prêt : bonne dégustation !<br />","summary":"Lobe de foie gras de canard entier, déveiné puis enveloppé d'un torchon et poché dans l'eau. La cuisson du foie gras au torchon permet de maîtriser parfaitement la température ambiante, car nous sommes dans un liquide.","timePreparation":"30mn","timeBaking":"1h","timeRest":"12h","picture":"","ingredients":[{"label":"Lobe(s) de foie gras de canard","shopGroup":"Volaille(s)","qte":"1","unit":"pièce(s)","step":"","order":0},{"label":"Sel fin","shopGroup":"","qte":"7","unit":"g","step":"","order":1},{"label":"Moulin à poivre","shopGroup":"","qte":"1","unit":"g","step":"","order":2},{"label":"Mélange 5 épices","shopGroup":"Epicerie","qte":"1","unit":"g","step":"","order":3},{"label":"Porto blanc","shopGroup":"Boissons alcoolisées","qte":"3","unit":"cl","step":"","order":4},{"label":"Lait 1/2 écrémé","shopGroup":"Crèmerie  hors fromage","qte":"1","unit":"l","step":"","order":5},{"label":"Eau","shopGroup":"","qte":"1","unit":"l","step":"","order":6}],"chiefTip":"La cuisson du foie gras au torchon permet de donner une forme ronde au lobe et de maîtriser parfaitement la température ambiante puisque nous sommes dans un liquide. Remplacez le Porto par l'alcool de votre choix : Armagnac, Cognac...","id":10009}