{"title":"Nems de jambon cru, mozzarella et girolles en persillade","description":"Laver les girolles et les trier. Éplucher l'ail et l'écraser. Ciseler le persil plat. Couper les olives en 4.<br /><br />Cuire les girolles dans une poêle bien chaude avec un filet d'huile d'olive. Une fois qu'elles ont rejeté l'eau de cuisson, les saler et les poivrer, puis ajouter le beurre, l'ail et le persil.<br /><br />Tailler 12 bâtonnets de mozzarella.<br />Découper chaque tranche de jambon cru en 2 sur la longueur, puis déposer dessus un bâtonnet de mozzarella, des olives et quelques girolles. Rouler ensuite le tout.<br />Couper les feuilles de brick en 4, puis rouler le roulé de jambon comme un nem. Le piquer ensuite avec un pic en bois, puis le cuire sur un gril ou à la poêle jusqu'à coloration de la feuille de brick.<br />Déguster aussitôt.<br />","summary":"Mini nems de jambon cru, mozzarella, girolles en persillade et olives roulées dans une feuille de brick.","timePreparation":"15mn","timeBaking":"5mn","timeRest":"0mn","picture":"","ingredients":[],"chiefTip":"Remplacez le jambon par du saumon fumé et variez les fromages et les champignons.","id":10544}