{"title":"Pavé de cabillaud poêlé, blettes blanches et vertes étuvées au lard paysan","description":"Nettoyer les blettes, détacher les côtes des feuilles. Couper ensuite les côtes en tranches et tailler la moitié des feuilles en chiffonnade.<br />Couper la poitrine de porc en gros lardons.<br /><br />Dans une cocotte chaude, mettre une noisette de beurre et colorer les lardons. Ajouter les côtes de blettes, saler légèrement, puis couvrir et cuire pendant 6 min.<br />Ajouter les feuilles de blettes dans la cocotte contenant les côtes et le lard, saler et poivrer, puis laisser cuire 5 min.<br /><br />Dans une poêle chaude, mettre un trait d'huile d'olive et poser les pavés de poisson côté peau. Ajouter une pincée de sel et laisser cuire 2 min à feu vif. Dès que la peau a une belle coloration, mettre une noisette de beurre, la gousse d'ail écrasée, le thym et la feuille de laurier. Retourner les pavés et finir la cuisson à feu doux durant 2 min en les arrosant avec le beurre chaud et mousseux.<br /><br />Dans une assiette creuse, répartir les blettes au lard puis poser un pavé de cabillaud dessus.<br />","summary":"Découvrez un plat simple et efficace avec des blettes étuvées au beurre, de la poitrine de porc fumé et un pavé de cabillaud cuit à la poêle avec des aromates.","timePreparation":"15mn","timeBaking":"15mn","timeRest":"0mn","picture":"","ingredients":[{"label":"Pavé(s) de cabillaud de 150 g","shopGroup":"Poissonnerie","qte":"6","unit":"pièce(s)","step":"","order":0},{"label":"Pied(s) de blette","shopGroup":"Légumes","qte":"2","unit":"pièce(s)","step":"","order":1},{"label":"Lard fumé","shopGroup":"Charcuterie","qte":"200","unit":"g","step":"","order":2},{"label":"Huile d'olive","shopGroup":"Epicerie","qte":"2","unit":"cl","step":"","order":3},{"label":"Beurre doux","shopGroup":"Crèmerie  hors fromage","qte":"50","unit":"g","step":"","order":4},{"label":"Gousse(s) d'ail","shopGroup":"Légumes","qte":"1","unit":"gousse(s)","step":"","order":5},{"label":"Feuille(s) de laurier","shopGroup":"Herbes aromatiques","qte":"1","unit":"pièce(s)","step":"","order":6},{"label":"Thym frais","shopGroup":"Herbes aromatiques","qte":"1","unit":"branche(s)","step":"","order":7},{"label":"Sel fin","shopGroup":"","qte":"3","unit":"pincée(s)","step":"","order":8},{"label":"Moulin à poivre","shopGroup":"","qte":"3","unit":"tour(s)","step":"","order":9}],"chiefTip":"Si vous taillez vos blettes à l'avance, conservez-les dans de l'eau légèrement citronnée.","id":10417}