{"id":10417,"title":"Recette de Pavé de cabillaud poêlé, blettes blanches et vertes étuvées au lard paysan","description":"","summary":"Découvrez un plat simple et efficace avec des blettes étuvées au beurre, de la poitrine de porc fumé et un pavé de cabillaud cuit à la poêle avec des aromates.","timePreparation":"15mn","timeBaking":"15mn","timeRest":"0mn","picture":"http://1.media.atelierdeschefs.com/recette-e10417-pave-de-cabillaud-poele-blettes-blanches-et-vertes-etuvees-au-lard-paysan.jpg","ingredients":[{"label":"Pavé(s) de cabillaud de 150 g","shopGroup":"Poissonnerie","qte":"6","unit":"pièce(s)","step":"","order":0},{"label":"Pied(s) de blette","shopGroup":"Légumes","qte":"2","unit":"pièce(s)","step":"","order":1},{"label":"Lard fumé","shopGroup":"Charcuterie","qte":"200","unit":"g","step":"","order":2},{"label":"Huile d'olive","shopGroup":"Epicerie","qte":"2","unit":"cl","step":"","order":3},{"label":"Beurre doux","shopGroup":"Crèmerie  hors fromage","qte":"50","unit":"g","step":"","order":4},{"label":"Gousse(s) d'ail","shopGroup":"Légumes","qte":"1","unit":"gousse(s)","step":"","order":5},{"label":"Feuille(s) de laurier","shopGroup":"Herbes aromatiques","qte":"1","unit":"pièce(s)","step":"","order":6},{"label":"Thym frais","shopGroup":"Herbes aromatiques","qte":"1","unit":"branche(s)","step":"","order":7},{"label":"Sel fin","shopGroup":"","qte":"3","unit":"pincée(s)","step":"","order":8},{"label":"Moulin à poivre","shopGroup":"","qte":"3","unit":"tour(s)","step":"","order":9}]}