{"title":"Minestrone de blé aux petits légumes et gambas","description":"Éplucher les échalotes et les émincer en fines lamelles. Éplucher les carottes et les tailler en petits dés (brunoise). Laver les courgettes et les couper en petits dés. Couper en fines lamelles la poitrine de porc.<br /><br />Dans une casserole, mettre un peu d'huile d'olive et faire suer les échalotes avec la poitrine, puis ajouter les carottes et le blé.<br />Verser de l'eau jusqu'à 1 ou 2 cm au-dessus des légumes et du blé, puis laisser cuire pendant 10 min. Ajouter les courgettes et laisser cuire à forte ébullition pendant encore 5 min.<br /><br />Pendant la cuisson du blé, décortiquer les gambas en laissant le dernier anneau de la carapace ainsi que la queue pour la décoration, et retirer le boyau à l'aide d'un petit couteau.<br />Dans une poêle chaude avec un filet d'huile d'olive, colorer les gambas 1 min sur chaque face, les assaisonner de sel et de piment d'Espelette. Une fois le blé cuit, ajouter 50g de parmesan râpé.<br /><br />Dresser le blé dans une assiette creuse et disposer les gambas par-dessus. Décorer l'assiette avec quelques copeaux réalisés avec le parmesan restant et des feuilles de coriandre.<br />","summary":"Soupe de carottes et courgettes taillées en petits dés et cuites avec du blé, le tout accompagné de gambas poêlées.","timePreparation":"15mn","timeBaking":"15mn","timeRest":"0mn","picture":"","ingredients":[{"label":"Blé","shopGroup":"Epicerie","qte":"200","unit":"g","step":"","order":0},{"label":"Gambas surgelée(s)","shopGroup":"Surgelés","qte":"30","unit":"pièce(s)","step":"","order":1},{"label":"Echalote(s)","shopGroup":"Légumes","qte":"2","unit":"pièce(s)","step":"","order":2},{"label":"Carotte(s)","shopGroup":"Légumes","qte":"3","unit":"pièce(s)","step":"","order":3},{"label":"Courgette(s)","shopGroup":"Légumes","qte":"3","unit":"pièce(s)","step":"","order":4},{"label":"Parmesan Parmigiano Reggiano","shopGroup":"Fromage(s)","qte":"100","unit":"g","step":"","order":5},{"label":"Coriandre fraîche","shopGroup":"Herbes aromatiques","qte":"0.25","unit":"botte(s)","step":"","order":6},{"label":"Eau","shopGroup":"","qte":"1","unit":"l","step":"","order":7},{"label":"Sel fin","shopGroup":"","qte":"6","unit":"pincée(s)","step":"","order":8},{"label":"Piment d'Espelette","shopGroup":"Epicerie","qte":"6","unit":"pincée(s)","step":"","order":9},{"label":"Poitrine(s) de porc fumée(s)","shopGroup":"Boucherie","qte":"50","unit":"g","step":"","order":10},{"label":"Huile d'olive","shopGroup":"Epicerie","qte":"5","unit":"cl","step":"","order":11}],"chiefTip":"Vous pouvez varier les légumes en fonction des saisons : haricots verts, petits pois, fèves...Attention de bien utiliser du blé précuit, sinon la cuisson s'en trouve rallongée.","id":1020}