{"title":"\"Kiri-Cake\" au caramel et toffee","description":"Faire fondre le beurre. Émietter les biscuits et les mélanger avec le beurre fondu.<br />Mettre les feuilles de gélatine à ramollir dans de l'eau froide.<br /><br />Dans une casserole, mettre à bouillir l'eau, le sucre, les gousses de vanille fendues et grattées. Mettre les feuilles de gélatine dans le sirop hors du feu pour qu'elles fondent. A l'aide d'une spatule, lisser le fromage frais dans un bol, puis ajouter le sirop. Mélanger ensuite pour incorporer les différents ingrédients.<br /><br />Dans des cercles en inox ou dans des moules individuels, tasser la pâte réalisée avec les biscuits dans le fond puis verser la préparation à base de fromage par-dessus. Laisser ensuite prendre au réfrigérateur pendant 3 h.<br /><br />Pour la sauce caramel :  dans une poêle, cuire le sucre jusqu'à coloration blonde. Ajouter alors le beurre demi-sel et déglacer peu à peu avec la crème. Réserver. <br /><br />Pour les fruits caramélisés : faire fondre le sucre et le cuire dans une poêle jusqu'à coloration rousse, puis ajouter les fruits secs et bien les enrober de caramel. Les débarrasser ensuite sur un papier cuisson. Lorsqu'ils sont froids, les casser en gros morceaux.<br /><br />Disposer le cheese-cake dans une assiette et retirer délicatement le cercle, puis décorer de caramel et de fruits secs caramélisés.<br />","summary":"Cheese-cake sans cuisson fait avec des spéculoos pour le biscuit, garni d'une crème à base de fromage frais à la vanille, puis nappé de sauce caramel et de fruits secs caramélisés.","timePreparation":"45mn","timeBaking":"0mn","timeRest":"0mn","picture":"","ingredients":[{"label":"Spéculoos","shopGroup":"Epicerie","qte":"200","unit":"pièce(s)","step":"","order":0},{"label":"Beurre doux","shopGroup":"Crèmerie  hors fromage","qte":"80","unit":"g","step":"","order":1},{"label":"Eau","shopGroup":"","qte":"10","unit":"cl","step":"Pour la garniture","order":2},{"label":"Sucre en poudre","shopGroup":"","qte":"75","unit":"g","step":"Pour la garniture","order":3},{"label":"Gousse(s) de vanille","shopGroup":"Epicerie","qte":"2","unit":"pièce(s)","step":"Pour la garniture","order":4},{"label":"Kiri","shopGroup":"Fromage(s)","qte":"600","unit":"g","step":"Pour la garniture","order":5},{"label":"Feuille(s) de gélatine de 2 g","shopGroup":"Epicerie","qte":"4","unit":"pièce(s)","step":"Pour la garniture","order":6},{"label":"Sucre en poudre","shopGroup":"","qte":"100","unit":"g","step":"Pour la sauce","order":7},{"label":"Beurre demi-sel","shopGroup":"Crèmerie  hors fromage","qte":"10","unit":"g","step":"Pour la sauce","order":8},{"label":"Crème liquide entière","shopGroup":"Crèmerie  hors fromage","qte":"10","unit":"cl","step":"Pour la sauce","order":9},{"label":"Mélange de fruits secs ( amandes, noisettes, ...)","shopGroup":"Epicerie","qte":"150","unit":"g","step":"Pour la sauce","order":10},{"label":"Sucre en poudre","shopGroup":"Epicerie","qte":"100","unit":"g","step":"Pour la sauce","order":11}],"chiefTip":"Pour avoir un cheese-cake tout caramel, vous pouvez aussi le parfumer avec un sirop au caramel.","id":10403}