{"id":10098,"title":"Recette de Chocolat chaud aux épices","description":"","summary":"Un chocolat chaud à base de crème et de lait, parfumé aux épices.","timePreparation":"5mn","timeBaking":"10mn","timeRest":"0mn","picture":"http://1.media.atelierdeschefs.com/recette-e10098-chocolat-chaud-aux-epices.jpg","ingredients":[{"label":"Chocolat noir","shopGroup":"Epicerie","qte":"300","unit":"g","step":"","order":0},{"label":"Etoile(s) de badiane","shopGroup":"Epicerie","qte":"1","unit":"pièce(s)","step":"","order":1},{"label":"Sucre en poudre","shopGroup":"Epicerie","qte":"100","unit":"g","step":"","order":2},{"label":"Lait 1/2 écrémé","shopGroup":"Crèmerie  hors fromage","qte":"30","unit":"cl","step":"","order":3},{"label":"Crème liquide entière","shopGroup":"Crèmerie  hors fromage","qte":"30","unit":"cl","step":"","order":4},{"label":"Cannelle en poudre","shopGroup":"Epicerie","qte":"10","unit":"g","step":"","order":5},{"label":"Bâton(s) de cannelle","shopGroup":"Epicerie","qte":"1","unit":"pièce(s)","step":"","order":6},{"label":"Gousse(s) de vanille","shopGroup":"Epicerie","qte":"1","unit":"pièce(s)","step":"","order":7}]}