{"id":999,"title":"Recette de Truffes au chocolat rhum-raisin","description":"","summary":"Un coeur moelleux de ganache au rhum et un enrobage croquant.","timePreparation":"30mn","timeBaking":"0mn","timeRest":"0mn","picture":"http://1.media.atelierdeschefs.com/recette-e999-truffes-au-chocolat-rhum-raisin.jpg","ingredients":[{"label":"Chocolat noir","shopGroup":"Epicerie","qte":"450","unit":"g","step":"","order":0},{"label":"Raisin(s) sec(s) blond(s)","shopGroup":"Epicerie","qte":"30","unit":"g","step":"","order":1},{"label":"Rhum blanc","shopGroup":"Boissons alcoolisées","qte":"6","unit":"cl","step":"","order":2},{"label":"Crème liquide entière","shopGroup":"Crèmerie  hors fromage","qte":"40","unit":"cl","step":"","order":3},{"label":"Gousse(s) de vanille","shopGroup":"Epicerie","qte":"1","unit":"pièce(s)","step":"","order":4},{"label":"Sucre glace","shopGroup":"Epicerie","qte":"100","unit":"g","step":"","order":5},{"label":"Grué de cacao","shopGroup":"Epicerie","qte":"40","unit":"g","step":"","order":6}]}