{"title":"Truffes au chocolat rhum-raisin","description":"","summary":"Un coeur moelleux de ganache au rhum et un enrobage croquant.","timePreparation":"30mn","timeBaking":"0mn","timeRest":"0mn","picture":"","ingredients":[{"label":"Chocolat noir","shopGroup":"Epicerie","qte":"450","unit":"g","step":"","order":0},{"label":"Raisin(s) sec(s) blond(s)","shopGroup":"Epicerie","qte":"30","unit":"g","step":"","order":1},{"label":"Rhum blanc","shopGroup":"Boissons alcoolisées","qte":"6","unit":"cl","step":"","order":2},{"label":"Crème liquide entière","shopGroup":"Crèmerie  hors fromage","qte":"40","unit":"cl","step":"","order":3},{"label":"Gousse(s) de vanille","shopGroup":"Epicerie","qte":"1","unit":"pièce(s)","step":"","order":4},{"label":"Sucre glace","shopGroup":"Epicerie","qte":"100","unit":"g","step":"","order":5},{"label":"Grué de cacao","shopGroup":"Epicerie","qte":"40","unit":"g","step":"","order":6}],"chiefTip":"Ces truffes se conservent une bonne semaine dans une boîte hermétique placée au réfrigérateur. Pensez à les sortir quelques minutes avant de les déguster.Lorsque vous commencez à rouler les truffes dans le chocolat, veillez à ne pas être dérangé car vos mains risquent d'être prises !","id":999}