{"title":"Truffes au chocolat rhum-raisin","description":"Mettre les raisins secs à tremper dans le rhum, puis les hacher.<br />Concasser le chocolat en petits morceaux (idéalement, utiliser des pistoles).<br /><br />Mettre la crème à bouillir avec la vanille grattée, puis la verser sur 300 g de chocolat. Attendre 5 min et mélanger lentement avec un fouet en partant du milieu, sans incorporer d'air. Lorsque la ganache est homogène, ajouter les raisins hachés. Vous devez obtenir une \"mayonnaise au chocolat\". Laisser ensuite refroidir à température ambiante.<br />Lorsque la texture est prise, réaliser de petites boules sur une plaque à l'aide d'une poche à douille, puis laisser refroidir au frais pendant 20 min. <br /><br />Dans un bol, faire fondre les 2/3 du chocolat restant au bain-marie ou au micro-ondes. Ajouter hors du feu le 1/3 restant et remuer doucement pour que le chocolat soit homogène et à une température d'environ 30 °C.<br />Mélanger à part le sucre glace et le grué, puis les répartir dans un plat large.<br /><br />Mettre un peu de chocolat fondu dans le creux de la main, rouler une truffe dedans puis la passer dans le sucre et laisser refroidir.<br />Tamiser les truffes pour enlever l'excédent de sucre avant de servir.<br />","summary":"Un coeur moelleux de ganache au rhum et un enrobage croquant.","timePreparation":"30mn","timeBaking":"0mn","timeRest":"0mn","picture":"","ingredients":[{"label":"Chocolat noir","shopGroup":"Epicerie","qte":"450","unit":"g","step":"","order":0},{"label":"Raisin(s) sec(s) blond(s)","shopGroup":"Epicerie","qte":"30","unit":"g","step":"","order":1},{"label":"Rhum blanc","shopGroup":"Boissons alcoolisées","qte":"6","unit":"cl","step":"","order":2},{"label":"Crème liquide entière","shopGroup":"Crèmerie  hors fromage","qte":"40","unit":"cl","step":"","order":3},{"label":"Gousse(s) de vanille","shopGroup":"Epicerie","qte":"1","unit":"pièce(s)","step":"","order":4},{"label":"Sucre glace","shopGroup":"Epicerie","qte":"100","unit":"g","step":"","order":5},{"label":"Grué de cacao","shopGroup":"Epicerie","qte":"40","unit":"g","step":"","order":6}],"chiefTip":"Ces truffes se conservent une bonne semaine dans une boîte hermétique placée au réfrigérateur. Pensez à les sortir quelques minutes avant de les déguster.Lorsque vous commencez à rouler les truffes dans le chocolat, veillez à ne pas être dérangé car vos mains risquent d'être prises !","id":999}