{"id":10384,"title":"Recette de Spaghettini aux palourdes et chorizo, jus de vin blanc au céleri","description":"","summary":"L'alliance de la force du chorizo et de la douceur iodée des palourdes, sur une variété de spaghetti cuits \"al dente\".","timePreparation":"30mn","timeBaking":"0mn","timeRest":"0mn","picture":"http://1.media.atelierdeschefs.com/recette-e10384-spaghettini-aux-palourdes-et-chorizo-jus-de-vin-blanc-au-celeri.jpg","ingredients":[{"label":"Spaghettini","shopGroup":"Epicerie","qte":"480","unit":"g","step":"","order":0},{"label":"Sauge","shopGroup":"Herbes aromatiques","qte":"1/3","unit":"botte(s)","step":"","order":1},{"label":"Chorizo fort","shopGroup":"Charcuterie","qte":"60","unit":"g","step":"","order":2},{"label":"Echalote(s)","shopGroup":"Légumes","qte":"1","unit":"pièce(s)","step":"","order":3},{"label":"Céleri(s) branche","shopGroup":"Légumes","qte":"1","unit":"pièce(s)","step":"","order":4},{"label":"Thym frais","shopGroup":"Herbes aromatiques","qte":"1","unit":"branche(s)","step":"","order":5},{"label":"Huile d'olive","shopGroup":"Epicerie","qte":"5","unit":"cl","step":"","order":6},{"label":"Palourde(s)","shopGroup":"Poissonnerie","qte":"600","unit":"g","step":"","order":7},{"label":"Mascarpone","shopGroup":"Fromage(s)","qte":"125","unit":"g","step":"","order":8},{"label":"Sel fin","shopGroup":"","qte":"3","unit":"pincée(s)","step":"","order":9},{"label":"Piment d'Espelette","shopGroup":"Epicerie","qte":"2","unit":"pincée(s)","step":"","order":10},{"label":"Vin blanc sec","shopGroup":"","qte":"10","unit":"cl","step":"","order":11},{"label":"Gros sel","shopGroup":"","qte":"35","unit":"g","step":"","order":12},{"label":"Eau","shopGroup":"","qte":"5","unit":"l","step":"","order":13}]}