{"title":"Tarte Tatin","description":"Préchauffer le four à 200 °C (th. 6/7).<br /><br />Éplucher les pommes et les tailler en 4, enlever le coeur et les pépins.<br />Dans une poêle, réaliser un caramel en faisant fondre le sucre, puis ajouter le beurre et les pommes. Les faire confire pendant 6 à 7 min. <br /><br />Ranger ensuite les pommes dans des moules individuels à Tatin.<br />Découper 6 ronds de pâte feuilletée à l'aide d'un emporte-pièce d'environ 12 cm de diamètre, et les poser sur les pommes. Bien rentrer la pâte à l'intérieur des moules. Faire une croix au centre de la pâte pour permettre à la vapeur de s'échapper. Cuire 25 min au four à 200 °C.<br /><br />Laisser ensuite les tartes reposer 1/4 h minimum avant de les retourner.<br />","summary":"La tarte Tatin traditionnelle aux pommes caramélisées, savoureuse et fondante.","timePreparation":"15mn","timeBaking":"35mn","timeRest":"15mn","picture":"","ingredients":[],"chiefTip":"Afin de démouler plus facilement la Tatin, il est possible de chauffer un peu le moule : ceci fera fondre le caramel et facilitera le démoulage.","id":1057}