{"title":"Oeuf cocotte à la vapeur et à la provençale","description":"","summary":"Un oeuf cocotte aux saveurs provençales, cuit à la vapeur.","timePreparation":"30mn","timeBaking":"0mn","timeRest":"0mn","picture":"","ingredients":[{"label":"Oeuf(s)","shopGroup":"Crèmerie  hors fromage","qte":"12","unit":"pièce(s)","step":"","order":0},{"label":"Tomate(s) séchée(s)","shopGroup":"Epicerie","qte":"100","unit":"g","step":"","order":1},{"label":"Coeur(s) d'artichaut à l'huile d'olive","shopGroup":"Epicerie","qte":"100","unit":"g","step":"","order":2},{"label":"Thon rouge","shopGroup":"Poissonnerie","qte":"200","unit":"g","step":"","order":3},{"label":"Sel fin","shopGroup":"","qte":"6","unit":"pincée(s)","step":"","order":4},{"label":"Moulin à poivre","shopGroup":"","qte":"6","unit":"tour(s)","step":"","order":5}],"chiefTip":"Selon l'épaisseur de vos ramequins, le temps de cuisson peut varier : surveillez la cuisson après 3 min.","id":974}