{"id":10017,"title":"Recette de Coquelet en crapaudine, sauce sucrée-salée sésame et piment","description":"","summary":"Coquelet applati en forme de crapaud, grillé et servi avec une sauce sucrée salée et pimentée.","timePreparation":"1h","timeBaking":"30mn","timeRest":"0mn","picture":"http://1.media.atelierdeschefs.com/recette-e10017-coquelet-en-crapaudine-sauce-sucree-salee-sesame-et-piment.jpg","ingredients":[{"label":"Coquelet(s) 600g","shopGroup":"Volaille(s)","qte":"3","unit":"pièce(s)","step":"","order":0},{"label":"Citron(s) jaune(s)","shopGroup":"Fruits","qte":"1","unit":"pièce(s)","step":"","order":1},{"label":"Gros sel","shopGroup":"","qte":"15","unit":"g","step":"","order":2},{"label":"Cassonade","shopGroup":"Epicerie","qte":"100","unit":"g","step":"","order":3},{"label":"Graines de sésame blanches","shopGroup":"Epicerie","qte":"30","unit":"g","step":"","order":4},{"label":"Beurre doux","shopGroup":"Crèmerie  hors fromage","qte":"50","unit":"g","step":"","order":5},{"label":"Piment d'Espelette","shopGroup":"Epicerie","qte":"2","unit":"g","step":"","order":6},{"label":"Huile d'olive","shopGroup":"Epicerie","qte":"3","unit":"cl","step":"","order":7},{"label":"Oignon(s) nouveau(x)","shopGroup":"Légumes","qte":"2","unit":"pièce(s)","step":"","order":8}]}