{"title":"Club-sandwich au mascarpone, confiture de fruits rouges","description":"Pour le biscuit : préchauffer le four à 250 °C (th. 8).<br />Monter les blancs en neige et les serrer avec le sucre, incorporer ensuite délicatement la poudre de noisette et la farine. Étaler le biscuit sur une feuille de papier cuisson sur 1 cm d'épaisseur. Cuire 5 min puis laisser refroidir. Détailler ensuite 12 disques avec les cercles à nonnette et les réserver dans les cercles. <br /><br />Pour la mousse : dans un bol, faire ramollir les feuilles de gélatine.<br />Dans un autre bol, fouetter les jaunes d'oeufs et 50 g de sucre jusqu'à obtention d'un mélange mousseux et blanc. Ajouter le mascarpone.<br />Dans une casserole, faire chauffer 5 cl de crème avec la gousse de vanille grattée, puis ajouter la feuille de gélatine égouttée pour la dissoudre. Verser le mélange dans le sabayon et réserver au frais.<br />Monter le reste de crème liquide puis l'incorporer délicatement au sabayon. Faire couler le mélange sur le biscuit dans les cercles, couvrir avec un 2e disque et réserver au frais pendant au moins 30 min.<br /><br />Dans une une poêle chaude, ajouter le sucre et le faire fondre pour obtenir une jolie couleur caramel. Ajouter les framboises puis laisser cuire quelques minutes afin que l'excédent d'humidité s'évapore. Laisser ensuite tiédir.<br /><br />Pour le dressage : retirer le cercle et tailler le biscuit en 2. Superposer les morceaux et les maintenir avec un pic en bois. Terminer avec une belle cuillerée de compote de framboises.<br />","summary":"Un club-sandwich orignal qui se déguste à tout moment de la journée.","timePreparation":"30mn","timeBaking":"5mn","timeRest":"30mn","picture":"","ingredients":[{"label":"Blanc(s) d'oeuf","shopGroup":"Crèmerie  hors fromage","qte":"8","unit":"pièce(s)","step":"Pour le(s) biscuit(s)","order":0},{"label":"Poudre de noisette","shopGroup":"Epicerie","qte":"100","unit":"g","step":"Pour le(s) biscuit(s)","order":1},{"label":"Farine de blé","shopGroup":"Epicerie","qte":"50","unit":"g","step":"Pour le(s) biscuit(s)","order":2},{"label":"Sucre en poudre","shopGroup":"","qte":"150","unit":"g","step":"Pour le(s) biscuit(s)","order":3},{"label":"Jaune(s) d'oeuf(s)","shopGroup":"Crèmerie  hors fromage","qte":"4","unit":"pièce(s)","step":"Pour la mousse","order":4},{"label":"Crème liquide entière","shopGroup":"Crèmerie  hors fromage","qte":"30","unit":"cl","step":"Pour la mousse","order":5},{"label":"Mascarpone","shopGroup":"Fromage(s)","qte":"60","unit":"g","step":"Pour la mousse","order":6},{"label":"Feuille(s) de gélatine de 2 g","shopGroup":"Epicerie","qte":"3","unit":"pièce(s)","step":"Pour la mousse","order":7},{"label":"Gousse(s) de vanille","shopGroup":"Epicerie","qte":"1","unit":"pièce(s)","step":"Pour la mousse","order":8},{"label":"Sucre en poudre","shopGroup":"","qte":"50","unit":"g","step":"Pour la mousse","order":9},{"label":"Framboise(s) surgelée(s)","shopGroup":"Surgelés","qte":"250","unit":"g","step":"Pour la mousse","order":10},{"label":"Sucre en poudre","shopGroup":"Epicerie","qte":"50","unit":"g","step":"Pour la mousse","order":11}],"chiefTip":"Pour un dessert plus léger, vous pouvez remplacer le mascarpone par un fromage blanc épais.","id":10293}