{"title":"Club-sandwich au mascarpone, confiture de fruits rouges","description":"","summary":"Un club-sandwich orignal qui se déguste à tout moment de la journée.","timePreparation":"30mn","timeBaking":"5mn","timeRest":"30mn","picture":"","ingredients":[{"label":"Blanc(s) d'oeuf","shopGroup":"Crèmerie  hors fromage","qte":"8","unit":"pièce(s)","step":"Pour le(s) biscuit(s)","order":0},{"label":"Poudre de noisette","shopGroup":"Epicerie","qte":"100","unit":"g","step":"Pour le(s) biscuit(s)","order":1},{"label":"Farine de blé","shopGroup":"Epicerie","qte":"50","unit":"g","step":"Pour le(s) biscuit(s)","order":2},{"label":"Sucre en poudre","shopGroup":"","qte":"150","unit":"g","step":"Pour le(s) biscuit(s)","order":3},{"label":"Jaune(s) d'oeuf(s)","shopGroup":"Crèmerie  hors fromage","qte":"4","unit":"pièce(s)","step":"Pour la mousse","order":4},{"label":"Crème liquide entière","shopGroup":"Crèmerie  hors fromage","qte":"30","unit":"cl","step":"Pour la mousse","order":5},{"label":"Mascarpone","shopGroup":"Fromage(s)","qte":"60","unit":"g","step":"Pour la mousse","order":6},{"label":"Feuille(s) de gélatine de 2 g","shopGroup":"Epicerie","qte":"3","unit":"pièce(s)","step":"Pour la mousse","order":7},{"label":"Gousse(s) de vanille","shopGroup":"Epicerie","qte":"1","unit":"pièce(s)","step":"Pour la mousse","order":8},{"label":"Sucre en poudre","shopGroup":"","qte":"50","unit":"g","step":"Pour la mousse","order":9},{"label":"Framboise(s) surgelée(s)","shopGroup":"Surgelés","qte":"250","unit":"g","step":"Pour la mousse","order":10},{"label":"Sucre en poudre","shopGroup":"Epicerie","qte":"50","unit":"g","step":"Pour la mousse","order":11}],"chiefTip":"Pour un dessert plus léger, vous pouvez remplacer le mascarpone par un fromage blanc épais.","id":10293}