{"id":994,"title":"Recette de Pavé de saumon à l'unilatérale, effeuillé d'endives à l'orange","description":"","summary":"Saumon cuit d'un seul côté pour obtenir deux textures distinctes sur un même poisson, fines tranches d'endives cuites avec des segments d'orange et des lamelles d'échalote.","timePreparation":"15mn","timeBaking":"20mn","timeRest":"0mn","picture":"http://1.media.atelierdeschefs.com/recette-e994-pave-de-saumon-a-l-unilaterale-effeuille-d-endives-a-l-orange.jpg","ingredients":[{"label":"Pavé(s) de saumon (150g)","shopGroup":"Poissonnerie","qte":"6","unit":"pièce(s)","step":"","order":0},{"label":"Endive(s)","shopGroup":"Légumes","qte":"9","unit":"pièce(s)","step":"","order":1},{"label":"Orange(s)","shopGroup":"Fruits","qte":"3","unit":"pièce(s)","step":"","order":2},{"label":"Roquette","shopGroup":"Légumes","qte":"200","unit":"g","step":"","order":3},{"label":"Echalote(s)","shopGroup":"Légumes","qte":"2","unit":"pièce(s)","step":"","order":4},{"label":"Huile d'olive","shopGroup":"Epicerie","qte":"2","unit":"cl","step":"","order":5},{"label":"Fleur de sel","shopGroup":"Epicerie","qte":"2","unit":"pincée(s)","step":"","order":6},{"label":"Piment d'Espelette","shopGroup":"Epicerie","qte":"2","unit":"g","step":"","order":7}]}