{"title":"Pavé de saumon à l'unilatérale, effeuillé d'endives à l'orange","description":"Éplucher les échalotes et les émincer en fines lamelles. Émincer les endives assez finement de haut en bas pour obtenir un effeuillé avec du blanc et du jaune sur chaque tranche. Éplucher les oranges et lever les suprêmes (détacher la chair de l'orange).<br /><br />Dans un wok bien chaud, faire suer les échalotes à feu fort avec une pincée de sel pendant 1 min. Ajouter les endives et le jus des oranges, et cuire 10 min à feu fort pour que le liquide s'évapore. Assaisonner de sel et de piment d'Espelette. Ajouter les segments d'orange et terminer la cuisson des endives pendant 1 min en mélangeant délicatement.<br /><br />Dans une poêle très chaude avec un filet d'huile d'olive, déposer les pavés de saumon côté peau et les cuire pendant 1 min, puis baisser le feu et cuire doucement (toujours côté peau) pendant 3 min. Assaisonner ensuite la chair de sel et de piment d'Espelette. Pendant les 3 dernières min de la cuisson, recouvrir les pavés avec une feuille de papier aluminium. <br /><br />Servir les endives dans une assiette creuse et déposer les dos de saumon, ajouter quelques brins de roquette assaisonnée sur la peau.<br />","summary":"Saumon cuit d'un seul côté pour obtenir deux textures distinctes sur un même poisson, fines tranches d'endives cuites avec des segments d'orange et des lamelles d'échalote.","timePreparation":"15mn","timeBaking":"20mn","timeRest":"0mn","picture":"","ingredients":[{"label":"Pavé(s) de saumon (150g)","shopGroup":"Poissonnerie","qte":"6","unit":"pièce(s)","step":"","order":0},{"label":"Endive(s)","shopGroup":"Légumes","qte":"9","unit":"pièce(s)","step":"","order":1},{"label":"Orange(s)","shopGroup":"Fruits","qte":"3","unit":"pièce(s)","step":"","order":2},{"label":"Roquette","shopGroup":"Légumes","qte":"200","unit":"g","step":"","order":3},{"label":"Echalote(s)","shopGroup":"Légumes","qte":"2","unit":"pièce(s)","step":"","order":4},{"label":"Huile d'olive","shopGroup":"Epicerie","qte":"2","unit":"cl","step":"","order":5},{"label":"Fleur de sel","shopGroup":"Epicerie","qte":"2","unit":"pincée(s)","step":"","order":6},{"label":"Piment d'Espelette","shopGroup":"Epicerie","qte":"2","unit":"g","step":"","order":7}],"chiefTip":"Vous pouvez arroser le saumon durant la cuisson afin de faciliter celle-ci.","id":994}