{"title":"Briouate de boeuf, olives noires et tomates confites, pistou d'épinard","description":"","summary":"Une spécialité marocaine aux épices, très rapide à réaliser et avec une note verte de Provence.","timePreparation":"30mn","timeBaking":"15mn","timeRest":"0mn","picture":"","ingredients":[{"label":"Boeuf haché","shopGroup":"Boucherie","qte":"800","unit":"g","step":"","order":0},{"label":"Tomate(s) confite(s)","shopGroup":"Epicerie","qte":"100","unit":"g","step":"","order":1},{"label":"Olive(s) noire(s)","shopGroup":"Epicerie","qte":"100","unit":"g","step":"","order":2},{"label":"Echalote(s)","shopGroup":"Légumes","qte":"2","unit":"pièce(s)","step":"","order":3},{"label":"Paprika","shopGroup":"Epicerie","qte":"10","unit":"g","step":"","order":4},{"label":"Huile d'olive","shopGroup":"","qte":"5","unit":"cl","step":"","order":5},{"label":"Persil plat","shopGroup":"Herbes aromatiques","qte":"0.5","unit":"botte(s)","step":"","order":6},{"label":"Cumin en poudre","shopGroup":"Epicerie","qte":"5","unit":"g","step":"","order":7},{"label":"Piment d'Espelette","shopGroup":"Epicerie","qte":"3","unit":"pincée(s)","step":"","order":8},{"label":"Feuille(s) de brick","shopGroup":"Traiteur","qte":"12","unit":"pièce(s)","step":"","order":9},{"label":"Gousse(s) d'ail","shopGroup":"","qte":"1","unit":"gousse(s)","step":"","order":10},{"label":"Parmigiano Reggiano râpé","shopGroup":"","qte":"80","unit":"g","step":"Pour la sauce","order":11},{"label":"Pousse(s) d'épinard","shopGroup":"Légumes","qte":"200","unit":"g","step":"Pour la sauce","order":12},{"label":"Pignon(s) de pin","shopGroup":"Epicerie","qte":"50","unit":"g","step":"Pour la sauce","order":13},{"label":"Gousse(s) d'ail","shopGroup":"Légumes","qte":"2","unit":"gousse(s)","step":"Pour la sauce","order":14},{"label":"Huile d'olive","shopGroup":"Epicerie","qte":"20","unit":"cl","step":"Pour la sauce","order":15},{"label":"Sel fin","shopGroup":"","qte":"3","unit":"pincée(s)","step":"Pour la sauce","order":16},{"label":"Moulin à poivre","shopGroup":"","qte":"3","unit":"tour(s)","step":"Pour la sauce","order":17}],"chiefTip":"Vous pouvez ajouter dans la farce des petits légumes taillés très finement ou des fruits secs comme des raisins.","id":10158}