{"id":10008,"title":"Recette de Copeaux de foie gras au sel, cèpes marinés et salade de cerfeuil","description":"","summary":"Fines tranches de cèpes crus, marinées et servies avec des copeaux de foie gras cuits au sel et une salade de cerfeuil.","timePreparation":"20mn","timeBaking":"10mn","timeRest":"5h","picture":"http://1.media.atelierdeschefs.com/recette-e10008-copeaux-de-foie-gras-au-sel-cepes-marines-et-salade-de-cerfeuil.jpg","ingredients":[{"label":"Foie(s) gras de canard cru(s)","shopGroup":"Volaille(s)","qte":"200","unit":"g","step":"","order":0},{"label":"Eau","shopGroup":"","qte":"1","unit":"l","step":"","order":1},{"label":"Lait 1/2 écrémé","shopGroup":"Crèmerie  hors fromage","qte":"1","unit":"l","step":"","order":2},{"label":"Gros sel","shopGroup":"","qte":"1","unit":"kg","step":"","order":3},{"label":"Cèpe(s) gros","shopGroup":"Légumes","qte":"6","unit":"pièce(s)","step":"","order":4},{"label":"Citron(s) jaune(s)","shopGroup":"Fruits","qte":"1","unit":"pièce(s)","step":"","order":5},{"label":"Fleur de sel","shopGroup":"Epicerie","qte":"6","unit":"g","step":"","order":6},{"label":"Moulin à poivre","shopGroup":"","qte":"6","unit":"tour(s)","step":"","order":7},{"label":"Cerfeuil","shopGroup":"Herbes aromatiques","qte":"0.5","unit":"botte(s)","step":"","order":8},{"label":"Huile d'olive","shopGroup":"Epicerie","qte":"5","unit":"cl","step":"","order":9}]}