{"title":"Pastasotto aux champignons, volaille à la crème et huile de truffe","description":"Tailler la volaille en cubes de 3 cm de côté. <br /><br />Éplucher l'oignon puis le ciseler finement. Laver et trier les différentes variétés de champignons (de Paris, trompettes, pleurotes...), puis effilocher ces derniers à la main. Laver, effeuiller et ciseler le persil plat. Éplucher, dégermer puis hacher l'ail.<br /><br />Dans une poêle avec un trait d'huile d'olive, saisir les cubes de poulet, assaisonner et débarrasser. Ajouter ensuite l'oignon ciselé, puis les champignons et cuire 3 minutes jusqu'à complète évaporation du jus de cuisson. Ajouter ensuite les Penne et les nacrer. Verser le vin blanc et cuire jusqu'à évaporation de celui-ci.<br />Mouiller progressivement avec le bouillon de volaille. Laisser cuire jusqu'à cuisson complète des pâtes environ 11 min (attention, il ne doit plus rester de liquide lorsque les Penne sont cuites).<br />En fin de cuisson, ajouter la volaille, l'ail et le persil ciselé, la crème et le parmesan. Mélanger et terminer avec un filet d'huile de truffe blanche.<br /><br />Servir aussitôt dans une assiette creuse.<br />","summary":"Penne cuites par absorption (comme un risotto), garnies d'un mélange de champignons de saison en persillade et de cuisses de poulet, le tout agrémenté de crème, de parmesan et d'huile de truffe blanche.","timePreparation":"20mn","timeBaking":"20mn","timeRest":"0mn","picture":"","ingredients":[{"label":"Penne Rigate","shopGroup":"Epicerie","qte":"600","unit":"g","step":"","order":0},{"label":"Blanc(s) de poulet","shopGroup":"Volaille(s)","qte":"3","unit":"pièce(s)","step":"","order":1},{"label":"Champignon(s) de saison","shopGroup":"Légumes","qte":"250","unit":"g","step":"","order":2},{"label":"Oignon(s)","shopGroup":"Légumes","qte":"1","unit":"pièce(s)","step":"","order":3},{"label":"Persil plat","shopGroup":"Herbes aromatiques","qte":"0.5","unit":"botte(s)","step":"","order":4},{"label":"Gousse(s) d'ail","shopGroup":"Légumes","qte":"2","unit":"gousse(s)","step":"","order":5},{"label":"Bouillon de volaille","shopGroup":"Epicerie","qte":"1","unit":"l","step":"","order":6},{"label":"Crème liquide entière","shopGroup":"Crèmerie  hors fromage","qte":"10","unit":"cl","step":"","order":7},{"label":"Huile de truffe blanche","shopGroup":"Epicerie","qte":"3","unit":"cl","step":"","order":8},{"label":"Parmigiano Reggiano râpé","shopGroup":"Fromage(s)","qte":"50","unit":"g","step":"","order":9},{"label":"Huile d'olive","shopGroup":"Epicerie","qte":"3","unit":"cl","step":"","order":10},{"label":"Vin blanc sec","shopGroup":"","qte":"12","unit":"cl","step":"","order":11},{"label":"Sel fin","shopGroup":"","qte":"3","unit":"pincée(s)","step":"","order":12},{"label":"Moulin à poivre","shopGroup":"","qte":"3","unit":"tour(s)","step":"","order":13}],"chiefTip":"Vous pourrez utiliser de la pintade ou du faisan pour un pastasotto plus relevé.","id":10470}