{"id":10470,"title":"Recette de Pastasotto aux champignons, volaille à la crème et huile de truffe","description":"","summary":"Penne cuites par absorption (comme un risotto), garnies d'un mélange de champignons de saison en persillade et de cuisses de poulet, le tout agrémenté de crème, de parmesan et d'huile de truffe blanche.","timePreparation":"20mn","timeBaking":"20mn","timeRest":"0mn","picture":"http://1.media.atelierdeschefs.com/recette-e10470-pastasotto-aux-champignons-volaille-a-la-creme-et-huile-de-truffe.jpg","ingredients":[{"label":"Penne Rigate","shopGroup":"Epicerie","qte":"600","unit":"g","step":"","order":0},{"label":"Blanc(s) de poulet","shopGroup":"Volaille(s)","qte":"3","unit":"pièce(s)","step":"","order":1},{"label":"Champignon(s) de saison","shopGroup":"Légumes","qte":"250","unit":"g","step":"","order":2},{"label":"Oignon(s)","shopGroup":"Légumes","qte":"1","unit":"pièce(s)","step":"","order":3},{"label":"Persil plat","shopGroup":"Herbes aromatiques","qte":"0.5","unit":"botte(s)","step":"","order":4},{"label":"Gousse(s) d'ail","shopGroup":"Légumes","qte":"2","unit":"gousse(s)","step":"","order":5},{"label":"Bouillon de volaille","shopGroup":"Epicerie","qte":"1","unit":"l","step":"","order":6},{"label":"Crème liquide entière","shopGroup":"Crèmerie  hors fromage","qte":"10","unit":"cl","step":"","order":7},{"label":"Huile de truffe blanche","shopGroup":"Epicerie","qte":"3","unit":"cl","step":"","order":8},{"label":"Parmigiano Reggiano râpé","shopGroup":"Fromage(s)","qte":"50","unit":"g","step":"","order":9},{"label":"Huile d'olive","shopGroup":"Epicerie","qte":"3","unit":"cl","step":"","order":10},{"label":"Vin blanc sec","shopGroup":"","qte":"12","unit":"cl","step":"","order":11},{"label":"Sel fin","shopGroup":"","qte":"3","unit":"pincée(s)","step":"","order":12},{"label":"Moulin à poivre","shopGroup":"","qte":"3","unit":"tour(s)","step":"","order":13}]}