{"title":"Tiramisu aux griottes et zestes d'orange","description":"Séparer les jaunes des blancs d'oeufs. Zester l'orange à l'aide d'une râpe. Hacher finement les cerises.<br /><br />Blanchir les jaunes avec 80 g de sucre, le mélange doit doubler de volume. Dans un bol, mélanger le mascarpone pour le rendre onctueux, puis ajouter les jaunes d'oeufs, les zestes d'orange et les cerises hachées. Mélanger délicatement le tout à l'aide d'une spatule.<br /><br />Monter les blancs d'oeufs en neige et ajouter le reste de sucre. Continuer de fouetter pendant 2 min pour serrer les blancs et bien les meringuer. Les incorporer ensuite délicatement au mascarpone.<br /><br />Réaliser l'équivalent d'un expresso avec le café moulu. Laisser tiédir puis ajouter l'Amaretto au café. Tremper les biscuits dedans pendant quelques instants, puis les disposer dans une verrine et les recouvrir d'une couche de mousse mascarpone. Saupoudrer le tout de cacao en poudre. Répéter l'opération puis laisser reposer au réfrigérateur.<br />","summary":"Une recette du célèbre tiramisu garni de cerises à l'eau-de-vie et de zestes d'orange.","timePreparation":"20mn","timeBaking":"0mn","timeRest":"1mn","picture":"","ingredients":[{"label":"Oeuf(s)","shopGroup":"Crèmerie  hors fromage","qte":"4","unit":"pièce(s)","step":"","order":0},{"label":"1851 moulu de Legal le goût","shopGroup":"Epicerie","qte":"15","unit":"g","step":"","order":1},{"label":"Amaretto","shopGroup":"Boissons alcoolisées","qte":"15","unit":"cl","step":"","order":2},{"label":"Cacao en poudre non sucré","shopGroup":"Epicerie","qte":"40","unit":"g","step":"","order":3},{"label":"Biscuit(s) à la cuillère","shopGroup":"Epicerie","qte":"12","unit":"pièce(s)","step":"","order":4},{"label":"Mascarpone","shopGroup":"Fromage(s)","qte":"250","unit":"g","step":"","order":5},{"label":"Orange(s) non traitée(s)","shopGroup":"Fruits","qte":"1","unit":"pièce(s)","step":"","order":6},{"label":"Cerise(s) griotte(s) à l'eau de vie","shopGroup":"Epicerie","qte":"6","unit":"pièce(s)","step":"","order":7},{"label":"Sucre en poudre","shopGroup":"Epicerie","qte":"100","unit":"g","step":"","order":8}],"chiefTip":"Plus le mascarpone repose et meilleure est sa tenue : n'hésitez pas à le préparer la veille.","id":10393}