{"id":10393,"title":"Recette de Tiramisu aux griottes et zestes d'orange","description":"","summary":"Une recette du célèbre tiramisu garni de cerises à l'eau-de-vie et de zestes d'orange.","timePreparation":"20mn","timeBaking":"0mn","timeRest":"1mn","picture":"http://1.media.atelierdeschefs.com/recette-e10393-tiramisu-aux-griottes-et-zestes-d-orange.jpg","ingredients":[{"label":"Oeuf(s)","shopGroup":"Crèmerie  hors fromage","qte":"4","unit":"pièce(s)","step":"","order":0},{"label":"1851 moulu de Legal le goût","shopGroup":"Epicerie","qte":"15","unit":"g","step":"","order":1},{"label":"Amaretto","shopGroup":"Boissons alcoolisées","qte":"15","unit":"cl","step":"","order":2},{"label":"Cacao en poudre non sucré","shopGroup":"Epicerie","qte":"40","unit":"g","step":"","order":3},{"label":"Biscuit(s) à la cuillère","shopGroup":"Epicerie","qte":"12","unit":"pièce(s)","step":"","order":4},{"label":"Mascarpone","shopGroup":"Fromage(s)","qte":"250","unit":"g","step":"","order":5},{"label":"Orange(s) non traitée(s)","shopGroup":"Fruits","qte":"1","unit":"pièce(s)","step":"","order":6},{"label":"Cerise(s) griotte(s) à l'eau de vie","shopGroup":"Epicerie","qte":"6","unit":"pièce(s)","step":"","order":7},{"label":"Sucre en poudre","shopGroup":"Epicerie","qte":"100","unit":"g","step":"","order":8}]}