{"title":"Soufflé glacé aux poires, caramel aux noix de macadamia","description":"","summary":"Venez découvrir un dessert facile et rapide à réaliser, mais irrésistible !","timePreparation":"1h30mn","timeBaking":"0mn","timeRest":"0mn","picture":"","ingredients":[{"label":"Jus de poire","shopGroup":"Boissons sans alcool","qte":"50","unit":"cl","step":"","order":0},{"label":"Poire(s)","shopGroup":"Fruits","qte":"2","unit":"pièce(s)","step":"","order":1},{"label":"Blanc(s) d'oeuf","shopGroup":"Crèmerie  hors fromage","qte":"3","unit":"pièce(s)","step":"","order":2},{"label":"Sucre en poudre","shopGroup":"","qte":"80","unit":"g","step":"","order":3},{"label":"Crème liquide entière","shopGroup":"","qte":"25","unit":"cl","step":"","order":4},{"label":"Noix de macadamia","shopGroup":"Epicerie","qte":"100","unit":"g","step":"Pour la sauce","order":5},{"label":"Sucre en poudre","shopGroup":"Epicerie","qte":"200","unit":"g","step":"Pour la sauce","order":6},{"label":"Beurre salé","shopGroup":"Crèmerie  hors fromage","qte":"50","unit":"g","step":"Pour la sauce","order":7},{"label":"Crème liquide entière","shopGroup":"Crèmerie  hors fromage","qte":"25","unit":"cl","step":"Pour la sauce","order":8}],"chiefTip":"Vous pouvez réaliser d'autres recettes en variant les jus de fruits.","id":10419}