{"title":"Pavé de bar rôti au romarin, cigarettes à la pomme de terre","description":"Préchauffer le four à 200 °C.<br /><br />Laver et éplucher les pommes de terre, puis les couper en petits cubes réguliers. Les mettre ensuite dans une casserole d'eau froide avec le gros sel et porter à ébullition.<br />Effeuiller le cerfeuil et le hacher.<br /><br />Vérifier la cuisson des pommes de terre à l'aide de la pointe d'un couteau (elle doit rentrer facilement dans la chair). Les égoutter et les passer au presse-purée.<br />Réaliser une purée avec le beurre et la crème, ajouter les 2 oeufs et le cerfeuil haché (la purée ne doit pas être trop liquide afin de réaliser facilement les cigarettes).<br />Mettre la purée dans une poche à douille.<br /><br />Détacher les feuilles de brick et couper les côtés afin d'obtenir un rectangle. Disposer un rectangle en mettant le côté le plus petit devant, et à l'aide de la poche, déposer de la purée à la base du rectangle. Rouler ensuite la feuille de brick et la coller avec la dorure. Répéter l'opération.<br /><br />Piquer le pavé de bar avec une branche de romarin, puis le saler.<br />Dans une poêle, mettre de l'huile d'olive et cuire le poisson en commençant par le côté peau. Quand la peau est bien colorée, le retourner et terminer la cuisson au four pendant environ 5 min.<br /><br />Dans une poêle, mettre de l'huile de pépins de raisin et cuire les cigarettes jusqu'à obtenir une belle coloration. Les disposer ensuite sur du papier absorbant afin d'enlever le surplus d'huile.<br /><br />Sortir le bar du four puis le poivrer.<br />","summary":"Un pavé de bar moelleux servi avec une garniture originale.","timePreparation":"30mn","timeBaking":"20mn","timeRest":"0mn","picture":"","ingredients":[{"label":"Pavé(s) de bar de 140 g","shopGroup":"Poissonnerie","qte":"6","unit":"pièce(s)","step":"","order":0},{"label":"Branche(s) de romarin","shopGroup":"Herbes aromatiques","qte":"6","unit":"pièce(s)","step":"","order":1},{"label":"Pomme(s) de terre BF 15","shopGroup":"Légumes","qte":"700","unit":"g","step":"","order":2},{"label":"Beurre doux","shopGroup":"Crèmerie  hors fromage","qte":"150","unit":"g","step":"","order":3},{"label":"Crème liquide entière","shopGroup":"Crèmerie  hors fromage","qte":"15","unit":"cl","step":"","order":4},{"label":"Cerfeuil","shopGroup":"Herbes aromatiques","qte":"0.5","unit":"botte(s)","step":"","order":5},{"label":"Oeuf(s)","shopGroup":"Crèmerie  hors fromage","qte":"2","unit":"pièce(s)","step":"","order":6},{"label":"Feuille(s) de brick","shopGroup":"Traiteur","qte":"12","unit":"pièce(s)","step":"","order":7},{"label":"oeuf(s)pour dorure","shopGroup":"Crèmerie  hors fromage","qte":"1","unit":"pièce(s)","step":"","order":8},{"label":"Huile d'olive","shopGroup":"Epicerie","qte":"2","unit":"cl","step":"","order":9},{"label":"Huile de pépin de raisin","shopGroup":"Epicerie","qte":"5","unit":"cl","step":"","order":10},{"label":"Gros sel","shopGroup":"","qte":"10","unit":"g","step":"","order":11},{"label":"Sel fin","shopGroup":"","qte":"6","unit":"pincée(s)","step":"","order":12},{"label":"Moulin à poivre","shopGroup":"","qte":"6","unit":"tour(s)","step":"","order":13}],"chiefTip":"Les cigarettes à la pomme de terre peuvent aussi accompagner une viande comme le cochon ou le boeuf.","id":10679}