{"id":10679,"title":"Recette de Pavé de bar rôti au romarin, cigarettes à la pomme de terre","description":"","summary":"Un pavé de bar moelleux servi avec une garniture originale.","timePreparation":"30mn","timeBaking":"20mn","timeRest":"0mn","picture":"http://1.media.atelierdeschefs.com/recette-e10679-pave-de-bar-roti-au-romarin-cigarettes-a-la-pomme-de-terre.jpg","ingredients":[{"label":"Pavé(s) de bar de 140 g","shopGroup":"Poissonnerie","qte":"6","unit":"pièce(s)","step":"","order":0},{"label":"Branche(s) de romarin","shopGroup":"Herbes aromatiques","qte":"6","unit":"pièce(s)","step":"","order":1},{"label":"Pomme(s) de terre BF 15","shopGroup":"Légumes","qte":"700","unit":"g","step":"","order":2},{"label":"Beurre doux","shopGroup":"Crèmerie  hors fromage","qte":"150","unit":"g","step":"","order":3},{"label":"Crème liquide entière","shopGroup":"Crèmerie  hors fromage","qte":"15","unit":"cl","step":"","order":4},{"label":"Cerfeuil","shopGroup":"Herbes aromatiques","qte":"0.5","unit":"botte(s)","step":"","order":5},{"label":"Oeuf(s)","shopGroup":"Crèmerie  hors fromage","qte":"2","unit":"pièce(s)","step":"","order":6},{"label":"Feuille(s) de brick","shopGroup":"Traiteur","qte":"12","unit":"pièce(s)","step":"","order":7},{"label":"oeuf(s)pour dorure","shopGroup":"Crèmerie  hors fromage","qte":"1","unit":"pièce(s)","step":"","order":8},{"label":"Huile d'olive","shopGroup":"Epicerie","qte":"2","unit":"cl","step":"","order":9},{"label":"Huile de pépin de raisin","shopGroup":"Epicerie","qte":"5","unit":"cl","step":"","order":10},{"label":"Gros sel","shopGroup":"","qte":"10","unit":"g","step":"","order":11},{"label":"Sel fin","shopGroup":"","qte":"6","unit":"pincée(s)","step":"","order":12},{"label":"Moulin à poivre","shopGroup":"","qte":"6","unit":"tour(s)","step":"","order":13}]}