{"id":10703,"title":"Recette de Gambas grillées, semoule au curry et à l'huile d'olive","description":"","summary":"A l'occasion de la Biennale d'Art Contemporain, nous vous proposons une cuisine vue par Andy Warhol : une poêlée de gambas accompagnées d'une semoule parfumée au curry et à l'huile d'olive.","timePreparation":"30mn","timeBaking":"0mn","timeRest":"0mn","picture":"http://1.media.atelierdeschefs.com/recette-e10703-gambas-grillees-semoule-au-curry-et-a-l-huile-d-olive.jpg","ingredients":[{"label":"Queue(s) de Gambas surgelées","shopGroup":"Surgelés","qte":"24","unit":"pièce(s)","step":"","order":0},{"label":"Semoule de blé moyenne","shopGroup":"Epicerie","qte":"200","unit":"g","step":"","order":1},{"label":"Curry","shopGroup":"Epicerie","qte":"5","unit":"g","step":"","order":2},{"label":"Eau","shopGroup":"","qte":"40","unit":"cl","step":"","order":3},{"label":"Huile d'olive","shopGroup":"Epicerie","qte":"10","unit":"cl","step":"","order":4},{"label":"Sel fin","shopGroup":"","qte":"6","unit":"pincée(s)","step":"","order":5},{"label":"Piment d'Espelette","shopGroup":"Epicerie","qte":"6","unit":"pincée(s)","step":"","order":6}]}