{"title":"Gambas grillées, semoule au curry et à l'huile d'olive","description":"Décortiquer les gambas en retirant la tête et la carcasse, conserver le dernier anneau et la queue pour la décoration. <br /><br />Verser l'eau dans une casserole, puis disposer le curry et l'huile d'olive. Porter à ébullition, puis ajouter le sel et le piment d'Espelette. Verser ensuite le tout sur la semoule moyenne. Mettre un film alimentaire sur le bol contenant la semoule afin qu'elle gonfle. <br /><br />Dans une poêle bien chaude, cuire les gambas avec un filet d'huile d'olive pendant 2 min de chaque côté, puis les assaisonner de sel et de piment d'Espelette. Verser ensuite un peu d'eau afin de créer un petit jus.<br /><br />Une fois que la semoule a totalement absorbé l'eau, l'égrainer à la fourchette puis la servir avec les gambas.<br />","summary":"A l'occasion de la Biennale d'Art Contemporain, nous vous proposons une cuisine vue par Andy Warhol : une poêlée de gambas accompagnées d'une semoule parfumée au curry et à l'huile d'olive.","timePreparation":"30mn","timeBaking":"0mn","timeRest":"0mn","picture":"","ingredients":[{"label":"Queue(s) de Gambas surgelées","shopGroup":"Surgelés","qte":"24","unit":"pièce(s)","step":"","order":0},{"label":"Semoule de blé moyenne","shopGroup":"Epicerie","qte":"200","unit":"g","step":"","order":1},{"label":"Curry","shopGroup":"Epicerie","qte":"5","unit":"g","step":"","order":2},{"label":"Eau","shopGroup":"","qte":"40","unit":"cl","step":"","order":3},{"label":"Huile d'olive","shopGroup":"Epicerie","qte":"10","unit":"cl","step":"","order":4},{"label":"Sel fin","shopGroup":"","qte":"6","unit":"pincée(s)","step":"","order":5},{"label":"Piment d'Espelette","shopGroup":"Epicerie","qte":"6","unit":"pincée(s)","step":"","order":6}],"chiefTip":"Évitez de mélanger la semoule lorsqu'elle se réhydrate pour ne pas l'écraser et en faire de la purée ! Égrainez-la plutôt en fin de réhydratation à l'aide d'une fourchette.","id":10703}