{"title":"Croustillant de boudins blancs aux pommes rouges","description":"<br /><b>Pour la garniture</b><br />Laver les pommes et les couper en 4, les épépiner puis les tailler en fines lamelles.<br />A l'aide d'un couteau, inciser les boudins sur la longueur et enlever la peau délicatement. Les tailler ensuite en rondelles d'environ 0,5 cm d'épaisseur. <br /><br />Dans une poêle chaude, mettre le beurre, ajouter les pommes et les cuire pendant 2 à 3 min, puis les réserver.<br /><br /><b>Pour le montage et la cuisson</b><br />Tailler les feuilles de brick en 2, puis les superposer et les recouper en bandes. <br />Sur chaque extrémités, disposer 1 cuillère à soupe de pommes, une rondelle de boudin et 1 feuille de persil. Saler et poivrer, puis plier les briouates en triangles. <br /><br />Juste avant de servir, les colorer dans une poêle chaude avec un filet d'huile d'olive pendant environ 2 min de chaque côté, en les posant d'abord côté fermeture contre la poêle.<br />déguster bien chaud à l'apéritif.<br />","summary":"Petits triangles de feuilles de brick, farcis de pommes caramélisées et de fines tranches de boudin blanc.","timePreparation":"20mn","timeBaking":"8mn","timeRest":"0mn","picture":"","ingredients":[{"label":"Boudin(s) blanc(s)","shopGroup":"Charcuterie","qte":"3","unit":"pièce(s)","step":"","order":0},{"label":"Feuille(s) de brick","shopGroup":"Traiteur","qte":"3","unit":"pièce(s)","step":"","order":1},{"label":"Pomme(s) Pink Lady","shopGroup":"Fruits","qte":"3","unit":"pièce(s)","step":"","order":2},{"label":"Persil plat","shopGroup":"Herbes aromatiques","qte":"0.25","unit":"botte(s)","step":"","order":3},{"label":"Beurre doux","shopGroup":"Crèmerie  hors fromage","qte":"30","unit":"g","step":"","order":4},{"label":"Huile d'olive","shopGroup":"Epicerie","qte":"5","unit":"cl","step":"","order":5},{"label":"Sel fin","shopGroup":"","qte":"6","unit":"pincée(s)","step":"","order":6},{"label":"Moulin à poivre","shopGroup":"","qte":"6","unit":"tour(s)","step":"","order":7}],"chiefTip":"Vous pouvez aussi cuire les croustillants pendant 5 min dans un four préchauffé à 200 °C (th. 6-7).","id":10004}