{"id":10004,"title":"Recette de Croustillant de boudins blancs aux pommes rouges","description":"","summary":"Petits triangles de feuilles de brick, farcis de pommes caramélisées et de fines tranches de boudin blanc.","timePreparation":"20mn","timeBaking":"8mn","timeRest":"0mn","picture":"http://1.media.atelierdeschefs.com/recette-e10004-croustillant-de-boudins-blancs-aux-pommes-rouges.jpg","ingredients":[{"label":"Boudin(s) blanc(s)","shopGroup":"Charcuterie","qte":"3","unit":"pièce(s)","step":"","order":0},{"label":"Feuille(s) de brick","shopGroup":"Traiteur","qte":"3","unit":"pièce(s)","step":"","order":1},{"label":"Pomme(s) Pink Lady","shopGroup":"Fruits","qte":"3","unit":"pièce(s)","step":"","order":2},{"label":"Persil plat","shopGroup":"Herbes aromatiques","qte":"0.25","unit":"botte(s)","step":"","order":3},{"label":"Beurre doux","shopGroup":"Crèmerie  hors fromage","qte":"30","unit":"g","step":"","order":4},{"label":"Huile d'olive","shopGroup":"Epicerie","qte":"5","unit":"cl","step":"","order":5},{"label":"Sel fin","shopGroup":"","qte":"6","unit":"pincée(s)","step":"","order":6},{"label":"Moulin à poivre","shopGroup":"","qte":"6","unit":"tour(s)","step":"","order":7}]}