{"id":10702,"title":"Recette de Gambas grillées, semoule aux betteraves rouges et magret fumé","description":"","summary":"A l'occasion de la Biennale d'Art Contemporain, nous vous proposons une cuisine vue par Andy Warhol : une poêlée de gambas accompagnées d'une semoule aux betteraves et au magret fumé.","timePreparation":"30mn","timeBaking":"0mn","timeRest":"0mn","picture":"http://1.media.atelierdeschefs.com/recette-e10702-gambas-grillees-semoule-aux-betteraves-rouges-et-magret-fume.jpg","ingredients":[{"label":"Queue(s) de Gambas surgelées","shopGroup":"Surgelés","qte":"24","unit":"pièce(s)","step":"","order":0},{"label":"Semoule de blé moyenne","shopGroup":"Epicerie","qte":"200","unit":"g","step":"","order":1},{"label":"Tranche(s) de magret de canard fumé","shopGroup":"Charcuterie","qte":"10","unit":"pièce(s)","step":"","order":2},{"label":"Eau","shopGroup":"","qte":"40","unit":"cl","step":"","order":3},{"label":"Betterave(s) rouge(s) cuite(s)","shopGroup":"Légumes","qte":"0.5","unit":"pièce(s)","step":"","order":4},{"label":"Sel fin","shopGroup":"","qte":"6","unit":"pincée(s)","step":"","order":5},{"label":"Piment d'Espelette","shopGroup":"Epicerie","qte":"6","unit":"pincée(s)","step":"","order":6},{"label":"Huile d'olive","shopGroup":"Epicerie","qte":"3","unit":"cl","step":"","order":7}]}