{"id":10790,"title":"Recette de Verrine de Noël foie gras, chutney et pain d'épice","description":"","summary":"Verrine composée d'un chutney de fruits secs, d'une mousse légère au foie gras et sauternes, et de coûtons de pain d'épice pour le côté croustillant.","timePreparation":"25mn","timeBaking":"15mn","timeRest":"2h","picture":"http://1.media.atelierdeschefs.com/recette-e10790-verrine-de-noel-foie-gras-chutney-et-pain-d-epice.jpg","ingredients":[{"label":"Tranche(s) de pain d'épice","shopGroup":"Epicerie","qte":"4","unit":"pièce(s)","step":"","order":0},{"label":"Pignon(s) de pin","shopGroup":"Epicerie","qte":"30","unit":"g","step":"Pour la garniture","order":1},{"label":"Ananas victoria","shopGroup":"Fruits","qte":"1","unit":"pièce(s)","step":"Pour la garniture","order":2},{"label":"Oignon(s) rouge(s)","shopGroup":"Légumes","qte":"2","unit":"pièce(s)","step":"Pour la garniture","order":3},{"label":"Figue(s) sèche(s)","shopGroup":"Epicerie","qte":"30","unit":"g","step":"Pour la garniture","order":4},{"label":"Abricot(s) sec(s)","shopGroup":"Epicerie","qte":"6","unit":"pièce(s)","step":"Pour la garniture","order":5},{"label":"Pistache(s) émondée(s)","shopGroup":"Epicerie","qte":"10","unit":"g","step":"Pour la garniture","order":6},{"label":"Jus de raisin blanc","shopGroup":"Boissons sans alcool","qte":"6","unit":"cl","step":"Pour la garniture","order":7},{"label":"Raisin blanc","shopGroup":"Fruits","qte":"500","unit":"g","step":"Pour la garniture","order":8},{"label":"Vinaigre de Xérès","shopGroup":"Epicerie","qte":"5","unit":"cl","step":"Pour la garniture","order":9},{"label":"Sucre en poudre","shopGroup":"Epicerie","qte":"50","unit":"g","step":"Pour la garniture","order":10},{"label":"Foie(s) gras de canard cru(s)","shopGroup":"","qte":"300","unit":"g","step":"Pour l'émulsion","order":11},{"label":"Echalote(s)","shopGroup":"Légumes","qte":"1","unit":"pièce(s)","step":"Pour l'émulsion","order":12},{"label":"Sauternes","shopGroup":"Boissons alcoolisées","qte":"5","unit":"cl","step":"Pour l'émulsion","order":13},{"label":"Crème liquide entière","shopGroup":"Crèmerie  hors fromage","qte":"50","unit":"cl","step":"Pour l'émulsion","order":14},{"label":"Huile d'olive","shopGroup":"Epicerie","qte":"5","unit":"cl","step":"Pour l'émulsion","order":15},{"label":"Moulin à poivre","shopGroup":"","qte":"6","unit":"tour(s)","step":"Pour l'émulsion","order":16},{"label":"Sel fin","shopGroup":"","qte":"6","unit":"pincée(s)","step":"Pour l'émulsion","order":17}]}