{"id":10474,"title":"Recette de Sauté de pintade au vin rouge, pommes grenailles à l'anglaise","description":"","summary":"Cuisses de pintade désossées puis coupées en cubes, cuites dans une sauce au vin rouge parfumée à l'ail et au thym, le tout accompagné de pommes grenailles cuites à l'eau.","timePreparation":"30mn","timeBaking":"0mn","timeRest":"0mn","picture":"http://1.media.atelierdeschefs.com/recette-e10474-saute-de-pintade-au-vin-rouge-pommes-grenailles-a-l-anglaise.jpg","ingredients":[{"label":"Cuisse(s) de pintade (240 g)","shopGroup":"Volaille(s)","qte":"6","unit":"pièce(s)","step":"","order":0},{"label":"Vin rouge","shopGroup":"Boissons alcoolisées","qte":"15","unit":"cl","step":"","order":1},{"label":"Gousse(s) d'ail","shopGroup":"Légumes","qte":"1","unit":"gousse(s)","step":"","order":2},{"label":"Oignon(s)","shopGroup":"Légumes","qte":"1","unit":"pièce(s)","step":"","order":3},{"label":"Branche(s) de thym","shopGroup":"Herbes aromatiques","qte":"1","unit":"pièce(s)","step":"","order":4},{"label":"Pomme(s) de terre grenaille","shopGroup":"Légumes","qte":"500","unit":"g","step":"","order":5},{"label":"Farine de blé","shopGroup":"Epicerie","qte":"20","unit":"g","step":"","order":6},{"label":"Fond de veau déshydraté","shopGroup":"Epicerie","qte":"20","unit":"g","step":"","order":7},{"label":"Moulin à poivre","shopGroup":"","qte":"6","unit":"tour(s)","step":"","order":8},{"label":"Sel fin","shopGroup":"","qte":"6","unit":"pincée(s)","step":"","order":9},{"label":"Huile d'olive","shopGroup":"Epicerie","qte":"3","unit":"cl","step":"","order":10}]}