{"title":"Sauté de pintade au vin rouge, pommes grenailles à l'anglaise","description":"Désosser les cuisses de pintade, puis les couper en cubes de 3 cm. Éplucher puis ciseler l'oignon.<br /><br />Dans une cocotte, colorer les cubes de pintade à l'huile d'olive, saler et poivrer. Ajouter les oignons ciselés, cuire 1 min puis saupoudrer de farine. Ajouter la gousse d'ail simplement écrasée sous la paume de la main et la branche de thym, puis déglacer avec le vin rouge et laisser réduire pendant 5 min.<br />Ajouter ensuite de l'eau à hauteur des morceaux de pintade, puis le fond de veau. Cuire au minimum 10 à 12 min.<br /><br />Couper les pommes grenailles en 4, puis les disposer dans une casserole d'eau froide. Porter à ébullition, puis saler et cuire 5 min.<br /><br />Dresser les pommes grenailles vapeur sur assiettes, disposer harmonieusement les morceaux de pintade, puis napper généreusement de sauce.<br />","summary":"Cuisses de pintade désossées puis coupées en cubes, cuites dans une sauce au vin rouge parfumée à l'ail et au thym, le tout accompagné de pommes grenailles cuites à l'eau.","timePreparation":"30mn","timeBaking":"0mn","timeRest":"0mn","picture":"","ingredients":[{"label":"Cuisse(s) de pintade (240 g)","shopGroup":"Volaille(s)","qte":"6","unit":"pièce(s)","step":"","order":0},{"label":"Vin rouge","shopGroup":"Boissons alcoolisées","qte":"15","unit":"cl","step":"","order":1},{"label":"Gousse(s) d'ail","shopGroup":"Légumes","qte":"1","unit":"gousse(s)","step":"","order":2},{"label":"Oignon(s)","shopGroup":"Légumes","qte":"1","unit":"pièce(s)","step":"","order":3},{"label":"Branche(s) de thym","shopGroup":"Herbes aromatiques","qte":"1","unit":"pièce(s)","step":"","order":4},{"label":"Pomme(s) de terre grenaille","shopGroup":"Légumes","qte":"500","unit":"g","step":"","order":5},{"label":"Farine de blé","shopGroup":"Epicerie","qte":"20","unit":"g","step":"","order":6},{"label":"Fond de veau déshydraté","shopGroup":"Epicerie","qte":"20","unit":"g","step":"","order":7},{"label":"Moulin à poivre","shopGroup":"","qte":"6","unit":"tour(s)","step":"","order":8},{"label":"Sel fin","shopGroup":"","qte":"6","unit":"pincée(s)","step":"","order":9},{"label":"Huile d'olive","shopGroup":"Epicerie","qte":"3","unit":"cl","step":"","order":10}],"chiefTip":"Remplacez les cuisses de pintade par des cuisses de canard.","id":10474}