{"id":10401,"title":"Recette de Crumble aux fruits rouges","description":"","summary":"Une poêlée de fruits rouges caramélisés recouverts de pâte à crumble puis cuits au four.","timePreparation":"30mn","timeBaking":"20mn","timeRest":"0mn","picture":"http://1.media.atelierdeschefs.com/recette-e10401-crumble-aux-fruits-rouges.jpg","ingredients":[{"label":"Sucre en poudre","shopGroup":"","qte":"100","unit":"g","step":"Pour le crumble","order":0},{"label":"Farine de blé","shopGroup":"Epicerie","qte":"100","unit":"g","step":"Pour le crumble","order":1},{"label":"Beurre doux","shopGroup":"Crèmerie  hors fromage","qte":"100","unit":"g","step":"Pour le crumble","order":2},{"label":"Poudre d'amande","shopGroup":"Epicerie","qte":"100","unit":"g","step":"Pour le crumble","order":3},{"label":"Mélange de fruits rouges surgelés","shopGroup":"Surgelés","qte":"500","unit":"g","step":"Pour la garniture","order":4},{"label":"Sucre en poudre","shopGroup":"Epicerie","qte":"100","unit":"g","step":"Pour la garniture","order":5}]}