{"title":"Crumble aux fruits rouges","description":"Préchauffer le four à 200 °C.<br /><br />Dans un bol, mélanger du bout des doigts les 4 ingrédients (attention, le beurre doit être mou mais pas fondu). Dès que la pâte commence à ressembler à un sable grossier, la disposer sur une plaque et la laisser reposer quelques minutes au frais.<br /><br />Dans une poêle, mettre le sucre à caraméliser et lorsqu'il prend une belle couleur rousse et homogène, verser les fruits rouges. Attendre que le caramel redevienne liquide, puis débarrasser les fruits dans un plat allant au four. Répartir ensuite la pâte à crumble dessus.<br /><br />Enfourner pendant 15 à 20 min jusqu'à obtention d'une belle couleur dorée.<br />","summary":"Une poêlée de fruits rouges caramélisés recouverts de pâte à crumble puis cuits au four.","timePreparation":"30mn","timeBaking":"20mn","timeRest":"0mn","picture":"","ingredients":[{"label":"Sucre en poudre","shopGroup":"","qte":"100","unit":"g","step":"Pour le crumble","order":0},{"label":"Farine de blé","shopGroup":"Epicerie","qte":"100","unit":"g","step":"Pour le crumble","order":1},{"label":"Beurre doux","shopGroup":"Crèmerie  hors fromage","qte":"100","unit":"g","step":"Pour le crumble","order":2},{"label":"Poudre d'amande","shopGroup":"Epicerie","qte":"100","unit":"g","step":"Pour le crumble","order":3},{"label":"Mélange de fruits rouges surgelés","shopGroup":"Surgelés","qte":"500","unit":"g","step":"Pour la garniture","order":4},{"label":"Sucre en poudre","shopGroup":"Epicerie","qte":"100","unit":"g","step":"Pour la garniture","order":5}],"chiefTip":"Utilisez cette pâte crue pour la répartir sur une tarte (avant de la cuire) dont les fruits rendent beaucoup de jus.Parfumez la pâte avec une cuillerée d'alcool ou quelques épices.","id":10401}