{"title":"Yakitori de poulet","description":"","summary":"Brochettes japonaises de poulet, poireaux et champignons, servies avec une sauce teriyaki.","timePreparation":"15mn","timeBaking":"15mn","timeRest":"0mn","picture":"","ingredients":[{"label":"Filet(s) de poulet (150 g)","shopGroup":"Volaille(s)","qte":"3","unit":"pièce(s)","step":"","order":0},{"label":"Lentin(s) de chêne ou shiitake(s)","shopGroup":"Légumes","qte":"100","unit":"g","step":"","order":1},{"label":"Saké","shopGroup":"Boissons alcoolisées","qte":"4","unit":"cl","step":"","order":2},{"label":"Poireau(x)","shopGroup":"Légumes","qte":"1","unit":"pièce(s)","step":"","order":3},{"label":"Sauce Soja","shopGroup":"Epicerie","qte":"4","unit":"cl","step":"","order":4},{"label":"Sucre en poudre","shopGroup":"Epicerie","qte":"20","unit":"g","step":"","order":5},{"label":"Huile d'arachide","shopGroup":"Epicerie","qte":"5","unit":"cl","step":"","order":6},{"label":"Gros sel","shopGroup":"","qte":"10","unit":"g","step":"","order":7}],"chiefTip":"Vous pouvez aussi parsemer les brochettes de graines de sésame avant de les servir.","id":1023}