{"title":"Yakitori de poulet","description":"Couper les champignons en 2. Couper les blancs de poulet en gros cubes de 2 cm d'épaisseur. Laver puis tailler le blanc de poireau en bâtonnets de 2 cm de long. <br /><br />Mettre de l'eau dans une casserole, la saler et la porter à ébullition. Blanchir les tronçons de poireau dans de l'eau bouillante salée (10 g de gros sel/litre) pendant 5 min.<br /><br /><br />Monter les brochettes en alternant le poulet, le poireau et les champignons.<br /><br />Faire chauffer à feu moyen 1 cuillère à soupe d'huile d'arachide dans une poêle. Déposer les brochettes, puis couvrir et laisser cuire quelques minutes.<br />Mélanger le saké, la sauce soja et le sucre. Verser la sauce ainsi obtenue sur les brochettes et laisser mijoter jusqu'à ce que la sauce épaississe. Servir aussitôt.<br />","summary":"Brochettes japonaises de poulet, poireaux et champignons, servies avec une sauce teriyaki.","timePreparation":"15mn","timeBaking":"15mn","timeRest":"0mn","picture":"","ingredients":[{"label":"Filet(s) de poulet (150 g)","shopGroup":"Volaille(s)","qte":"3","unit":"pièce(s)","step":"","order":0},{"label":"Lentin(s) de chêne ou shiitake(s)","shopGroup":"Légumes","qte":"100","unit":"g","step":"","order":1},{"label":"Saké","shopGroup":"Boissons alcoolisées","qte":"4","unit":"cl","step":"","order":2},{"label":"Poireau(x)","shopGroup":"Légumes","qte":"1","unit":"pièce(s)","step":"","order":3},{"label":"Sauce Soja","shopGroup":"Epicerie","qte":"4","unit":"cl","step":"","order":4},{"label":"Sucre en poudre","shopGroup":"Epicerie","qte":"20","unit":"g","step":"","order":5},{"label":"Huile d'arachide","shopGroup":"Epicerie","qte":"5","unit":"cl","step":"","order":6},{"label":"Gros sel","shopGroup":"","qte":"10","unit":"g","step":"","order":7}],"chiefTip":"Vous pouvez aussi parsemer les brochettes de graines de sésame avant de les servir.","id":1023}