{"title":"Ravioles au chocolat amer","description":"Dans la cuve du robot, réaliser un puits avec la farine et le cacao en poudre, puis verser les oeufs et un trait d'huile et mélanger à petite vitesse. Si la pâte est trop molle, ajouter un peu de farine ; si elle est trop sèche, ajouter un peu d'eau.<br /><br />Préparer la ganache : faire bouillir le lait avec la crème, puis verser le tout sur le chocolat. Bien mélanger et réserver à température ambiante.<br /><br />Étaler la pâte finement (au laminoir ou au rouleau à pâtisserie). Poser des petits tas de ganache sur une première abaisse, badigeonner le pourtour de la ganache de dorure, puis la recouvrir d'une 2e épaisseur de pâte. Couper ensuite des ravioles à l'aide d'un emporte-pièce.<br /><br />Porter les éléments du sirop à ébullition, puis pocher les ravioles dedans pendant environ 2 min.<br />Servir avec un peu de sirop de pochage et décorer avec un peu de sucre glace ou de cacao en poudre.<br />","summary":"Une ganache au chocolat amer enfermée dans une pâte très fine, le tout poché dans un sirop.","timePreparation":"15mn","timeBaking":"5mn","timeRest":"30mn","picture":"","ingredients":[{"label":"Farine de blé","shopGroup":"Epicerie","qte":"500","unit":"g","step":"","order":0},{"label":"Cacao en poudre non sucré","shopGroup":"Epicerie","qte":"120","unit":"g","step":"","order":1},{"label":"Oeuf(s)","shopGroup":"Crèmerie  hors fromage","qte":"5","unit":"pièce(s)","step":"","order":2},{"label":"Huile d'olive","shopGroup":"Epicerie","qte":"1","unit":"cl","step":"","order":3},{"label":"Chocolat noir","shopGroup":"Epicerie","qte":"100","unit":"g","step":"Pour la garniture","order":4},{"label":"Lait 1/2 écrémé","shopGroup":"Crèmerie  hors fromage","qte":"5","unit":"cl","step":"Pour la garniture","order":5},{"label":"Crème liquide entière","shopGroup":"Crèmerie  hors fromage","qte":"5","unit":"cl","step":"Pour la garniture","order":6},{"label":"Sucre en poudre","shopGroup":"Epicerie","qte":"250","unit":"g","step":"Pour le sirop","order":7},{"label":"Eau","shopGroup":"","qte":"1","unit":"l","step":"Pour le sirop","order":8},{"label":"Jaune(s) d'oeuf(s)","shopGroup":"Crèmerie  hors fromage","qte":"1","unit":"pièce(s)","step":"Pour le montage","order":9}],"chiefTip":"Vous pouvez aussi utiliser des feuilles de pâte à raviole chinoise (à base de blé) pour réaliser cette recette.","id":93}