{"id":93,"title":"Recette de Ravioles au chocolat amer","description":"","summary":"Une ganache au chocolat amer enfermée dans une pâte très fine, le tout poché dans un sirop.","timePreparation":"15mn","timeBaking":"5mn","timeRest":"30mn","picture":"http://1.media.atelierdeschefs.com/recette-e93-ravioles-au-chocolat-amer.jpg","ingredients":[{"label":"Farine de blé","shopGroup":"Epicerie","qte":"500","unit":"g","step":"","order":0},{"label":"Cacao en poudre non sucré","shopGroup":"Epicerie","qte":"120","unit":"g","step":"","order":1},{"label":"Oeuf(s)","shopGroup":"Crèmerie  hors fromage","qte":"5","unit":"pièce(s)","step":"","order":2},{"label":"Huile d'olive","shopGroup":"Epicerie","qte":"1","unit":"cl","step":"","order":3},{"label":"Chocolat noir","shopGroup":"Epicerie","qte":"100","unit":"g","step":"Pour la garniture","order":4},{"label":"Lait 1/2 écrémé","shopGroup":"Crèmerie  hors fromage","qte":"5","unit":"cl","step":"Pour la garniture","order":5},{"label":"Crème liquide entière","shopGroup":"Crèmerie  hors fromage","qte":"5","unit":"cl","step":"Pour la garniture","order":6},{"label":"Sucre en poudre","shopGroup":"Epicerie","qte":"250","unit":"g","step":"Pour le sirop","order":7},{"label":"Eau","shopGroup":"","qte":"1","unit":"l","step":"Pour le sirop","order":8},{"label":"Jaune(s) d'oeuf(s)","shopGroup":"Crèmerie  hors fromage","qte":"1","unit":"pièce(s)","step":"Pour le montage","order":9}]}