{"id":1034,"title":"Recette de Tarte soufflée au chocolat","description":"","summary":"Une tarte au chocolat avec une pâte sucrée très fine et une garniture moelleuse.","timePreparation":"30mn","timeBaking":"25mn","timeRest":"30mn","picture":"http://1.media.atelierdeschefs.com/recette-e1034-tarte-soufflee-au-chocolat.jpg","ingredients":[{"label":"Sucre glace","shopGroup":"","qte":"40","unit":"g","step":"Pour la pâte","order":0},{"label":"Farine de blé","shopGroup":"Epicerie","qte":"250","unit":"g","step":"Pour la pâte","order":1},{"label":"Beurre doux","shopGroup":"","qte":"125","unit":"g","step":"Pour la pâte","order":2},{"label":"Jaune(s) d'oeuf(s)","shopGroup":"","qte":"1","unit":"pièce(s)","step":"Pour la pâte","order":3},{"label":"Sel fin","shopGroup":"","qte":"1","unit":"pincée(s)","step":"Pour la pâte","order":4},{"label":"Beurre doux","shopGroup":"Crèmerie  hors fromage","qte":"110","unit":"g","step":"Pour la garniture","order":5},{"label":"Chocolat noir","shopGroup":"Epicerie","qte":"100","unit":"g","step":"Pour la garniture","order":6},{"label":"Jaune(s) d'oeuf(s)","shopGroup":"Crèmerie  hors fromage","qte":"4","unit":"pièce(s)","step":"Pour la garniture","order":7},{"label":"Oeuf(s)","shopGroup":"Crèmerie  hors fromage","qte":"1","unit":"pièce(s)","step":"Pour la garniture","order":8},{"label":"Sucre en poudre","shopGroup":"Epicerie","qte":"75","unit":"g","step":"Pour la garniture","order":9},{"label":"Sucre glace","shopGroup":"Epicerie","qte":"15","unit":"g","step":"Pour le dressage","order":10}]}