{"title":"Tarte soufflée au chocolat","description":"<br /><b>Pour la pâte sucrée</b><br />Préchauffer le four à 180 °C (th.6).<br />Mélanger le sucre, la farine et le beurre au robot. Ajouter le lait et l'oeuf, puis réserver au frais pendant 1/2 h minimum.<br />Étaler ensuite la pâte très finement et foncer un cercle à tarte. Le remplir de plombs de cuisson, puis l'enfourner à 180 °C pendant 15 min.<br /><br /><b>Pour la garniture </b><br />Monter la température du four à 200 °C (th.6-7).<br />Faire fondre le beurre et le chocolat au bain-marie. Monter les jaunes d'oeufs et l'oeuf entier au batteur avec le sucre pour obtenir un sabayon ferme et bien blanc. Incorporez  mélange beurre-chocolat au sabayon. Verser ensuite le tout dans le fond de tarte. Enfourner 8 min à 200 °C. Laisser ensuite tiédir pendant 10 min.<br /><br /><br /><b>Pour le dressage</b><br />Servir la tarte saupoudrées de sucre glace.<br />","summary":"Une tarte au chocolat avec une pâte sucrée très fine et une garniture moelleuse.","timePreparation":"30mn","timeBaking":"25mn","timeRest":"30mn","picture":"","ingredients":[{"label":"Sucre glace","shopGroup":"","qte":"40","unit":"g","step":"Pour la pâte","order":0},{"label":"Farine de blé","shopGroup":"Epicerie","qte":"250","unit":"g","step":"Pour la pâte","order":1},{"label":"Beurre doux","shopGroup":"","qte":"125","unit":"g","step":"Pour la pâte","order":2},{"label":"Jaune(s) d'oeuf(s)","shopGroup":"","qte":"1","unit":"pièce(s)","step":"Pour la pâte","order":3},{"label":"Sel fin","shopGroup":"","qte":"1","unit":"pincée(s)","step":"Pour la pâte","order":4},{"label":"Beurre doux","shopGroup":"Crèmerie  hors fromage","qte":"110","unit":"g","step":"Pour la garniture","order":5},{"label":"Chocolat noir","shopGroup":"Epicerie","qte":"100","unit":"g","step":"Pour la garniture","order":6},{"label":"Jaune(s) d'oeuf(s)","shopGroup":"Crèmerie  hors fromage","qte":"4","unit":"pièce(s)","step":"Pour la garniture","order":7},{"label":"Oeuf(s)","shopGroup":"Crèmerie  hors fromage","qte":"1","unit":"pièce(s)","step":"Pour la garniture","order":8},{"label":"Sucre en poudre","shopGroup":"Epicerie","qte":"75","unit":"g","step":"Pour la garniture","order":9},{"label":"Sucre glace","shopGroup":"Epicerie","qte":"15","unit":"g","step":"Pour le dressage","order":10}],"chiefTip":"Mettez quelques framboises fraîches sur la pâte avant la cuisson.la texture unique de cette tarte résiste mal au temps, il faut la consommer dans la demi-journée.","id":1034}