{"title":"Compression de pommes rôties au Calvados, sablé à la vanille et mousseux au fromage blanc","description":"","summary":"Sur un sablé à la vanille, une compression de pommes caramélisées et flambées au Calvados, une quenelle de mousseux au fromage blanc et des bâtonnets de pomme crue.","timePreparation":"1h","timeBaking":"45mn","timeRest":"30mn","picture":"http://1.media.atelierdeschefs.com/recette-c10169-compression-de-pommes-roties-au-calvados-sable-a-la-vanille-et-mousseux-au-fromage-blanc.jpg","ingredients":[{"label":"Farine de blé","shopGroup":"Epicerie","qte":"110","unit":"g","step":"Pour le(s) biscuit(s)","order":0},{"label":"Sucre en poudre","shopGroup":"","qte":"70","unit":"g","step":"Pour le(s) biscuit(s)","order":1},{"label":"Jaune(s) d'oeuf(s)","shopGroup":"","qte":"2","unit":"pièce(s)","step":"Pour le(s) biscuit(s)","order":2},{"label":"Beurre doux","shopGroup":"Crèmerie  hors fromage","qte":"80","unit":"g","step":"Pour le(s) biscuit(s)","order":3},{"label":"Gousse(s) de vanille","shopGroup":"Epicerie","qte":"1","unit":"pièce(s)","step":"Pour le(s) biscuit(s)","order":4},{"label":"Fromage blanc","shopGroup":"Fromage(s)","qte":"100","unit":"g","step":"Pour la mousse","order":5},{"label":"Crème liquide entière","shopGroup":"Crèmerie  hors fromage","qte":"20","unit":"cl","step":"Pour la mousse","order":6},{"label":"Sucre en poudre","shopGroup":"","qte":"50","unit":"g","step":"Pour la mousse","order":7},{"label":"Feuille(s) de gélatine de 2 g","shopGroup":"Epicerie","qte":"3","unit":"pièce(s)","step":"Pour la mousse","order":8},{"label":"Jaune(s) d'oeuf(s)","shopGroup":"Crèmerie  hors fromage","qte":"3","unit":"pièce(s)","step":"Pour la mousse","order":9},{"label":"Eau","shopGroup":"","qte":"2","unit":"cl","step":"Pour la mousse","order":10},{"label":"Pomme(s) Pink Lady","shopGroup":"","qte":"5","unit":"pièce(s)","step":"Pour le reste de la recette","order":11},{"label":"Sucre en poudre","shopGroup":"Epicerie","qte":"60","unit":"g","step":"Pour le reste de la recette","order":12},{"label":"Calvados","shopGroup":"Boissons alcoolisées","qte":"5","unit":"cl","step":"Pour le reste de la recette","order":13},{"label":"Eau","shopGroup":"","qte":"10","unit":"cl","step":"Pour le reste de la recette","order":14}],"chiefTip":"Pour cette recette, il est important d'utiliser du fromage blanc à 40 % de matière grasse pour obtenir une belle émulsion.","id":10169}