{"title":"Compression de pommes rôties au Calvados, sablé à la vanille et mousseux au fromage blanc","description":"<br /><b>Pour le biscuit :</b><br />Préchauffer le four à 180 °C (th. 6).<br />Couper la gousse de vanille en 2 et prélever les graines à l'aide la pointe d'un couteau.<br />Dans un bol, mélanger le sucre, la farine, le beurre ramolli, les graines de la gousse de vanille et les jaunes d'oeufs pour obtenir une pâte homogène. Placer ensuite la pâte sablée entre 2 feuilles de papier sulfurisé, puis l'étaler sur 5 mm d'épaisseur. La laisser ensuite durcir au réfrigérateur pendant quelques minutes puis, à l'aide de 6 petits moules à nonnette, découper des ronds et les disposer sur une feuille en silicone avec les moules.<br />Enfourner les sablés à 180 °C pendant 15 min. Laisser refroidir.<br /><br /><b>Pour la mousse :</b><br />Faire ramollir les feuilles de gélatine dans un bol d'eau froide.<br />Dans un autre bol, fouetter les jaunes et le sucre pour obtenir un sabayon blanc et mousseux. Dans une casserole, faire tiédir un faible volume d'eau et y faire fondre les feuilles de gélatine. Ajouter ce liquide au sabayon ainsi que le fromage blanc.<br />Dans un bol, fouetter la crème liquide en chantilly à l'aide d'un batteur, puis l'incorporer au sabayon. Réserver au frais.<br /><br /><b>Pour le reste de la recette :</b><br />Éplucher 4 pommes, les vider et les couper en fines lamelles à l'aide du pèle-pomme. Les recouper ensuite en 2.<br />Dans une poêle, faire fondre le sucre jusqu'à obtention d'un caramel, puis ajouter les pommes et les caraméliser. Flamber avec le Calvados, puis ajouter l'eau et cuire à feu doux avec un couvercle pendant 30 min. Une fois les pommes cuites, les tasser dans les 6 petits moules à nonnette et les réserver au frais.<br /><br />Au dernier moment, juste avant de servir, couper la dernière pomme (avec la peau) en bâtonnets.<br />Dans une assiette creuse, déposer un sablé à la vanille, puis poser la compression de pommes dessus et terminer avec une quenelle de mousseux au fromage blanc. Pour décorer, parsemer le tout de bâtonnets de pomme crue.<br />","summary":"Sur un sablé à la vanille, une compression de pommes caramélisées et flambées au Calvados, une quenelle de mousseux au fromage blanc et des bâtonnets de pomme crue.","timePreparation":"1h","timeBaking":"45mn","timeRest":"30mn","picture":"http://1.media.atelierdeschefs.com/recette-c10169-compression-de-pommes-roties-au-calvados-sable-a-la-vanille-et-mousseux-au-fromage-blanc.jpg","ingredients":[{"label":"Farine de blé","shopGroup":"Epicerie","qte":"110","unit":"g","step":"Pour le(s) biscuit(s)","order":0},{"label":"Sucre en poudre","shopGroup":"","qte":"70","unit":"g","step":"Pour le(s) biscuit(s)","order":1},{"label":"Jaune(s) d'oeuf(s)","shopGroup":"","qte":"2","unit":"pièce(s)","step":"Pour le(s) biscuit(s)","order":2},{"label":"Beurre doux","shopGroup":"Crèmerie  hors fromage","qte":"80","unit":"g","step":"Pour le(s) biscuit(s)","order":3},{"label":"Gousse(s) de vanille","shopGroup":"Epicerie","qte":"1","unit":"pièce(s)","step":"Pour le(s) biscuit(s)","order":4},{"label":"Fromage blanc","shopGroup":"Fromage(s)","qte":"100","unit":"g","step":"Pour la mousse","order":5},{"label":"Crème liquide entière","shopGroup":"Crèmerie  hors fromage","qte":"20","unit":"cl","step":"Pour la mousse","order":6},{"label":"Sucre en poudre","shopGroup":"","qte":"50","unit":"g","step":"Pour la mousse","order":7},{"label":"Feuille(s) de gélatine de 2 g","shopGroup":"Epicerie","qte":"3","unit":"pièce(s)","step":"Pour la mousse","order":8},{"label":"Jaune(s) d'oeuf(s)","shopGroup":"Crèmerie  hors fromage","qte":"3","unit":"pièce(s)","step":"Pour la mousse","order":9},{"label":"Eau","shopGroup":"","qte":"2","unit":"cl","step":"Pour la mousse","order":10},{"label":"Pomme(s) Pink Lady","shopGroup":"","qte":"5","unit":"pièce(s)","step":"Pour le reste de la recette","order":11},{"label":"Sucre en poudre","shopGroup":"Epicerie","qte":"60","unit":"g","step":"Pour le reste de la recette","order":12},{"label":"Calvados","shopGroup":"Boissons alcoolisées","qte":"5","unit":"cl","step":"Pour le reste de la recette","order":13},{"label":"Eau","shopGroup":"","qte":"10","unit":"cl","step":"Pour le reste de la recette","order":14}],"chiefTip":"Pour cette recette, il est important d'utiliser du fromage blanc à 40 % de matière grasse pour obtenir une belle émulsion.","id":10169}