{"title":"Gaufre pomme de terre à la crème de raifort et oeuf de saumon","description":"","summary":"Apprenez à faire des gaufres légères au râpé de pommes de terre, servies avec une crème au raifort et aux oeufs de saumon.","timePreparation":"45mn","timeBaking":"0mn","timeRest":"0mn","picture":"","ingredients":[{"label":"Pomme(s) de terre  à chair farineuse","shopGroup":"Légumes","qte":"500","unit":"g","step":"","order":0},{"label":"Oignon(s)","shopGroup":"Légumes","qte":"1","unit":"pièce(s)","step":"","order":1},{"label":"Jaune(s) d'oeuf(s)","shopGroup":"Crèmerie  hors fromage","qte":"2","unit":"pièce(s)","step":"","order":2},{"label":"Blanc(s) d'oeuf","shopGroup":"Crèmerie  hors fromage","qte":"2","unit":"pièce(s)","step":"","order":3},{"label":"Oeuf(s)","shopGroup":"Crèmerie  hors fromage","qte":"2","unit":"pièce(s)","step":"","order":4},{"label":"Sel fin","shopGroup":"","qte":"6","unit":"pincée(s)","step":"","order":5},{"label":"Moulin à poivre","shopGroup":"","qte":"6","unit":"tour(s)","step":"","order":6},{"label":"Crème liquide entière","shopGroup":"","qte":"12","unit":"cl","step":"","order":7},{"label":"Crème liquide entière","shopGroup":"Crèmerie  hors fromage","qte":"20","unit":"cl","step":"Pour la sauce","order":8},{"label":"Raifort en pot","shopGroup":"Epicerie","qte":"20","unit":"g","step":"Pour la sauce","order":9},{"label":"Oeufs de saumon","shopGroup":"Poissonnerie","qte":"100","unit":"g","step":"Pour le reste de la recette","order":10}],"chiefTip":"Pour les jours de fête, vous pouvez remplacer les oeufs de saumon par du caviar.","id":10653}