{"title":"Gaufre pomme de terre à la crème de raifort et oeuf de saumon","description":"Préchauffer le gaufrier.<br />Éplucher et râper les pommes de terre. Éplucher l'oignon et l'émincer en fines lamelles.<br />Dans un saladier, mélanger le râpé de pommes de terre, l'émincé d'oignon, la crème liquide, les oeufs entiers, les jaunes, le sel et le poivre. Monter les blancs en neige, puis les incorporer à la pâte de pommes de terre.<br /><br />Verser une partie de la pâte sur le gril du gaufrier, le refermer et laisser cuire pendant 5 min. Renouveler l'opération jusqu'à épuisement de la pâte.<br /><br />Dans un bol bien froid, fouetter la crème liquide pour lui donner la texture d'une chantilly, puis ajouter le raifort.<br />Disposer une quenelle de crème au raifort sur chaque gaufre et ajouter une cuillerée d'oeufs de saumon.<br />","summary":"Apprenez à faire des gaufres légères au râpé de pommes de terre, servies avec une crème au raifort et aux oeufs de saumon.","timePreparation":"45mn","timeBaking":"0mn","timeRest":"0mn","picture":"","ingredients":[{"label":"Pomme(s) de terre  à chair farineuse","shopGroup":"Légumes","qte":"500","unit":"g","step":"","order":0},{"label":"Oignon(s)","shopGroup":"Légumes","qte":"1","unit":"pièce(s)","step":"","order":1},{"label":"Jaune(s) d'oeuf(s)","shopGroup":"Crèmerie  hors fromage","qte":"2","unit":"pièce(s)","step":"","order":2},{"label":"Blanc(s) d'oeuf","shopGroup":"Crèmerie  hors fromage","qte":"2","unit":"pièce(s)","step":"","order":3},{"label":"Oeuf(s)","shopGroup":"Crèmerie  hors fromage","qte":"2","unit":"pièce(s)","step":"","order":4},{"label":"Sel fin","shopGroup":"","qte":"6","unit":"pincée(s)","step":"","order":5},{"label":"Moulin à poivre","shopGroup":"","qte":"6","unit":"tour(s)","step":"","order":6},{"label":"Crème liquide entière","shopGroup":"","qte":"12","unit":"cl","step":"","order":7},{"label":"Crème liquide entière","shopGroup":"Crèmerie  hors fromage","qte":"20","unit":"cl","step":"Pour la sauce","order":8},{"label":"Raifort en pot","shopGroup":"Epicerie","qte":"20","unit":"g","step":"Pour la sauce","order":9},{"label":"Oeufs de saumon","shopGroup":"Poissonnerie","qte":"100","unit":"g","step":"Pour le reste de la recette","order":10}],"chiefTip":"Pour les jours de fête, vous pouvez remplacer les oeufs de saumon par du caviar.","id":10653}