{"title":"Ananas en cocotte aux épices","description":"Tailler la queue et la racine de l'ananas, puis à l'aide d'un couteau à scie, enlever la peau sur une épaisseur de 5 mm. Enlever les points noirs (les yeux) avec la pointe d'un couteau. <br /><br />Préchauffer le four à 250 °C.<br />Dans une cocotte en fonte, caraméliser fortement la cassonade, ajouter l'ananas et le rouler dans le caramel. Mettre l'orange coupée en 6 quartiers, les épices et le rhum, éteindre le feu puis ajouter un verre d'eau et couvrir. Enfourner à 250 °C pendant 20 min.<br /><br />Laisser reposer durant 20 min et déguster avec un peu de jus de cuisson.<br />","summary":"Ananas entier roulé dans le caramel, cuit dans une cocotte en fonte avec des épices, du rhum et des quartiers d'orange.","timePreparation":"30mn","timeBaking":"0mn","timeRest":"0mn","picture":"","ingredients":[{"label":"Ananas","shopGroup":"Fruits","qte":"1","unit":"pièce(s)","step":"","order":0},{"label":"Orange(s)","shopGroup":"Fruits","qte":"1","unit":"pièce(s)","step":"","order":1},{"label":"Bâton(s) de cannelle","shopGroup":"Epicerie","qte":"1","unit":"pièce(s)","step":"","order":2},{"label":"Gousse(s) de vanille","shopGroup":"Epicerie","qte":"1","unit":"pièce(s)","step":"","order":3},{"label":"Mélange 5 épices","shopGroup":"Epicerie","qte":"5","unit":"g","step":"","order":4},{"label":"Rhum brun","shopGroup":"Boissons alcoolisées","qte":"5","unit":"cl","step":"","order":5},{"label":"Capsule(s) de cardamome verte","shopGroup":"Epicerie","qte":"1","unit":"pièce(s)","step":"","order":6},{"label":"Etoile(s) de badiane","shopGroup":"Epicerie","qte":"1","unit":"pièce(s)","step":"","order":7},{"label":"Cassonade","shopGroup":"Epicerie","qte":"100","unit":"g","step":"","order":8}],"chiefTip":"Si vous utilisez des ananas victoria, comptez 2 pièces pour 6 personnes.Pendant la cuisson au four, attention à la couleur du caramel : s'il brunit trop vite, ajoutez un peu d'eau.","id":1027}