{"id":1027,"title":"Recette de Ananas en cocotte aux épices","description":"","summary":"Ananas entier roulé dans le caramel, cuit dans une cocotte en fonte avec des épices, du rhum et des quartiers d'orange.","timePreparation":"30mn","timeBaking":"0mn","timeRest":"0mn","picture":"http://1.media.atelierdeschefs.com/recette-e1027-ananas-en-cocotte-aux-epices.jpg","ingredients":[{"label":"Ananas","shopGroup":"Fruits","qte":"1","unit":"pièce(s)","step":"","order":0},{"label":"Orange(s)","shopGroup":"Fruits","qte":"1","unit":"pièce(s)","step":"","order":1},{"label":"Bâton(s) de cannelle","shopGroup":"Epicerie","qte":"1","unit":"pièce(s)","step":"","order":2},{"label":"Gousse(s) de vanille","shopGroup":"Epicerie","qte":"1","unit":"pièce(s)","step":"","order":3},{"label":"Mélange 5 épices","shopGroup":"Epicerie","qte":"5","unit":"g","step":"","order":4},{"label":"Rhum brun","shopGroup":"Boissons alcoolisées","qte":"5","unit":"cl","step":"","order":5},{"label":"Capsule(s) de cardamome verte","shopGroup":"Epicerie","qte":"1","unit":"pièce(s)","step":"","order":6},{"label":"Etoile(s) de badiane","shopGroup":"Epicerie","qte":"1","unit":"pièce(s)","step":"","order":7},{"label":"Cassonade","shopGroup":"Epicerie","qte":"100","unit":"g","step":"","order":8}]}