{"title":"Gambas rôties entières, légumes croquants et sauce cocktail","description":"","summary":"Des gambas cuites au four dans leur carapace, accompagnées d'un wok de légumes croquants et d'une mayonnaise parfumée au ketchup, au cognac et au Tabasco.","timePreparation":"30mn","timeBaking":"0mn","timeRest":"0mn","picture":"","ingredients":[{"label":"Gambas surgelée(s)","shopGroup":"Surgelés","qte":"18","unit":"pièce(s)","step":"","order":0},{"label":"Asperge(s) vertes(s)","shopGroup":"Légumes","qte":"6","unit":"pièce(s)","step":"","order":1},{"label":"Radis rose(s)","shopGroup":"Légumes","qte":"0.5","unit":"botte(s)","step":"","order":2},{"label":"Oignon(s) nouveau(x)","shopGroup":"Légumes","qte":"2","unit":"pièce(s)","step":"","order":3},{"label":"Carotte(s)","shopGroup":"Légumes","qte":"3","unit":"g","step":"","order":4},{"label":"Sel fin","shopGroup":"","qte":"6","unit":"pincée(s)","step":"","order":5},{"label":"Piment d'Espelette","shopGroup":"Epicerie","qte":"6","unit":"pincée(s)","step":"","order":6},{"label":"Huile d'olive","shopGroup":"Epicerie","qte":"3","unit":"cl","step":"","order":7},{"label":"Jaune(s) d'oeuf(s)","shopGroup":"Crèmerie  hors fromage","qte":"1","unit":"pièce(s)","step":"Pour la sauce","order":8},{"label":"Moutarde forte","shopGroup":"Epicerie","qte":"20","unit":"g","step":"Pour la sauce","order":9},{"label":"Huile d'arachide","shopGroup":"Epicerie","qte":"25","unit":"cl","step":"Pour la sauce","order":10},{"label":"Ketchup","shopGroup":"Epicerie","qte":"15","unit":"g","step":"Pour la sauce","order":11},{"label":"Cognac","shopGroup":"Boissons alcoolisées","qte":"3","unit":"cl","step":"Pour la sauce","order":12},{"label":"Tabasco rouge","shopGroup":"Epicerie","qte":"3","unit":"goutte(s)","step":"Pour la sauce","order":13},{"label":"Moulin à poivre","shopGroup":"","qte":"6","unit":"tour(s)","step":"Pour la sauce","order":14}],"chiefTip":"Le cognac peut être remplacé par du whisky.La carapace protège la chair des gambas et lui communique un arôme particulier en cuisant.","id":10459}