{"title":"Tajine d'agneau safran et cannelle (Makfoul)","description":"Peler les oignons et les émincer très finement. Effeuiller le persil et le ciseler. Peler les tomates et les couper en quartiers.<br /><br />Désosser le gigot d'agneau et le dégraisser, puis couper la viande en morceaux réguliers (cubes). <br /><br />Dans une cocotte, disposer un filet d'huile d'olive et colorer vivement la viande sur chaque face. Assaisonner, débarrasser et réserver.<br /><br />Dans la même cocotte, disposer un filet d'huile d'olive et colorer légèrement les oignons avec une pincée de sel fin. Ajouter la viande, le poivre, les épices et le sucre. Caraméliser l'ensemble, puis mouiller avec de l'eau à hauteur. Ajouter la tomate, couvrir et laisser cuire à feu moyen pendant environ 1 h en remuant de temps en temps. La sauce doit être réduite et la viande moelleuse. Terminer avec le persil.<br />","summary":"Un classique de la cuisine marocaine : un tajine d'agneau makfoul (safran et cannelle).","timePreparation":"45mn","timeBaking":"1h","timeRest":"0mn","picture":"","ingredients":[{"label":"Gigot(s) d'agneau","shopGroup":"Boucherie","qte":"1","unit":"pièce(s)","step":"","order":0},{"label":"Oignon(s)","shopGroup":"Légumes","qte":"3","unit":"pièce(s)","step":"","order":1},{"label":"Tomate(s)","shopGroup":"Fruits","qte":"5","unit":"pièce(s)","step":"","order":2},{"label":"Persil plat","shopGroup":"Herbes aromatiques","qte":"0.5","unit":"botte(s)","step":"","order":3},{"label":"Pistils de safran","shopGroup":"Epicerie","qte":"3","unit":"g","step":"","order":4},{"label":"Curcuma en poudre","shopGroup":"Epicerie","qte":"5","unit":"g","step":"","order":5},{"label":"Sucre en poudre","shopGroup":"Epicerie","qte":"20","unit":"g","step":"","order":6},{"label":"Poudre de gingembre","shopGroup":"Epicerie","qte":"1","unit":"g","step":"","order":7},{"label":"Cannelle en poudre","shopGroup":"Epicerie","qte":"10","unit":"g","step":"","order":8},{"label":"Bâton(s) de cannelle","shopGroup":"Epicerie","qte":"3","unit":"pièce(s)","step":"","order":9},{"label":"Sel fin","shopGroup":"","qte":"3","unit":"pincée(s)","step":"","order":10},{"label":"Moulin à poivre","shopGroup":"","qte":"3","unit":"tour(s)","step":"","order":11},{"label":"Huile d'olive","shopGroup":"Epicerie","qte":"5","unit":"cl","step":"","order":12}],"chiefTip":"Vous pouvez utiliser des souris d'agneau pour cette recette. Demandez au boucher de vous préparer la viande.","id":10145}