{"title":"Raviolis aux trois fromages, soupe de petit pois","description":"<br /><b>Pour le velouté de petits pois :</b><br />Éplucher l'oignon puis l'émincer finement.<br />Dans une casserole, verser un filet d'huile d'olive et faire suer l'oignon. Ajouter les petits pois puis déglacer avec le vin blanc. Laisser l'alcool s'évaporer complètement, puis ajouter le lait et la crème. Cuire 10 min à feu doux, puis mixer dans un blender et filtrer. Laisser ensuite refroidir.<br />Porter de l'eau à ébullition dans une casserole. <br /><br />Dans un robot, mixer les fromages avec la crème liquide, puis assaisonner de sel et de piment d'Espelette. Casser un oeuf, ajouter une goutte d'eau et battre à l'aide d'un pinceau .  <br />Disposer une cuillère à café de farce sur chaque carré de pâte à raviole, puis badigeonner les 2 côtés de dorure. Refermer ensuite les raviolis en collant les côtés, puis les cuire dans l'eau frémissante pendant 2 min. <br /><br />Servir les raviolis sur le velouté de petits pois.<br />","summary":"De mini-raviolis au parmesan, chèvre frais et mozzarella, servis dans une tasse de velouté de petits pois.","timePreparation":"15mn","timeBaking":"0mn","timeRest":"0mn","picture":"","ingredients":[{"label":"Feuille(s) de pâte à raviole","shopGroup":"Traiteur","qte":"12","unit":"pièce(s)","step":"","order":0},{"label":"Parmigiano Reggiano râpé","shopGroup":"Fromage(s)","qte":"50","unit":"g","step":"","order":1},{"label":"Mozzarella","shopGroup":"Fromage(s)","qte":"50","unit":"g","step":"","order":2},{"label":"Chèvre(s) frais","shopGroup":"Fromage(s)","qte":"50","unit":"g","step":"","order":3},{"label":"Crème liquide entière","shopGroup":"","qte":"5","unit":"cl","step":"","order":4},{"label":"Petit(s) pois surgelé(s)","shopGroup":"Surgelés","qte":"500","unit":"g","step":"Pour le bouillon","order":5},{"label":"Oignon(s)","shopGroup":"Légumes","qte":"1","unit":"pièce(s)","step":"Pour le bouillon","order":6},{"label":"Vin blanc sec","shopGroup":"Boissons alcoolisées","qte":"10","unit":"cl","step":"Pour le bouillon","order":7},{"label":"Lait 1/2 écrémé","shopGroup":"Crèmerie  hors fromage","qte":"25","unit":"cl","step":"Pour le bouillon","order":8},{"label":"Crème liquide entière","shopGroup":"Crèmerie  hors fromage","qte":"25","unit":"cl","step":"Pour le bouillon","order":9},{"label":"Sel fin","shopGroup":"","qte":"6","unit":"pincée(s)","step":"Pour le bouillon","order":10},{"label":"Piment d'Espelette","shopGroup":"Epicerie","qte":"6","unit":"pincée(s)","step":"Pour le bouillon","order":11},{"label":"Huile d'olive","shopGroup":"Epicerie","qte":"5","unit":"cl","step":"Pour le bouillon","order":12},{"label":"Oeuf(s)","shopGroup":"Crèmerie  hors fromage","qte":"1","unit":"pièce(s)","step":"Pour le bouillon","order":13}],"chiefTip":"Utilisez les fromages de votre choix pour la farce des raviolis.","id":9026}