{"id":9026,"title":"Recette de Raviolis aux trois fromages, soupe de petit pois","description":"","summary":"De mini-raviolis au parmesan, chèvre frais et mozzarella, servis dans une tasse de velouté de petits pois.","timePreparation":"15mn","timeBaking":"0mn","timeRest":"0mn","picture":"http://1.media.atelierdeschefs.com/recette-e9026-raviolis-aux-trois-fromages-soupe-de-petit-pois.jpg","ingredients":[{"label":"Feuille(s) de pâte à raviole","shopGroup":"Traiteur","qte":"12","unit":"pièce(s)","step":"","order":0},{"label":"Parmigiano Reggiano râpé","shopGroup":"Fromage(s)","qte":"50","unit":"g","step":"","order":1},{"label":"Mozzarella","shopGroup":"Fromage(s)","qte":"50","unit":"g","step":"","order":2},{"label":"Chèvre(s) frais","shopGroup":"Fromage(s)","qte":"50","unit":"g","step":"","order":3},{"label":"Crème liquide entière","shopGroup":"","qte":"5","unit":"cl","step":"","order":4},{"label":"Petit(s) pois surgelé(s)","shopGroup":"Surgelés","qte":"500","unit":"g","step":"Pour le bouillon","order":5},{"label":"Oignon(s)","shopGroup":"Légumes","qte":"1","unit":"pièce(s)","step":"Pour le bouillon","order":6},{"label":"Vin blanc sec","shopGroup":"Boissons alcoolisées","qte":"10","unit":"cl","step":"Pour le bouillon","order":7},{"label":"Lait 1/2 écrémé","shopGroup":"Crèmerie  hors fromage","qte":"25","unit":"cl","step":"Pour le bouillon","order":8},{"label":"Crème liquide entière","shopGroup":"Crèmerie  hors fromage","qte":"25","unit":"cl","step":"Pour le bouillon","order":9},{"label":"Sel fin","shopGroup":"","qte":"6","unit":"pincée(s)","step":"Pour le bouillon","order":10},{"label":"Piment d'Espelette","shopGroup":"Epicerie","qte":"6","unit":"pincée(s)","step":"Pour le bouillon","order":11},{"label":"Huile d'olive","shopGroup":"Epicerie","qte":"5","unit":"cl","step":"Pour le bouillon","order":12},{"label":"Oeuf(s)","shopGroup":"Crèmerie  hors fromage","qte":"1","unit":"pièce(s)","step":"Pour le bouillon","order":13}]}