{"title":"Grosses gambas sautées aux 5 épices, beignets d'avocat","description":"","summary":"De fines lamelles d'avocat passées dans la pâte à tempura et accompagnées de gambas marinées aux 5 épices.","timePreparation":"30mn","timeBaking":"10mn","timeRest":"0mn","picture":"http://1.media.atelierdeschefs.com/recette-c1012-grosses-gambas-sautees-aux-5-epices-beignets-d-avocat.jpg","ingredients":[{"label":"Gambas surgelée(s)","shopGroup":"Surgelés","qte":"24","unit":"pièce(s)","step":"","order":0},{"label":"Avocat(s)","shopGroup":"Fruits","qte":"2","unit":"pièce(s)","step":"","order":1},{"label":"Mélange 5 épices","shopGroup":"Epicerie","qte":"15","unit":"g","step":"","order":2},{"label":"Citron(s) vert(s)","shopGroup":"Fruits","qte":"2","unit":"pièce(s)","step":"","order":3},{"label":"Gousse(s) d'ail","shopGroup":"Légumes","qte":"1","unit":"gousse(s)","step":"","order":4},{"label":"Huile d'olive","shopGroup":"","qte":"5","unit":"cl","step":"","order":5},{"label":"Eau Gazeuse (grosses bulles)","shopGroup":"Boissons sans alcool","qte":"20","unit":"cl","step":"Pour la pâte","order":6},{"label":"Farine de blé","shopGroup":"Epicerie","qte":"150","unit":"g","step":"Pour la pâte","order":7},{"label":"Levure chimique","shopGroup":"Epicerie","qte":"5","unit":"g","step":"Pour la pâte","order":8},{"label":"Sel fin","shopGroup":"","qte":"6","unit":"pincée(s)","step":"Pour la pâte","order":9},{"label":"Huile de friture","shopGroup":"Epicerie","qte":"1","unit":"l","step":"Pour la pâte","order":10},{"label":"Huile d'olive","shopGroup":"Epicerie","qte":"2","unit":"cl","step":"Pour la pâte","order":11},{"label":"Moulin à poivre","shopGroup":"","qte":"3","unit":"tour(s)","step":"Pour la pâte","order":12},{"label":"Réduction de vinaigre Balsamique","shopGroup":"Epicerie","qte":"3","unit":"cl","step":"Pour la pâte","order":13}],"chiefTip":"Vous pouvez remplacer la pâte à tempura par une pâte à frire classique à base de bière.","id":1012}