{"title":"Pain perdu au saumon fumé","description":"Dans un récipient, mélanger les jaunes d'oeufs et le lait. Couper les brioches en 2 puis les tremper 10 secondes dans le lait.<br /><br />Dans une poêle chaude, mettre un trait d'huile d'olive et colorer les brioches sur les 2 faces. Disposer ensuite les tranches de saumon sur les brioches.<br />Peler le citron à vif pour récupérer les suprêmes, puis les couper en petits morceaux et les disposer sur les pains perdus.<br /><br />Servir la brioche tiède.<br />","summary":"Apprenez à réaliser un délicieux pain perdu de brioche avec des lamelles de saumon fumé.","timePreparation":"15mn","timeBaking":"0mn","timeRest":"0mn","picture":"","ingredients":[{"label":"Saumon fumé","shopGroup":"Poissonnerie","qte":"300","unit":"g","step":"","order":0},{"label":"Navette(s) en pain brioché","shopGroup":"Boulangerie","qte":"6","unit":"pièce(s)","step":"","order":1},{"label":"Lait 1/2 écrémé","shopGroup":"Crèmerie  hors fromage","qte":"25","unit":"cl","step":"","order":2},{"label":"Jaune(s) d'oeuf(s)","shopGroup":"Crèmerie  hors fromage","qte":"2","unit":"pièce(s)","step":"","order":3},{"label":"Huile d'olive","shopGroup":"Epicerie","qte":"5","unit":"cl","step":"","order":4},{"label":"Citron(s) jaune(s)","shopGroup":"Fruits","qte":"1","unit":"pièce(s)","step":"","order":5}],"chiefTip":"Laisser les brioches rassir 2 jours avant de les réhydrater dans le lait pour une meilleure tenue à la cuisson.","id":1063}