{"id":1063,"title":"Recette de Pain perdu au saumon fumé","description":"","summary":"Apprenez à réaliser un délicieux pain perdu de brioche avec des lamelles de saumon fumé.","timePreparation":"15mn","timeBaking":"0mn","timeRest":"0mn","picture":"http://1.media.atelierdeschefs.com/recette-e1063-pain-perdu-au-saumon-fume.jpg","ingredients":[{"label":"Saumon fumé","shopGroup":"Poissonnerie","qte":"300","unit":"g","step":"","order":0},{"label":"Navette(s) en pain brioché","shopGroup":"Boulangerie","qte":"6","unit":"pièce(s)","step":"","order":1},{"label":"Lait 1/2 écrémé","shopGroup":"Crèmerie  hors fromage","qte":"25","unit":"cl","step":"","order":2},{"label":"Jaune(s) d'oeuf(s)","shopGroup":"Crèmerie  hors fromage","qte":"2","unit":"pièce(s)","step":"","order":3},{"label":"Huile d'olive","shopGroup":"Epicerie","qte":"5","unit":"cl","step":"","order":4},{"label":"Citron(s) jaune(s)","shopGroup":"Fruits","qte":"1","unit":"pièce(s)","step":"","order":5}]}