{"title":"Noix de Saint-Jacques \"snackées\", fondue de poireau, vinaigrette à l'huile de truffe noire","description":"A l'aide d'un éminceur, ouvrir les coquilles Saint-Jacques pour en extraire les noix. Retirer les coraux et rincer les noix sous l'eau, puis les éponger sur un linge et les réserver au réfrigérateur.<br /> <br />Fendre les blancs de poireaux en 4 et les rincer sous l'eau. Éplucher et émincer finement l'échalote et les poireaux.<br />Dans une cocotte avec le beurre, faire suer les échalotes avec une pincée de sel, puis ajouter les blancs de poireau. Cuire ensuite à feu doux pendant 20 à 25 min. <br /><br />Faire chauffer l'huile de friture à 180 °C, puis plonger les vermicelles dedans. Les égoutter ensuite et les assaisonner de sel fin.<br /><br />Dans un bol, préparer la vinaigrette avec le sel, le poivre et le vinaigre de Xérès, puis ajouter l'huile de truffe noire. <br />Sur une plaque à snacker ou dans une poêle chaude avec un filet d'huile d'olive, saisir les Saint-Jacques à feu fort pendant 20 secondes de chaque côté.<br /><br />Dans une assiette creuse, dresser un lit de poireau, déposer les noix de Saint-Jacques dessus, arroser le tout de vinaigrette à l'huile de truffe noire et terminer par les vermicelles frits.<br />","summary":"Une fondue de poireau accompagnée de noix de Saint-Jacques juste saisies, le tout arrosé d'une vinaigrette à l'huile de truffe noire et décoré de vermicelles de riz frits.","timePreparation":"45mn","timeBaking":"30mn","timeRest":"0mn","picture":"","ingredients":[{"label":"Coquille(s) Saint Jacques","shopGroup":"Poissonnerie","qte":"18","unit":"pièce(s)","step":"","order":0},{"label":"Fleur de sel","shopGroup":"Epicerie","qte":"3","unit":"pincée(s)","step":"","order":1},{"label":"Moulin à poivre","shopGroup":"","qte":"3","unit":"tour(s)","step":"","order":2},{"label":"Huile d'olive","shopGroup":"Epicerie","qte":"5","unit":"cl","step":"","order":3},{"label":"Blanc(s) de poireau(x)","shopGroup":"Légumes","qte":"4","unit":"pièce(s)","step":"","order":4},{"label":"Huile de truffe noire","shopGroup":"Epicerie","qte":"5","unit":"cl","step":"","order":5},{"label":"Vinaigre de Xérès","shopGroup":"Epicerie","qte":"3","unit":"cl","step":"","order":6},{"label":"Vermicelle(s) de riz fin","shopGroup":"Epicerie","qte":"50","unit":"g","step":"","order":7},{"label":"Beurre doux","shopGroup":"Crèmerie  hors fromage","qte":"30","unit":"g","step":"","order":8},{"label":"Echalote(s)","shopGroup":"Légumes","qte":"1","unit":"pièce(s)","step":"","order":9},{"label":"Huile de friture","shopGroup":"Epicerie","qte":"1","unit":"l","step":"","order":10},{"label":"Sel fin","shopGroup":"","qte":"3","unit":"pincée(s)","step":"","order":11}],"chiefTip":"Pour cette recette, utilisez 2 grosses noix de Saint-Jacques ou 3 moyenne.Si vous utilisez des noix surgelées, il faut prendre soin de les laisser décongeler sur un linge et de les placer au réfrigérateur pendant une nuit.","id":10200}