{"title":"Cromesquis de volaille au foie gras et pain d'épice","description":"","summary":"Cubes de foie gras enrobés de farce de volaille, puis roulés dans du miel et panés avec une chapelure de pain d'épice.","timePreparation":"20mn","timeBaking":"15mn","timeRest":"0mn","picture":"","ingredients":[{"label":"Filet(s) de poulet (150 g)","shopGroup":"Volaille(s)","qte":"2","unit":"pièce(s)","step":"","order":0},{"label":"Tranche(s) de foie gras de canard crue(s)","shopGroup":"Surgelés","qte":"1","unit":"pièce(s)","step":"","order":1},{"label":"Blanc(s) d'oeuf","shopGroup":"Crèmerie  hors fromage","qte":"1","unit":"pièce(s)","step":"","order":2},{"label":"Oeuf(s)","shopGroup":"Crèmerie  hors fromage","qte":"1","unit":"pièce(s)","step":"","order":3},{"label":"Miel","shopGroup":"Epicerie","qte":"2","unit":"c.","step":"","order":4},{"label":"Tranche(s) de pain d'épice","shopGroup":"Epicerie","qte":"3","unit":"pièce(s)","step":"","order":5},{"label":"Chapelure de pain","shopGroup":"Epicerie","qte":"50","unit":"g","step":"","order":6},{"label":"Farine de blé","shopGroup":"Epicerie","qte":"50","unit":"g","step":"","order":7},{"label":"Sel fin","shopGroup":"","qte":"3","unit":"pincée(s)","step":"","order":8},{"label":"Moulin à poivre","shopGroup":"","qte":"3","unit":"tour(s)","step":"","order":9},{"label":"Huile de friture","shopGroup":"Epicerie","qte":"5","unit":"cl","step":"","order":10}],"chiefTip":"Vous pourrez remplacer le cube de foie gras par un cube de fromage.","id":10543}