{"title":"Daurade sauce aux raisins, semoule aux noisettes","description":"Préchauffer le four à 200 °C.<br />Désarêter les daurades et enlever la peau, les saler et les poivrer, puis les disposer sur une plaque allant au four et les arroser d'un filet d'huile d'olive.<br />Éplucher les échalotes et les ciseler en petits dés. Laver et égrainer le raisin. Concasser les noisettes au couteau.<br /><br />Dans une casserole, rassembler le fumet, le vin et les échalotes et faire réduire le liquide de moitié. Ajouter la crème et réduire à nouveau, puis ajouter les grains de raisin et stopper le feu. Réserver.<br /><br />Enfourner les daurades à 200 °C pendant 6 min.<br /><br />Dans une casserole, faire bouillir un volume d'eau (2 fois le poids de la semoule) avec 5 g de gros sel, 2 cuillères à soupe d'huile d'olive et 2 d'huile de noisette. Verser ensuite l'eau sur la semoule, couvrir et laisser gonfler jusqu'à ce que l'eau soit totalement absorbée. A l'aide d'une fourchette, égrainer ensuite la semoule et ajouter les noisettes.<br /><br />Dresser la semoule au centre des assiettes à l'aide de cercles en inox, poser la daurade dessus et la napper généreusement de sauce.<br />","summary":"Daurade sans la peau cuite au four avec un filet d'huile d'olive, accompagnée d'une semoule parfumée à l'huile de noisette et de noisettes concassées, servie avec une sauce crémeuse aux raisins.","timePreparation":"20mn","timeBaking":"6mn","timeRest":"0mn","picture":"","ingredients":[{"label":"Filet(s) de daurade de 140 g","shopGroup":"Poissonnerie","qte":"6","unit":"pièce(s)","step":"","order":0},{"label":"Semoule de blé moyenne","shopGroup":"Epicerie","qte":"300","unit":"g","step":"","order":1},{"label":"Huile d'olive","shopGroup":"Epicerie","qte":"6","unit":"cl","step":"","order":2},{"label":"Huile de noisette","shopGroup":"Epicerie","qte":"4","unit":"cl","step":"","order":3},{"label":"Noisette(s) entière(s)","shopGroup":"Epicerie","qte":"30","unit":"g","step":"","order":4},{"label":"Sel fin","shopGroup":"","qte":"3","unit":"pincée(s)","step":"","order":5},{"label":"Moulin à poivre","shopGroup":"","qte":"3","unit":"tour(s)","step":"","order":6},{"label":"Fumet de poisson","shopGroup":"Epicerie","qte":"25","unit":"cl","step":"Pour la sauce","order":7},{"label":"Echalote(s)","shopGroup":"Légumes","qte":"2","unit":"pièce(s)","step":"Pour la sauce","order":8},{"label":"Vin blanc sec","shopGroup":"Boissons alcoolisées","qte":"10","unit":"cl","step":"Pour la sauce","order":9},{"label":"Crème liquide entière","shopGroup":"Crèmerie  hors fromage","qte":"20","unit":"cl","step":"Pour la sauce","order":10},{"label":"Raisin chasselas","shopGroup":"","qte":"100","unit":"g","step":"Pour la sauce","order":11},{"label":"Gros sel","shopGroup":"","qte":"5","unit":"g","step":"Pour la sauce","order":12}],"chiefTip":"Utilisez du vin doux ou du Noilly Prat pour réaliser la sauce, cela lui donnera un petit goût sucré !","id":10178}