{"id":10178,"title":"Recette de Daurade sauce aux raisins, semoule aux noisettes","description":"","summary":"Daurade sans la peau cuite au four avec un filet d'huile d'olive, accompagnée d'une semoule parfumée à l'huile de noisette et de noisettes concassées, servie avec une sauce crémeuse aux raisins.","timePreparation":"20mn","timeBaking":"6mn","timeRest":"0mn","picture":"http://1.media.atelierdeschefs.com/recette-e10178-daurade-sauce-aux-raisins-semoule-aux-noisettes.jpg","ingredients":[{"label":"Filet(s) de daurade de 140 g","shopGroup":"Poissonnerie","qte":"6","unit":"pièce(s)","step":"","order":0},{"label":"Semoule de blé moyenne","shopGroup":"Epicerie","qte":"300","unit":"g","step":"","order":1},{"label":"Huile d'olive","shopGroup":"Epicerie","qte":"6","unit":"cl","step":"","order":2},{"label":"Huile de noisette","shopGroup":"Epicerie","qte":"4","unit":"cl","step":"","order":3},{"label":"Noisette(s) entière(s)","shopGroup":"Epicerie","qte":"30","unit":"g","step":"","order":4},{"label":"Sel fin","shopGroup":"","qte":"3","unit":"pincée(s)","step":"","order":5},{"label":"Moulin à poivre","shopGroup":"","qte":"3","unit":"tour(s)","step":"","order":6},{"label":"Fumet de poisson","shopGroup":"Epicerie","qte":"25","unit":"cl","step":"Pour la sauce","order":7},{"label":"Echalote(s)","shopGroup":"Légumes","qte":"2","unit":"pièce(s)","step":"Pour la sauce","order":8},{"label":"Vin blanc sec","shopGroup":"Boissons alcoolisées","qte":"10","unit":"cl","step":"Pour la sauce","order":9},{"label":"Crème liquide entière","shopGroup":"Crèmerie  hors fromage","qte":"20","unit":"cl","step":"Pour la sauce","order":10},{"label":"Raisin chasselas","shopGroup":"","qte":"100","unit":"g","step":"Pour la sauce","order":11},{"label":"Gros sel","shopGroup":"","qte":"5","unit":"g","step":"Pour la sauce","order":12}]}