{"title":"Macaron au sucre cuit à l'ananas","description":"<br /><b>Pour les coques de macarons</b><br />Préchauffer le four à 170 °C.<br /><br />Verser la poudre d'amande et le sucre glace dans un mixeur. Faire tourner durant 30 secondes pour affiner le mélange (tant pour tant), puis tamiser.<br /><br />Dans une casserole, mélanger l'eau et le sucre semoule avec une spatule. Cuire à 118-119 °C et incorporer le colorant jaune. Avant d'atteindre cette température, verser 75 g de blancs dans la cuve d'un batteur et les monter. Lorsque le sucre atteint la bonne température, le verser sur les blancs montés, puis fouetter jusqu'à refroidissement de la meringue. <br />Verser le reste de blancs d'oeufs sur le tant pour tant. Incorporer une petite partie de la meringue froide à ce mélange, puis ajouter le reste. Mélanger pour avoir une pâte lisse et homogène, légèrement coulante.<br /><br />Remplir une poche à douille de cette préparation et dresser les macarons sur un tapis de cuisson ou sur une feuille de papier sulfurisé. Puis tapoter légèrement la plaque. <br />Cuire 12 à 14 min en tournant la plaque à mi-cuisson.<br /><br /><br /><br /><b>Pour la garniture</b><br />Éplucher l'ananas, enlever les yeux à l'aide d'un couteau, puis le couper en petits cubes( 2 à 3 mm de coté). Fendre la gousse de vanille et la gratter. Presser le citron.<br />Dans une poêle, faire chauffer le sucre et lorsqu'il prend une belle couleur caramel, ajouter la gousse de vanille et ses graines, le jus de citron et l'ananas. Ajouter enfin l'eau, couvrir et laisser cuire pendant 15 min afin d'obtenir une compotée sèche. <br />Filmer puis réserver au réfrigérateur.<br /><br />Après refroidissement des macarons, garnir une coque de compotée d'ananas, puis recouvrir la compotée d'une coque vide.<br /><br />Conserver les macarons au frais pendant 24 h, puis les sortir 2 h avant la dégustation.<br />","summary":"Technique des coques de macaron réalisées avec un sucre cuit à 118 °C et garnies d'une compotée d'ananas caramélisé.","timePreparation":"30mn","timeBaking":"15mn","timeRest":"0mn","picture":"","ingredients":[{"label":"Sucre en poudre","shopGroup":"","qte":"200","unit":"g","step":"","order":0},{"label":"Colorant alimentaire jaune","shopGroup":"Epicerie","qte":"3","unit":"goutte(s)","step":"","order":1},{"label":"Sucre glace","shopGroup":"Epicerie","qte":"200","unit":"g","step":"","order":2},{"label":"Blanc(s) d'oeuf","shopGroup":"Crèmerie  hors fromage","qte":"150","unit":"g","step":"","order":3},{"label":"Eau","shopGroup":"","qte":"5","unit":"cl","step":"","order":4},{"label":"Poudre d'amande","shopGroup":"Epicerie","qte":"200","unit":"g","step":"","order":5},{"label":"Ananas victoria","shopGroup":"Fruits","qte":"2","unit":"pièce(s)","step":"Pour la garniture","order":6},{"label":"Gousse(s) de vanille","shopGroup":"Epicerie","qte":"1","unit":"pièce(s)","step":"Pour la garniture","order":7},{"label":"Sucre en poudre","shopGroup":"Epicerie","qte":"100","unit":"g","step":"Pour les macarons","order":8},{"label":"Citron(s) jaune(s)","shopGroup":"Fruits","qte":"0.5","unit":"pièce(s)","step":"Pour les macarons","order":9},{"label":"Eau","shopGroup":"","qte":"10","unit":"cl","step":"Pour les macarons","order":10}],"chiefTip":"Le poids des blancs d'oeufs est important, il correspond à peu près à 5 blancs.","id":10638}