{"id":10638,"title":"Recette de Macaron au sucre cuit à l'ananas","description":"","summary":"Technique des coques de macaron réalisées avec un sucre cuit à 118 °C et garnies d'une compotée d'ananas caramélisé.","timePreparation":"30mn","timeBaking":"15mn","timeRest":"0mn","picture":"http://1.media.atelierdeschefs.com/recette-e10638-macaron-au-sucre-cuit-a-l-ananas.jpg","ingredients":[{"label":"Sucre en poudre","shopGroup":"","qte":"200","unit":"g","step":"","order":0},{"label":"Colorant alimentaire jaune","shopGroup":"Epicerie","qte":"3","unit":"goutte(s)","step":"","order":1},{"label":"Sucre glace","shopGroup":"Epicerie","qte":"200","unit":"g","step":"","order":2},{"label":"Blanc(s) d'oeuf","shopGroup":"Crèmerie  hors fromage","qte":"150","unit":"g","step":"","order":3},{"label":"Eau","shopGroup":"","qte":"5","unit":"cl","step":"","order":4},{"label":"Poudre d'amande","shopGroup":"Epicerie","qte":"200","unit":"g","step":"","order":5},{"label":"Ananas victoria","shopGroup":"Fruits","qte":"2","unit":"pièce(s)","step":"Pour la garniture","order":6},{"label":"Gousse(s) de vanille","shopGroup":"Epicerie","qte":"1","unit":"pièce(s)","step":"Pour la garniture","order":7},{"label":"Sucre en poudre","shopGroup":"Epicerie","qte":"100","unit":"g","step":"Pour les macarons","order":8},{"label":"Citron(s) jaune(s)","shopGroup":"Fruits","qte":"0.5","unit":"pièce(s)","step":"Pour les macarons","order":9},{"label":"Eau","shopGroup":"","qte":"10","unit":"cl","step":"Pour les macarons","order":10}]}