{"title":"Dos de cabillaud au lard, lentilles vertes tièdes en vinaigrette","description":"","summary":"Dos de cabillaud enveloppé de tranches de lard et rôti, servi avec des lentilles vertes tièdes assaisonnées d'une vinaigrette à la moutarde.","timePreparation":"10mn","timeBaking":"40mn","timeRest":"20mn","picture":"","ingredients":[{"label":"Pavé(s) de cabillaud de 150 g","shopGroup":"Poissonnerie","qte":"6","unit":"pièce(s)","step":"","order":0},{"label":"Tranche(s) de lard fumé","shopGroup":"Charcuterie","qte":"12","unit":"pièce(s)","step":"","order":1},{"label":"Lentille(s) verte(s)","shopGroup":"Légumes","qte":"300","unit":"g","step":"","order":2},{"label":"Oignon(s)","shopGroup":"Légumes","qte":"1","unit":"pièce(s)","step":"","order":3},{"label":"Carotte(s)","shopGroup":"Légumes","qte":"1","unit":"pièce(s)","step":"","order":4},{"label":"Aromate(s) ail, thym, laurier","shopGroup":"Herbes aromatiques","qte":"1","unit":"pièce(s)","step":"","order":5},{"label":"Moutarde forte","shopGroup":"Epicerie","qte":"1","unit":"c.","step":"","order":6},{"label":"Vinaigre de vin rouge","shopGroup":"Epicerie","qte":"5","unit":"cl","step":"","order":7},{"label":"Huile d'arachide","shopGroup":"Epicerie","qte":"20","unit":"cl","step":"","order":8},{"label":"Sel fin","shopGroup":"","qte":"3","unit":"pincée(s)","step":"","order":9},{"label":"Moulin à poivre","shopGroup":"","qte":"3","unit":"tour(s)","step":"","order":10},{"label":"Huile d'olive","shopGroup":"Epicerie","qte":"5","unit":"cl","step":"","order":11}],"chiefTip":"Ne salez pas les lentilles pendant la cuisson pour ne pas les faire durcir.","id":10095}