{"title":"Dos de cabillaud au lard, lentilles vertes tièdes en vinaigrette","description":"Éplucher l'oignon et le ciseler en petits dés. Éplucher la carotte puis l'émincer finement. Laver les lentilles.<br /><br />Dans une cocotte, faire suer l'oignon, la carotte et la garniture aromatique (ail, thym et laurier) avec un trait d'huile d'olive. Ajouter ensuite les lentilles, puis mouiller à 5 cm au-dessus des légumes. Cuire environ 35 à 45 min à feu doux, puis égoutter si nécessaire et laisser tiédir.<br /><br />Dans un bol, mélanger 1 cuillère à soupe de moutarde et 3 cuillères à soupe de vinaigre de vin. Monter ensuite la vinaigrette avec 6 cuillères à soupe d'huile d'arachide, puis saler et poivrer. Verser la vinaigrette sur les lentilles et mélanger. Réserver.<br /><br />Préchauffer le four à 220 °C.<br />Poivrer les pavés de cabillaud et les envelopper de 2 tranches de lard, puis les cuire à feu moyen dans une poêle anti adhésive, pendant 1 min de chaque côté. Lorsqu'ils sont colorés, les mettre au four et finir la cuisson pendant 4 min.<br /><br />Servir les pavés de cabillaud aussitôt et les accompagner de lentilles vertes à la vinaigrette.<br />","summary":"Dos de cabillaud enveloppé de tranches de lard et rôti, servi avec des lentilles vertes tièdes assaisonnées d'une vinaigrette à la moutarde.","timePreparation":"10mn","timeBaking":"40mn","timeRest":"20mn","picture":"","ingredients":[{"label":"Pavé(s) de cabillaud de 150 g","shopGroup":"Poissonnerie","qte":"6","unit":"pièce(s)","step":"","order":0},{"label":"Tranche(s) de lard fumé","shopGroup":"Charcuterie","qte":"12","unit":"pièce(s)","step":"","order":1},{"label":"Lentille(s) verte(s)","shopGroup":"Légumes","qte":"300","unit":"g","step":"","order":2},{"label":"Oignon(s)","shopGroup":"Légumes","qte":"1","unit":"pièce(s)","step":"","order":3},{"label":"Carotte(s)","shopGroup":"Légumes","qte":"1","unit":"pièce(s)","step":"","order":4},{"label":"Aromate(s) ail, thym, laurier","shopGroup":"Herbes aromatiques","qte":"1","unit":"pièce(s)","step":"","order":5},{"label":"Moutarde forte","shopGroup":"Epicerie","qte":"1","unit":"c.","step":"","order":6},{"label":"Vinaigre de vin rouge","shopGroup":"Epicerie","qte":"5","unit":"cl","step":"","order":7},{"label":"Huile d'arachide","shopGroup":"Epicerie","qte":"20","unit":"cl","step":"","order":8},{"label":"Sel fin","shopGroup":"","qte":"3","unit":"pincée(s)","step":"","order":9},{"label":"Moulin à poivre","shopGroup":"","qte":"3","unit":"tour(s)","step":"","order":10},{"label":"Huile d'olive","shopGroup":"Epicerie","qte":"5","unit":"cl","step":"","order":11}],"chiefTip":"Ne salez pas les lentilles pendant la cuisson pour ne pas les faire durcir.","id":10095}