{"title":"Crème de céleri au poivre long, noix de Saint-Jacques pochées","description":"","summary":"Crème de céleri-rave au poivre long, servie avec des noix de Saint-Jacques pochées dans du lait.","timePreparation":"15mn","timeBaking":"20mn","timeRest":"0mn","picture":"","ingredients":[{"label":"Noix de Saint Jacques","shopGroup":"Poissonnerie","qte":"18","unit":"pièce(s)","step":"","order":0},{"label":"Céleri(s) rave","shopGroup":"Légumes","qte":"0.25","unit":"pièce(s)","step":"","order":1},{"label":"Oignon(s) nouveau(x)","shopGroup":"Légumes","qte":"3","unit":"pièce(s)","step":"","order":2},{"label":"Poivre long","shopGroup":"Epicerie","qte":"1","unit":"g","step":"","order":3},{"label":"Crème liquide entière","shopGroup":"Crèmerie  hors fromage","qte":"10","unit":"cl","step":"","order":4},{"label":"Beurre doux","shopGroup":"Crèmerie  hors fromage","qte":"20","unit":"g","step":"","order":5},{"label":"Sel fin","shopGroup":"","qte":"3","unit":"pincée(s)","step":"","order":6},{"label":"Lait 1/2 écrémé","shopGroup":"Crèmerie  hors fromage","qte":"0.5","unit":"l","step":"","order":7},{"label":"Gros sel","shopGroup":"","qte":"5","unit":"g","step":"","order":8},{"label":"Piment d'Espelette","shopGroup":"Epicerie","qte":"3","unit":"pincée(s)","step":"","order":9}],"chiefTip":"Cette crème est aussi délicieuse chaude que froide !Vous pouvez varier les poivres : noir, rose...","id":10458}