{"title":"Bagel nature","description":"Dissoudre la levure dans l'eau avec le sucre.<br />Fondre le beurre.<br />Mélanger le sel et la farine, creuser un puits au milieu. Ajouter la levure et le jaune, puis le beurre petit à petit afin de constituer une pâte. Au robot, travailler ensuite la pâte jusqu'à ce qu'elle se décolle des parois du bol. La pétrir pendant 10 min et former une boule, puis la placer dans un endroit tiède, la recouvrir d'une serviette humide et la laisser lever pendant 30 à 40 min.<br /><br />Une fois que la pâte a suffisamment levé, la malaxer de nouveau et la diviser en 12 portions. Rouler celles-ci en boules compactes, percer un trou d'au moins 3 cm  au centre avec le doigt et l'élargir jusqu'à ce que la pâte prenne la forme d'un beignet. Disposer ces beignets sur une plaque recouverte d'une feuille de papier sulfurisé, les recouvrir d'une serviette humide et les laisser reposer durant 15 à 20 min.<br /><br />Préchauffer le four à 180 °C (th. 6).<br /><br />Entre-temps, faire frémir de l'eau dans une casserole avec les 10 g de sucre. Plonger les bagels dans l'eau frémissante pendant 30 secondes de chaque côté, puis les égoutter et les disposer sur la plaque du four. Les enfourner pendant 15 à 20 minutes min (ou jusqu'à ce qu'ils prennent une couleur dorée).<br />","summary":"Un pain rond à sandwich à base de pâte levée, qui passe à la casserole avant de passer au four.","timePreparation":"30mn","timeBaking":"30mn","timeRest":"1h","picture":"","ingredients":[{"label":"Farine de blé","shopGroup":"Epicerie","qte":"500","unit":"g","step":"","order":0},{"label":"Levure de boulanger","shopGroup":"Epicerie","qte":"10","unit":"g","step":"","order":1},{"label":"Sucre en poudre","shopGroup":"","qte":"10","unit":"g","step":"","order":2},{"label":"Sel fin","shopGroup":"","qte":"8","unit":"pincée(s)","step":"","order":3},{"label":"Beurre doux","shopGroup":"Crèmerie  hors fromage","qte":"30","unit":"g","step":"","order":4},{"label":"Oeuf(s)","shopGroup":"Crèmerie  hors fromage","qte":"1","unit":"pièce(s)","step":"","order":5},{"label":"Eau","shopGroup":"","qte":"1","unit":"l","step":"","order":6},{"label":"Sucre en poudre","shopGroup":"Epicerie","qte":"10","unit":"g","step":"Pour le reste de la recette","order":7}],"chiefTip":"Vous pouvez réaliser des bagels petits ou grands. Ils se conservent pendant quelques jours, mais ils sont meilleurs le jour même.Vous pouvez passer un peu d'oeuf battu au pinceau avant de les enfourner ou les parsemer avec des graines de sésame.","id":10280}