{"title":"Bagel nature","description":"","summary":"Un pain rond à sandwich à base de pâte levée, qui passe à la casserole avant de passer au four.","timePreparation":"30mn","timeBaking":"30mn","timeRest":"1h","picture":"","ingredients":[{"label":"Farine de blé","shopGroup":"Epicerie","qte":"500","unit":"g","step":"","order":0},{"label":"Levure de boulanger","shopGroup":"Epicerie","qte":"10","unit":"g","step":"","order":1},{"label":"Sucre en poudre","shopGroup":"","qte":"10","unit":"g","step":"","order":2},{"label":"Sel fin","shopGroup":"","qte":"8","unit":"pincée(s)","step":"","order":3},{"label":"Beurre doux","shopGroup":"Crèmerie  hors fromage","qte":"30","unit":"g","step":"","order":4},{"label":"Oeuf(s)","shopGroup":"Crèmerie  hors fromage","qte":"1","unit":"pièce(s)","step":"","order":5},{"label":"Eau","shopGroup":"","qte":"1","unit":"l","step":"","order":6},{"label":"Sucre en poudre","shopGroup":"Epicerie","qte":"10","unit":"g","step":"Pour le reste de la recette","order":7}],"chiefTip":"Vous pouvez réaliser des bagels petits ou grands. Ils se conservent pendant quelques jours, mais ils sont meilleurs le jour même.Vous pouvez passer un peu d'oeuf battu au pinceau avant de les enfourner ou les parsemer avec des graines de sésame.","id":10280}