{"id":10280,"title":"Recette de Bagel nature","description":"","summary":"Un pain rond à sandwich à base de pâte levée, qui passe à la casserole avant de passer au four.","timePreparation":"30mn","timeBaking":"30mn","timeRest":"1h","picture":"http://1.media.atelierdeschefs.com/recette-e10280-bagel-nature.jpg","ingredients":[{"label":"Farine de blé","shopGroup":"Epicerie","qte":"500","unit":"g","step":"","order":0},{"label":"Levure de boulanger","shopGroup":"Epicerie","qte":"10","unit":"g","step":"","order":1},{"label":"Sucre en poudre","shopGroup":"","qte":"10","unit":"g","step":"","order":2},{"label":"Sel fin","shopGroup":"","qte":"8","unit":"pincée(s)","step":"","order":3},{"label":"Beurre doux","shopGroup":"Crèmerie  hors fromage","qte":"30","unit":"g","step":"","order":4},{"label":"Oeuf(s)","shopGroup":"Crèmerie  hors fromage","qte":"1","unit":"pièce(s)","step":"","order":5},{"label":"Eau","shopGroup":"","qte":"1","unit":"l","step":"","order":6},{"label":"Sucre en poudre","shopGroup":"Epicerie","qte":"10","unit":"g","step":"Pour le reste de la recette","order":7}]}