{"title":"Wok de poulet, basilic et riz parfumé au jasmin","description":"","summary":"Filet de poulet cuit au wok avec de l'oignon rouge, du basilic, des tomates cerise et de la sauce de soja, servi sur un lit de riz au jasmin.","timePreparation":"30mn","timeBaking":"15mn","timeRest":"0mn","picture":"","ingredients":[{"label":"Filet(s) de poulet (150 g)","shopGroup":"Volaille(s)","qte":"6","unit":"pièce(s)","step":"","order":0},{"label":"Basilic","shopGroup":"Herbes aromatiques","qte":"1","unit":"botte(s)","step":"","order":1},{"label":"Oignon(s) rouge(s)","shopGroup":"Légumes","qte":"1","unit":"pièce(s)","step":"","order":2},{"label":"Gousse(s) d'ail","shopGroup":"Légumes","qte":"1","unit":"pièce(s)","step":"","order":3},{"label":"Piment(s) rouge(s)","shopGroup":"Epicerie","qte":"1","unit":"pièce(s)","step":"","order":4},{"label":"Sauce Soja","shopGroup":"Epicerie","qte":"3","unit":"cl","step":"","order":5},{"label":"Oignon(s) nouveau(x)","shopGroup":"Légumes","qte":"0.5","unit":"botte(s)","step":"","order":6},{"label":"Tomate(s) cerise(s)","shopGroup":"Fruits","qte":"200","unit":"g","step":"","order":7},{"label":"Riz jasmin","shopGroup":"Epicerie","qte":"200","unit":"g","step":"","order":8},{"label":"Eau","shopGroup":"","qte":"40","unit":"cl","step":"","order":9},{"label":"Sel fin","shopGroup":"","qte":"3","unit":"pincée(s)","step":"","order":10},{"label":"Huile d'arachide","shopGroup":"Epicerie","qte":"2","unit":"cl","step":"","order":11}],"chiefTip":"Le poulet peut facilement être remplacé par du porc, du boeuf ou du tofu.","id":10338}