{"title":"Crème de petits pois, roulé de magret fumé et pomme verte","description":"Éplucher les échalotes et les émincer finement.<br />Dans une cocotte, faire suer les échalotes avec une noisette de beurre et une pincée de sel. Ajouter ensuite les petits pois et les faire suer 2 min avec l'huile d'olive. Mouiller avec de l'eau à hauteur et cuire une vingtaine de minutes. Ajouter alors la crème. Mixer ensuite la crème de petits pois et rectifier l'assaisonnement.<br /><br />Éplucher la pomme et la couper en très fine julienne, puis l'arroser de jus de citron. Former des fagots de julienne de pomme puis les envelopper d'une tranche de magret de canard.<br /><br />Servir la crème de petits pois dans des assiettes creuses et la garnir d'un roulé de magret fumé à la pomme et d quelques feuilles de persil plat.<br />","summary":"Réalisez une onctueuse crème de petits pois, accompagnée d'un roulé de magret de canard fumé à la pomme.","timePreparation":"15mn","timeBaking":"15mn","timeRest":"0mn","picture":"","ingredients":[{"label":"Petit(s) pois surgelé(s)","shopGroup":"Surgelés","qte":"400","unit":"g","step":"","order":0},{"label":"Echalote(s)","shopGroup":"Légumes","qte":"2","unit":"pièce(s)","step":"","order":1},{"label":"Beurre doux","shopGroup":"Crèmerie  hors fromage","qte":"20","unit":"g","step":"","order":2},{"label":"Eau","shopGroup":"","qte":"40","unit":"cl","step":"","order":3},{"label":"Crème liquide entière","shopGroup":"Crèmerie  hors fromage","qte":"10","unit":"cl","step":"","order":4},{"label":"Huile d'olive","shopGroup":"Epicerie","qte":"5","unit":"cl","step":"","order":5},{"label":"Persil plat","shopGroup":"Herbes aromatiques","qte":"3","unit":"branche(s)","step":"","order":6},{"label":"Sel fin","shopGroup":"","qte":"3","unit":"pincée(s)","step":"","order":7},{"label":"Moulin à poivre","shopGroup":"","qte":"3","unit":"tour(s)","step":"","order":8},{"label":"Pomme(s) granny smith","shopGroup":"Fruits","qte":"1","unit":"pièce(s)","step":"","order":9},{"label":"Tranche(s) de magret de canard fumé","shopGroup":"Charcuterie","qte":"6","unit":"pièce(s)","step":"","order":10},{"label":"Citron(s) jaune(s)","shopGroup":"Fruits","qte":"1","unit":"pièce(s)","step":"","order":11}],"chiefTip":"La crème de petits pois peut être dégustée chaude ou froide.","id":10454}