{"id":10768,"title":"Recette de Mini-éclair au fruit de la passion","description":"","summary":"Réalisez avec la pâte à choux des éclairs, des petits choux, des gougères ou toutes autres gourmandises.","timePreparation":"1h15mn","timeBaking":"0mn","timeRest":"0mn","picture":"http://1.media.atelierdeschefs.com/recette-e10768-mini-eclair-au-fruit-de-la-passion.jpg","ingredients":[{"label":"Eau","shopGroup":"","qte":"15","unit":"cl","step":"Pour la pâte","order":0},{"label":"Lait 1/2 écrémé","shopGroup":"Crèmerie  hors fromage","qte":"15","unit":"cl","step":"Pour la pâte","order":1},{"label":"Sucre en poudre","shopGroup":"","qte":"5","unit":"g","step":"Pour la pâte","order":2},{"label":"Sel fin","shopGroup":"","qte":"1","unit":"pincée(s)","step":"Pour la pâte","order":3},{"label":"Beurre doux","shopGroup":"","qte":"130","unit":"g","step":"Pour la pâte","order":4},{"label":"Farine de blé","shopGroup":"Epicerie","qte":"170","unit":"g","step":"Pour la pâte","order":5},{"label":"Oeuf(s)","shopGroup":"","qte":"5","unit":"pièce(s)","step":"Pour la pâte","order":6},{"label":"Orange(s) non traitée(s)","shopGroup":"Fruits","qte":"3","unit":"pièce(s)","step":"Pour la garniture","order":7},{"label":"Mangue(s)","shopGroup":"Fruits","qte":"0.5","unit":"pièce(s)","step":"Pour la garniture","order":8},{"label":"Fruit(s) de la passion","shopGroup":"Fruits","qte":"2","unit":"pièce(s)","step":"Pour la garniture","order":9},{"label":"Sucre en poudre","shopGroup":"Epicerie","qte":"160","unit":"g","step":"Pour la garniture","order":10},{"label":"Beurre doux","shopGroup":"Crèmerie  hors fromage","qte":"80","unit":"g","step":"Pour la garniture","order":11},{"label":"Oeuf(s)","shopGroup":"Crèmerie  hors fromage","qte":"3","unit":"pièce(s)","step":"Pour la garniture","order":12},{"label":"Feuille(s) de gélatine de 2 g","shopGroup":"Epicerie","qte":"2","unit":"pièce(s)","step":"Pour la garniture","order":13},{"label":"Fondant Pâtissier","shopGroup":"Epicerie","qte":"200","unit":"g","step":"Pour la garniture","order":14}]}