{"id":10469,"title":"Recette de Daurade entière au romarin","description":"","summary":"Daurade entière parfumée au romarin et cuite à la plancha.","timePreparation":"10mn","timeBaking":"16mn","timeRest":"5mn","picture":"http://1.media.atelierdeschefs.com/recette-e10469-daurade-entiere-au-romarin.jpg","ingredients":[{"label":"Daurade(s) grise(s) entière de 450 g","shopGroup":"Poissonnerie","qte":"2","unit":"pièce(s)","step":"","order":0},{"label":"Huile d'olive","shopGroup":"Epicerie","qte":"4","unit":"cl","step":"","order":1},{"label":"Gousse(s) d'ail","shopGroup":"Légumes","qte":"2","unit":"pièce(s)","step":"","order":2},{"label":"Branche(s) de romarin","shopGroup":"Herbes aromatiques","qte":"6","unit":"pièce(s)","step":"","order":3},{"label":"Sel fin","shopGroup":"","qte":"6","unit":"pincée(s)","step":"","order":4},{"label":"Moulin à poivre","shopGroup":"","qte":"6","unit":"tour(s)","step":"","order":5}]}