{"title":"Daurade entière au romarin","description":"Écailler les daurades et les vider. Bien les rincer puis éponger l'intérieur.<br />Inciser légèrement la peau des filets avec un couteau.<br />Saler et poivrer les daurades et y glisser des brindilles de romarin et les gousses d'ail par le ventre. <br /><br />Graisser la plancha avec de l'huile d'olive et faire griller les poissons pendant 8 min de chaque côté. Après cuisson, les laisser reposer dans un plat sous une feuille d'aluminium.<br />Lever les filets des daurades et servir chaud.<br />","summary":"Daurade entière parfumée au romarin et cuite à la plancha.","timePreparation":"10mn","timeBaking":"16mn","timeRest":"5mn","picture":"","ingredients":[{"label":"Daurade(s) grise(s) entière de 450 g","shopGroup":"Poissonnerie","qte":"2","unit":"pièce(s)","step":"","order":0},{"label":"Huile d'olive","shopGroup":"Epicerie","qte":"4","unit":"cl","step":"","order":1},{"label":"Gousse(s) d'ail","shopGroup":"Légumes","qte":"2","unit":"pièce(s)","step":"","order":2},{"label":"Branche(s) de romarin","shopGroup":"Herbes aromatiques","qte":"6","unit":"pièce(s)","step":"","order":3},{"label":"Sel fin","shopGroup":"","qte":"6","unit":"pincée(s)","step":"","order":4},{"label":"Moulin à poivre","shopGroup":"","qte":"6","unit":"tour(s)","step":"","order":5}],"chiefTip":"Vous pouvez aussi cuire les daurades pendant 15 min dans un four préchauffé à 220 °C.Accompagnez ces daurades d'un caviar d'aubergines et de poivrons grillés.","id":10469}