{"title":"Gâteau en Père Noël","description":"Préchauffer le four à 180 °C (th. 6).<br />Beurrer et fariner le moule.<br /><br />Mélanger la farine et la levure. Râper le zeste des citrons et le mélanger au sucre. Presser les citrons.<br />Fouetter le beurre pommade et le sucre, incorporer les oeufs 1 à 1. Ajouter le mélange farine/levure, puis le jus des citrons.<br /><br />Répartir la pâte dans le moule en forme de père Noël et enfourner pendant 25 min environ (la pointe d'un couteau doit ressortir sèche). Laisser refroidir sur grille.<br /><br /><b>Pour le glaçage</b><br />Quand le gâteau a refroidi, l'enrober de glaçage (à la spatule ou à la poche à douille) et parsemer de pavot.<br /><br />Réserver 1 h 30 au frais avant de servir.<br />","summary":"Gâteau moelleux cuit dans un moule en forme de Père Noël.","timePreparation":"20mn","timeBaking":"25mn","timeRest":"1h30mn","picture":"http://1.media.atelierdeschefs.com/recette-c10467-gateau-en-pere-noel.jpg","ingredients":[{"label":"Beurre doux","shopGroup":"","qte":"180","unit":"g","step":"","order":0},{"label":"Sucre en poudre","shopGroup":"Epicerie","qte":"200","unit":"g","step":"","order":1},{"label":"Oeuf(s)","shopGroup":"Crèmerie  hors fromage","qte":"4","unit":"pièce(s)","step":"","order":2},{"label":"Farine de blé","shopGroup":"","qte":"200","unit":"g","step":"","order":3},{"label":"Sachet(s) de levure chimique (11g)","shopGroup":"Epicerie","qte":"1","unit":"pièce(s)","step":"","order":4},{"label":"Citron(s) jaune(s)","shopGroup":"Fruits","qte":"2","unit":"pièce(s)","step":"","order":5},{"label":"Beurre doux","shopGroup":"Crèmerie  hors fromage","qte":"30","unit":"g","step":"Pour le(s) moule(s)","order":6},{"label":"Farine de blé","shopGroup":"Epicerie","qte":"30","unit":"g","step":"Pour le(s) moule(s)","order":7}],"chiefTip":"Décorez votre gâteau avec un glaçage de couleur et des bonbons pour qu'il soit rigolo.","id":10467}