{"title":"Salade légère de coeurs de Romaine façon César et gambas sautées","description":"","summary":"Une salade de coeurs de Romaine garnie de radis, de gambas poêlées, assaisonnée avec une crème acidulée aux herbes et accompagnée de copeaux de parmesan et de croûtons de pain.","timePreparation":"15mn","timeBaking":"0mn","timeRest":"0mn","picture":"http://1.media.atelierdeschefs.com/recette-c10530-salade-legere-de-coeurs-de-romaine-facon-cesar-et-gambas-sautees.jpg","ingredients":[{"label":"Salade(s) romaine(s)","shopGroup":"Légumes","qte":"3","unit":"pièce(s)","step":"","order":0},{"label":"Gambas surgelée(s)","shopGroup":"Surgelés","qte":"18","unit":"pièce(s)","step":"","order":1},{"label":"Radis rose(s)","shopGroup":"Légumes","qte":"0.5","unit":"botte(s)","step":"","order":2},{"label":"Baguette","shopGroup":"Boulangerie","qte":"0.5","unit":"pièce(s)","step":"","order":3},{"label":"Huile d'olive","shopGroup":"Epicerie","qte":"5","unit":"cl","step":"","order":4},{"label":"Gousse(s) d'ail","shopGroup":"Légumes","qte":"1","unit":"gousse(s)","step":"","order":5},{"label":"Copeau(x) de Parmigiano Reggiano","shopGroup":"Fromage(s)","qte":"50","unit":"g","step":"","order":6},{"label":"Yaourt(s) à la grecque","shopGroup":"Crèmerie  hors fromage","qte":"125","unit":"g","step":"","order":7},{"label":"Citron(s) jaune(s)","shopGroup":"Fruits","qte":"1","unit":"pièce(s)","step":"","order":8},{"label":"Câpres","shopGroup":"Epicerie","qte":"30","unit":"g","step":"","order":9},{"label":"Cerfeuil","shopGroup":"Herbes aromatiques","qte":"0.25","unit":"botte(s)","step":"","order":10},{"label":"Sel fin","shopGroup":"","qte":"3","unit":"pincée(s)","step":"","order":11},{"label":"Moulin à poivre","shopGroup":"","qte":"3","unit":"tour(s)","step":"","order":12}],"chiefTip":"Pour une salade très croquante, vous pouvez utiliser des mini romaines.La salade César est délicieuse agrémentée de filets d'anchois marinés.","id":10530}