{"title":"Salade légère de coeurs de Romaine façon César et gambas sautées","description":"Couper le pain en dés et le faire revenir dans une poêle avec un filet d'huile d'olive et une gousse d'ail. Laisser colorer 2 min en remuant constamment, puis débarrasser sur du papier absorbant et saler.<br /><br />Laver les radis et les couper en petits bâtonnets. Laver et hacher le cerfeuil. Laver les romaines et ne conserver que les feuilles bien croquantes.<br />Décortiquer les gambas et à l'aide d'un couteau, enlever le boyau.<br /><br />Dans un bol, mélanger à l'aide d'une cuillère le yaourt à la grecque, le jus de citron jaune, les câpres et le cerfeuil. Bien saler et poivrer le tout.<br /><br />Dans une poêle chaude, déposer un filet d'huile d'olive et cuire pendant 1 min de chaque côté les gambas préalablement salées et poivrées.<br /><br />Dans un saladier, assaisonner les feuilles de romaines et les bâtonnets de radis avec la sauce au yaourt, puis répartir le tout en assiettes creuses (ou en verrines).<br />Garnir de gambas, de copeaux de parmesan, de croûtons et de quelques feuilles de cerfeuil.<br />","summary":"Une salade de coeurs de Romaine garnie de radis, de gambas poêlées, assaisonnée avec une crème acidulée aux herbes et accompagnée de copeaux de parmesan et de croûtons de pain.","timePreparation":"15mn","timeBaking":"0mn","timeRest":"0mn","picture":"http://1.media.atelierdeschefs.com/recette-c10530-salade-legere-de-coeurs-de-romaine-facon-cesar-et-gambas-sautees.jpg","ingredients":[{"label":"Salade(s) romaine(s)","shopGroup":"Légumes","qte":"3","unit":"pièce(s)","step":"","order":0},{"label":"Gambas surgelée(s)","shopGroup":"Surgelés","qte":"18","unit":"pièce(s)","step":"","order":1},{"label":"Radis rose(s)","shopGroup":"Légumes","qte":"0.5","unit":"botte(s)","step":"","order":2},{"label":"Baguette","shopGroup":"Boulangerie","qte":"0.5","unit":"pièce(s)","step":"","order":3},{"label":"Huile d'olive","shopGroup":"Epicerie","qte":"5","unit":"cl","step":"","order":4},{"label":"Gousse(s) d'ail","shopGroup":"Légumes","qte":"1","unit":"gousse(s)","step":"","order":5},{"label":"Copeau(x) de Parmigiano Reggiano","shopGroup":"Fromage(s)","qte":"50","unit":"g","step":"","order":6},{"label":"Yaourt(s) à la grecque","shopGroup":"Crèmerie  hors fromage","qte":"125","unit":"g","step":"","order":7},{"label":"Citron(s) jaune(s)","shopGroup":"Fruits","qte":"1","unit":"pièce(s)","step":"","order":8},{"label":"Câpres","shopGroup":"Epicerie","qte":"30","unit":"g","step":"","order":9},{"label":"Cerfeuil","shopGroup":"Herbes aromatiques","qte":"0.25","unit":"botte(s)","step":"","order":10},{"label":"Sel fin","shopGroup":"","qte":"3","unit":"pincée(s)","step":"","order":11},{"label":"Moulin à poivre","shopGroup":"","qte":"3","unit":"tour(s)","step":"","order":12}],"chiefTip":"Pour une salade très croquante, vous pouvez utiliser des mini romaines.La salade César est délicieuse agrémentée de filets d'anchois marinés.","id":10530}