{"id":10432,"title":"Recette de Compote de pommes","description":"","summary":"Des pommes coupées en morceaux et cuites à feu doux, puis mixées.","timePreparation":"15mn","timeBaking":"20mn","timeRest":"0mn","picture":"http://1.media.atelierdeschefs.com/recette-e10432-compote-de-pommes.jpg","ingredients":[{"label":"Pomme(s)","shopGroup":"Fruits","qte":"2","unit":"kg","step":"","order":0},{"label":"Sucre en poudre","shopGroup":"Epicerie","qte":"200","unit":"g","step":"","order":1},{"label":"Cannelle en poudre","shopGroup":"Epicerie","qte":"3","unit":"g","step":"","order":2},{"label":"Eau","shopGroup":"","qte":"10","unit":"cl","step":"","order":3}]}