{"id":10142,"title":"Recette de Aiguillettes de canard aller retour au wok","description":"","summary":"Fines tranches de filets de canard marinées minute au citron vert, accompagnées d'une garniture à base de lamelles de poivrons croquants, d'un émincé d'oignon blanc, de citronnelle et de feuilles de coriandre fraîche. Le tout travaillé dans un wok avec de la sauce nuoc-mâm.","timePreparation":"20mn","timeBaking":"15mn","timeRest":"0mn","picture":"http://1.media.atelierdeschefs.com/recette-e10142-aiguillettes-de-canard-aller-retour-au-wok.jpg","ingredients":[{"label":"Aiguillette(s) de canard","shopGroup":"Volaille(s)","qte":"18","unit":"pièce(s)","step":"","order":0},{"label":"Citron(s) vert(s)","shopGroup":"Fruits","qte":"2","unit":"pièce(s)","step":"","order":1},{"label":"Huile d'olive","shopGroup":"Epicerie","qte":"10","unit":"cl","step":"","order":2},{"label":"Thym-citron","shopGroup":"Légumes","qte":"2","unit":"branche(s)","step":"","order":3},{"label":"Poivron(s) rouge(s)","shopGroup":"Légumes","qte":"3","unit":"pièce(s)","step":"","order":4},{"label":"Poivron(s) jaune(s)","shopGroup":"Légumes","qte":"3","unit":"pièce(s)","step":"","order":5},{"label":"Bâton(s) de citronnelle","shopGroup":"Herbes aromatiques","qte":"0.25","unit":"pièce(s)","step":"","order":6},{"label":"Coriandre fraîche","shopGroup":"Herbes aromatiques","qte":"0.5","unit":"botte(s)","step":"","order":7},{"label":"Oignon(s) blanc(s)","shopGroup":"Légumes","qte":"2","unit":"pièce(s)","step":"","order":8},{"label":"Sauce Nuoc mam","shopGroup":"Epicerie","qte":"3","unit":"cl","step":"","order":9},{"label":"Sel fin","shopGroup":"","qte":"4","unit":"pincée(s)","step":"","order":10},{"label":"Moulin à poivre","shopGroup":"","qte":"3","unit":"tour(s)","step":"","order":11}]}