{"title":"Petits pots de crème au chocolat et madeleines au miel","description":"<br /><b>Pour la crème :</b><br />Mettre le lait et la crème dans une grande casserole et les chauffer sur feu moyen.<br />Dans un bol, blanchir les jaunes d'oeufs avec le sucre.<br />Casser le chocolat dans un bol. Dès les premiers bouillons, retirer la casserole de lait du feu. Verser le lait sur les jaunes, et remettre le tout dans la caserole. Cuire sans cesser de remuer à l'aide d'une maryse jusqu'à ce que le mélange atteigne 84 °C (le moment où la crème nappe la cuillère). En verser la moitié sur le chocolat. Mélanger jusqu'à ce que tout le chocolat ait fondu et que la préparation soit bien lisse. Ajouter alors le reste de lait et de crème, mélanger et répartir la préparation dans des petits pots. Laisser refroidir, puis la mettre au frais pendant au moins 2 h.<br /><br /><b>Pour les madeleines :</b><br />Préchauffer le four à 240 °C.<br /><br />Blanchir les oeufs au batteur avec le sucre pour obtenir une consistance mousseuse et blanche. Dans une casserole, cuire le beurre jusqu'à ce qu'il soit noisette (dès qu'il arrête de mousser et qu'il devient roux), le laisser refroidir mais veiller à ce qu'il reste liquide. <br />Verser la farine en pluie sur les oeufs et remuer délicatement. Ajouter le miel, puis le beurre fondu et tiède. A l'aide d'une poche, remplir les moules à mini-madeleines et les enfourner à 240 °C pendant 4 min.<br /><br />Déguster sans tarder, les mini-madeleines sèchent très vite !<br />","summary":"Crème onctueuse au chocolat, préparée sur une base de crème anglaise au chocolat, à déguster froide accompagnée de petites madeleines au miel.","timePreparation":"30mn","timeBaking":"0mn","timeRest":"0mn","picture":"","ingredients":[{"label":"Lait entier","shopGroup":"Crèmerie  hors fromage","qte":"80","unit":"cl","step":"Pour la crème","order":0},{"label":"Crème liquide entière","shopGroup":"Crèmerie  hors fromage","qte":"20","unit":"cl","step":"Pour la crème","order":1},{"label":"Chocolat noir","shopGroup":"Epicerie","qte":"200","unit":"g","step":"Pour la crème","order":2},{"label":"Jaune(s) d'oeuf(s)","shopGroup":"Crèmerie  hors fromage","qte":"5","unit":"pièce(s)","step":"Pour la crème","order":3},{"label":"Sucre en poudre","shopGroup":"","qte":"50","unit":"g","step":"Pour la crème","order":4},{"label":"Beurre doux","shopGroup":"Crèmerie  hors fromage","qte":"145","unit":"g","step":"Pour le(s) biscuit(s)","order":5},{"label":"Farine de blé","shopGroup":"Epicerie","qte":"150","unit":"g","step":"Pour le(s) biscuit(s)","order":6},{"label":"Oeuf(s)","shopGroup":"Crèmerie  hors fromage","qte":"3","unit":"pièce(s)","step":"Pour le(s) biscuit(s)","order":7},{"label":"Sucre en poudre","shopGroup":"Epicerie","qte":"150","unit":"g","step":"Pour le(s) biscuit(s)","order":8},{"label":"Miel","shopGroup":"Epicerie","qte":"30","unit":"g","step":"Pour le(s) biscuit(s)","order":9}],"chiefTip":"L'appareil à madeleines peut se conserver 3 jours au réfrigérateur.","id":10084}