{"title":"Moelleux de volaille farci au foie gras, risotto au bouillon fumé, salade de champignons crus","description":"","summary":"Ballottine de volaille farcie au foie gras, servie avec un risotto au bouillon fumé et shiitake, et une salade de champignons de Paris crus.","timePreparation":"35mn","timeBaking":"30mn","timeRest":"20mn","picture":"","ingredients":[{"label":"Suprême(s) de poulet","shopGroup":"Volaille(s)","qte":"6","unit":"pièce(s)","step":"","order":0},{"label":"Tranche(s) de foie gras de canard crue(s)","shopGroup":"Surgelés","qte":"3","unit":"pièce(s)","step":"","order":1},{"label":"Sel fin","shopGroup":"","qte":"3","unit":"pincée(s)","step":"","order":2},{"label":"Moulin à poivre","shopGroup":"","qte":"3","unit":"tour(s)","step":"","order":3},{"label":"Huile d'olive","shopGroup":"Epicerie","qte":"5","unit":"cl","step":"","order":4},{"label":"Riz carnaroli","shopGroup":"Epicerie","qte":"300","unit":"g","step":"","order":5},{"label":"Oignon(s)","shopGroup":"Légumes","qte":"0.5","unit":"pièce(s)","step":"","order":6},{"label":"Vin blanc sec","shopGroup":"Boissons alcoolisées","qte":"10","unit":"cl","step":"","order":7},{"label":"Parmigiano Reggiano râpé","shopGroup":"Fromage(s)","qte":"30","unit":"g","step":"","order":8},{"label":"Beurre doux","shopGroup":"Crèmerie  hors fromage","qte":"30","unit":"g","step":"","order":9},{"label":"Eau","shopGroup":"","qte":"90","unit":"cl","step":"","order":10},{"label":"Lentin(s) de chêne ou shiitake(s)","shopGroup":"Légumes","qte":"200","unit":"g","step":"","order":11},{"label":"Sel de Maldon Fumé","shopGroup":"Epicerie","qte":"6","unit":"pincée(s)","step":"","order":12},{"label":"Champignon(s) de Paris","shopGroup":"Légumes","qte":"150","unit":"g","step":"","order":13},{"label":"Cerfeuil","shopGroup":"Herbes aromatiques","qte":"0.5","unit":"botte(s)","step":"","order":14},{"label":"Citron(s) jaune(s)","shopGroup":"Fruits","qte":"0.5","unit":"pièce(s)","step":"","order":15}],"chiefTip":"Pour gagner du temps, vous pouvez utiliser 3 gros filets de poulet pour 6 personnes.","id":10180}