{"title":"Moelleux de volaille farci au foie gras, risotto au bouillon fumé, salade de champignons crus","description":"Éplucher et ciseler l'oignon. Laver et concasser le cerfeuil. Râper le parmesan. Couper les shiitake en lanières. <br /><br />Dans une casserole, cuire les champignons dans l'eau bouillante et ajouter de la fleur de sel fumé. Laisser ensuite infuser à couvert pendant 15 min.<br /><br />Tailler le foie gras en bâtonnets de 1 cm sur 4 et l'assaisonner de sel fin et de poivre. Retirer la peau des suprêmes, les tailler en 2 dans la longueur et les aplatir légèrement, les saler et les poivrer. Disposer ensuite les bâtonnets de foie gras sur les filets de poulet et rouler ces derniers dans du film alimentaire pour obtenir des boudins. <br />Dans une casserole d'eau bouillante, plonger les boudins et poser une assiette dessus pour bien les immerger. Refaire bouillir l'eau, puis couvrir la casserole. Éteindre le feu et pocher les boudins pendant 15 min.<br /><br />Dans une cocotte, faire suer les oignons avec un filet d'huile d'olive et une pincée de sel. Ajouter le riz et le nacrer (le rendre translucide), puis déglacer avec le vin blanc. Lorsque l'évaporation du vin blanc est complète, mouiller le riz petit à petit avec le bouillon fumé et les champignons shiitake (le temps de cuisson est de 15 à 17 min en moyenne). En fin de cuisson, ajouter le parmesan râpé et le beurre, puis laisser reposer le risotto.<br /><br />Éplucher les champignons de Paris et les tailler en fines lamelles. Les assaisonner de sel, de poivre et de jus de citron.<br />Sortir les moelleux de volaille de l'eau et retirer le film, puis les trancher en lamelles épaisses.<br /><br />Dans une assiette creuse, dresser le risotto, déposer les moelleux de volaille en rosace, ajouter au centre la salade de champignons crus et parsemer le tout de cerfeuil.<br />","summary":"Ballottine de volaille farcie au foie gras, servie avec un risotto au bouillon fumé et shiitake, et une salade de champignons de Paris crus.","timePreparation":"35mn","timeBaking":"30mn","timeRest":"20mn","picture":"","ingredients":[{"label":"Suprême(s) de poulet","shopGroup":"Volaille(s)","qte":"6","unit":"pièce(s)","step":"","order":0},{"label":"Tranche(s) de foie gras de canard crue(s)","shopGroup":"Surgelés","qte":"3","unit":"pièce(s)","step":"","order":1},{"label":"Sel fin","shopGroup":"","qte":"3","unit":"pincée(s)","step":"","order":2},{"label":"Moulin à poivre","shopGroup":"","qte":"3","unit":"tour(s)","step":"","order":3},{"label":"Huile d'olive","shopGroup":"Epicerie","qte":"5","unit":"cl","step":"","order":4},{"label":"Riz carnaroli","shopGroup":"Epicerie","qte":"300","unit":"g","step":"","order":5},{"label":"Oignon(s)","shopGroup":"Légumes","qte":"0.5","unit":"pièce(s)","step":"","order":6},{"label":"Vin blanc sec","shopGroup":"Boissons alcoolisées","qte":"10","unit":"cl","step":"","order":7},{"label":"Parmigiano Reggiano râpé","shopGroup":"Fromage(s)","qte":"30","unit":"g","step":"","order":8},{"label":"Beurre doux","shopGroup":"Crèmerie  hors fromage","qte":"30","unit":"g","step":"","order":9},{"label":"Eau","shopGroup":"","qte":"90","unit":"cl","step":"","order":10},{"label":"Lentin(s) de chêne ou shiitake(s)","shopGroup":"Légumes","qte":"200","unit":"g","step":"","order":11},{"label":"Sel de Maldon Fumé","shopGroup":"Epicerie","qte":"6","unit":"pincée(s)","step":"","order":12},{"label":"Champignon(s) de Paris","shopGroup":"Légumes","qte":"150","unit":"g","step":"","order":13},{"label":"Cerfeuil","shopGroup":"Herbes aromatiques","qte":"0.5","unit":"botte(s)","step":"","order":14},{"label":"Citron(s) jaune(s)","shopGroup":"Fruits","qte":"0.5","unit":"pièce(s)","step":"","order":15}],"chiefTip":"Pour gagner du temps, vous pouvez utiliser 3 gros filets de poulet pour 6 personnes.","id":10180}