{"id":10769,"title":"Recette de Mini-éclair à la pistache et framboises fraîches","description":"","summary":"Un mini-éclair pour les gourmands, à base de crème à la pistache et de framboises fraîches.","timePreparation":"1h15mn","timeBaking":"0mn","timeRest":"0mn","picture":"http://1.media.atelierdeschefs.com/recette-e10769-mini-eclair-a-la-pistache-et-framboises-fraiches.jpg","ingredients":[{"label":"Eau","shopGroup":"","qte":"15","unit":"cl","step":"Pour la pâte","order":0},{"label":"Lait 1/2 écrémé","shopGroup":"","qte":"15","unit":"cl","step":"Pour la pâte","order":1},{"label":"Sucre en poudre","shopGroup":"","qte":"5","unit":"g","step":"Pour la pâte","order":2},{"label":"Sel fin","shopGroup":"","qte":"3","unit":"pincée(s)","step":"Pour la pâte","order":3},{"label":"Beurre doux","shopGroup":"","qte":"130","unit":"g","step":"Pour la pâte","order":4},{"label":"Farine de blé","shopGroup":"","qte":"170","unit":"g","step":"Pour la pâte","order":5},{"label":"Oeuf(s)","shopGroup":"","qte":"5","unit":"pièce(s)","step":"Pour la pâte","order":6},{"label":"Lait 1/2 écrémé","shopGroup":"Crèmerie  hors fromage","qte":"25","unit":"cl","step":"Pour la crème","order":7},{"label":"Oeuf(s)","shopGroup":"Crèmerie  hors fromage","qte":"2","unit":"pièce(s)","step":"Pour la crème","order":8},{"label":"Farine de blé","shopGroup":"Epicerie","qte":"25","unit":"g","step":"Pour la crème","order":9},{"label":"Pâte de pistache","shopGroup":"Epicerie","qte":"20","unit":"g","step":"Pour la crème","order":10},{"label":"Sucre en poudre","shopGroup":"Epicerie","qte":"100","unit":"g","step":"Pour la crème","order":11},{"label":"Beurre doux","shopGroup":"Crèmerie  hors fromage","qte":"75","unit":"g","step":"Pour la crème","order":12},{"label":"Framboise(s) fraîche(s)","shopGroup":"Fruits","qte":"80","unit":"g","step":"Pour le reste de la recette","order":13},{"label":"Fondant Pâtissier","shopGroup":"Epicerie","qte":"150","unit":"g","step":"Pour le reste de la recette","order":14},{"label":"Colorant poudre vert","shopGroup":"Epicerie","qte":"2","unit":"pincée(s)","step":"Pour le reste de la recette","order":15},{"label":"Colorant poudre rouge","shopGroup":"Epicerie","qte":"1","unit":"pincée(s)","step":"Pour le reste de la recette","order":16}]}