{"title":"Brochettes de boeuf à la citronnelle","description":"","summary":"Vous apprendrez à faire un wok de boeuf à la citronnelle, le tout mis en brochettes pour la décoration.","timePreparation":"30mn","timeBaking":"0mn","timeRest":"0mn","picture":"","ingredients":[{"label":"Pavé(s) de rumsteck de 200 g","shopGroup":"Boucherie","qte":"4","unit":"pièce(s)","step":"","order":0},{"label":"Bâton(s) de citronnelle","shopGroup":"Herbes aromatiques","qte":"1","unit":"pièce(s)","step":"","order":1},{"label":"Oignon(s) nouveau(x)","shopGroup":"Légumes","qte":"6","unit":"pièce(s)","step":"","order":2},{"label":"Carotte(s)","shopGroup":"Légumes","qte":"6","unit":"pièce(s)","step":"","order":3},{"label":"Vinaigre balsamique","shopGroup":"Epicerie","qte":"5","unit":"cl","step":"","order":4},{"label":"Vin blanc sec","shopGroup":"Boissons alcoolisées","qte":"5","unit":"cl","step":"","order":5},{"label":"Fleur de sel","shopGroup":"Epicerie","qte":"6","unit":"pincée(s)","step":"","order":6},{"label":"Huile d'olive","shopGroup":"Epicerie","qte":"5","unit":"cl","step":"","order":7},{"label":"Sel fin","shopGroup":"","qte":"3","unit":"pincée(s)","step":"","order":8}],"chiefTip":"Vous pouvez ajouter des pois gourmands ou des courgettes pour obtenir plus de couleurs.","id":104}