{"id":10791,"title":"Recette de Cervelle de canut","description":"","summary":"Le fameux fromage blanc de Lyon à la ciboulette, à l'échalote et au vinaigre.","timePreparation":"15mn","timeBaking":"0mn","timeRest":"0mn","picture":"http://1.media.atelierdeschefs.com/recette-e10791-cervelle-de-canut.jpg","ingredients":[{"label":"Fromage blanc","shopGroup":"Fromage(s)","qte":"500","unit":"g","step":"","order":0},{"label":"Echalote(s)","shopGroup":"Légumes","qte":"1","unit":"pièce(s)","step":"","order":1},{"label":"Gousse(s) d'ail","shopGroup":"Légumes","qte":"1","unit":"gousse(s)","step":"","order":2},{"label":"Ciboulette","shopGroup":"Herbes aromatiques","qte":"0.5","unit":"botte(s)","step":"","order":3},{"label":"Huile d'olive","shopGroup":"Epicerie","qte":"5","unit":"cl","step":"","order":4},{"label":"Vinaigre de vin rouge","shopGroup":"Epicerie","qte":"3","unit":"cl","step":"","order":5},{"label":"Sel fin","shopGroup":"","qte":"6","unit":"pincée(s)","step":"","order":6},{"label":"Moulin à poivre","shopGroup":"","qte":"6","unit":"tour(s)","step":"","order":7}]}