{"title":"Barquette de saumon aux poireaux et à l'orange, huile de curry","description":"Laver les poireaux et émincer finement le blanc dans la longueur.<br /><br />Dans une poêle, verser un filet d'huile d'olive et faire suer le poireau environ 7 minutes avec une pincée de sel fin.<br /><br />Retirer la peau des pavés de saumon puis les tailler en fines escalopes dans la largeur. <br /><br />Laver puis zester l'orange sur les poireaux. A l'aide d'un couteau, peler les oranges à vif pour ensuite lever les segments.<br />Récupérer le jus de l'orange et ajoutez-le aux poireaux.<br /><br />Mélanger la poudre de curry et une cuillerée d'eau, puis à l'aide d'un fouet, l'émulsionner à l'huile d'olive.<br /><br />Mettre le poireau dans des moules individuels rectangulaires (barquettes), répartir les lamelles de saumon et les segments d'orange sur les poireaux, assaisonner de sel, de poivre et d'huile de curry, puis cuire pendant 4 min à 220°C juste avant de servir. <br /><br />Accompagner du reste d'huile de curry.<br />","summary":"De délicates saveurs marines et un brin d'exotisme avec le curry : des morceaux de saumon cuits à la vapeur avec des segments d'agrumes.","timePreparation":"15mn","timeBaking":"15mn","timeRest":"0mn","picture":"","ingredients":[{"label":"Filet(s)de saumon","shopGroup":"Poissonnerie","qte":"600","unit":"g","step":"","order":0},{"label":"Poireau(x)","shopGroup":"Légumes","qte":"3","unit":"pièce(s)","step":"","order":1},{"label":"Orange(s)","shopGroup":"Fruits","qte":"4","unit":"pièce(s)","step":"","order":2},{"label":"Huile d'olive","shopGroup":"Epicerie","qte":"3","unit":"cl","step":"","order":3},{"label":"Curry","shopGroup":"Epicerie","qte":"10","unit":"g","step":"","order":4},{"label":"Sel fin","shopGroup":"","qte":"6","unit":"pincée(s)","step":"","order":5},{"label":"Moulin à poivre","shopGroup":"","qte":"6","unit":"tour(s)","step":"","order":6}],"chiefTip":"Pour obtenir un parfum plus prononcé, zestez les oranges et mettez-les sur les barquettes avant de servir.","id":975}