{"id":975,"title":"Recette de Barquette de saumon aux poireaux et à l'orange, huile de curry","description":"","summary":"De délicates saveurs marines et un brin d'exotisme avec le curry : des morceaux de saumon cuits à la vapeur avec des segments d'agrumes.","timePreparation":"15mn","timeBaking":"15mn","timeRest":"0mn","picture":"http://1.media.atelierdeschefs.com/recette-e975-barquette-de-saumon-aux-poireaux-et-a-l-orange-huile-de-curry.jpg","ingredients":[{"label":"Filet(s)de saumon","shopGroup":"Poissonnerie","qte":"600","unit":"g","step":"","order":0},{"label":"Poireau(x)","shopGroup":"Légumes","qte":"3","unit":"pièce(s)","step":"","order":1},{"label":"Orange(s)","shopGroup":"Fruits","qte":"4","unit":"pièce(s)","step":"","order":2},{"label":"Huile d'olive","shopGroup":"Epicerie","qte":"3","unit":"cl","step":"","order":3},{"label":"Curry","shopGroup":"Epicerie","qte":"10","unit":"g","step":"","order":4},{"label":"Sel fin","shopGroup":"","qte":"6","unit":"pincée(s)","step":"","order":5},{"label":"Moulin à poivre","shopGroup":"","qte":"6","unit":"tour(s)","step":"","order":6}]}