{"title":"Brochette de lotte et courgette","description":"Éplucher les oignons nouveaux, récupérer la cive sur une dizaine de centimètres et l'émincer séparément. Laver les courgettes et ôter les extrémités, puis les émincer en lamelles de 5 mm d'épaisseur.<br />Tailler la lotte en cubes de 3 cm de côté environ. Raccourcir les bulbes de citronnelle à la taille des brochettes. Tailler les bâtonnets de citronnelle en 4 dans la longueur et tailler la base dure en pointe.<br />Piquer les morceaux de lotte sur les brochettes de citronnelle.<br /><br />Dans une cocotte chaude, ajouter un filet d'huile d'olive et faire suer les oignons avec une pincée de sel. Ajouter l'ail, le miel et les courgettes. Assaisonner et verser un fond d'eau, puis cuire 6 à 8 min jusqu'à évaporation.<br /><br />Dans une poêle chaude, verser un filet d'huile d'olive et colorer les brochettes de lotte pendant 2 min sur chaque face, puis les réserver. Déglacer avec le vin blanc, laisser réduire de moitié et ajouter une noix de beurre frais pour épaissir la sauce. Saler et poivrer la lotte.<br /><br />Mettre la cive d'oignon dans les courgettes et arrêter le feu.<br /><br />Dresser harmonieusement dans des assiettes en posant les brochettes sur les légumes, puis les napper de sauce.<br />","summary":"Réalisez une brochette de poisson sur de la citronnelle, accompagnée de courgettes miellées.","timePreparation":"30mn","timeBaking":"0mn","timeRest":"0mn","picture":"","ingredients":[{"label":"Filet(s) de lotte","shopGroup":"Poissonnerie","qte":"900","unit":"g","step":"","order":0},{"label":"Bâton(s) de citronnelle","shopGroup":"Herbes aromatiques","qte":"2","unit":"pièce(s)","step":"","order":1},{"label":"Vin blanc sec","shopGroup":"Boissons alcoolisées","qte":"10","unit":"cl","step":"","order":2},{"label":"Oignon(s) nouveau(x)","shopGroup":"Légumes","qte":"3","unit":"pièce(s)","step":"","order":3},{"label":"Courgette(s)","shopGroup":"Légumes","qte":"4","unit":"pièce(s)","step":"","order":4},{"label":"Beurre doux","shopGroup":"Crèmerie  hors fromage","qte":"30","unit":"g","step":"","order":5},{"label":"Gousse(s) d'ail","shopGroup":"Légumes","qte":"1","unit":"gousse(s)","step":"","order":6},{"label":"Miel","shopGroup":"Epicerie","qte":"20","unit":"g","step":"","order":7},{"label":"Huile d'olive","shopGroup":"Epicerie","qte":"5","unit":"cl","step":"","order":8},{"label":"Fleur de sel","shopGroup":"Epicerie","qte":"6","unit":"pincée(s)","step":"","order":9},{"label":"Moulin à poivre","shopGroup":"","qte":"6","unit":"tour(s)","step":"","order":10}],"chiefTip":"La lotte devient très vite sèche : il faut la saisir à feu vif et ne pas la cuire trop longtemps.","id":95}