{"id":95,"title":"Recette de Brochette de lotte et courgette","description":"","summary":"Réalisez une brochette de poisson sur de la citronnelle, accompagnée de courgettes miellées.","timePreparation":"30mn","timeBaking":"0mn","timeRest":"0mn","picture":"http://1.media.atelierdeschefs.com/recette-e95-brochette-de-lotte-et-courgette.jpg","ingredients":[{"label":"Filet(s) de lotte","shopGroup":"Poissonnerie","qte":"900","unit":"g","step":"","order":0},{"label":"Bâton(s) de citronnelle","shopGroup":"Herbes aromatiques","qte":"2","unit":"pièce(s)","step":"","order":1},{"label":"Vin blanc sec","shopGroup":"Boissons alcoolisées","qte":"10","unit":"cl","step":"","order":2},{"label":"Oignon(s) nouveau(x)","shopGroup":"Légumes","qte":"3","unit":"pièce(s)","step":"","order":3},{"label":"Courgette(s)","shopGroup":"Légumes","qte":"4","unit":"pièce(s)","step":"","order":4},{"label":"Beurre doux","shopGroup":"Crèmerie  hors fromage","qte":"30","unit":"g","step":"","order":5},{"label":"Gousse(s) d'ail","shopGroup":"Légumes","qte":"1","unit":"gousse(s)","step":"","order":6},{"label":"Miel","shopGroup":"Epicerie","qte":"20","unit":"g","step":"","order":7},{"label":"Huile d'olive","shopGroup":"Epicerie","qte":"5","unit":"cl","step":"","order":8},{"label":"Fleur de sel","shopGroup":"Epicerie","qte":"6","unit":"pincée(s)","step":"","order":9},{"label":"Moulin à poivre","shopGroup":"","qte":"6","unit":"tour(s)","step":"","order":10}]}