{"id":10328,"title":"Recette de Rosso Velluto","description":"","summary":"Retrouvez toutes les recettes de La Cocktail Attitude sur http://www.atelierdeschefs.net/cocktailattitude/","timePreparation":"15mn","timeBaking":"0mn","timeRest":"0mn","picture":"http://1.media.atelierdeschefs.com/recette-e10328-rosso-velluto.jpg","ingredients":[{"label":"Martini Rosso","shopGroup":"Boissons alcoolisées","qte":"6","unit":"cl","step":"","order":0},{"label":"Eristoff Vodka","shopGroup":"Boissons alcoolisées","qte":"1.5","unit":"cl","step":"","order":1},{"label":"Liqueur de Bénédictine","shopGroup":"Boissons alcoolisées","qte":"0.5","unit":"cl","step":"","order":2},{"label":"Jus de betterave fraîche","shopGroup":"Recette(s) intermédiaire(s)","qte":"1","unit":"cl","step":"","order":3},{"label":"Glaçon(s)","shopGroup":"Surgelés","qte":"8","unit":"pièce(s)","step":"","order":4},{"label":"Betterave(s) rouge(s) crue(s)","shopGroup":"Légumes","qte":"0.5","unit":"pièce(s)","step":"","order":5}]}