{"title":"Rosso Velluto","description":"Obtenir le jus de betterave à l'aide d'une centrifugeuse. <br /><br />Remplir un shaker aux 3/4 de glace, puis verser 6 cl de MARTINI Rosso, 1.5 cl de Vodka Grey Goose, 0.5 cl de liqueur de Bénédictine et 1 cl de jus de betterave fraîche.<br />Secouer vigoureusement et verser le tout dans un verre à cocktail MARTINI. <br /><br />Agrémenter d'une brochette de cubes de betterave.<br />","summary":"Retrouvez toutes les recettes de La Cocktail Attitude sur http://www.atelierdeschefs.net/cocktailattitude/","timePreparation":"15mn","timeBaking":"0mn","timeRest":"0mn","picture":"","ingredients":[{"label":"Martini Rosso","shopGroup":"Boissons alcoolisées","qte":"6","unit":"cl","step":"","order":0},{"label":"Eristoff Vodka","shopGroup":"Boissons alcoolisées","qte":"1.5","unit":"cl","step":"","order":1},{"label":"Liqueur de Bénédictine","shopGroup":"Boissons alcoolisées","qte":"0.5","unit":"cl","step":"","order":2},{"label":"Jus de betterave fraîche","shopGroup":"Recette(s) intermédiaire(s)","qte":"1","unit":"cl","step":"","order":3},{"label":"Glaçon(s)","shopGroup":"Surgelés","qte":"8","unit":"pièce(s)","step":"","order":4},{"label":"Betterave(s) rouge(s) crue(s)","shopGroup":"Légumes","qte":"0.5","unit":"pièce(s)","step":"","order":5}],"chiefTip":"L'atelier des Chefs s'engage à promouvoir une consommation responsable. Pour plus d'informations : www.2340.fr","id":10328}