{"title":"Salade de légumes croquants et huile d'herbes","description":"","summary":"Des légumes coupés en petits dés, cuits à l'huile d'olive et servis comme un mille-feuille, avec des feuilles de brick croquantes et une huile parfumée au basilic et au persil.","timePreparation":"30mn","timeBaking":"0mn","timeRest":"0mn","picture":"","ingredients":[{"label":"Poivron(s) jaune(s)","shopGroup":"Légumes","qte":"2","unit":"pièce(s)","step":"","order":0},{"label":"Poivron(s) rouge(s)","shopGroup":"Légumes","qte":"2","unit":"pièce(s)","step":"","order":1},{"label":"Courgette(s)","shopGroup":"Légumes","qte":"2","unit":"pièce(s)","step":"","order":2},{"label":"Aubergine(s)","shopGroup":"Légumes","qte":"2","unit":"pièce(s)","step":"","order":3},{"label":"Oignon(s)","shopGroup":"Légumes","qte":"2","unit":"pièce(s)","step":"","order":4},{"label":"Roquette","shopGroup":"Légumes","qte":"200","unit":"g","step":"","order":5},{"label":"Feuille(s) de brick","shopGroup":"Traiteur","qte":"3","unit":"pièce(s)","step":"","order":6},{"label":"Huile d'olive","shopGroup":"Epicerie","qte":"20","unit":"cl","step":"","order":7},{"label":"Basilic","shopGroup":"Herbes aromatiques","qte":"0.5","unit":"botte(s)","step":"","order":8},{"label":"Persil plat","shopGroup":"Herbes aromatiques","qte":"0.25","unit":"botte(s)","step":"","order":9},{"label":"Sel fin","shopGroup":"","qte":"6","unit":"pincée(s)","step":"","order":10}],"chiefTip":"Vous pouvez ajouter une pointe de curry en poudre aux légumes pour obtenir un parfum plus prononcé.","id":10050}