{"title":"Salade de légumes croquants et huile d'herbes","description":"Préchauffer le four à 200 °C.<br />Éplucher les aubergines, les oignons, les poivrons, épépiner ces derniers. Couper tous les légumes en petits dés.<br /><br />Dans une cocotte avec un filet d'huile d'olive et une pincée de sel, faire suer les oignons pendant 2 min. Ajouter les poivrons, assaisonner et cuire 2 min. Ajouter ensuite les aubergines et un verre d'eau, assaisonner à nouveau et cuire 3 min. Ajouter les courgettes pour finir et cuire 2 min. Rectifier l'assaisonnement.<br /><br />Découper les feuilles de brick en 8 triangles et les badigeonner d'huile d'olive, puis les faire dorer pendant 3 à 4 min dans un four à 200 °C.<br />Dans un blender, mixer les herbes et 15 cl d'huile d'olive, puis saler.<br /><br />Dans des assiettes creuses, dresser les légumes et les croustillants en mille-feuilles. Décorer ensuite avec les pousses de roquette et arroser d'huile aux herbes. Servir.<br />","summary":"Des légumes coupés en petits dés, cuits à l'huile d'olive et servis comme un mille-feuille, avec des feuilles de brick croquantes et une huile parfumée au basilic et au persil.","timePreparation":"30mn","timeBaking":"0mn","timeRest":"0mn","picture":"","ingredients":[{"label":"Poivron(s) jaune(s)","shopGroup":"Légumes","qte":"2","unit":"pièce(s)","step":"","order":0},{"label":"Poivron(s) rouge(s)","shopGroup":"Légumes","qte":"2","unit":"pièce(s)","step":"","order":1},{"label":"Courgette(s)","shopGroup":"Légumes","qte":"2","unit":"pièce(s)","step":"","order":2},{"label":"Aubergine(s)","shopGroup":"Légumes","qte":"2","unit":"pièce(s)","step":"","order":3},{"label":"Oignon(s)","shopGroup":"Légumes","qte":"2","unit":"pièce(s)","step":"","order":4},{"label":"Roquette","shopGroup":"Légumes","qte":"200","unit":"g","step":"","order":5},{"label":"Feuille(s) de brick","shopGroup":"Traiteur","qte":"3","unit":"pièce(s)","step":"","order":6},{"label":"Huile d'olive","shopGroup":"Epicerie","qte":"20","unit":"cl","step":"","order":7},{"label":"Basilic","shopGroup":"Herbes aromatiques","qte":"0.5","unit":"botte(s)","step":"","order":8},{"label":"Persil plat","shopGroup":"Herbes aromatiques","qte":"0.25","unit":"botte(s)","step":"","order":9},{"label":"Sel fin","shopGroup":"","qte":"6","unit":"pincée(s)","step":"","order":10}],"chiefTip":"Vous pouvez ajouter une pointe de curry en poudre aux légumes pour obtenir un parfum plus prononcé.","id":10050}