{"title":"Soupe de cresson à l'écume de lait à l'amande","description":"","summary":"Crème de cresson légèrement crémée, aux vertus stimulantes et diurétiques, servie avec une écume de lait parfumée à l'amande, aux propriétés anti-acidification.","timePreparation":"15mn","timeBaking":"15mn","timeRest":"0mn","picture":"","ingredients":[{"label":"Cresson(s)","shopGroup":"Légumes","qte":"1","unit":"botte(s)","step":"","order":0},{"label":"Echalote(s)","shopGroup":"Légumes","qte":"2","unit":"pièce(s)","step":"","order":1},{"label":"Amande(s) concassée(s)","shopGroup":"Epicerie","qte":"50","unit":"g","step":"","order":2},{"label":"Beurre doux","shopGroup":"Crèmerie  hors fromage","qte":"20","unit":"g","step":"","order":3},{"label":"Crème liquide entière","shopGroup":"Crèmerie  hors fromage","qte":"15","unit":"cl","step":"","order":4},{"label":"Lait 1/2 écrémé","shopGroup":"Crèmerie  hors fromage","qte":"25","unit":"cl","step":"","order":5},{"label":"Feuille(s) de gélatine de 2 g","shopGroup":"Epicerie","qte":"2","unit":"pièce(s)","step":"","order":6},{"label":"Extrait d'amande amère","shopGroup":"Epicerie","qte":"5","unit":"goutte(s)","step":"","order":7},{"label":"Sel fin","shopGroup":"","qte":"6","unit":"pincée(s)","step":"","order":8},{"label":"Moulin à poivre","shopGroup":"","qte":"6","unit":"tour(s)","step":"","order":9}],"chiefTip":"Pour une texture plus dense, ajoutez en même temps que l'échalote une pomme de terre épluchée et coupée en petits cubes.","id":10632}