{"title":"Msemen (crêpes marocaines)","description":"","summary":"La recette traditionnelle des crêpes marocaines servies au petit déjeuner ou goûter.","timePreparation":"1h15mn","timeBaking":"20mn","timeRest":"0mn","picture":"","ingredients":[{"label":"Farine de blé","shopGroup":"Epicerie","qte":"500","unit":"g","step":"","order":0},{"label":"Sel fin","shopGroup":"","qte":"10","unit":"pincée(s)","step":"","order":1},{"label":"Eau","shopGroup":"","qte":"25","unit":"cl","step":"","order":2},{"label":"Huile d'arachide","shopGroup":"Epicerie","qte":"3","unit":"cl","step":"","order":3},{"label":"Beurre doux","shopGroup":"Crèmerie  hors fromage","qte":"50","unit":"g","step":"","order":4},{"label":"Miel","shopGroup":"Epicerie","qte":"30","unit":"g","step":"","order":5},{"label":"Sucre en poudre","shopGroup":"Epicerie","qte":"50","unit":"g","step":"","order":6}],"chiefTip":"Réalisez les petits tas de boules et réservez-les au frigo jusqu'au dernier moment.Ajoutez quelques amandes effilées et torréfiées sur l'ensemble.","id":10131}