{"title":"Msemen (crêpes marocaines)","description":"Mélanger le sel, la farine et l'eau petit à petit, puis pétrir le tout de façon à obtenir une boule homogène et graisser celle-ci avec un peu d'huile. La détailler ensuite en petites boules de 50 g environ et laisser reposer au frigo quelques instants.<br /><br />Sur une surface huilée, étaler une petite boule de pâte le plus finement possible, de façon à obtenir un grand rond de pâte très fin. Rabattre les côtés pour obtenir des carrés de 6 à 8 cm.<br /><br />Dans une grande poêle antiadhésive, mettre une noix de beurre à chauffer et cuire les crêpes sur chaque face (elles doivent avoir une belle coloration dorée avant de les retourner). <br />Déguster avec du miel ou du sucre semoule.<br />","summary":"La recette traditionnelle des crêpes marocaines servies au petit déjeuner ou goûter.","timePreparation":"1h15mn","timeBaking":"20mn","timeRest":"0mn","picture":"","ingredients":[{"label":"Farine de blé","shopGroup":"Epicerie","qte":"500","unit":"g","step":"","order":0},{"label":"Sel fin","shopGroup":"","qte":"10","unit":"pincée(s)","step":"","order":1},{"label":"Eau","shopGroup":"","qte":"25","unit":"cl","step":"","order":2},{"label":"Huile d'arachide","shopGroup":"Epicerie","qte":"3","unit":"cl","step":"","order":3},{"label":"Beurre doux","shopGroup":"Crèmerie  hors fromage","qte":"50","unit":"g","step":"","order":4},{"label":"Miel","shopGroup":"Epicerie","qte":"30","unit":"g","step":"","order":5},{"label":"Sucre en poudre","shopGroup":"Epicerie","qte":"50","unit":"g","step":"","order":6}],"chiefTip":"Réalisez les petits tas de boules et réservez-les au frigo jusqu'au dernier moment.Ajoutez quelques amandes effilées et torréfiées sur l'ensemble.","id":10131}