{"title":"Bretzel","description":"<br /><b>Pour la pâte à bretzels :</b><br />Pétrir tous les ingrédients ensemble au batteur à l'aide d'une feuille ou à la main, jusqu'à obtention d'une pâte homogène et que la pâte n'adhère plus au bol.<br />Laisser la pâte monter pendant 30 min dans un endroit de préférence tiède et humide.<br /><br />Prendre un morceau de pâte et à l'aide de la paume des mains, confectionner de longs boudins. Prendre chaque bout dans une main, les faire se rejoindre au milieu pour faire un noeud et coller les 2 extrémités sur les côtés.<br /><br /><b>Pour la cuisson des bretzels :</b><br />Préchauffer le four à 200 °C.<br /><br />Plonger les bretzels dans l'eau bouillante assaisonnée de sel et de bicarbonate. Les récupérer lorsqu'ils remontent à la surface et les déposer sur une plaque, puis parsemer le dessus de fleur de sel. <br />Enfourner les bretzels pendant 15 à 20 min.<br />","summary":"Le pain-biscuit alsacien en forme de noeud, que l'on déguste souvent tiède avec les saucisses Knacki.","timePreparation":"1h30mn","timeBaking":"20mn","timeRest":"0mn","picture":"http://1.media.atelierdeschefs.com/recette-c10554-bretzel.jpg","ingredients":[{"label":"Farine de blé","shopGroup":"Epicerie","qte":"500","unit":"g","step":"Pour l'étape 1","order":0},{"label":"Eau","shopGroup":"","qte":"15","unit":"cl","step":"Pour l'étape 1","order":1},{"label":"Lait 1/2 écrémé","shopGroup":"Crèmerie  hors fromage","qte":"15","unit":"cl","step":"Pour l'étape 1","order":2},{"label":"Beurre doux","shopGroup":"Crèmerie  hors fromage","qte":"40","unit":"g","step":"Pour l'étape 1","order":3},{"label":"Levure de boulanger déshydratée","shopGroup":"Epicerie","qte":"5","unit":"g","step":"Pour l'étape 1","order":4},{"label":"Sel fin","shopGroup":"","qte":"5","unit":"g","step":"Pour l'étape 1","order":5},{"label":"Eau","shopGroup":"","qte":"1","unit":"l","step":"Pour l'étape 2","order":6},{"label":"Bicarbonate de sodium","shopGroup":"Epicerie","qte":"50","unit":"g","step":"Pour l'étape 2","order":7},{"label":"Sel fin","shopGroup":"","qte":"5","unit":"g","step":"Pour l'étape 2","order":8},{"label":"Fleur de sel","shopGroup":"Epicerie","qte":"10","unit":"pincée(s)","step":"Pour l'étape 2","order":9}],"chiefTip":"Vous pourrez trouver le bicarbonate de sodium en supermarché ou même en pharmacie.","id":10554}