{"title":"Bretzel","description":"","summary":"Le pain-biscuit alsacien en forme de noeud, que l'on déguste souvent tiède avec les saucisses Knacki.","timePreparation":"1h30mn","timeBaking":"20mn","timeRest":"0mn","picture":"http://1.media.atelierdeschefs.com/recette-c10554-bretzel.jpg","ingredients":[{"label":"Farine de blé","shopGroup":"Epicerie","qte":"500","unit":"g","step":"Pour l'étape 1","order":0},{"label":"Eau","shopGroup":"","qte":"15","unit":"cl","step":"Pour l'étape 1","order":1},{"label":"Lait 1/2 écrémé","shopGroup":"Crèmerie  hors fromage","qte":"15","unit":"cl","step":"Pour l'étape 1","order":2},{"label":"Beurre doux","shopGroup":"Crèmerie  hors fromage","qte":"40","unit":"g","step":"Pour l'étape 1","order":3},{"label":"Levure de boulanger déshydratée","shopGroup":"Epicerie","qte":"5","unit":"g","step":"Pour l'étape 1","order":4},{"label":"Sel fin","shopGroup":"","qte":"5","unit":"g","step":"Pour l'étape 1","order":5},{"label":"Eau","shopGroup":"","qte":"1","unit":"l","step":"Pour l'étape 2","order":6},{"label":"Bicarbonate de sodium","shopGroup":"Epicerie","qte":"50","unit":"g","step":"Pour l'étape 2","order":7},{"label":"Sel fin","shopGroup":"","qte":"5","unit":"g","step":"Pour l'étape 2","order":8},{"label":"Fleur de sel","shopGroup":"Epicerie","qte":"10","unit":"pincée(s)","step":"Pour l'étape 2","order":9}],"chiefTip":"Vous pourrez trouver le bicarbonate de sodium en supermarché ou même en pharmacie.","id":10554}