{"title":"Carrot cake","description":"","summary":"Un gâteau d'origine anglaise à base de carottes râpées, moelleux et épicé.","timePreparation":"10mn","timeBaking":"16mn","timeRest":"0mn","picture":"","ingredients":[{"label":"Carotte(s)","shopGroup":"Légumes","qte":"150","unit":"g","step":"","order":0},{"label":"Oeuf(s)","shopGroup":"Crèmerie  hors fromage","qte":"2","unit":"pièce(s)","step":"","order":1},{"label":"Cassonade","shopGroup":"Epicerie","qte":"80","unit":"g","step":"","order":2},{"label":"Orange(s)","shopGroup":"Fruits","qte":"1","unit":"pièce(s)","step":"","order":3},{"label":"Cannelle en poudre","shopGroup":"Epicerie","qte":"5","unit":"g","step":"","order":4},{"label":"Sel fin","shopGroup":"","qte":"1","unit":"pincée(s)","step":"","order":5},{"label":"Huile de noix","shopGroup":"Epicerie","qte":"5","unit":"cl","step":"","order":6},{"label":"Farine de blé","shopGroup":"Epicerie","qte":"30","unit":"g","step":"","order":7},{"label":"Poudre d'amande","shopGroup":"Epicerie","qte":"100","unit":"g","step":"","order":8},{"label":"Levure chimique","shopGroup":"Epicerie","qte":"4","unit":"g","step":"","order":9},{"label":"Noix de pécan","shopGroup":"Epicerie","qte":"30","unit":"g","step":"","order":10}],"chiefTip":"Pour un cake plus gourmand, ajoutez des pépites de chocolat ou des raisins secs.","id":10059}