{"title":"Oeuf au plat sur biscuit de noix, croustillant de lard","description":"Préchauffer le four à 220 °C (th. 8).<br /><br />Pour le biscuit : monter les blancs en neige avec le sel, puis les serrer avec le sucre. Mixer grossièrement la poudre de noisette avec les cerneaux de noix, tamiser la farine puis ajouter le tout aux blancs et mélanger délicatement. Sur une feuille de papier cuisson, étaler la pâte sur 1 cm d'épaisseur et l'enfourner pendant 8 min. A la sortie du four, démouler puis laisser tiédir.<br />Détailler dans le biscuit des disques à l'aide de cercles à bord haut, puis les disposer avec les cercles sur une feuille de papier cuisson.<br /><br />Casser chaque oeuf dans un petit ramequin. Passer le biscuit dans le four chaud pendant 2 min, puis verser un oeuf dans chaque cercle. Ajouter un filet d'huile d'olive, assaisonner de fleur de sel et de piment d'Espelette, puis finir la cuisson au four pendant 4 min.<br /><br />Dans une poêle chaude, disposer les tranches de lard et les griller durant 3 min.<br /><br />A l'aide de la pointe d'un couteau, retirer le cercle, disposer les tranches de lard et déguster aussitôt.<br />","summary":"Un petit déjeuner comme à l'hôtel ! Faites-vous plaisir avec cette recette en épatant vos amis pour vos brunchs ou vos entrées.","timePreparation":"30mn","timeBaking":"15mn","timeRest":"0mn","picture":"","ingredients":[{"label":"Oeuf(s)","shopGroup":"Crèmerie  hors fromage","qte":"6","unit":"pièce(s)","step":"","order":0},{"label":"Tranche(s) de lard fumé","shopGroup":"Charcuterie","qte":"12","unit":"pièce(s)","step":"","order":1},{"label":"Fleur de sel","shopGroup":"Epicerie","qte":"3","unit":"pincée(s)","step":"","order":2},{"label":"Piment d'Espelette","shopGroup":"Epicerie","qte":"3","unit":"pincée(s)","step":"","order":3},{"label":"Huile d'olive","shopGroup":"Epicerie","qte":"5","unit":"cl","step":"","order":4},{"label":"Blanc(s) d'oeuf","shopGroup":"Crèmerie  hors fromage","qte":"4","unit":"pièce(s)","step":"Pour le(s) biscuit(s)","order":5},{"label":"Sucre en poudre","shopGroup":"Epicerie","qte":"50","unit":"g","step":"Pour le(s) biscuit(s)","order":6},{"label":"Sel fin","shopGroup":"","qte":"4","unit":"pincée(s)","step":"Pour le(s) biscuit(s)","order":7},{"label":"Cerneau(x) de noix","shopGroup":"Epicerie","qte":"30","unit":"g","step":"Pour le(s) biscuit(s)","order":8},{"label":"Poudre de noisette","shopGroup":"Epicerie","qte":"50","unit":"g","step":"Pour le(s) biscuit(s)","order":9},{"label":"Farine de blé","shopGroup":"Epicerie","qte":"25","unit":"g","step":"Pour le(s) biscuit(s)","order":10}],"chiefTip":"Si vous n'avez qu'un cercle, vous pouvez détailler les oeufs et les disposer délicatement sur les tranches de pain aux noix.","id":10296}