{"id":10296,"title":"Recette de Oeuf au plat sur biscuit de noix, croustillant de lard","description":"","summary":"Un petit déjeuner comme à l'hôtel ! Faites-vous plaisir avec cette recette en épatant vos amis pour vos brunchs ou vos entrées.","timePreparation":"30mn","timeBaking":"15mn","timeRest":"0mn","picture":"http://1.media.atelierdeschefs.com/recette-e10296-oeuf-au-plat-sur-biscuit-de-noix-croustillant-de-lard.jpg","ingredients":[{"label":"Oeuf(s)","shopGroup":"Crèmerie  hors fromage","qte":"6","unit":"pièce(s)","step":"","order":0},{"label":"Tranche(s) de lard fumé","shopGroup":"Charcuterie","qte":"12","unit":"pièce(s)","step":"","order":1},{"label":"Fleur de sel","shopGroup":"Epicerie","qte":"3","unit":"pincée(s)","step":"","order":2},{"label":"Piment d'Espelette","shopGroup":"Epicerie","qte":"3","unit":"pincée(s)","step":"","order":3},{"label":"Huile d'olive","shopGroup":"Epicerie","qte":"5","unit":"cl","step":"","order":4},{"label":"Blanc(s) d'oeuf","shopGroup":"Crèmerie  hors fromage","qte":"4","unit":"pièce(s)","step":"Pour le(s) biscuit(s)","order":5},{"label":"Sucre en poudre","shopGroup":"Epicerie","qte":"50","unit":"g","step":"Pour le(s) biscuit(s)","order":6},{"label":"Sel fin","shopGroup":"","qte":"4","unit":"pincée(s)","step":"Pour le(s) biscuit(s)","order":7},{"label":"Cerneau(x) de noix","shopGroup":"Epicerie","qte":"30","unit":"g","step":"Pour le(s) biscuit(s)","order":8},{"label":"Poudre de noisette","shopGroup":"Epicerie","qte":"50","unit":"g","step":"Pour le(s) biscuit(s)","order":9},{"label":"Farine de blé","shopGroup":"Epicerie","qte":"25","unit":"g","step":"Pour le(s) biscuit(s)","order":10}]}