{"title":"Dos de cabillaud vapeur laqué au miel de soja, caviar de courgettes et crumble parmesan","description":"Préchauffer le four à 180 °C (th. 6).<br />Réaliser le crumble : dans un récipient, mettre le parmesan râpé, la farine, la poudre d'amandes et le beurre, puis malaxer du bout des doigts en incorporant tous les ingrédients de façon à obtenir une grosse semoule. Étaler ensuite le crumble sur une feuille de papier cuisson et l'enfourner pendant environ 15 min.<br /><br />Miel de soja : dans une poêle, faire bouillir le miel pour le caraméliser légèrement, ajouter la sauce soja et le vinaigre. Faire bouillir pendant 3 min pour réduire le mélange. <br /><br />Éplucher et ciseler l'oignon. Laver les courgettes et les tailler en petits dés.<br />Mettre un wok à chauffer, y ajouter un filet d'huile d'olive et faire suer les oignons avec une pincée de sel, puis cuire les courgettes vivement. Lorsqu'elles commencent à dorer, ajouter une petite tasse à café d'eau et poser la grille dessus. Disposer les dos de cabillaud sur la grille et les cuire à couvert pendant environ 8 min à partir de l'ébullition. Débarrasser ensuite les cabillauds dans le miel de soja et les napper régulièrement. Les garder au chaud.<br /><br />Mixer la courgette au robot-coupe ou l'écraser au fouet en ajoutant un filet d'huile d'olive. Rectifier l'assaisonnement en sel et en poivre.<br /> <br />Dans un cercle, déposer le caviar de courgettes, poser le crumble dessus et le cabillaud sur le côté, puis napper de sauce.<br />","summary":"Dos de cabillaud cuit en vapeur, accompagné d'une écrasée de courgettes contrastant avec un croustillant de parmesan.","timePreparation":"20mn","timeBaking":"15mn","timeRest":"0mn","picture":"","ingredients":[{"label":"Pavé(s) de cabillaud de 150 g","shopGroup":"Poissonnerie","qte":"6","unit":"pièce(s)","step":"","order":0},{"label":"Courgette(s)","shopGroup":"Légumes","qte":"6","unit":"pièce(s)","step":"","order":1},{"label":"Oignon(s)","shopGroup":"Légumes","qte":"1","unit":"pièce(s)","step":"","order":2},{"label":"Huile d'olive","shopGroup":"Epicerie","qte":"5","unit":"cl","step":"","order":3},{"label":"Farine de blé","shopGroup":"Epicerie","qte":"50","unit":"g","step":"","order":4},{"label":"Poudre d'amande","shopGroup":"Epicerie","qte":"50","unit":"g","step":"","order":5},{"label":"Beurre doux","shopGroup":"Crèmerie  hors fromage","qte":"50","unit":"g","step":"","order":6},{"label":"Parmigiano Reggiano râpé","shopGroup":"Fromage(s)","qte":"50","unit":"g","step":"","order":7},{"label":"Miel","shopGroup":"Epicerie","qte":"50","unit":"g","step":"","order":8},{"label":"Sauce Soja","shopGroup":"Epicerie","qte":"5","unit":"cl","step":"","order":9},{"label":"Sel fin","shopGroup":"","qte":"3","unit":"pincée(s)","step":"","order":10},{"label":"Moulin à poivre","shopGroup":"","qte":"3","unit":"tour(s)","step":"","order":11},{"label":"Vinaigre balsamique","shopGroup":"Epicerie","qte":"3","unit":"cl","step":"","order":12}],"chiefTip":"Si vous avez un peu de temps, mettez votre pâte à crumble au réfrigérateur avant de l'enfourner : cela permettra une cuisson plus homogène.","id":10228}