{"title":"Boulettes de boeuf aux épices et tomates à l'oeuf","description":"Préchauffer le four à 180 °C (th. 6). Peler les oignons et les ciseler très finement. Effeuiller et hacher le persil plat.<br /><br />Mélanger la viande de boeuf, les épices, la moitié des oignons et le persil plat, puis assaisonner de sel, de poivre et arroser d'huile d'olive. Bien malaxer l'ensemble et réserver au frigo pendant 10 min. Réaliser ensuite des boulettes de viande d'environ 3 cm de diamètre.<br /><br />Couper les tomates en gros cubes, peler et hacher l'ail.<br /> <br />Dans une grande casserole, faire suer les oignons à l'huile d'olive avec le thym, le laurier et l'ail. Ajouter la tomate et laisser \"compoter\". Verser ensuite 10 cl d'eau et laisser cuire pendant environ 15 min, puis passer la sauce au moulin à légumes et la mettre dans un plat allant au four.<br /><br />Dans une poêle très chaude, bien saisir les boulettes de viande et une fois qu'elles sont  colorées, les poser sur la sauce tomate. Casser les oeufs directement sur l'ensemble, puis mettre au four pendant environ 10 min (l'oeuf doit être juste cuit). Saupoudrer de cumin et servir immédiatement.<br />","summary":"Des boulettes de viande cuites dans une sauce tomate aux épices marocaines.","timePreparation":"30mn","timeBaking":"25mn","timeRest":"10mn","picture":"","ingredients":[{"label":"Boeuf haché","shopGroup":"Boucherie","qte":"750","unit":"g","step":"","order":0},{"label":"Tomate pelée au jus en conserve","shopGroup":"Conserve","qte":"2","unit":"pièce(s)","step":"","order":1},{"label":"Oignon(s)","shopGroup":"Légumes","qte":"3","unit":"pièce(s)","step":"","order":2},{"label":"Branche(s) de thym","shopGroup":"Herbes aromatiques","qte":"1","unit":"pièce(s)","step":"","order":3},{"label":"Persil plat","shopGroup":"Herbes aromatiques","qte":"0.5","unit":"botte(s)","step":"","order":4},{"label":"Poudre de gingembre","shopGroup":"Epicerie","qte":"10","unit":"g","step":"","order":5},{"label":"Paprika","shopGroup":"Epicerie","qte":"10","unit":"g","step":"","order":6},{"label":"Cumin en poudre","shopGroup":"Epicerie","qte":"10","unit":"g","step":"","order":7},{"label":"Gousse(s) d'ail","shopGroup":"Légumes","qte":"1","unit":"gousse(s)","step":"","order":8},{"label":"Oeuf(s)","shopGroup":"Crèmerie  hors fromage","qte":"6","unit":"pièce(s)","step":"","order":9},{"label":"Sel fin","shopGroup":"","qte":"6","unit":"pincée(s)","step":"","order":10},{"label":"Moulin à poivre","shopGroup":"","qte":"6","unit":"tour(s)","step":"","order":11},{"label":"Huile d'olive","shopGroup":"Epicerie","qte":"10","unit":"cl","step":"","order":12}],"chiefTip":"Vous pouvez remplacer le boeuf haché par de l'agneau haché.","id":10042}