{"title":"Macaron au sucre cuit tout choco","description":"","summary":"Un macaron tout en chocolat. Les coques au chocolat sont garnies d'une ganache au chocolat blanc vanillé et d'une ganache au chocolat au lait.","timePreparation":"30mn","timeBaking":"15mn","timeRest":"0mn","picture":"","ingredients":[{"label":"Poudre d'amande","shopGroup":"Epicerie","qte":"185","unit":"g","step":"Pour les macarons","order":0},{"label":"Sucre glace","shopGroup":"Epicerie","qte":"185","unit":"g","step":"Pour les macarons","order":1},{"label":"Cacao en poudre non sucré","shopGroup":"Epicerie","qte":"30","unit":"g","step":"Pour les macarons","order":2},{"label":"Blanc(s) d'oeuf","shopGroup":"Crèmerie  hors fromage","qte":"150","unit":"g","step":"Pour les macarons","order":3},{"label":"Sucre en poudre","shopGroup":"Epicerie","qte":"200","unit":"g","step":"Pour les macarons","order":4},{"label":"Eau","shopGroup":"","qte":"5","unit":"cl","step":"Pour les macarons","order":5},{"label":"Colorant alimentaire rouge","shopGroup":"Epicerie","qte":"3","unit":"goutte(s)","step":"Pour les macarons","order":6},{"label":"Crème liquide entière","shopGroup":"","qte":"5","unit":"cl","step":"Pour les macarons","order":7},{"label":"Chocolat au lait","shopGroup":"Epicerie","qte":"100","unit":"g","step":"Pour les macarons","order":8},{"label":"Crème liquide entière","shopGroup":"Crèmerie  hors fromage","qte":"7.5","unit":"cl","step":"Pour l'étape 2","order":9},{"label":"Chocolat blanc","shopGroup":"Epicerie","qte":"150","unit":"g","step":"Pour l'étape 2","order":10},{"label":"Beurre doux","shopGroup":"Crèmerie  hors fromage","qte":"25","unit":"g","step":"Pour l'étape 2","order":11},{"label":"Gousse(s) de vanille","shopGroup":"Epicerie","qte":"1","unit":"pièce(s)","step":"Pour l'étape 2","order":12}],"chiefTip":"Utilisez de préférence des colorants en poudre pour la réalisation des coques.Diamètre de 4 cm pour les coques.","id":10137}