{"title":"Macaron au sucre cuit tout choco","description":"<br /><b>Pour les coques de macaron :</b><br />Préchauffer le four à 160 °C (th. 5). <br /><br />Dans un mixeur, verser la poudre d'amande, le sucre glace et le cacao en poudre. Faire tourner pendant 30 secondes pour affiner le mélange (tant pour tant), puis tamiser. <br /><br />Dans une casserole, mélanger l'eau et le sucre semoule avec une spatule. Cuire à 118-119 °C. Avant d'atteindre cette température, verser 75 g de blancs dans la cuve d'un batteur et les monter. Lorsque le sucre a atteint la bonne température, le verser sur les blancs montés. Fouetter ensuite jusqu'à refroidissement de la meringue, puis ajouter le colorant rouge.<br /><br />Verser le reste des blancs d'oeufs sur le tant pour tant. Incorporer une petite partie de la meringue froide à ce mélange, puis ajouter le reste. Mélanger afin d'obtenir une pâte lisse et homogène, légèrement coulante.<br /><br />Remplir une poche à douille avec cette préparation, puis dresser les macarons sur un tapis de cuisson ou sur une feuille de papier sulfurisé. Tapoter légèrement la plaque, puis enfourner 12 à 14 min en tournant la plaque à mi-cuisson.<br /><br /><b>Pour la garniture 1 :</b><br />Réaliser la ganache au chocolat au lait : faire bouillir la crème liquide, puis la verser sur le chocolat non fondu. Mélanger délicatement puis réserver au frais.<br /><br /><b>Pour la garniture 2 :</b><br />Réaliser la ganache au chocolat blanc vanillé : faire bouillir la crème et les graines de la gousse de vanille, puis verser ce mélange petit à petit sur le chocolat blanc non fondu. Mélanger légèrement avec un fouet sans incorporer d'air. Lorsque le mélange est homogène, ajouter le beurre coupé en petits dés, puis laisser le mélange refroidir à température ambiante.<br /><br />Pour le montage : mettre les 2 ganaches dans des poches à douille. Décoller les coquilles lorsqu'elles ont refroidi, puis en garnir le contour de chocolat blanc et le coeur de chocolat au lait. Refermer avec une autre coquille.<br /><br />Conserver les macarons au frais pendant 24 h, puis les sortir 2 h avant la dégustation.<br />","summary":"Un macaron tout en chocolat. Les coques au chocolat sont garnies d'une ganache au chocolat blanc vanillé et d'une ganache au chocolat au lait.","timePreparation":"30mn","timeBaking":"15mn","timeRest":"0mn","picture":"","ingredients":[{"label":"Poudre d'amande","shopGroup":"Epicerie","qte":"185","unit":"g","step":"Pour les macarons","order":0},{"label":"Sucre glace","shopGroup":"Epicerie","qte":"185","unit":"g","step":"Pour les macarons","order":1},{"label":"Cacao en poudre non sucré","shopGroup":"Epicerie","qte":"30","unit":"g","step":"Pour les macarons","order":2},{"label":"Blanc(s) d'oeuf","shopGroup":"Crèmerie  hors fromage","qte":"150","unit":"g","step":"Pour les macarons","order":3},{"label":"Sucre en poudre","shopGroup":"Epicerie","qte":"200","unit":"g","step":"Pour les macarons","order":4},{"label":"Eau","shopGroup":"","qte":"5","unit":"cl","step":"Pour les macarons","order":5},{"label":"Colorant alimentaire rouge","shopGroup":"Epicerie","qte":"3","unit":"goutte(s)","step":"Pour les macarons","order":6},{"label":"Crème liquide entière","shopGroup":"","qte":"5","unit":"cl","step":"Pour les macarons","order":7},{"label":"Chocolat au lait","shopGroup":"Epicerie","qte":"100","unit":"g","step":"Pour les macarons","order":8},{"label":"Crème liquide entière","shopGroup":"Crèmerie  hors fromage","qte":"7.5","unit":"cl","step":"Pour l'étape 2","order":9},{"label":"Chocolat blanc","shopGroup":"Epicerie","qte":"150","unit":"g","step":"Pour l'étape 2","order":10},{"label":"Beurre doux","shopGroup":"Crèmerie  hors fromage","qte":"25","unit":"g","step":"Pour l'étape 2","order":11},{"label":"Gousse(s) de vanille","shopGroup":"Epicerie","qte":"1","unit":"pièce(s)","step":"Pour l'étape 2","order":12}],"chiefTip":"Utilisez de préférence des colorants en poudre pour la réalisation des coques.Diamètre de 4 cm pour les coques.","id":10137}