{"title":"Pavé de boeuf grillé, légumes glacés et sauce tartare","description":"Éplucher les carottes, les navets et les tourner, c'est-à-dire réaliser 2 petites entames puis 7 faces égales tout autour des légumes en formant de petits ballons de rugby. Procéder de la même manière avec les radis noirs tout en gardant la peau. Laver les oignons nouveaux et couper la tige, puis les couper en 2.<br />Disposer tous les légumes dans une poêle et ajouter de l'eau à mi hauteur, une noisette de beurre et le sucre. Saler et poivrer, puis cuire jusqu'à complète évaporation de l'eau.<br /><br />Hacher les câpres, les cornichons et le persil, ciseler finement les oignons nouveaux en petits dés. Réserver.<br />Dans un saladier, mettre le jaune d'oeuf et 1 cuillère à soupe de moutarde. Commencer à fouetter et incorporer 25 cl d'huile peu à peu. Une fois la mayonnaise montée, rectifier l'assaisonnement en sel et en poivre. Ajouter les condiments (persil, oignon, cornichons, câpres) et mélanger le tout, puis rectifier l'assaisonnement et réserver.<br /><br />Dans une poêle chaude, verser un filet d'huile d'arachide et colorer les pièces de boeuf 2 à 3 min de chaque côté, puis les assaisonner de fleur de sel et de poivre du moulin. Réserver ensuite la viande sous une feuille d'aluminium et la laisser reposer.<br /><br />Servir les pavés de boeuf sur assiettes plates, les accompagner de légumes et disposer la sauce à part.<br />","summary":"Des pavés de boeuf poêlés, accompagnés de petits légumes cuits au beurre et d'une sauce tartare à base de câpres, oignons, persil, cornichons.","timePreparation":"45mn","timeBaking":"0mn","timeRest":"0mn","picture":"http://1.media.atelierdeschefs.com/recette-c10463-pave-de-boeuf-grille-legumes-glaces-et-sauce-tartare.jpg","ingredients":[{"label":"Pavé(s) de boeuf de 150g","shopGroup":"Boucherie","qte":"3","unit":"pièce(s)","step":"","order":0},{"label":"Huile d'arachide","shopGroup":"","qte":"3","unit":"cl","step":"","order":1},{"label":"Carotte(s)","shopGroup":"Légumes","qte":"6","unit":"pièce(s)","step":"Pour la garniture","order":2},{"label":"Navet(s)","shopGroup":"Légumes","qte":"4","unit":"pièce(s)","step":"Pour la garniture","order":3},{"label":"Oignon(s) nouveau(x)","shopGroup":"","qte":"12","unit":"pièce(s)","step":"Pour la garniture","order":4},{"label":"Radis noir(s)","shopGroup":"Légumes","qte":"1","unit":"pièce(s)","step":"Pour la garniture","order":5},{"label":"Beurre doux","shopGroup":"Crèmerie  hors fromage","qte":"40","unit":"g","step":"Pour la garniture","order":6},{"label":"Sucre en poudre","shopGroup":"Epicerie","qte":"20","unit":"g","step":"Pour la garniture","order":7},{"label":"Jaune(s) d'oeuf(s)","shopGroup":"Crèmerie  hors fromage","qte":"1","unit":"pièce(s)","step":"Pour la sauce","order":8},{"label":"Moutarde forte","shopGroup":"Epicerie","qte":"20","unit":"g","step":"Pour la sauce","order":9},{"label":"Câpres","shopGroup":"Epicerie","qte":"30","unit":"g","step":"Pour la sauce","order":10},{"label":"Cornichon(s) au vinaigre","shopGroup":"Epicerie","qte":"30","unit":"g","step":"Pour la sauce","order":11},{"label":"Oignon(s) nouveau(x)","shopGroup":"Légumes","qte":"6","unit":"pièce(s)","step":"Pour la sauce","order":12},{"label":"Persil plat","shopGroup":"Herbes aromatiques","qte":"0.5","unit":"botte(s)","step":"Pour la sauce","order":13},{"label":"Huile d'arachide","shopGroup":"Epicerie","qte":"25","unit":"cl","step":"Pour la sauce","order":14},{"label":"Sel fin","shopGroup":"","qte":"6","unit":"pincée(s)","step":"Pour la sauce","order":15},{"label":"Moulin à poivre","shopGroup":"","qte":"6","unit":"tour(s)","step":"Pour la sauce","order":16},{"label":"Fleur de sel","shopGroup":"Epicerie","qte":"6","unit":"pincée(s)","step":"Pour la sauce","order":17}],"chiefTip":"Vous pouvez colorer les filets de boeuf puis finir leur cuisson pendant 3 à 5 min dans un four préchauffé à 200 °C.","id":10463}