{"id":10463,"title":"Recette de Pavé de boeuf grillé, légumes glacés et sauce tartare","description":"","summary":"Des pavés de boeuf poêlés, accompagnés de petits légumes cuits au beurre et d'une sauce tartare à base de câpres, oignons, persil, cornichons.","timePreparation":"45mn","timeBaking":"0mn","timeRest":"0mn","picture":"http://1.media.atelierdeschefs.com/recette-e10463-pave-de-boeuf-grille-legumes-glaces-et-sauce-tartare.jpg","ingredients":[{"label":"Pavé(s) de boeuf de 150g","shopGroup":"Boucherie","qte":"3","unit":"pièce(s)","step":"","order":0},{"label":"Huile d'arachide","shopGroup":"","qte":"3","unit":"cl","step":"","order":1},{"label":"Carotte(s)","shopGroup":"Légumes","qte":"6","unit":"pièce(s)","step":"Pour la garniture","order":2},{"label":"Navet(s)","shopGroup":"Légumes","qte":"4","unit":"pièce(s)","step":"Pour la garniture","order":3},{"label":"Oignon(s) nouveau(x)","shopGroup":"","qte":"12","unit":"pièce(s)","step":"Pour la garniture","order":4},{"label":"Radis noir(s)","shopGroup":"Légumes","qte":"1","unit":"pièce(s)","step":"Pour la garniture","order":5},{"label":"Beurre doux","shopGroup":"Crèmerie  hors fromage","qte":"40","unit":"g","step":"Pour la garniture","order":6},{"label":"Sucre en poudre","shopGroup":"Epicerie","qte":"20","unit":"g","step":"Pour la garniture","order":7},{"label":"Jaune(s) d'oeuf(s)","shopGroup":"Crèmerie  hors fromage","qte":"1","unit":"pièce(s)","step":"Pour la sauce","order":8},{"label":"Moutarde forte","shopGroup":"Epicerie","qte":"20","unit":"g","step":"Pour la sauce","order":9},{"label":"Câpres","shopGroup":"Epicerie","qte":"30","unit":"g","step":"Pour la sauce","order":10},{"label":"Cornichon(s) au vinaigre","shopGroup":"Epicerie","qte":"30","unit":"g","step":"Pour la sauce","order":11},{"label":"Oignon(s) nouveau(x)","shopGroup":"Légumes","qte":"6","unit":"pièce(s)","step":"Pour la sauce","order":12},{"label":"Persil plat","shopGroup":"Herbes aromatiques","qte":"0.5","unit":"botte(s)","step":"Pour la sauce","order":13},{"label":"Huile d'arachide","shopGroup":"Epicerie","qte":"25","unit":"cl","step":"Pour la sauce","order":14},{"label":"Sel fin","shopGroup":"","qte":"6","unit":"pincée(s)","step":"Pour la sauce","order":15},{"label":"Moulin à poivre","shopGroup":"","qte":"6","unit":"tour(s)","step":"Pour la sauce","order":16},{"label":"Fleur de sel","shopGroup":"Epicerie","qte":"6","unit":"pincée(s)","step":"Pour la sauce","order":17}]}