{"title":"Cake au fromage de chèvre","description":"Préchauffer le four à 180 °C (th. 6). Couper le fromage de chèvre en petits cubes.<br /><br />Casser les oeufs dans un récipient et mélanger, puis ajouter la farine, la levure, l'huile, et le lait. Assaisonner et ajouter les cubes de fromage. Verser ensuite la pâte dans un moule à cake et l'enfourner pendant environ 40 min. Vérifier la cuisson avec la lame d'un couteau.<br /><br />Sortir le cake du four et le laisser tiédir.<br />","summary":"Une recette classique de cake parfumé au fromage de chèvre.","timePreparation":"45mn","timeBaking":"0mn","timeRest":"0mn","picture":"","ingredients":[{"label":"Farine de blé","shopGroup":"Epicerie","qte":"250","unit":"g","step":"","order":0},{"label":"Buche(s) de chèvre","shopGroup":"Fromage(s)","qte":"200","unit":"g","step":"","order":1},{"label":"Oeuf(s)","shopGroup":"Crèmerie  hors fromage","qte":"5","unit":"pièce(s)","step":"","order":2},{"label":"Lait 1/2 écrémé","shopGroup":"Crèmerie  hors fromage","qte":"15","unit":"cl","step":"","order":3},{"label":"Huile d'olive","shopGroup":"Epicerie","qte":"15","unit":"cl","step":"","order":4},{"label":"Levure chimique","shopGroup":"Epicerie","qte":"15","unit":"g","step":"","order":5},{"label":"Sel fin","shopGroup":"","qte":"6","unit":"pincée(s)","step":"","order":6},{"label":"Piment d'Espelette","shopGroup":"Epicerie","qte":"6","unit":"pincée(s)","step":"","order":7}],"chiefTip":"Vous pouvez réaliser des mini-cakes dans un moule en silicone pour l'apéritif.","id":10103}