{"title":"Chinoiserie de patates au poulet, cinq senteurs","description":"Préchauffer la friteuse.<br /><br />Pour la sauce : moudre ou écraser le poivre de Sichuan, puis rassembler tous les ingrédients dans un bol. Mélanger et réserver.<br /><br />Dans une casserole, porter de l'eau salée (10 g de gros sel/litre) à ébullition et blanchir les pommes de terre pendant 8 à 10 min. Les égoutter et les éplucher, puis les couper en cubes d'environ 2 cm. Les plonger ensuite dans la friteuse et les frire pendant 5 min. Réserver.<br /><br />Éplucher, dégermer et hacher l'ail. Effeuiller et ciseler la coriandre.<br />Dégraisser et désosser les cuisses de poulet, puis les couper en petits cubes. Ajouter la fécule et tamiser pour retirer l'excédent.<br /><br />Dans un wok, disposer un filet d'huile d'olive et faire suer l'ail jusqu'à ce qu'il devienne doré. Ajouter alors les pommes de terre, les cubes de poulet et la sauce.<br />Faire sauter l'ensemble à feu vif. Saler et poivrer.<br /><br />Dresser en assiettes creuses et finir avec la coriandre.<br />","summary":"Un wok de poulet avec des pommes de terre épicées aux senteurs chinoises.","timePreparation":"15mn","timeBaking":"15mn","timeRest":"0mn","picture":"","ingredients":[{"label":"Pomme(s) de terre Bintje","shopGroup":"Légumes","qte":"400","unit":"g","step":"","order":0},{"label":"Cuisse(s) de poulet (240 g)","shopGroup":"Volaille(s)","qte":"4","unit":"pièce(s)","step":"","order":1},{"label":"Fécule de pomme de terre","shopGroup":"Epicerie","qte":"60","unit":"g","step":"","order":2},{"label":"Sucre en poudre","shopGroup":"Epicerie","qte":"20","unit":"g","step":"Pour la sauce","order":3},{"label":"Sauce Soja","shopGroup":"Epicerie","qte":"2","unit":"cl","step":"Pour la sauce","order":4},{"label":"Cube(s) de bouillon de volaille","shopGroup":"Epicerie","qte":"1","unit":"pièce(s)","step":"Pour la sauce","order":5},{"label":"Poivre de Sichuan","shopGroup":"Epicerie","qte":"15","unit":"g","step":"Pour la sauce","order":6},{"label":"Huile d'olive","shopGroup":"Epicerie","qte":"5","unit":"cl","step":"Pour le reste de la recette","order":7},{"label":"Gousse(s) d'ail","shopGroup":"Légumes","qte":"1","unit":"gousse(s)","step":"Pour le reste de la recette","order":8},{"label":"Coriandre fraîche","shopGroup":"Herbes aromatiques","qte":"0.5","unit":"botte(s)","step":"Pour le reste de la recette","order":9},{"label":"Sel fin","shopGroup":"","qte":"6","unit":"pincée(s)","step":"Pour le reste de la recette","order":10},{"label":"Moulin à poivre","shopGroup":"","qte":"6","unit":"tour(s)","step":"Pour le reste de la recette","order":11},{"label":"Gros sel","shopGroup":"","qte":"20","unit":"g","step":"Pour le reste de la recette","order":12}],"chiefTip":"Vous pouvez ajouter 2 cl de sauce Chili paillettes afin d'obtenir une sauce plus forte.","id":10572}