{"title":"Chinoiserie de patates au poulet, cinq senteurs","description":"","summary":"Un wok de poulet avec des pommes de terre épicées aux senteurs chinoises.","timePreparation":"15mn","timeBaking":"15mn","timeRest":"0mn","picture":"","ingredients":[{"label":"Pomme(s) de terre Bintje","shopGroup":"Légumes","qte":"400","unit":"g","step":"","order":0},{"label":"Cuisse(s) de poulet (240 g)","shopGroup":"Volaille(s)","qte":"4","unit":"pièce(s)","step":"","order":1},{"label":"Fécule de pomme de terre","shopGroup":"Epicerie","qte":"60","unit":"g","step":"","order":2},{"label":"Sucre en poudre","shopGroup":"Epicerie","qte":"20","unit":"g","step":"Pour la sauce","order":3},{"label":"Sauce Soja","shopGroup":"Epicerie","qte":"2","unit":"cl","step":"Pour la sauce","order":4},{"label":"Cube(s) de bouillon de volaille","shopGroup":"Epicerie","qte":"1","unit":"pièce(s)","step":"Pour la sauce","order":5},{"label":"Poivre de Sichuan","shopGroup":"Epicerie","qte":"15","unit":"g","step":"Pour la sauce","order":6},{"label":"Huile d'olive","shopGroup":"Epicerie","qte":"5","unit":"cl","step":"Pour le reste de la recette","order":7},{"label":"Gousse(s) d'ail","shopGroup":"Légumes","qte":"1","unit":"gousse(s)","step":"Pour le reste de la recette","order":8},{"label":"Coriandre fraîche","shopGroup":"Herbes aromatiques","qte":"0.5","unit":"botte(s)","step":"Pour le reste de la recette","order":9},{"label":"Sel fin","shopGroup":"","qte":"6","unit":"pincée(s)","step":"Pour le reste de la recette","order":10},{"label":"Moulin à poivre","shopGroup":"","qte":"6","unit":"tour(s)","step":"Pour le reste de la recette","order":11},{"label":"Gros sel","shopGroup":"","qte":"20","unit":"g","step":"Pour le reste de la recette","order":12}],"chiefTip":"Vous pouvez ajouter 2 cl de sauce Chili paillettes afin d'obtenir une sauce plus forte.","id":10572}