{"title":"Parmentier de boeuf et pomme de terre","description":"","summary":"Un gratin de purée de pomme de terre et de boeuf haché, cuit au four.","timePreparation":"20mn","timeBaking":"20mn","timeRest":"0mn","picture":"","ingredients":[{"label":"Steack(s) haché(s) de 90 g","shopGroup":"Boucherie","qte":"6","unit":"pièce(s)","step":"","order":0},{"label":"Pomme(s) de terre  à chair farineuse","shopGroup":"Légumes","qte":"1","unit":"kg","step":"","order":1},{"label":"Carotte(s)","shopGroup":"Légumes","qte":"2","unit":"pièce(s)","step":"","order":2},{"label":"Oignon(s)","shopGroup":"Légumes","qte":"1","unit":"pièce(s)","step":"","order":3},{"label":"Aromate(s) ail, thym, laurier","shopGroup":"Herbes aromatiques","qte":"1","unit":"pièce(s)","step":"","order":4},{"label":"Sel fin","shopGroup":"","qte":"6","unit":"pincée(s)","step":"","order":5},{"label":"Moulin à poivre","shopGroup":"","qte":"6","unit":"tour(s)","step":"","order":6},{"label":"Huile d'olive","shopGroup":"Epicerie","qte":"5","unit":"cl","step":"","order":7},{"label":"Lait 1/2 écrémé","shopGroup":"Crèmerie  hors fromage","qte":"20","unit":"cl","step":"","order":8},{"label":"Beurre doux","shopGroup":"Crèmerie  hors fromage","qte":"50","unit":"g","step":"","order":9},{"label":"Gruyère râpé","shopGroup":"Fromage(s)","qte":"100","unit":"g","step":"","order":10}],"chiefTip":"Vous pouvez utiliser des steaks hachés pour cette recette, et les cuire encore congelés.","id":10031}