{"title":"Fricassée de volaille fermière et purée de topinambours au gingembre","description":"Éplucher les échalotes et les ciseler. Couper 2 tranches épaisses dans le gingembre. Éplucher les topinambours et les couper en cubes. Éplucher les champignons et les couper en quartiers.<br /><br />Découper la volaille à cru : lever les cuisses puis les suprêmes de la volaille. Couper les ailerons et les suprêmes en 2, couper les cuisses au niveau de la jointure.<br /><br />Dans une cocotte ou dans une casserole, faire fondre le beurre et y faire suer les échalotes pendant 1 à 2 min. Ajouter les topinambours et les 2 tranches de gingembre frais, puis saler et laisser cuire à couvert pendant 20 min.<br /><br />Dans une cocotte, verser un filet d'huile d'olive et colorer les cuisses et les ailerons de poulet. Quand les morceaux sont bien colorés, ajouter les champignons et 2 pincées de sel, puis déglacer avec le vin blanc et 10 cl d'eau. Couvrir et laisser cuire 15 min à feu doux.<br />Au bout de 1/4 h, ajouter les filets de poulet et la crème, poivrer et saler à nouveau légèrement. Laisser cuire à découvert pendant 8 min.<br /><br />Écraser les topinambours à la fourchette ou au fouet pour les réduire en purée.<br /><br />Dresser la purée dans les assiettes avec des cercles en inox. Ajouter un morceau de cuisse et un aileron, puis les champignons. Napper de sauce et retirer les cercles avant de servir.<br />","summary":"Des morceaux de volaille moelleux cuits dans leur jus, accompagnés d'une purée \"aphrodisiaque\" de topinambours.","timePreparation":"45mn","timeBaking":"30mn","timeRest":"0mn","picture":"","ingredients":[{"label":"Poulet(s) fermier(s) (1,5 kg)","shopGroup":"Volaille(s)","qte":"1","unit":"pièce(s)","step":"","order":0},{"label":"Topinambour(s)","shopGroup":"Légumes","qte":"400","unit":"g","step":"","order":1},{"label":"Champignon(s) de Paris","shopGroup":"Légumes","qte":"200","unit":"g","step":"","order":2},{"label":"Echalote(s)","shopGroup":"Légumes","qte":"120","unit":"g","step":"","order":3},{"label":"Beurre doux","shopGroup":"Crèmerie  hors fromage","qte":"80","unit":"g","step":"","order":4},{"label":"Crème liquide entière","shopGroup":"Crèmerie  hors fromage","qte":"10","unit":"cl","step":"","order":5},{"label":"Vin blanc sec","shopGroup":"Boissons alcoolisées","qte":"10","unit":"cl","step":"","order":6},{"label":"Gingembre frais","shopGroup":"Légumes","qte":"15","unit":"g","step":"","order":7},{"label":"Sel fin","shopGroup":"","qte":"6","unit":"pincée(s)","step":"","order":8},{"label":"Moulin à poivre","shopGroup":"","qte":"6","unit":"tour(s)","step":"","order":9},{"label":"Eau","shopGroup":"","qte":"10","unit":"cl","step":"","order":10},{"label":"Huile d'olive","shopGroup":"Epicerie","qte":"3","unit":"cl","step":"","order":11}],"chiefTip":"Pour une sauce plus lisse, enlevez la volaille et les champignons et mixez la sauce.Retrouvez la recette en vidéo en cliquant sur le bouton.","id":928}