{"id":928,"title":"Recette de Fricassée de volaille fermière et purée de topinambours au gingembre","description":"","summary":"Des morceaux de volaille moelleux cuits dans leur jus, accompagnés d'une purée \"aphrodisiaque\" de topinambours.","timePreparation":"45mn","timeBaking":"30mn","timeRest":"0mn","picture":"http://1.media.atelierdeschefs.com/recette-e928-fricassee-de-volaille-fermiere-et-puree-de-topinambours-au-gingembre.jpg","ingredients":[{"label":"Poulet(s) fermier(s) (1,5 kg)","shopGroup":"Volaille(s)","qte":"1","unit":"pièce(s)","step":"","order":0},{"label":"Topinambour(s)","shopGroup":"Légumes","qte":"400","unit":"g","step":"","order":1},{"label":"Champignon(s) de Paris","shopGroup":"Légumes","qte":"200","unit":"g","step":"","order":2},{"label":"Echalote(s)","shopGroup":"Légumes","qte":"120","unit":"g","step":"","order":3},{"label":"Beurre doux","shopGroup":"Crèmerie  hors fromage","qte":"80","unit":"g","step":"","order":4},{"label":"Crème liquide entière","shopGroup":"Crèmerie  hors fromage","qte":"10","unit":"cl","step":"","order":5},{"label":"Vin blanc sec","shopGroup":"Boissons alcoolisées","qte":"10","unit":"cl","step":"","order":6},{"label":"Gingembre frais","shopGroup":"Légumes","qte":"15","unit":"g","step":"","order":7},{"label":"Sel fin","shopGroup":"","qte":"6","unit":"pincée(s)","step":"","order":8},{"label":"Moulin à poivre","shopGroup":"","qte":"6","unit":"tour(s)","step":"","order":9},{"label":"Eau","shopGroup":"","qte":"10","unit":"cl","step":"","order":10},{"label":"Huile d'olive","shopGroup":"Epicerie","qte":"3","unit":"cl","step":"","order":11}]}