{"id":10025,"title":"Recette de Filet de poulet à l'estragon, pomme de terre au citron vert","description":"","summary":"Un filet de poulet piqué aux feuilles d'estragon, accompagné de pommes de terre au citron vert.","timePreparation":"15mn","timeBaking":"15mn","timeRest":"0mn","picture":"http://1.media.atelierdeschefs.com/recette-e10025-filet-de-poulet-a-l-estragon-pomme-de-terre-au-citron-vert.jpg","ingredients":[{"label":"Filet(s) de poulet (150 g)","shopGroup":"Volaille(s)","qte":"6","unit":"pièce(s)","step":"","order":0},{"label":"Estragon","shopGroup":"Herbes aromatiques","qte":"0.25","unit":"botte(s)","step":"","order":1},{"label":"Pomme(s) de terre grenaille","shopGroup":"Légumes","qte":"800","unit":"g","step":"","order":2},{"label":"Citron(s) vert(s)","shopGroup":"Fruits","qte":"1","unit":"pièce(s)","step":"","order":3},{"label":"Huile d'olive","shopGroup":"Epicerie","qte":"3","unit":"cl","step":"","order":4},{"label":"Sel fin","shopGroup":"","qte":"3","unit":"pincée(s)","step":"","order":5},{"label":"Moulin à poivre","shopGroup":"","qte":"3","unit":"tour(s)","step":"","order":6},{"label":"Beurre doux","shopGroup":"Crèmerie  hors fromage","qte":"30","unit":"g","step":"","order":7}]}