{"id":10637,"title":"Recette de Blinis de pommes de terre, carpaccio de noix de Saint-Jacques marinées","description":"","summary":"Des noix de Saint-Jacques crues aromatisées avec une huile parfumée au safran, servies avec des blinis de pommes de terre faits maison.","timePreparation":"15mn","timeBaking":"0mn","timeRest":"0mn","picture":"http://1.media.atelierdeschefs.com/recette-e10637-blinis-de-pommes-de-terre-carpaccio-de-noix-de-saint-jacques-marinees.jpg","ingredients":[{"label":"Noix de Saint Jacques","shopGroup":"Poissonnerie","qte":"18","unit":"pièce(s)","step":"Pour l'étape 1","order":0},{"label":"Citron(s) jaune(s)","shopGroup":"Fruits","qte":"1","unit":"pièce(s)","step":"Pour l'étape 1","order":1},{"label":"Pistils de safran","shopGroup":"Epicerie","qte":"5","unit":"pièce(s)","step":"Pour l'étape 1","order":2},{"label":"Olive(s) noire(s)","shopGroup":"Epicerie","qte":"20","unit":"g","step":"Pour l'étape 1","order":3},{"label":"Roquette","shopGroup":"Légumes","qte":"150","unit":"g","step":"Pour l'étape 1","order":4},{"label":"Sel fin","shopGroup":"","qte":"6","unit":"pincée(s)","step":"Pour l'étape 1","order":5},{"label":"Piment d'Espelette","shopGroup":"Epicerie","qte":"6","unit":"pincée(s)","step":"Pour l'étape 1","order":6},{"label":"Fleur de sel","shopGroup":"Epicerie","qte":"6","unit":"pincée(s)","step":"Pour l'étape 1","order":7},{"label":"Cerfeuil","shopGroup":"Herbes aromatiques","qte":"6","unit":"branche(s)","step":"Pour l'étape 1","order":8},{"label":"Huile d'olive","shopGroup":"","qte":"5","unit":"cl","step":"Pour l'étape 1","order":9},{"label":"Pomme(s) de terre à chair fondante","shopGroup":"Légumes","qte":"700","unit":"g","step":"Pour l'étape 2","order":10},{"label":"Oeuf(s)","shopGroup":"","qte":"6","unit":"pièce(s)","step":"Pour l'étape 2","order":11},{"label":"Sel fin","shopGroup":"","qte":"6","unit":"pincée(s)","step":"Pour l'étape 2","order":12},{"label":"Moulin à poivre","shopGroup":"","qte":"6","unit":"tour(s)","step":"Pour l'étape 2","order":13},{"label":"Huile d'olive","shopGroup":"Epicerie","qte":"3","unit":"cl","step":"Pour l'étape 2","order":14},{"label":"Gros sel","shopGroup":"","qte":"20","unit":"g","step":"Pour l'étape 2","order":15},{"label":"Mimolette","shopGroup":"Fromage(s)","qte":"100","unit":"g","step":"Pour l'étape 2","order":16}]}