{"title":"Financier pistaches et griottes, coulis de cerises","description":"","summary":"Petit gâteau moelleux aux griottes et pistaches, servi avec un coulis de cerises.","timePreparation":"15mn","timeBaking":"15mn","timeRest":"0mn","picture":"","ingredients":[{"label":"Blanc(s) d'oeuf","shopGroup":"Crèmerie  hors fromage","qte":"150","unit":"g","step":"","order":0},{"label":"Sucre glace","shopGroup":"Epicerie","qte":"175","unit":"g","step":"","order":1},{"label":"Beurre doux","shopGroup":"Crèmerie  hors fromage","qte":"150","unit":"g","step":"","order":2},{"label":"Farine de blé","shopGroup":"Epicerie","qte":"50","unit":"g","step":"","order":3},{"label":"Pistache(s) émondée(s)","shopGroup":"Epicerie","qte":"60","unit":"g","step":"","order":4},{"label":"Poudre d'amande","shopGroup":"Epicerie","qte":"20","unit":"g","step":"","order":5},{"label":"Griotte(s)","shopGroup":"Fruits","qte":"200","unit":"g","step":"","order":6}],"chiefTip":"150 g de blancs d'oeufs représentent 5 blancs d'oeufs de calibre moyen.","id":10503}