{"title":"Echine de porc poêlée, poireaux fondants et champignons de Paris","description":"Couper l'échine de porc en 6 morceaux. Fendre les poireaux dans la longueur, puis les laver. Éplucher l'oignon et les poireaux, puis les émincer. Couper les champignons de Paris en quartiers.<br /> <br />Dans une casserole, faire cuire l'oignon à feu doux pendant 3 min avec le beurre et une pincée de sel. Ajouter les poireaux et faire cuire à feu moyen 10 à 15 min. Ajouter les champignons et prolonger la cuisson de 5 min, à feu fort.<br /> <br />Dans une poêle chaude avec un filet d'huile, colorer les morceaux d'échine 3 min de chaque côté. Les assaisonner de sel et de poivre, puis ajouter la sauce soja et 10 cl d'eau. Couvrir et faire cuire à feu moyen durant 25 minutes, en retournant les morceaux pendant la cuisson.<br /><br />Dans une assiette, dresser un lit de légumes, poser l'échine et napper de sauce.<br />","summary":"Une pièce de porc dans de l'échine, poêlée puis cuite dans une sauce à base de sauce soja. Dans une cocotte, une fondue de poireaux, de champignons et d'oignon.","timePreparation":"15mn","timeBaking":"20mn","timeRest":"0mn","picture":"","ingredients":[{"label":"Echine de porc","shopGroup":"Boucherie","qte":"900","unit":"g","step":"","order":0},{"label":"Huile d'arachide","shopGroup":"Epicerie","qte":"2","unit":"cl","step":"","order":1},{"label":"Sel fin","shopGroup":"","qte":"3","unit":"pincée(s)","step":"","order":2},{"label":"Moulin à poivre","shopGroup":"","qte":"3","unit":"tour(s)","step":"","order":3},{"label":"Poireau(x)","shopGroup":"Légumes","qte":"5","unit":"pièce(s)","step":"","order":4},{"label":"Champignon(s) de Paris","shopGroup":"Légumes","qte":"250","unit":"g","step":"","order":5},{"label":"Oignon(s)","shopGroup":"Légumes","qte":"1","unit":"pièce(s)","step":"","order":6},{"label":"Beurre doux","shopGroup":"Crèmerie  hors fromage","qte":"10","unit":"g","step":"","order":7},{"label":"Sauce Soja","shopGroup":"Epicerie","qte":"10","unit":"cl","step":"","order":8}],"chiefTip":"Pensez à ne pas trop saler la viande car la sauce est à base de sauce soja.","id":10023}