{"title":"Echine de porc poêlée, poireaux fondants et champignons de Paris","description":"","summary":"Une pièce de porc dans de l'échine, poêlée puis cuite dans une sauce à base de sauce soja. Dans une cocotte, une fondue de poireaux, de champignons et d'oignon.","timePreparation":"15mn","timeBaking":"20mn","timeRest":"0mn","picture":"","ingredients":[{"label":"Echine de porc","shopGroup":"Boucherie","qte":"900","unit":"g","step":"","order":0},{"label":"Huile d'arachide","shopGroup":"Epicerie","qte":"2","unit":"cl","step":"","order":1},{"label":"Sel fin","shopGroup":"","qte":"3","unit":"pincée(s)","step":"","order":2},{"label":"Moulin à poivre","shopGroup":"","qte":"3","unit":"tour(s)","step":"","order":3},{"label":"Poireau(x)","shopGroup":"Légumes","qte":"5","unit":"pièce(s)","step":"","order":4},{"label":"Champignon(s) de Paris","shopGroup":"Légumes","qte":"250","unit":"g","step":"","order":5},{"label":"Oignon(s)","shopGroup":"Légumes","qte":"1","unit":"pièce(s)","step":"","order":6},{"label":"Beurre doux","shopGroup":"Crèmerie  hors fromage","qte":"10","unit":"g","step":"","order":7},{"label":"Sauce Soja","shopGroup":"Epicerie","qte":"10","unit":"cl","step":"","order":8}],"chiefTip":"Pensez à ne pas trop saler la viande car la sauce est à base de sauce soja.","id":10023}