{"title":"Smoothie pétillant, saveur pomme Tatin","description":"Éplucher et vider les pommes, puis les couper en petits dés et les réserver.<br /><br />Dans une poêle, disposer le sucre semoule et le laisser colorer sans remuer jusqu'à obtention d'un caramel. Mélanger ensuite à l'aide d'une cuillère, puis ajouter le beurre.<br />Verser les cubes de pomme, puis les laisser caraméliser. Laisser ensuite refroidir.<br /><br />Ajouter le lait et le jus de pomme, puis mixer le tout dans un blender. <br /><br />Servir dans un verre avec des glaçons et une paille, puis parsemer de sucre pétillant.<br />","summary":"Pour retrouver la saveur d'une tarte Tatin sous la forme d'un smoothie, des cubes de pomme sont caramélisés puis mixés dans un blender avec du jus de pomme et du lait. Le tout est servi glacé et parsemé d'un sucre pétillant.","timePreparation":"30mn","timeBaking":"0mn","timeRest":"0mn","picture":"","ingredients":[{"label":"Pomme(s) golden","shopGroup":"Fruits","qte":"4","unit":"pièce(s)","step":"","order":0},{"label":"Sucre en poudre","shopGroup":"Epicerie","qte":"100","unit":"g","step":"","order":1},{"label":"Beurre doux","shopGroup":"Crèmerie  hors fromage","qte":"25","unit":"g","step":"","order":2},{"label":"Jus de pomme","shopGroup":"Boissons sans alcool","qte":"20","unit":"cl","step":"","order":3},{"label":"Lait 1/2 écrémé","shopGroup":"Crèmerie  hors fromage","qte":"20","unit":"cl","step":"","order":4},{"label":"Sucre pétillant","shopGroup":"Epicerie","qte":"6","unit":"g","step":"","order":5}],"chiefTip":"Réalisez des recettes similaires avec des poires, des mangues ou de l'ananas caramélisés.","id":10672}