{"title":"Bagel au saumon fumé et au fromage frais","description":"","summary":"Un délicieux pain rond, ultra moelleux et grillé, garni de saumon fumé et de roquette.","timePreparation":"20mn","timeBaking":"0mn","timeRest":"0mn","picture":"","ingredients":[{"label":"Bagel(s)","shopGroup":"Boulangerie","qte":"6","unit":"pièce(s)","step":"","order":0},{"label":"Saumon fumé","shopGroup":"Poissonnerie","qte":"120","unit":"g","step":"","order":1},{"label":"Concombre(s)","shopGroup":"Légumes","qte":"1","unit":"pièce(s)","step":"","order":2},{"label":"Fromage frais","shopGroup":"Fromage(s)","qte":"120","unit":"g","step":"","order":3},{"label":"Sel fin","shopGroup":"","qte":"6","unit":"pincée(s)","step":"","order":4},{"label":"Moulin à poivre","shopGroup":"","qte":"6","unit":"tour(s)","step":"","order":5},{"label":"Roquette","shopGroup":"Légumes","qte":"100","unit":"g","step":"","order":6},{"label":"Huile d'olive","shopGroup":"Epicerie","qte":"6","unit":"cl","step":"","order":7}],"chiefTip":"Vous n'êtes pas obligé de griller le bagel avant de le garnir.Retrouvez la recette des bagels sur notre site Internet.","id":10281}