{"title":"Etuvée de poireaux, escalope de dinde roulée aux poivres et herbes","description":"Fendre les poireaux en 2 et les laver sous l'eau, puis les émincer en fines lamelles.<br />Couper les escalopes de veau en 3 et les aplatir si nécessaire. Les assaisonner de poivres concassés et de sel. Disposer ensuite une feuille de basilic sur chaque escalope de dinde, puis piquer avec un pic en bois pour maintenir le tout.<br /><br />Dans une grande poêle, mettre 50 g de beurre, ajouter les poireaux et les laisser cuire 10 min, jusqu'à ce que l'eau de végétation se soit évaporée. Saler et poivrer.<br /><br />Fariner les escalopes puis faire chauffer de l'huile dans une poêle. Cuire les escalopes 2 min de chaque côté et les assaisonner, puis les réserver. Déglacer ensuite la poêle avec le vin blanc, faire réduire la sauce de moitié et la lier avec le beurre.<br />Servir aussitôt accompagné des poireaux.<br />","summary":"Escalopes de dinde assaisonnées de poivres vert et noir, parfumées avec une feuille de basilic puis roulées, cuites à la poêle et servies avec des poireaux fondants.","timePreparation":"30mn","timeBaking":"0mn","timeRest":"0mn","picture":"","ingredients":[{"label":"Escalope(s) de dinde","shopGroup":"Volaille(s)","qte":"6","unit":"pièce(s)","step":"","order":0},{"label":"Basilic","shopGroup":"Herbes aromatiques","qte":"0.5","unit":"botte(s)","step":"","order":1},{"label":"Blanc(s) de poireau(x)","shopGroup":"Légumes","qte":"5","unit":"pièce(s)","step":"","order":2},{"label":"Vin blanc sec","shopGroup":"Boissons alcoolisées","qte":"10","unit":"cl","step":"","order":3},{"label":"Huile d'olive","shopGroup":"Epicerie","qte":"5","unit":"cl","step":"","order":4},{"label":"Sel fin","shopGroup":"","qte":"6","unit":"pincée(s)","step":"","order":5},{"label":"Poivre vert","shopGroup":"Epicerie","qte":"1","unit":"g","step":"","order":6},{"label":"Poivre blanc du Penja","shopGroup":"Epicerie","qte":"1","unit":"g","step":"","order":7},{"label":"Beurre doux","shopGroup":"Crèmerie  hors fromage","qte":"100","unit":"g","step":"","order":8},{"label":"Farine de blé","shopGroup":"Epicerie","qte":"50","unit":"g","step":"","order":9}],"chiefTip":"Vous pouvez varier les poivres et les herbes, et mettre par exemple du poivre rouge ou de l'estragon.","id":10049}