{"title":"Boeuf mitonné au vin rouge et oignons grelot caramélisés","description":"Couper la viande en cubes de 1 cm de côté, puis la fariner et l'assaisonner de sel et de poivre. La colorer ensuite dans une grande cocotte, avec un filet d'huile. Verser alors le vin rouge et ajouter le jus de veau, le thym et le laurier. Laisser cuire 20 min à petite ébullition.<br /><br />Dans une poêle, mettre les oignons encore surgelés avec le beurre, le sucre et une pincée de sel, puis recouvrir avec un peu d'eau et cuire rapidement jusqu'à complète évaporation (le sucre va alors prendre une légère couleur caramel).<br /><br />Servir les petits oignons caramélisés avec la viande et la sauce.<br />","summary":"Une mitonnée de petits dés de boeuf cuisinés au vin rouge et accompagnés de petits oignons caramélisés.","timePreparation":"30mn","timeBaking":"25mn","timeRest":"0mn","picture":"","ingredients":[{"label":"Viande de boeuf parée","shopGroup":"Boucherie","qte":"750","unit":"g","step":"","order":0},{"label":"Vin rouge","shopGroup":"Boissons alcoolisées","qte":"50","unit":"cl","step":"","order":1},{"label":"Oignon(s) grelot surgelé(s)","shopGroup":"Surgelés","qte":"150","unit":"g","step":"","order":2},{"label":"Gousse(s) d'ail","shopGroup":"Légumes","qte":"1","unit":"gousse(s)","step":"","order":3},{"label":"Branche(s) de thym","shopGroup":"Herbes aromatiques","qte":"1","unit":"pièce(s)","step":"","order":4},{"label":"Feuille(s) de laurier","shopGroup":"Herbes aromatiques","qte":"1","unit":"pièce(s)","step":"","order":5},{"label":"Farine de blé","shopGroup":"Epicerie","qte":"10","unit":"g","step":"","order":6},{"label":"Jus de veau déshydraté","shopGroup":"Epicerie","qte":"20","unit":"g","step":"","order":7},{"label":"Sel fin","shopGroup":"","qte":"6","unit":"pincée(s)","step":"","order":8},{"label":"Sucre en poudre","shopGroup":"Epicerie","qte":"20","unit":"g","step":"","order":9},{"label":"Beurre doux","shopGroup":"Crèmerie  hors fromage","qte":"15","unit":"g","step":"","order":10},{"label":"Huile d'arachide","shopGroup":"Epicerie","qte":"3","unit":"cl","step":"","order":11},{"label":"Moulin à poivre","shopGroup":"","qte":"6","unit":"tour(s)","step":"","order":12}],"chiefTip":"La veille, vous pouvez déjà mettre les cubes de viande à mariner dans le vin rouge.Accompagnez ce plat de pâtes.","id":10045}