{"id":10795,"title":"Recette de Pipe Rigate au blé complet en salsa de mangue et canard rôti","description":"","summary":"Des pâtes Pipe Rigate au blé complet cuites \"al dente\", garnies de petits dés de mangue, de fines tranches de filet de canard rôti et de pousses d'épinard fraîches, le tout assaisonné d'une vinaigrette tiède à l'orange et au poivre rose.","timePreparation":"30mn","timeBaking":"0mn","timeRest":"0mn","picture":"http://1.media.atelierdeschefs.com/recette-e10795-pipe-rigate-au-ble-complet-en-salsa-de-mangue-et-canard-roti.jpg","ingredients":[{"label":"Pipe rigate au blé complet","shopGroup":"Epicerie","qte":"500","unit":"g","step":"","order":0},{"label":"Mangue(s)","shopGroup":"Fruits","qte":"0.5","unit":"pièce(s)","step":"","order":1},{"label":"Filet(s) de canette","shopGroup":"Volaille(s)","qte":"3","unit":"pièce(s)","step":"","order":2},{"label":"Pousse(s) d'épinard","shopGroup":"Légumes","qte":"150","unit":"g","step":"","order":3},{"label":"Orange(s)","shopGroup":"Fruits","qte":"2","unit":"pièce(s)","step":"","order":4},{"label":"Huile d'olive","shopGroup":"Epicerie","qte":"10","unit":"cl","step":"","order":5},{"label":"Baie(s) rose(s)","shopGroup":"Epicerie","qte":"10","unit":"g","step":"","order":6},{"label":"Sel fin","shopGroup":"","qte":"6","unit":"pincée(s)","step":"","order":7},{"label":"Moulin à poivre","shopGroup":"","qte":"6","unit":"tour(s)","step":"","order":8}]}