{"title":"Macaron au sucre cuit au chocolat","description":"<br /><b>Pour les coques de macaron :</b><br />Préchauffer le four à 160 °C (th. 5). <br /><br />Mixer la poudre d'amande et le sucre glace pendant 30 secondes, puis tamiser.<br /><br />Dans une casserole, mélanger l'eau et le sucre semoule avec une spatule. Cuire à 118-119 °C. Avant d'atteindre cette température, verser 75 g de blancs dans la cuve d'un batteur et les monter. Lorsque le sucre a atteint la bonne température, le verser sur les blancs montés. Fouetter ensuite jusqu'à refroidissement de la meringue.<br /><br />Verser le reste des blancs d'oeufs sur le tant pour tant. Incorporer une petite partie de la meringue froide à ce mélange, puis ajouter le reste. A l'aide d'une corne en plastique ou d'une spatule \"macaroner\" la préparation (rabattre délicatement la préparation sur elle-même en prenant l'ensemble de la masse, l'appareil doit devenir moelleux et brillant et réaliser un ruban)<br /><br />Remplir une poche à douille avec cette préparation, puis dresser les macarons sur un tapis de cuisson ou sur une feuille de papier sulfurisé. Tapoter légèrement la plaque et décorer d'une pincée de grué de cacao. Puis enfourner pendant 12 à 15 min en ouvrant 2 à 3 fois le four à mi-cuisson afin de chasser l'humidité.<br /><br /><b>Pour la garniture</b><br />Réaliser la ganache au chocolat noir : faire bouillir la crème liquide, puis la verser sur le chocolat non fondu. Mélanger délicatement puis réserver au frais (attention, la ganache ne doit pas durcir mais avoir une texture crémeuse, relativement compacte).<br />Pour le montage : mettre la ganache dans une poche à douille. Décoller les coquilles lorsqu'elles ont refroidi, puis les garnir de ganache. Refermer avec une autre coquille.<br /><br />Conserver les macarons au frais pendant 24 h, puis les sortir 2 h avant la dégustation.<br />","summary":"Un macaron tout en chocolat : les coques au chocolat sont garnies d'une ganache au chocolat noir.","timePreparation":"15mn","timeBaking":"20mn","timeRest":"1h30mn","picture":"","ingredients":[{"label":"Poudre d'amande","shopGroup":"Epicerie","qte":"200","unit":"g","step":"Pour les macarons","order":0},{"label":"Sucre glace","shopGroup":"Epicerie","qte":"200","unit":"g","step":"Pour les macarons","order":1},{"label":"Grué de cacao","shopGroup":"Epicerie","qte":"30","unit":"g","step":"Pour les macarons","order":2},{"label":"Blanc(s) d'oeuf","shopGroup":"Crèmerie  hors fromage","qte":"150","unit":"g","step":"Pour les macarons","order":3},{"label":"Sucre en poudre","shopGroup":"Epicerie","qte":"200","unit":"g","step":"Pour les macarons","order":4},{"label":"Eau","shopGroup":"","qte":"5","unit":"cl","step":"Pour les macarons","order":5},{"label":"Chocolat noir","shopGroup":"Epicerie","qte":"150","unit":"g","step":"Pour la garniture","order":6},{"label":"Crème liquide entière","shopGroup":"Crèmerie  hors fromage","qte":"15","unit":"cl","step":"Pour la garniture","order":7}],"chiefTip":"Utilisez de préférence des colorants en poudre pour la réalisation des coques. Le diamètre idéal des coques est de 4 cm.","id":10630}