{"title":"Macaron au sucre cuit au chocolat","description":"","summary":"Un macaron tout en chocolat : les coques au chocolat sont garnies d'une ganache au chocolat noir.","timePreparation":"15mn","timeBaking":"20mn","timeRest":"1h30mn","picture":"","ingredients":[{"label":"Poudre d'amande","shopGroup":"Epicerie","qte":"200","unit":"g","step":"Pour les macarons","order":0},{"label":"Sucre glace","shopGroup":"Epicerie","qte":"200","unit":"g","step":"Pour les macarons","order":1},{"label":"Grué de cacao","shopGroup":"Epicerie","qte":"30","unit":"g","step":"Pour les macarons","order":2},{"label":"Blanc(s) d'oeuf","shopGroup":"Crèmerie  hors fromage","qte":"150","unit":"g","step":"Pour les macarons","order":3},{"label":"Sucre en poudre","shopGroup":"Epicerie","qte":"200","unit":"g","step":"Pour les macarons","order":4},{"label":"Eau","shopGroup":"","qte":"5","unit":"cl","step":"Pour les macarons","order":5},{"label":"Chocolat noir","shopGroup":"Epicerie","qte":"150","unit":"g","step":"Pour la garniture","order":6},{"label":"Crème liquide entière","shopGroup":"Crèmerie  hors fromage","qte":"15","unit":"cl","step":"Pour la garniture","order":7}],"chiefTip":"Utilisez de préférence des colorants en poudre pour la réalisation des coques. Le diamètre idéal des coques est de 4 cm.","id":10630}