{"title":"Blinis d'avoine, crème de raifort et saumon fumé","description":"<br /><b>Réaliser l'appareil à blinis :</b><br />Délayer la levure dans le lait demi-écrémé tiède. Ajouter ensuite la farine, le sucre, le sel et les flocons d'avoine.<br /><br />Séparer le blanc et le jaune des oeufs. Monter d'une part les blancs en neige. D'autre part, mélanger les jaunes avec le lait et la farine. Incorporer ensuite délicatement les blancs. Fouetter la crème puis l'ajouter au reste.<br /><br /><b>Pour le reste de la recette :</b><br />Dans un bol, mélanger la crème épaisse, le jus de citron, le raifort et assaisonner de sel et de poivre.<br /><br />Dans une poêle anti-adhésive chaude, mettre 1 filet d'huile de colza et déposer 4 cuillères à soupe de pâte à blinis, pour former 4 blinis. Les cuire environ 1 minute de chaque côté.<br /><br />Servir les blinis agrémentés de saumon fumé harmonieusement plié. Y ajouter une touche de crème au raifort et décorer de quelques branches d'aneth.<br />","summary":"Une pâte à blinis à base de farine de blé, dans laquelle sont incorporés quelques flocons d'avoine pour apporter du croustillant. Les blinis sont cuits à la poêle avec de l'huile de colza et servis avec une crème épaisse au raifort et au citron ainsi que des tranches de saumon fumé.","timePreparation":"25mn","timeBaking":"10mn","timeRest":"0mn","picture":"","ingredients":[{"label":"Tranche(s) de saumon fumé","shopGroup":"Poissonnerie","qte":"6","unit":"pièce(s)","step":"","order":0},{"label":"Crème fraîche épaisse allégée","shopGroup":"Crèmerie  hors fromage","qte":"20","unit":"cl","step":"","order":1},{"label":"Raifort en pot","shopGroup":"Epicerie","qte":"10","unit":"g","step":"","order":2},{"label":"Jus de citron","shopGroup":"Boissons sans alcool","qte":"3","unit":"cl","step":"","order":3},{"label":"Sel fin","shopGroup":"","qte":"3","unit":"pincée(s)","step":"","order":4},{"label":"Moulin à poivre","shopGroup":"","qte":"3","unit":"tour(s)","step":"","order":5},{"label":"Flocons d'avoine Quaker Oats","shopGroup":"Epicerie","qte":"50","unit":"g","step":"Pour l'appareil","order":6},{"label":"Farine de blé","shopGroup":"Epicerie","qte":"150","unit":"g","step":"Pour l'appareil","order":7},{"label":"Oeuf(s)","shopGroup":"Crèmerie  hors fromage","qte":"2","unit":"pièce(s)","step":"Pour l'appareil","order":8},{"label":"Sachet(s) de levure chimique (11g)","shopGroup":"Epicerie","qte":"0.5","unit":"pièce(s)","step":"Pour l'appareil","order":9},{"label":"Crème liquide entière","shopGroup":"Crèmerie  hors fromage","qte":"25","unit":"cl","step":"Pour l'appareil","order":10},{"label":"Lait 1/2 écrémé","shopGroup":"Crèmerie  hors fromage","qte":"15","unit":"cl","step":"Pour l'appareil","order":11},{"label":"Sel fin","shopGroup":"","qte":"2","unit":"pincée(s)","step":"Pour l'appareil","order":12},{"label":"Sucre en poudre","shopGroup":"Epicerie","qte":"2","unit":"g","step":"Pour l'appareil","order":13},{"label":"Huile de colza","shopGroup":"Epicerie","qte":"5","unit":"cl","step":"Pour l'appareil","order":14}],"chiefTip":"Pour accentuer le parfum des flocons d'avoine, vous pouvez les torréfier.Vous pouvez remplacer le raifort par des herbes fraîches hachées.","id":10483}