{"id":10483,"title":"Recette de Blinis d'avoine, crème de raifort et saumon fumé","description":"","summary":"Une pâte à blinis à base de farine de blé, dans laquelle sont incorporés quelques flocons d'avoine pour apporter du croustillant. Les blinis sont cuits à la poêle avec de l'huile de colza et servis avec une crème épaisse au raifort et au citron ainsi que des tranches de saumon fumé.","timePreparation":"25mn","timeBaking":"10mn","timeRest":"0mn","picture":"http://1.media.atelierdeschefs.com/recette-e10483-blinis-d-avoine-creme-de-raifort-et-saumon-fume.jpg","ingredients":[{"label":"Tranche(s) de saumon fumé","shopGroup":"Poissonnerie","qte":"6","unit":"pièce(s)","step":"","order":0},{"label":"Crème fraîche épaisse allégée","shopGroup":"Crèmerie  hors fromage","qte":"20","unit":"cl","step":"","order":1},{"label":"Raifort en pot","shopGroup":"Epicerie","qte":"10","unit":"g","step":"","order":2},{"label":"Jus de citron","shopGroup":"Boissons sans alcool","qte":"3","unit":"cl","step":"","order":3},{"label":"Sel fin","shopGroup":"","qte":"3","unit":"pincée(s)","step":"","order":4},{"label":"Moulin à poivre","shopGroup":"","qte":"3","unit":"tour(s)","step":"","order":5},{"label":"Flocons d'avoine Quaker Oats","shopGroup":"Epicerie","qte":"50","unit":"g","step":"Pour l'appareil","order":6},{"label":"Farine de blé","shopGroup":"Epicerie","qte":"150","unit":"g","step":"Pour l'appareil","order":7},{"label":"Oeuf(s)","shopGroup":"Crèmerie  hors fromage","qte":"2","unit":"pièce(s)","step":"Pour l'appareil","order":8},{"label":"Sachet(s) de levure chimique (11g)","shopGroup":"Epicerie","qte":"0.5","unit":"pièce(s)","step":"Pour l'appareil","order":9},{"label":"Crème liquide entière","shopGroup":"Crèmerie  hors fromage","qte":"25","unit":"cl","step":"Pour l'appareil","order":10},{"label":"Lait 1/2 écrémé","shopGroup":"Crèmerie  hors fromage","qte":"15","unit":"cl","step":"Pour l'appareil","order":11},{"label":"Sel fin","shopGroup":"","qte":"2","unit":"pincée(s)","step":"Pour l'appareil","order":12},{"label":"Sucre en poudre","shopGroup":"Epicerie","qte":"2","unit":"g","step":"Pour l'appareil","order":13},{"label":"Huile de colza","shopGroup":"Epicerie","qte":"5","unit":"cl","step":"Pour l'appareil","order":14}]}