{"id":10667,"title":"Recette de Salade de rattes thaïe","description":"","summary":"Salade de pommes de terre rattes relevée aux saveurs asiatiques.","timePreparation":"30mn","timeBaking":"0mn","timeRest":"0mn","picture":"http://1.media.atelierdeschefs.com/recette-e10667-salade-de-rattes-thaie.jpg","ingredients":[{"label":"Pomme(s) de terre ratte","shopGroup":"Légumes","qte":"800","unit":"g","step":"","order":0},{"label":"Poivron(s) rouge(s)","shopGroup":"Légumes","qte":"2","unit":"pièce(s)","step":"","order":1},{"label":"Poivron(s) jaune(s)","shopGroup":"Légumes","qte":"2","unit":"pièce(s)","step":"","order":2},{"label":"Oignon(s) rouge(s)","shopGroup":"Légumes","qte":"1","unit":"pièce(s)","step":"","order":3},{"label":"Citron(s) vert(s)","shopGroup":"Fruits","qte":"1","unit":"pièce(s)","step":"","order":4},{"label":"Lait de coco non sucré","shopGroup":"Epicerie","qte":"15","unit":"cl","step":"","order":5},{"label":"Coriandre fraîche","shopGroup":"Herbes aromatiques","qte":"1","unit":"botte(s)","step":"","order":6},{"label":"Basilic thaï","shopGroup":"Herbes aromatiques","qte":"0.25","unit":"botte(s)","step":"","order":7},{"label":"Cacahuète(s)","shopGroup":"Epicerie","qte":"50","unit":"g","step":"","order":8},{"label":"Noix de cajou","shopGroup":"Epicerie","qte":"50","unit":"g","step":"","order":9},{"label":"Sauce piment chili","shopGroup":"Epicerie","qte":"2","unit":"cl","step":"","order":10},{"label":"Sauce Soja","shopGroup":"Epicerie","qte":"2","unit":"cl","step":"","order":11},{"label":"Sel fin","shopGroup":"","qte":"3","unit":"pincée(s)","step":"","order":12},{"label":"Moulin à poivre","shopGroup":"","qte":"6","unit":"tour(s)","step":"","order":13},{"label":"Gros sel","shopGroup":"","qte":"10","unit":"g","step":"","order":14}]}