{"title":"Salade de rattes thaïe","description":"Laver les rattes, puis les disposer dans une casserole remplie d'eau salée au gros sel. Porter à ébullition (vérifier la cuisson avec la pointe d'un couteau, elle doit rentrer facilement dans la chair). Égoutter ensuite les pommes de terre et les laisser tiédir, puis les éplucher et les couper en 2.<br /><br />Effeuiller les herbes et les ciseler grossièrement. Ciseler finement l'oignon rouge en petits cubes. Éplucher les poivrons et les épépiner, puis les tailler en fins bâtonnets.  <br />Prélever le jus du citron vert.<br /><br />Dans un cul-de-poule, mélanger le jus de citron, le lait de coco, la sauce Chili, la sauce soja, le sel et le poivre. Ajouter ensuite les rattes, les poivrons, les noix de cajou, les cacahuètes, l'oignon rouge et les herbes. Bien mélanger le tout.<br />","summary":"Salade de pommes de terre rattes relevée aux saveurs asiatiques.","timePreparation":"30mn","timeBaking":"0mn","timeRest":"0mn","picture":"","ingredients":[{"label":"Pomme(s) de terre ratte","shopGroup":"Légumes","qte":"800","unit":"g","step":"","order":0},{"label":"Poivron(s) rouge(s)","shopGroup":"Légumes","qte":"2","unit":"pièce(s)","step":"","order":1},{"label":"Poivron(s) jaune(s)","shopGroup":"Légumes","qte":"2","unit":"pièce(s)","step":"","order":2},{"label":"Oignon(s) rouge(s)","shopGroup":"Légumes","qte":"1","unit":"pièce(s)","step":"","order":3},{"label":"Citron(s) vert(s)","shopGroup":"Fruits","qte":"1","unit":"pièce(s)","step":"","order":4},{"label":"Lait de coco non sucré","shopGroup":"Epicerie","qte":"15","unit":"cl","step":"","order":5},{"label":"Coriandre fraîche","shopGroup":"Herbes aromatiques","qte":"1","unit":"botte(s)","step":"","order":6},{"label":"Basilic thaï","shopGroup":"Herbes aromatiques","qte":"0.25","unit":"botte(s)","step":"","order":7},{"label":"Cacahuète(s)","shopGroup":"Epicerie","qte":"50","unit":"g","step":"","order":8},{"label":"Noix de cajou","shopGroup":"Epicerie","qte":"50","unit":"g","step":"","order":9},{"label":"Sauce piment chili","shopGroup":"Epicerie","qte":"2","unit":"cl","step":"","order":10},{"label":"Sauce Soja","shopGroup":"Epicerie","qte":"2","unit":"cl","step":"","order":11},{"label":"Sel fin","shopGroup":"","qte":"3","unit":"pincée(s)","step":"","order":12},{"label":"Moulin à poivre","shopGroup":"","qte":"6","unit":"tour(s)","step":"","order":13},{"label":"Gros sel","shopGroup":"","qte":"10","unit":"g","step":"","order":14}],"chiefTip":"Cette salade peut servir d'accompagnement à du poulet, du boeuf ou du porc.","id":10667}