{"title":"Oeuf cocotte à la mexicaine","description":"Couper le chorizo en petits dés.<br />Casser le haut des oeufs avec la pointe d'un couteau ou avec un toque-oeuf. Récupérer les jaunes et la moitié des blancs dans des tasses séparées.<br /><br />Garnir le fond des coquilles de dés de chorizo, puis remettre le jaune et le blanc par-dessus. Assaisonner de piment d'Espelette et de sel fin.<br /><br />Dans un bol, mélanger la purée de haricots rouges et la crème. Rectifier l'assaisonnement en sel, puis passer l'ensemble au chinois afin d'éliminer les grosses particules.<br />Mettre la crème ainsi obtenue dans un siphon et injecter une cartouche de gaz. Laisser reposer au frais.<br /><br />Porter un grand volume d'eau à ébullition, puis stopper le feu et poser les oeufs à la surface pour les laisser flotter et les cuire (ils sont cuits lorsque le blanc a coagulé autour du jaune).<br />Ajouter alors l'équivalent d'une cuillerée de mousse à l'aide du siphon.<br /><br />Présenter les oeufs sur un lit de gros sel ou en coquetiers.<br />","summary":"Un oeuf crémeux au chorizo, accompagné d'une mousse légère à la purée de haricots rouges.","timePreparation":"10mn","timeBaking":"5mn","timeRest":"0mn","picture":"","ingredients":[{"label":"Crème liquide entière","shopGroup":"Crèmerie  hors fromage","qte":"25","unit":"cl","step":"","order":0},{"label":"Purée de haricots rouges","shopGroup":"Conserve","qte":"100","unit":"g","step":"","order":1},{"label":"Oeuf(s)","shopGroup":"Crèmerie  hors fromage","qte":"12","unit":"pièce(s)","step":"","order":2},{"label":"Piment d'Espelette","shopGroup":"Epicerie","qte":"6","unit":"pincée(s)","step":"","order":3},{"label":"Chorizo fort","shopGroup":"Charcuterie","qte":"100","unit":"g","step":"","order":4},{"label":"Sel fin","shopGroup":"","qte":"6","unit":"pincée(s)","step":"","order":5}],"chiefTip":"Pour une recette très gourmande, vous pouvez servir les oeufs avec des mouillettes garnies de guacamole.","id":10412}