{"title":"Oeuf cocotte à la mexicaine","description":"","summary":"Un oeuf crémeux au chorizo, accompagné d'une mousse légère à la purée de haricots rouges.","timePreparation":"10mn","timeBaking":"5mn","timeRest":"0mn","picture":"","ingredients":[{"label":"Crème liquide entière","shopGroup":"Crèmerie  hors fromage","qte":"25","unit":"cl","step":"","order":0},{"label":"Purée de haricots rouges","shopGroup":"Conserve","qte":"100","unit":"g","step":"","order":1},{"label":"Oeuf(s)","shopGroup":"Crèmerie  hors fromage","qte":"12","unit":"pièce(s)","step":"","order":2},{"label":"Piment d'Espelette","shopGroup":"Epicerie","qte":"6","unit":"pincée(s)","step":"","order":3},{"label":"Chorizo fort","shopGroup":"Charcuterie","qte":"100","unit":"g","step":"","order":4},{"label":"Sel fin","shopGroup":"","qte":"6","unit":"pincée(s)","step":"","order":5}],"chiefTip":"Pour une recette très gourmande, vous pouvez servir les oeufs avec des mouillettes garnies de guacamole.","id":10412}