{"id":10766,"title":"Recette de Macaron Sunrise au sucre cuit, orange et confit grenadine","description":"","summary":"Un macaron au sucre cuit, aux zestes d'orange confits à la grenadine et à la crème à l'orange.","timePreparation":"30mn","timeBaking":"15mn","timeRest":"0mn","picture":"http://1.media.atelierdeschefs.com/recette-e10766-macaron-sunrise-au-sucre-cuit-orange-et-confit-grenadine.jpg","ingredients":[{"label":"Poudre d'amande","shopGroup":"Epicerie","qte":"200","unit":"g","step":"Pour les macarons","order":0},{"label":"Sucre glace","shopGroup":"Epicerie","qte":"200","unit":"g","step":"Pour les macarons","order":1},{"label":"Blanc(s) d'oeuf","shopGroup":"Crèmerie  hors fromage","qte":"150","unit":"g","step":"Pour les macarons","order":2},{"label":"Sucre en poudre","shopGroup":"","qte":"200","unit":"g","step":"Pour les macarons","order":3},{"label":"Eau","shopGroup":"","qte":"5","unit":"cl","step":"Pour les macarons","order":4},{"label":"Colorant alimentaire orange","shopGroup":"Epicerie","qte":"2","unit":"goutte(s)","step":"Pour les macarons","order":5},{"label":"Orange(s) non traitée(s)","shopGroup":"Fruits","qte":"1","unit":"pièce(s)","step":"Pour la garniture","order":6},{"label":"Sucre en poudre","shopGroup":"Epicerie","qte":"60","unit":"g","step":"Pour la garniture","order":7},{"label":"Beurre doux","shopGroup":"Crèmerie  hors fromage","qte":"60","unit":"g","step":"Pour la garniture","order":8},{"label":"Feuille(s) de gélatine de 2 g","shopGroup":"Epicerie","qte":"2","unit":"pièce(s)","step":"Pour la garniture","order":9},{"label":"Oeuf(s)","shopGroup":"Crèmerie  hors fromage","qte":"1","unit":"pièce(s)","step":"Pour la garniture","order":10},{"label":"Sirop de grenadine","shopGroup":"Boissons sans alcool","qte":"10","unit":"cl","step":"Pour la garniture","order":11},{"label":"Jaune(s) d'oeuf(s)","shopGroup":"Crèmerie  hors fromage","qte":"1","unit":"pièce(s)","step":"Pour la garniture","order":12}]}