{"title":"Jambalaya (riz moelleux au chorizo)","description":"","summary":"Un plat complet à base de riz aromatisé au safran et de chorizo cuit avec des gambas et des blancs de poulet.","timePreparation":"30mn","timeBaking":"0mn","timeRest":"0mn","picture":"","ingredients":[{"label":"Gambas surgelée(s)","shopGroup":"Surgelés","qte":"12","unit":"pièce(s)","step":"","order":0},{"label":"Filet(s) de poulet (150 g)","shopGroup":"Volaille(s)","qte":"3","unit":"pièce(s)","step":"","order":1},{"label":"Chorizo","shopGroup":"Charcuterie","qte":"150","unit":"g","step":"","order":2},{"label":"Huile d'olive","shopGroup":"Epicerie","qte":"2","unit":"cl","step":"","order":3},{"label":"Riz basmati","shopGroup":"Epicerie","qte":"500","unit":"g","step":"","order":4},{"label":"Eau","shopGroup":"","qte":"75","unit":"cl","step":"","order":5},{"label":"Sel fin","shopGroup":"","qte":"6","unit":"pincée(s)","step":"","order":6},{"label":"Pistils de safran","shopGroup":"Epicerie","qte":"2","unit":"g","step":"","order":7},{"label":"Fleur de sel","shopGroup":"Epicerie","qte":"6","unit":"pincée(s)","step":"","order":8},{"label":"Piment d'Espelette","shopGroup":"Epicerie","qte":"6","unit":"g","step":"","order":9}],"chiefTip":"Gardez les têtes des gambas et faites-les revenir avec le poulet : elles vont parfumer le riz pendant sa cuisson. Retirez-les au moment de servir.","id":951}