{"title":"Salade de fruits exotiques","description":"Faire bouillir l'eau avec le sucre et les épices, laisser refroidir puis filtrer. <br /><br />Éplucher 1 orange en la pelant à vif et lever les segments. Éplucher l'ananas,la papaye, la mangue, les kiwis et tailler l'ensemble des fruits en petits dés. <br /><br />Presser le jus du citron vert et celui de l'orange, les ajouter au sirop, puis verser ce dernier sur les fruits. Servir très frais.<br />","summary":"Des petits cubes de fruits exotiques servis dans un sirop à base d'épices, de jus de citron vert et d'orange.","timePreparation":"30mn","timeBaking":"5mn","timeRest":"2h","picture":"","ingredients":[{"label":"Ananas","shopGroup":"Fruits","qte":"1","unit":"pièce(s)","step":"","order":0},{"label":"Orange(s)","shopGroup":"Fruits","qte":"2","unit":"pièce(s)","step":"","order":1},{"label":"Papaye(s)","shopGroup":"Fruits","qte":"2","unit":"pièce(s)","step":"","order":2},{"label":"Kiwi(s)","shopGroup":"Fruits","qte":"2","unit":"pièce(s)","step":"","order":3},{"label":"Mangue(s)","shopGroup":"Fruits","qte":"1","unit":"pièce(s)","step":"","order":4},{"label":"Sucre en poudre","shopGroup":"Epicerie","qte":"100","unit":"g","step":"","order":5},{"label":"Bâton(s) de cannelle","shopGroup":"Epicerie","qte":"1","unit":"pièce(s)","step":"","order":6},{"label":"Citron(s) vert(s)","shopGroup":"Fruits","qte":"1","unit":"pièce(s)","step":"","order":7},{"label":"Poivre de Sichuan","shopGroup":"Epicerie","qte":"5","unit":"g","step":"","order":8},{"label":"Eau","shopGroup":"","qte":"25","unit":"cl","step":"","order":9}],"chiefTip":"Vous pouvez accompagner ce dessert d'une tuile au sésame ou d'un sorbet exotique aux épices.","id":9}