{"id":10387,"title":"Recette de Spaghetti et boulettes de veau, sauce tomate et basilic","description":"","summary":"Les spaghetti de la \"Mama\" revisités par l'atelier des Chefs.","timePreparation":"30mn","timeBaking":"25mn","timeRest":"0mn","picture":"http://1.media.atelierdeschefs.com/recette-e10387-spaghetti-et-boulettes-de-veau-sauce-tomate-et-basilic.jpg","ingredients":[{"label":"Spaghetti","shopGroup":"Epicerie","qte":"480","unit":"g","step":"","order":0},{"label":"Oignon(s)","shopGroup":"Légumes","qte":"2","unit":"pièce(s)","step":"","order":1},{"label":"Gousse(s) d'ail","shopGroup":"Légumes","qte":"1","unit":"gousse(s)","step":"","order":2},{"label":"Basilic","shopGroup":"Herbes aromatiques","qte":"0.5","unit":"botte(s)","step":"","order":3},{"label":"Tomate(s)","shopGroup":"Fruits","qte":"6","unit":"pièce(s)","step":"","order":4},{"label":"Epaule(s) de veau","shopGroup":"Boucherie","qte":"900","unit":"g","step":"","order":5},{"label":"Persil plat","shopGroup":"Herbes aromatiques","qte":"0.25","unit":"botte(s)","step":"","order":6},{"label":"Paprika","shopGroup":"Epicerie","qte":"3","unit":"g","step":"","order":7},{"label":"Curry doux","shopGroup":"Epicerie","qte":"3","unit":"g","step":"","order":8},{"label":"Huile d'olive","shopGroup":"Epicerie","qte":"5","unit":"cl","step":"","order":9},{"label":"Thym frais","shopGroup":"Herbes aromatiques","qte":"1","unit":"branche(s)","step":"","order":10},{"label":"Feuille(s) de laurier","shopGroup":"Herbes aromatiques","qte":"1","unit":"pièce(s)","step":"","order":11},{"label":"Tomate(s) confite(s)","shopGroup":"Epicerie","qte":"150","unit":"g","step":"","order":12},{"label":"Vin blanc sec","shopGroup":"Boissons alcoolisées","qte":"5","unit":"cl","step":"","order":13},{"label":"Sel fin","shopGroup":"","qte":"3","unit":"pincée(s)","step":"","order":14},{"label":"Piment d'Espelette","shopGroup":"Epicerie","qte":"2","unit":"pincée(s)","step":"","order":15},{"label":"Gros sel","shopGroup":"","qte":"35","unit":"g","step":"","order":16},{"label":"Eau","shopGroup":"","qte":"5","unit":"l","step":"","order":17}]}