{"id":9021,"title":"Recette de Mini-tournedos de cabillaud au jambon de Parme, coulis de poivron rouge","description":"","summary":"Cube de cabillaud piqué avec une lamelle de poivron et enveloppé comme un tournedos d'une fine tranche de jambon de Parme. Ce mini-tournedos est poêlé puis servi avec un coulis de poivron rouge mixé à cru.","timePreparation":"15mn","timeBaking":"0mn","timeRest":"0mn","picture":"http://1.media.atelierdeschefs.com/recette-e9021-mini-tournedos-de-cabillaud-au-jambon-de-parme-coulis-de-poivron-rouge.jpg","ingredients":[{"label":"Pavé(s) de cabillaud de 150 g","shopGroup":"Poissonnerie","qte":"3","unit":"pièce(s)","step":"","order":0},{"label":"Tranche(s) de Jambon de Parme","shopGroup":"Charcuterie","qte":"6","unit":"pièce(s)","step":"","order":1},{"label":"Poivron(s) rouge(s)","shopGroup":"Légumes","qte":"5","unit":"pièce(s)","step":"","order":2},{"label":"Sel fin","shopGroup":"","qte":"6","unit":"pincée(s)","step":"","order":3},{"label":"Piment d'Espelette","shopGroup":"Epicerie","qte":"6","unit":"pincée(s)","step":"","order":4},{"label":"Huile d'olive","shopGroup":"Epicerie","qte":"5","unit":"cl","step":"","order":5}]}