{"title":"Figues rôties au miel et macaron au pain d'épice","description":"","summary":"Macaron garni d'une crème pâtissière au pain d'épice et figues rôties au miel.","timePreparation":"45mn","timeBaking":"15mn","timeRest":"15mn","picture":"","ingredients":[{"label":"Blanc(s) d'oeuf","shopGroup":"Crèmerie  hors fromage","qte":"130","unit":"g","step":"Pour les macarons","order":0},{"label":"Sucre en poudre","shopGroup":"","qte":"90","unit":"g","step":"Pour les macarons","order":1},{"label":"Poudre d'amande","shopGroup":"Epicerie","qte":"150","unit":"g","step":"Pour les macarons","order":2},{"label":"Sucre glace","shopGroup":"Epicerie","qte":"210","unit":"g","step":"Pour les macarons","order":3},{"label":"Colorant(s) en poudre","shopGroup":"Epicerie","qte":"5","unit":"g","step":"Pour les macarons","order":4},{"label":"Cannelle en poudre","shopGroup":"Epicerie","qte":"5","unit":"g","step":"Pour les macarons","order":5},{"label":"Oeuf(s)","shopGroup":"Crèmerie  hors fromage","qte":"3","unit":"pièce(s)","step":"Pour la crème","order":6},{"label":"Farine de blé","shopGroup":"Epicerie","qte":"50","unit":"g","step":"Pour la crème","order":7},{"label":"Sucre en poudre","shopGroup":"Epicerie","qte":"100","unit":"g","step":"Pour la crème","order":8},{"label":"Lait 1/2 écrémé","shopGroup":"Crèmerie  hors fromage","qte":"0.5","unit":"l","step":"Pour la crème","order":9},{"label":"Tranche(s) de pain d'épice","shopGroup":"Epicerie","qte":"4","unit":"pièce(s)","step":"Pour la crème","order":10},{"label":"Beurre doux","shopGroup":"Crèmerie  hors fromage","qte":"30","unit":"g","step":"Pour la crème","order":11},{"label":"Figue(s)","shopGroup":"Fruits","qte":"12","unit":"pièce(s)","step":"Pour le reste de la recette","order":12},{"label":"Miel","shopGroup":"Epicerie","qte":"30","unit":"g","step":"Pour le reste de la recette","order":13}],"chiefTip":"Remplacez la cannelle par d'autres épices : gingembre, cinq épices...","id":10476}