{"title":"Figues rôties au miel et macaron au pain d'épice","description":"<br /><b>Pour les macarons :</b><br />Préchauffer le four à 160 °C.<br /><br />Avec un robot-coupe, réduire la poudre d'amande et le sucre glace en poudre très fine, puis tamiser le mélange avec la cannelle et le colorant.<br /><br />Monter les blancs en neige et les serrer avec 150 g de sucre, puis incorporer le mélange aux amandes à la maryse.<br />A l'aide d'une corne en plastique, \"macaroner\" la préparation (rabattre délicatement la préparation sur elle-même en prenant l'ensemble de la masse, l'appareil doit devenir moelleux et brillant et réaliser un ruban).<br /><br />Avec une poche à douille, dresser les macarons sur un papier de cuisson et les laisser croûter pendant 15 min minimum à température ambiante. Les enfourner ensuite à 160 °C pendant 12 à 15 min (ouvrir la porte du four 1 à 2 fois au cours de la cuisson pour évacuer l'humidité).<br /><br /><b>Pour la crème :</b><br />Préchauffer le four à 180 °C.<br /><br />Mettre le lait à bouillir. Blanchir les oeufs avec 100 g de sucre, ajouter la farine puis le lait bouillant. Remettre à cuire pendant 3 min dès reprise de l'ébullition. Verser ensuite sur une plaque, filmer au contact et refroidir rapidement.<br /><br />Disposer les tranches de pain d'épice sur une plaque et les faire chauffer au four durant 15 min. A la sortie, les laisser refroidir puis les mixer afin d'obtenir de la chapelure. Ajouter la moitié de cette chapelure à la crème pâtissière froide et mixer avec le beurre.<br /><br />Coller les macarons 2 par 2 avec un peu de crème, puis les rouler dans le reste de chapelure.<br /><br /><b>Pour les fruits :</b><br />Préchauffer le four à 180 °C.<br />Laver les figues et les inciser en étoile, puis les disposer dans un plat allant au four et les arroser de miel. Enfourner durant 10 min.<br /><br />Dresser les figues sur l'assiette et utiliser le miel de cuisson pour décorer. Accompagner ce dessert de macarons au pain d'épice.<br />","summary":"Macaron garni d'une crème pâtissière au pain d'épice et figues rôties au miel.","timePreparation":"45mn","timeBaking":"15mn","timeRest":"15mn","picture":"","ingredients":[{"label":"Blanc(s) d'oeuf","shopGroup":"Crèmerie  hors fromage","qte":"130","unit":"g","step":"Pour les macarons","order":0},{"label":"Sucre en poudre","shopGroup":"","qte":"90","unit":"g","step":"Pour les macarons","order":1},{"label":"Poudre d'amande","shopGroup":"Epicerie","qte":"150","unit":"g","step":"Pour les macarons","order":2},{"label":"Sucre glace","shopGroup":"Epicerie","qte":"210","unit":"g","step":"Pour les macarons","order":3},{"label":"Colorant(s) en poudre","shopGroup":"Epicerie","qte":"5","unit":"g","step":"Pour les macarons","order":4},{"label":"Cannelle en poudre","shopGroup":"Epicerie","qte":"5","unit":"g","step":"Pour les macarons","order":5},{"label":"Oeuf(s)","shopGroup":"Crèmerie  hors fromage","qte":"3","unit":"pièce(s)","step":"Pour la crème","order":6},{"label":"Farine de blé","shopGroup":"Epicerie","qte":"50","unit":"g","step":"Pour la crème","order":7},{"label":"Sucre en poudre","shopGroup":"Epicerie","qte":"100","unit":"g","step":"Pour la crème","order":8},{"label":"Lait 1/2 écrémé","shopGroup":"Crèmerie  hors fromage","qte":"0.5","unit":"l","step":"Pour la crème","order":9},{"label":"Tranche(s) de pain d'épice","shopGroup":"Epicerie","qte":"4","unit":"pièce(s)","step":"Pour la crème","order":10},{"label":"Beurre doux","shopGroup":"Crèmerie  hors fromage","qte":"30","unit":"g","step":"Pour la crème","order":11},{"label":"Figue(s)","shopGroup":"Fruits","qte":"12","unit":"pièce(s)","step":"Pour le reste de la recette","order":12},{"label":"Miel","shopGroup":"Epicerie","qte":"30","unit":"g","step":"Pour le reste de la recette","order":13}],"chiefTip":"Remplacez la cannelle par d'autres épices : gingembre, cinq épices...","id":10476}