{"title":"Risotto \"siphonné\" aux éclats de noisettes","description":"<br /><b>Pour le risotto :</b><br />Éplucher l'oignon et le ciseler.<br />Dans une casserole, faire suer l'oignon pendant 1 min avec un filet d'huile d'olive et une pincée de sel. Ajouter le riz et le nacrer (il doit être translucide), puis déglacer avec le vin blanc et faire réduire. Ajouter au fur et à mesure le bouillon de légumes à hauteur du riz jusqu'à cuisson complète du riz (20 à 25 min).<br /><br /><b>Pour le siphon :</b><br />Mixer à chaud 400g de risotto avec le lait, la moitié de la crème, et 9 cl de bouillon de légumes, le parmesan râpé. Rectifier la fluidité si besoin avec de le reste de la crème ou du bouillon puis assaisonner. Passer ensuite le tout au tamis fin et verser dans un siphon à l'aide d'une poche à douille. Fermer le siphon puis injecter une cartouche de gaz.<br /><br />Répartir l'espuma de risotto dans des verrines avec des éclats de noisettes.<br />","summary":"Dans un siphon, une émulsion réalisée à partir d'un risotto classique servi en verrine avec des noisettes hachées.","timePreparation":"30mn","timeBaking":"30mn","timeRest":"0mn","picture":"","ingredients":[{"label":"Riz carnaroli","shopGroup":"Epicerie","qte":"100","unit":"g","step":"Pour l'étape 1","order":0},{"label":"Bouillon de légumes","shopGroup":"","qte":"35","unit":"cl","step":"Pour l'étape 1","order":1},{"label":"Oignon(s)","shopGroup":"Légumes","qte":"0.25","unit":"pièce(s)","step":"Pour l'étape 1","order":2},{"label":"Vin blanc sec","shopGroup":"Boissons alcoolisées","qte":"3","unit":"cl","step":"Pour l'étape 1","order":3},{"label":"Huile d'olive","shopGroup":"Epicerie","qte":"2","unit":"cl","step":"Pour l'étape 1","order":4},{"label":"Sel fin","shopGroup":"","qte":"1","unit":"pincée(s)","step":"Pour l'étape 1","order":5},{"label":"Lait 1/2 écrémé","shopGroup":"Crèmerie  hors fromage","qte":"15","unit":"cl","step":"Pour le siphon","order":6},{"label":"Crème liquide entière","shopGroup":"Crèmerie  hors fromage","qte":"10","unit":"cl","step":"Pour le siphon","order":7},{"label":"Bouillon de légumes","shopGroup":"Epicerie","qte":"15","unit":"cl","step":"Pour le siphon","order":8},{"label":"Parmigiano Reggiano râpé","shopGroup":"Fromage(s)","qte":"60","unit":"g","step":"Pour le siphon","order":9},{"label":"Moulin à poivre","shopGroup":"","qte":"6","unit":"tour(s)","step":"Pour le siphon","order":10},{"label":"Sel fin","shopGroup":"","qte":"6","unit":"pincée(s)","step":"Pour le siphon","order":11},{"label":"Noisette(s) hachée(s)","shopGroup":"Epicerie","qte":"60","unit":"g","step":"Pour le reste de la recette","order":12}],"chiefTip":"Vous pouvez tenir votre siphon au chaud dans un bain-marie (l'eau doit arriver à mi-hauteur du siphon) pendant la durée du repas.","id":10575}