{"id":10796,"title":"Recette de Pennette Rigate au blé complet au boeuf grillé et aux artichauts, sauce au parmesan","description":"","summary":"Des pâtes Pennette Rigate au blé complet cuites à l'eau, servies avec de gros dés de boeuf grillés, des fonds d'artichauts rôtis, de petits dés de tomates et de basilic, le tout assaisonné d'une sauce légèrement crémée au parmesan.","timePreparation":"30mn","timeBaking":"0mn","timeRest":"0mn","picture":"http://1.media.atelierdeschefs.com/recette-e10796-pennette-rigate-au-ble-complet-au-boeuf-grille-et-aux-artichauts-sauce-au-parmesan.jpg","ingredients":[{"label":"Pennette Rigate au blé complet","shopGroup":"Epicerie","qte":"500","unit":"g","step":"","order":0},{"label":"Pavé(s) de boeuf de 150g","shopGroup":"Boucherie","qte":"3","unit":"pièce(s)","step":"","order":1},{"label":"Artichaut(s) camus","shopGroup":"Légumes","qte":"4","unit":"pièce(s)","step":"","order":2},{"label":"Tomate(s)","shopGroup":"Fruits","qte":"2","unit":"pièce(s)","step":"","order":3},{"label":"Basilic","shopGroup":"Herbes aromatiques","qte":"1","unit":"botte(s)","step":"","order":4},{"label":"Crème liquide entière","shopGroup":"Crèmerie  hors fromage","qte":"20","unit":"cl","step":"","order":5},{"label":"Parmigiano Reggiano râpé","shopGroup":"Fromage(s)","qte":"70","unit":"g","step":"","order":6},{"label":"Echalote(s)","shopGroup":"Légumes","qte":"1","unit":"pièce(s)","step":"","order":7},{"label":"Citron(s) jaune(s)","shopGroup":"Fruits","qte":"1","unit":"pièce(s)","step":"","order":8},{"label":"Gousse(s) d'ail","shopGroup":"Légumes","qte":"1","unit":"gousse(s)","step":"","order":9},{"label":"Vin blanc sec","shopGroup":"Boissons alcoolisées","qte":"7","unit":"cl","step":"","order":10},{"label":"Sel fin","shopGroup":"","qte":"6","unit":"pincée(s)","step":"","order":11},{"label":"Moulin à poivre","shopGroup":"","qte":"6","unit":"tour(s)","step":"","order":12},{"label":"Huile d'olive","shopGroup":"Epicerie","qte":"3","unit":"cl","step":"","order":13}]}