{"title":"Râble de lapin farci à la Cecina, cromesquis de risotto au safran","description":"","summary":"Petit rôti de lapin farci de viande de boeuf sèche et accompagné de cromesquis de risotto.","timePreparation":"45mn","timeBaking":"0mn","timeRest":"0mn","picture":"","ingredients":[{"label":"Râble(s) de lapin","shopGroup":"Volaille(s)","qte":"3","unit":"pièce(s)","step":"","order":0},{"label":"Tranche(s) de boeuf cecina","shopGroup":"Charcuterie","qte":"12","unit":"pièce(s)","step":"","order":1},{"label":"Riz carnaroli","shopGroup":"Epicerie","qte":"600","unit":"g","step":"","order":2},{"label":"Parmigiano Reggiano râpé","shopGroup":"Fromage(s)","qte":"60","unit":"g","step":"","order":3},{"label":"Vin blanc sec","shopGroup":"Boissons alcoolisées","qte":"10","unit":"cl","step":"","order":4},{"label":"Pistils de safran","shopGroup":"Epicerie","qte":"5","unit":"pincée(s)","step":"","order":5},{"label":"Oignon(s)","shopGroup":"Légumes","qte":"1","unit":"pièce(s)","step":"","order":6},{"label":"Huile d'olive","shopGroup":"Epicerie","qte":"5","unit":"cl","step":"","order":7},{"label":"Sel fin","shopGroup":"","qte":"6","unit":"pincée(s)","step":"","order":8},{"label":"Moulin à poivre","shopGroup":"","qte":"6","unit":"tour(s)","step":"","order":9},{"label":"Beurre doux","shopGroup":"Crèmerie  hors fromage","qte":"50","unit":"g","step":"","order":10},{"label":"Aromate(s) ail, thym, laurier","shopGroup":"","qte":"1","unit":"pièce(s)","step":"","order":11},{"label":"Farine de blé","shopGroup":"Epicerie","qte":"30","unit":"g","step":"","order":12},{"label":"Oeuf(s)","shopGroup":"Crèmerie  hors fromage","qte":"1","unit":"pièce(s)","step":"","order":13},{"label":"Chapelure de pain","shopGroup":"Epicerie","qte":"50","unit":"g","step":"","order":14}],"chiefTip":"La Cecina est une spécialité espagnole de viande de boeuf séchée puis fumée, elle est communément appelée \"jambon de boeuf\".","id":10732}