{"title":"Râble de lapin farci à la Cecina, cromesquis de risotto au safran","description":"Éplucher l'oignon puis le ciseler en petits dés.<br />Dans une cocotte, faire suer l'oignon avec un filet d'huile d'olive et une pincée de sel. Ajouter le riz et le nacrer (il doit devenir transparent), puis verser le vin blanc et laisser réduire pendant quelques minutes. Ajouter l'eau au fur et à mesure jusqu'à cuisson complète du riz.<br />Incorporer le beurre pour lier et finir avec le parmesan râpé et le safran en mélangeant bien. Rectifier ensuite l'assaisonnement.<br /><br />Sur une plaque garnie de film alimentaire, disposer le riz et le recouvrir de film, puis l'entreposer au réfrigérateur pendant 1 h minimum. <br />Une fois le risotto froid, découper dedans des cubes de 3 cm de côté.<br /><br />Désosser les râbles en 2 en conservant la panoufle, puis les farcir de tranches de Cecina et les refermer. Ficeler ensuite le tout. <br />Colorer les râbles dans une cocotte en fonte. Ajouter le beurre, l'ail, le thym et le laurier, et arroser durant toute la cuisson. Rôtir chaque face pendant 1 à 2 min. Ôter ensuite les râbles et les enfourner à 220 °C durant 3 à 4 min.<br /><br />Paner les cubes : les passer dans la farine, puis les tremper dans l'oeuf battu, et finir en les saupoudrant de chapelure.<br />Dans une poêle chaude avec un filet d'huile d'olive, colorer le risotto pendant 30 secondes sur chaque face et servir aussitôt.<br />","summary":"Petit rôti de lapin farci de viande de boeuf sèche et accompagné de cromesquis de risotto.","timePreparation":"45mn","timeBaking":"0mn","timeRest":"0mn","picture":"","ingredients":[{"label":"Râble(s) de lapin","shopGroup":"Volaille(s)","qte":"3","unit":"pièce(s)","step":"","order":0},{"label":"Tranche(s) de boeuf cecina","shopGroup":"Charcuterie","qte":"12","unit":"pièce(s)","step":"","order":1},{"label":"Riz carnaroli","shopGroup":"Epicerie","qte":"600","unit":"g","step":"","order":2},{"label":"Parmigiano Reggiano râpé","shopGroup":"Fromage(s)","qte":"60","unit":"g","step":"","order":3},{"label":"Vin blanc sec","shopGroup":"Boissons alcoolisées","qte":"10","unit":"cl","step":"","order":4},{"label":"Pistils de safran","shopGroup":"Epicerie","qte":"5","unit":"pincée(s)","step":"","order":5},{"label":"Oignon(s)","shopGroup":"Légumes","qte":"1","unit":"pièce(s)","step":"","order":6},{"label":"Huile d'olive","shopGroup":"Epicerie","qte":"5","unit":"cl","step":"","order":7},{"label":"Sel fin","shopGroup":"","qte":"6","unit":"pincée(s)","step":"","order":8},{"label":"Moulin à poivre","shopGroup":"","qte":"6","unit":"tour(s)","step":"","order":9},{"label":"Beurre doux","shopGroup":"Crèmerie  hors fromage","qte":"50","unit":"g","step":"","order":10},{"label":"Aromate(s) ail, thym, laurier","shopGroup":"","qte":"1","unit":"pièce(s)","step":"","order":11},{"label":"Farine de blé","shopGroup":"Epicerie","qte":"30","unit":"g","step":"","order":12},{"label":"Oeuf(s)","shopGroup":"Crèmerie  hors fromage","qte":"1","unit":"pièce(s)","step":"","order":13},{"label":"Chapelure de pain","shopGroup":"Epicerie","qte":"50","unit":"g","step":"","order":14}],"chiefTip":"La Cecina est une spécialité espagnole de viande de boeuf séchée puis fumée, elle est communément appelée \"jambon de boeuf\".","id":10732}