{"id":10104,"title":"Recette de Pâte à crêpes fleur d'oranger","description":"","summary":"La recette classique de la pâte à crêpes parfumée à la fleur d'oranger.","timePreparation":"15mn","timeBaking":"20mn","timeRest":"1h","picture":"http://1.media.atelierdeschefs.com/recette-e10104-pate-a-crepes-fleur-d-oranger.jpg","ingredients":[{"label":"Lait 1/2 écrémé","shopGroup":"Crèmerie  hors fromage","qte":"50","unit":"cl","step":"","order":0},{"label":"Farine de blé","shopGroup":"Epicerie","qte":"250","unit":"g","step":"","order":1},{"label":"Sucre en poudre","shopGroup":"Epicerie","qte":"100","unit":"g","step":"","order":2},{"label":"Beurre doux","shopGroup":"Crèmerie  hors fromage","qte":"80","unit":"g","step":"","order":3},{"label":"Oeuf(s)","shopGroup":"Crèmerie  hors fromage","qte":"4","unit":"pièce(s)","step":"","order":4},{"label":"Eau de fleur d'oranger","shopGroup":"Epicerie","qte":"1","unit":"cl","step":"","order":5}]}