{"title":"Pâte à crêpes fleur d'oranger","description":"Dans un récipient, mettre la farine et le sucre, réaliser un puits et casser les oeufs dedans. Mélanger en incorporant progressivement la farine, puis verser le lait petit à petit jusqu'à obtention d'une pâte lisse. Faire fondre 50 g de beurre et l'ajouter à la pâte, ainsi que la fleur d'oranger.<br />Laisser reposer la pâte 1h.<br /><br />Dans une poêle, faire fondre une noisette de beurre et verser une louche de pâte (tourner la poêle dans tous les sens afin de la répartir uniformément). Cuire la crêpe quelques instants et la retourner. La plier ensuite en 4 et réserver. Réaliser toutes les crêpes de la même manière.<br />Les conserver au chaud.<br />","summary":"La recette classique de la pâte à crêpes parfumée à la fleur d'oranger.","timePreparation":"15mn","timeBaking":"20mn","timeRest":"1h","picture":"","ingredients":[{"label":"Lait 1/2 écrémé","shopGroup":"Crèmerie  hors fromage","qte":"50","unit":"cl","step":"","order":0},{"label":"Farine de blé","shopGroup":"Epicerie","qte":"250","unit":"g","step":"","order":1},{"label":"Sucre en poudre","shopGroup":"Epicerie","qte":"100","unit":"g","step":"","order":2},{"label":"Beurre doux","shopGroup":"Crèmerie  hors fromage","qte":"80","unit":"g","step":"","order":3},{"label":"Oeuf(s)","shopGroup":"Crèmerie  hors fromage","qte":"4","unit":"pièce(s)","step":"","order":4},{"label":"Eau de fleur d'oranger","shopGroup":"Epicerie","qte":"1","unit":"cl","step":"","order":5}],"chiefTip":"Pour un meilleur résultat, laissez la pâte reposer toute une nuit.Vous pouvez saupoudrer les crêpes de sucre semoule et mettre la garniture de votre choix à l'intérieur.","id":10104}