{"title":"Glace au vinaigre balsamique","description":"Porter le lait à ébullition dans une casserole. Fouetter les jaunes d'oeufs avec le sucre jusqu'à ce que le mélange blanchisse.<br />Verser un peu de lait bouillant en fouettant bien (attention à ne pas cuire les jaunes d'oeufs en allant trop vite), puis continuer à ajouter le lait en fouettant légèrement. Remettre ensuite l'appareil lait/oeufs dans la casserole, puis cuire la crème doucement. Arrêter la cuisson lorsque la crème nappe bien la cuillère (84 °C avec un thermomètre pour une consistance de crème anglaise). Retirer du feu et laisser tiédir.<br /><br />Dans une casserole, faire réduire le vinaigre de moitié à petits bouillons. Retirer du feu et laisser tiédir, puis verser le vinaigre dans la crème en remuant doucement. Après refroidissement, mettre le mélange dans la sorbetière.<br />","summary":"Une glace originale à base de lait et de vinaigre balsamique concentré.","timePreparation":"1h","timeBaking":"0mn","timeRest":"0mn","picture":"","ingredients":[{"label":"Lait 1/2 écrémé","shopGroup":"Crèmerie  hors fromage","qte":"50","unit":"cl","step":"","order":0},{"label":"Jaune(s) d'oeuf(s)","shopGroup":"Crèmerie  hors fromage","qte":"3","unit":"pièce(s)","step":"","order":1},{"label":"Sucre en poudre","shopGroup":"Epicerie","qte":"30","unit":"g","step":"","order":2},{"label":"Vinaigre balsamique","shopGroup":"Epicerie","qte":"10","unit":"cl","step":"","order":3}],"chiefTip":"Un additif pour crème glacée peut être ajouté au lait avant ébullition, ce qui rendra votre glace plus onctueuse avec moins de cristaux.","id":10114}