{"title":"Glace au vinaigre balsamique","description":"","summary":"Une glace originale à base de lait et de vinaigre balsamique concentré.","timePreparation":"1h","timeBaking":"0mn","timeRest":"0mn","picture":"","ingredients":[{"label":"Lait 1/2 écrémé","shopGroup":"Crèmerie  hors fromage","qte":"50","unit":"cl","step":"","order":0},{"label":"Jaune(s) d'oeuf(s)","shopGroup":"Crèmerie  hors fromage","qte":"3","unit":"pièce(s)","step":"","order":1},{"label":"Sucre en poudre","shopGroup":"Epicerie","qte":"30","unit":"g","step":"","order":2},{"label":"Vinaigre balsamique","shopGroup":"Epicerie","qte":"10","unit":"cl","step":"","order":3}],"chiefTip":"Un additif pour crème glacée peut être ajouté au lait avant ébullition, ce qui rendra votre glace plus onctueuse avec moins de cristaux.","id":10114}