{"id":10114,"title":"Recette de Glace au vinaigre balsamique","description":"","summary":"Une glace originale à base de lait et de vinaigre balsamique concentré.","timePreparation":"1h","timeBaking":"0mn","timeRest":"0mn","picture":"http://1.media.atelierdeschefs.com/recette-e10114-glace-au-vinaigre-balsamique.jpg","ingredients":[{"label":"Lait 1/2 écrémé","shopGroup":"Crèmerie  hors fromage","qte":"50","unit":"cl","step":"","order":0},{"label":"Jaune(s) d'oeuf(s)","shopGroup":"Crèmerie  hors fromage","qte":"3","unit":"pièce(s)","step":"","order":1},{"label":"Sucre en poudre","shopGroup":"Epicerie","qte":"30","unit":"g","step":"","order":2},{"label":"Vinaigre balsamique","shopGroup":"Epicerie","qte":"10","unit":"cl","step":"","order":3}]}